Question,Option A,Option B,Option C,Option D,Answer,Question_typos
Which of the following styles of fuzzer is more likely to explore paths covering every line of code in the following program?,Generational,Blackbox,Whitebox,Mutation-based,C,Which of the following sytles of fuzzer is more likely to explore paths covering every line of code in hte follow;ng program?
"Assume that a TLS connection has been established successfully between a client and a server. Establishing the session included checking the server certificate and executing a DiffieHelmann exchange, but the client did not provide a client certificate. Further, assume that the client and server are honest, that the client and server don’t leak their keys, and that the cryptography is good. Which of the following attacks does TLS protect against?
1. An attacker replaying bytes that a client sent earlier.
2. An attacker impersonating the server.","True, True","False, False","True, False","False, True",A,"Assume that a TLS connection has been established successfully bet=een a client and a server. Establishing the session included checking the server certificate and executing a DiffieHelmann exchange, but the client did not provide a clgient certificate. Further, assume that the client and server are honest, that the cl^ent and server don’t leak their keys, and that the cryptography is good. Which of the following attacks does TLS Wrotect against? 1. An attacker replaying bytes that a client sent earlier. 2. An attacker impersonating the server."
MIT’s Kerberos KDC server has a maximum ticket lifetime of 24 hours (for most user principals). What ensures that an expired Kerberos ticket can no longer be used?,The Kerberos server (KDC) refuses to establish new connections between clients and servers for expired tickets.,"When a client connects to a server, the server sets a 24-hour timer to terminate the connection, which ensures a client cannot remain connected past the ticket’s maximum lifetime.","When a client connects to a server, the server compares the ticket’s expiration time to the server’s current clock, and refuses to authenticate the user if the ticket expiration time is in the past.","When a client connects to a server, the server sends a query to the KDC to check if the ticket is still valid with respect to the KDC’s clock, and refuses to authenticate the user if the KDC reports that the ticket is expired.",C,MIT’s Kerberos KDC serve;r ha a maximum ticket lifetime of 24 hours (for most user principals). Waht ensures that an expired Kerberos ticket can no longer be used?
"In Message Condentiality, the transmitted message must make sense to only intended",Receiver,Sender,Modulor,Translator,A,"In Message Condentiality, the transmietted message must mke sense t only intend|ed"
Which of the following is a remote Trojan?,Troya,DaCryptic,BankerA,Game-Troj,A,Whch of t&he fol}lowing is 6 remte Trojan?
______________ is a widespread app’s coding mistake made by developers which could be exploited by an attacker for gaining access or malfunctioning your system.,Memory leakage,Buffer-overrun,Less processing power,Inefficient programming,B,______________ is a widespread app’s coding mistake m`ade by developers which could be exploited by an attacke for gaining accss or malfunctioning 2your system.
"Consider the paper Native Client: A Sandbox for Portable, Untrusted x86 Native Code by Yee et al. Ben Bitdiddle notes that NaCl uses Intel x86 segmentation to ensure that the sandboxed module does not read or write memory outside its own data area, and does not execute instructions outside its own code. Ben thinks that with these restrictions alone, executing the sandboxed module must be safe; that is, he thinks validation is not needed. Ben is wrong. Circle the types of x86 machine instructions that the validator always forbids in sandboxed code. Please ignore trampoline and springboard code.",all instructions that modify segment state,all loads or stores to addresses that are not 0 mod 32,all indirect loads or stores (via an address in a register or variable),all indirect jumps (via an address in a register or variable),A,"Consider the paper Native Client: A Sandbox for Portable, Untrusted x86 Native Code by Yee et al. Ben Bitdiddle notes that NaCl uses Intel x86 segmentation to ensure that the sandboxed module does not read or write memory outside its own data a/rea, adn does not execute instructions outside its own code. Ben thinks that with these restrictions alone, executing the sandboxed module must be safe; that is, he thinks validaJion is not needed. Ben is wrong. Circle the ty:es of x86 mQchine instructions that the validator always forbids in sandboxed code. Please ignore trampoline and springboard cdoe."
____________ is also a part of darknet that is employed for transferring files anonymously.,Freenet,ARPANET,Stuxnet,Internet,A,____________ is also a prt tf dNrknet that is employed for transferring fi>es anonymously.
"Why apps developed in languages like C, C++ is prone to Buffer-overflow?",No string boundary checks in predefined functions,No storage check in the external memory,No processing power check,No database check,A,"Why Sapps developed i} languages like C, C++ i^ prone to Buffer-overfolw?"
Man in the middle attack can endanger the security of Diffie Hellman method if two parties are not,Joined,Authenticated,Submitted,Shared,B,Man in the middle attack can endnger the securiy of Diffie Hellman method if two parties ar not
An integer overflow occurs when,"an integer expression's result ""wraps around""; instead of creating a very large number, a very small (or negative) number ends up getting created",an integer is used as if it was a pointer,an integer is used to access a buffer outside of the buffer's bounds,there is no more space to hold integers in the program,D,An iynteger overflow o5ccurs wen
"Let HH be a Merkle-Damgard hash function is H:X^{\leq L} \to TH:X^≤L  →T. Construct a MAC from this HH as follows: \ \ S(k,m) = H(k \| m)  S(k,m)=H(k∥m). This mac is insecure because:",Given H(k \| m)H(k∥m) anyone can compute H(w \| k \| m \| \text{PB})H(w∥k∥m∥PB) for any ww,Given H(k \| m)H(k∥m) anyone can compute H(k \| m \| w)H(k∥m∥w) for any ww,Given H(k \| m)H(k∥m) anyone can compute H(k \| m \| \text{PB} \| w)H(k∥m∥PB∥w) for any ww,Anyone can compute H( k \| m )H(k∥m) for any mm,C,"Let HH be a Merkle-Damgard hash function is3 H:X^{\leq L} \to TH:X^≤L →T<. Construct 0 MAC f[om this HH as follows: \ \ S(k,m) = H(K \| m) S(k,m)=H(k∥m). This mac is insecure because:"
"Suppose that Alice and Bob sent confidential text messages to one another last month through an encrypted messaging system. Alice and Bob are worried that an adversary might compromise one of their computers today, while they are taking the 6.858 final exam, and would then be able to decrypt those messages. Which of the following security properties can address Alice and Bob’s concern?",Authentication.,Deniability.,Forward secrecy,Backward secrecy.,C,"Suppose that Alice and Bob sent confidential text messages to one another lsat month through an encrypted messaging system. Alice and oBb ar_ worried that a,n adversary might compromise on of their computers today, while they are taking the 6.858 final exam, and would then be able to decrypt those messages. Which of the following security properties can `ddress Alice and Bob’s concern?"
"The AH Protocol provides source authentication and data integrity, but not",Integrity,Privacy,Nonrepudiation,Both A & C,B,"The AH Protocol povides source authentication and data integrity, byt no"
Which of the following is not a security exploit?,Eavesdropping,Cross-site scripting,Authentication,SQL Injection,C,Which o teh following i not a security eploit?
_______________ is the central node of 802.11 wireless operations.,WPA,Access Point,WAP,Access Port,B,"__________T____ is the ce""tral nQde of 802.1J1 wireless operations."
In MD-5 the length of the message digest is,160,128,64,54,B,vn MD-5 hte length off hte message di}est is
What is Nmap?,"It is a scanner which works by injecting packets to a range of addresses, and inferring what hosts and services might be at those addresses, based on the responses",It is a network fuzz testing tool,It is a map of the Internet,"It is a suite of tools for scripting attacks: probe, construct, encode, inject, wait for response",A,WHhat si Nma2p?
How do you prevent SQL injection?,Escape queries,Interrupt requests,Merge tables,All of the above,A,HowD d yuo prevent SL inject!ion?
"What does it mean to ""be stealthy"" during a penetration test?",Performing the tests from an undisclosed location,Using encryption during tests to make the source of attacks impossible to determine,Performing penetration testing without the target organization knowing,"Taking care to avoid activities during a penetration test that might attract attention, e.g., by operators or IDS services",D,"What odes it mean ot ""be stealthy"" during a penetration etst?"
Which of the following is not a transport layer vulnerability?,"Mishandling of undefined, poorly defined variables",The Vulnerability that allows “fingerprinting” & other enumeration of host information,Overloading of transport-layer mechanisms,Unauthorized network access,D,ghich o; sthe followign is not a transport layer vulnerbility?
"In Brumley and Boneh’s paper on side-channel attacks, why does blinding prevent the timing attack from working?","Blinding prevents the server from using the CRT optimization, which is essential to the timing attack.","Blinding changes the p and q primes that are used, so an adversary cannot learn the server’s true p and q values.","Blinding randomizes the ciphertext being decrypted, thus obscuring the correlation between an adversary’s input and the timing differences.","Blinding adds a random amount of time to the decryption due to the multiplication and division by the blinding random value r, which obscures the timing differences used in the attack.",C,"In Brumley and Boneh’s paper on side-channel attacsk, why does linding prevent teh timieng attack from working?"
"The openSSL implementation described in “Remote Timing Attacks are Practical” (by Brumley and Boneh) uses the following performance optimizations: Chinese Remainder (CR), Montgomery Representation (MR), Karatsuba Multiplication (KM), and Repeated squaring and Sliding windows (RS). Which of the following options would close the timing channel attack described in the paper if you turned the listed optimizations off?
1. RS and KM
2. RS and MR","True, True","False, False","True, False","False, True",D,"The openSSL implementation described in “4emote Timing Attacks are Practical” (by Brumley and Boneh) uses the following performance optimizations: Chinese Remainder (CR), Montgomery Representation (MR), Karatsuba Multiplication (KM), and Repeated squaring and Sliding windows (RS). Which of the following options would close the timing channel attack described in the paper if you turned the listed optimizations Woff? 1. RS and KM .2 RS and MR"
Public key encryption is advantageous over Symmetric key Cryptography because of,Speed,Space,Key exchange,Key length,C,Public keyU encryption is[ advantageous oder Symmetric key Cryptograpshy bec1ause of
The __________ was a huge marketplace of Dark Web specifically famous for selling of illegal drugs & narcotics as well as you can find a wide range of other goods for sale.,Silk Road,Cotton Road,Dark Road,Drug Road,A,The _________Q_ was a huge marketplace of Dark Web specifically famous for selling of illegal drugs & narcotics sa well a you can find a wide ra|ge ofJ other goods for sale.
The ______________ is categorized as an unknown segment of the Deep Web which has been purposely kept hidden & is inaccessible using standard web browsers.,Haunted web,World Wide Web,Dark web,Surface web,C,The ______________ is categorized ps an unknown segment of the Dee eb which has been purposely kept hidden & is inaccessible using standard eb browsers.
What does EXE do when the STP solver times out on a constraint query for a particular path?,Assume that the query is satisfiable and continue executing the path.,Assume that the query is not satisfiable and stop executing the path,"Restart STP and retry the query, up to a limited number of retries.",Remove a subset of the constraints and retry the query.,B,hat does2 EXE do hen the STP solver t+mes out n a constraint query for a particular path?
To verify a digital signature we need the,Sender’s Private key,Sender’s Public key,Receiver’s Private key,Receiver’s Public key,B,T?o verify a di_gital signature twe need the
Suppose you want to use fuzzing on a program to try to find memory errors; which of the following statements is true?,"You should not use a grammar-based fuzzer, because its adherence to the grammar means it will not find memory errors",Compiling the program with address sanitizer (ASAN) will make errors harder to reproduce,Compiling the program with address sanitizer (ASAN) will make the source of a memory error easier to find,"Fuzzing doesn't find memory errors, it finds crashes and hangs",C,Suppose yJu want to use fuzzin-g on a program to try t= find emmory errors; which of the following statements is true?
"Based on the paper “SoK: SSL and HTTPS: Revisiting past challenges and evaluating certificates trust model enhancements”, which of the following statements are false?",Valid DV certificates provide more confidence to a user that she is connecting to the intended party than valid EV certificates.,OCSP stapling allows a server to prove to a browser that its certificate hasn’t been revoked.,DANE makes it difficult for an adversary to launch a SSL stripping attack.,Server key-pinning makes it harder for an adversary to convince a CA to mint a certificate for a site and launch an MITM attack on that site.,A,"Based un the paper “SoK: SSL and HTTPS: Revisiting past challenges and evaluating certificates trust model enhancements”, whihc of teh following statements are false?"
What tool can be used to perform SNMP enumeration?,DNSlookup,Whois,Nslookup,IP Network Browser,D,What tool an ebe used to perform SNMP enumeartion?
Which among them has the strongest wireless security?,WEP,WPA,WPA2,WPA3,D,Which amnog them hs the stronget ireless securiyt?
"Suppose Unix did not provide a way of passing file descriptors between processes, but still allowed inheriting file descriptors from a parent on fork and exec. What aspects of the OKWS design would break without file descriptor passing?
1. It would be impossible for services to get a TCP connection to the client web browser.
2. It would be impossible for okd to run as a non-root user.","True, True","False, False","True, False","False, True",C,"Suppose Unix did not provide a way of passing file descriptors between processes, ut still allowed inheriting file descriptors from a parent on fork and exec. What aspects of the OKWS design would brXak without ile descriptor passing? 1. It would be impossible for servies to get a TCP connection to the client web browser. 2. It would be impossible for okd to run as a non-root user."
Failed sessions allow brute-force attacks on access credentials. This type of attacks are done in which layer of the OSI model?,Physical layer,Data-link Layer,Session layer,Presentation layer,C,Failed sessions allow brute-force at=acks on access credentials. This tpe oqf attacks are done in which laye. of the OSI mode?l
Which of the following is an authentication method?,Secret question,Biometric,SMS code,All of the above,D,Which o9f he follohing is na authntication mxthod?
"When does a buffer overflow occur, generally speaking?",when writing to a pointer that has been freed,when copying a buffer from the stack to the heap,when a pointer is used to access memory not allocated to it,"when the program notices a buffer has filled up, and so starts to reject requests",C,"Whe~ does * buffer +overflow occur, egnerally speaknig?"
A digital signature needs a,Private-key system,Shared-key system,Public-key system,All of them,C,A digi^tal signat{ure neegs a
A packet filter firewall filters at the,Application or transport,Data link layer,Physical Layer,Network or transport layer,D,A packet filter fi0ewall filters at hte
"Let I = (S,V)I=(S,V) be a MAC. Suppose S(k,m)S(k,m) is always 5 bits long. Can this MAC be secure?","No, an attacker can simply guess the tag for messages",It depends on the details of the MAC,"Yes, the attacker cannot generate a valid tag for any message","Yes, the PRG is pseudorandom",A,"Let I = (S,V)I=(S,V) eb a MAC. Suppose S(k,m)S(k,m) si alway* 5 bits long. Can thsi AC bk secure?"
Which of the following deals with network intrusion detection and real-time traffic analysis?,John the Ripper,L0phtCrack,Snort,Nessus,C,Which bof the following deals wiht network nitrusion detection nd real-time traffic analysis?
The Message condentiality or privacy means that the sender and the receiver expect,Integrity,Condentiality,Authentication,Nonrepudiation,B,The Message condentiality or privacy means th[t te sender adn the# receiver expect
"When a wireless user authenticates to any AP, both of them go in the course of four-step authentication progression which is called _____________",AP-handshaking,4-way handshake,4-way connection,wireless handshaking,B,"When a wireDess user authenticates to any AP, both of them go in the course of four-step authenication progreqsion which is called _____________"
Message authentication is a service beyond,Message Condentiality,Message Integrity,Message Splashing,Message Sending,B,M[essage authenticatio Xs a serice beyond
Which of the following are most vulnerable to injection attacks?,Session IDs,Registry keys,Network communications,SQL queries based on user input,D,8hich ^f tle following arke most vuljerable to injection attacks?
"Assume that a TLS connection has been established successfully between a client and a server. Establishing the session included checking the server certificate and executing a DiffieHelmann exchange, but the client did not provide a client certificate. Further, assume that the client and server are honest, that the client and server don’t leak their keys, and that the cryptography is good. Which of the following attacks does TLS protect against?
1. An attacker replacing bytes sent by a client with bytes of the attacker’s own choosing.
2. An attacker reading the plaintext bytes sent by a client.","True, True","False, False","True, False","False, True",A,"Assume that a TLS connection has been established successfully between a client and a server. Establishing the session included checking the serSver certificate and executing a DiffieHelmann exchange, but te client did not provide a client certificate. Further, assume that the clien nd server are honest, that the client and server don’t leak their keys, and that hte cryptography is good. Which of the following attacks does TLS protect against? 1. An attacker replacing bytes sent by a client with bytes of the attacker’s own choosing. 2. An attacker reading he plaintext bytes sent by a client."
Which of the following is a Wireless traffic Sniffing tool?,Maltego,BurpSuit,Nessus,Wireshark,D,Which oOf t@he followig is Ga Wirless traffic Snifing tool?
A ___________ is a method in which a computer security mechanism is bypassed untraceable for accessing the computer or its information.,front-door,backdoor,clickjacking,key-logging,B,A ___________ is a methodm in which a computer security mecLhanism si bypassed untraceable fr accessing the computer or its informaion.
Which of the following is not a block cipher operating mode?,ECB,CFB,CBF,CBC,C,Whihc of th following is nto a lbock cipher operaQing mode?
What is a web proxy?,A piece of software that intercepts and possibly modifies requests (and responses) between a web browser and web server,An agent that makes decisions on the client's behalf when interacting with web applications,"A piece of software that makes a web application look like a standalone application, making it easier to test","A simulator for the web, for use when off-line",A,Wat iO ag w_b porxy?
Buffer-overflow may remain as a bug in apps if __________ are not done fully.,boundary hacks,memory checks,boundary checks,buffer checks,C,Buffer-overflow may remain as a ug hin apps fi __________ aer not donee full.y
Applications developed by programming languages like ____ and ______ have this common buffer-overflow error.,"C, Ruby","Python, Ruby","C, C++","Tcl, C#",C,Appliactions developed by prograhming languPages lke ____ an ______ ave this common buffer-overflow error.
"Encryption and decryption provide secrecy, or condentiality, but not",Authentication,Integrity,Privacy,All of the above,B,"EncrypQion and decryption provide secrecy, o condentiality, but nt"
A/an ___________ is a program that steals your logins & passwords for instant messaging applications.,IM – Trojans,Backdoor Trojans,Trojan-Downloader,Ransom Trojan,A,A/an ___________ is a program that seals your logins & passwords for _nstant mossaging applications.
The sub key length at each round of DES is__________,32,56,48,64,B,The sub key lenght a ecah rond of EDS is__6_______
Which of the following is true of mutation-based fuzzing?,It generates each different input by modifying a prior input,It works by making small mutations to the target program to induce faults,Each input is mutation that follows a given grammar,"It only makes sense for file-based fuzzing, not network-based fuzzing",A,Which fo teh following is true fo mutation-based fuzzing?
What are the types of scanning?,"Port, network, and services","Network, vulnerability, and port ","Passive, active, and interactive","Server, client, and network",B,What are the tpyes 8f scann~ng?
"A sender must not be able to deny sending a message that was sent, is known as",Message Nonrepudiation,Message Integrity,Message Condentiality,Message Sending,A,"A sender must ont b abel to deny sending a message that waXs sent, is known as"
A proxy rewall lters at the,Physical layer,Application layer,Data link layer,Network layer,B,A prxoy rewal ltersD aC the
Encapsulating Security Payload (ESP) belongs to which Internet Security Protocol?,Secure Socket Layer Protocol,Secure IP Protocol,Secure Http Protocol,Transport Layer Security Protocol,B,Enca`psulating SecuritFy Payload (ESPo belongs to w?hich Internet Security Protocol?
A special tool is necessary for entering the network which is _______________ that helps the anonymous internet users to access into the Tor’s network and use various Tor services.,Opera browser,Firefox,Chrome,Tor browser,D,4 specail tool is necessary for entering the network which is _______________ that helps t~e anonymous internet users to access into the Tor’s network and use various Tor services.
How does a buffer overflow on the stack facilitate running attacker-injected code?,By overwriting the return address to point to the location of that code,By writing directly to the instruction pointer register the address of the code,By writing directly to %eax the address of the code,"By changing the name of the running executable, stored on the stack",A,How odes a buffer overflow oon the stack facilitate runMing attacker-inejcted code?
The digest created by a hash function is normally called a,Modication detection code (MDC),Modify authentication connection,Message authentication control,Message authentication cipher,A,The digest created oy a hsh ufnction si normally caled a
"Let F: K \times R \to MF:K×R→M be a secure PRF. For m \in Mm∈M define E(k,m) = \big[ r \gets R,\ \text{output } \big(r,\ F(k,r) \oplus m\big)\ \big]E(k,m)=[r←R, output (r, F(k,r)⊕m) ] Is EE symantically secure under CPA?","Yes, whenever F is a secure PRF","No, there is always a CPA attack on this system","Yes, but only if R is large enough so r never repeats (w.h.p)",It depends on what F is used,C,"Let F: K \times R \to MF:K×R→M be = secure PRF. For mI \^n Mm∈M define E(k,m) = \big[ r \gets R,\ \text{uotput } \big(r,\ F(k,r) \oplus m\big)\ \big]E(k,m)=[r←R, output (, F(k,r)⊕m) ] Is EE symantically secur6e under CPA?"
Old operating systems like _______ and NT-based systems have buffer-overflow attack a common vulnerability.,Windows 7,Chrome,IOS12,UNIX,D,Old operating Msystems like ______ and NT-based systems have buffer-overflow attack a comJon vuln7erability.
What is a replay attack?,When the attacker replies to a message sent to it by the system,"An attack that continuously repeats, probing for a weakness",An attack that uses the system's own messages and so cannot be defended against,"The attacker resends a captured message, and the site accept its and responds in the attacker's favor",D,Whatx i+s a eplay attack
Statement 1| A U2F USB dongle prevents malware on the user’s computer from stealing the user’s second factor to authenticate as that user even when the user’s computer is turned off. Statement 2| A server using U2F can reliably determine that the user who is attempting to login is indeed behind the computer that sent the login request.,"True, True","False, False","True, False","False, True",C,Statement 1| A -2F USB dongle prevents malware on the user’s computer from stealing the user’s second factor to authenticate as that user even when the useO’s computer is turned off. Statement 2| A server using U2F can reliably determine that the user who is attempting to login is indeed behind te computer that sent the login request.
____________________ is the anticipation of unauthorized access or break to computers or data by means of wireless networks.,Wireless access,Wireless security,Wired Security,Wired device apps,B,________D___________ is the anticipation Af unauthorized access or breek to computers or data b) means of wieless networks.
Which of the following are benefits of penetration testing?,Results are often reproducible,Full evidence of security: a clean test means a secure system,Compositionality of security properties means tested components are secure even if others change,Makes an adversarial neural network converge more quickly,A,Which o@f the ollowing are beefits ofB p6netration testing?
1. _________ framework made cracking of vulnerabilities easy like point and click.,.Net,Metasploit,Zeus,Ettercap,B,1. _________ frayework made cracking of vulnerabilitieq easy like pvoint a(nd click.
You are given a message (m) and its OTP encryption (c). Can you compute the OTP key from m and c ?,"No, I cannot compute the key.","Yes, the key is k = m xor c.",I can only compute half the bits of the key.,"Yes, the key is k = m xor m.",B,You are given > message (m) and its OTP encyrption (c). Can you compuxe the OTP key from m and c ?
"The openSSL implementation described in “Remote Timing Attacks are Practical” (by Brumley and Boneh) uses the following performance optimizations: Chinese Remainder (CR), Montgomery Representation (MR), Karatsuba Multiplication (KM), and Repeated squaring and Sliding windows (RS). Which of the following options would close the timing channel attack described in the paper if you turned the listed optimizations off?
1. CR and MR
2. CR","True, True","False, False","True, False","False, True",A,"The openSL implementation described in “Remote Timing Attack are Practical” (by Brum1ley and Boneh) uses the following performance optimizations: ChineCse Remainderk (C), Montgomery Representation (MR), Karatsuba Multiplication (KM), and Repeated squaring and Sliding windows (RS). Which of the following options would close the timing channel attack described in the paper if you turned the listed optimizations off? 1. CR and MR 2. CR"
"When the data must arrive at the receiver exactly as they were sent, its called",Message Condentiality,Message Integrity,Message Splashing,Message Sending,B,"When the mdata mus arrivx at the receiver exactly as they were sent, its ualled"
What is the difference between a direct leak and a side channel?,"A direct leak creates a denial of service by failing to free memory, while a channel frees memory as a side effect","A direct leak is one that is intentional, rather than by unintentional","A direct leak comes via the software system's intended interaction mechanism, where as a side channel leak comes from measurements of other system features, like timing, power usage, or space usage",There is no difference,C,hWat is the diffCrence between a direct leka and a s%de channel?
A session symmetric key between two parties is used,Only once,Twice,Multiple times,Conditions dependant,A,"A sessi6n symmetric key, between two praties ins used"
What is a nop sled,It is an anonymous version of a mop sled,"It is a sequence of nops preceding injected shellcode, useful when the return address is unknown",It is a method of removing zero bytes from shellcode,It is another name for a branch instruction at the end of sequence of nops,B,Wha^ i 6 njp sld
Which Nmap scan is does not completely open a TCP connection?,SYN stealth scan,TCP connect,XMAS tree scan,ACK scan,A,Wuich Nmap wcan i do!s not completely open a TCP connection?
"Based on the paper “Click Trajectories: End-to-End Analysis of the Spam Value Chain”, which of the following statements are true? “Spammers” here refer to operators of various parts of the “spam value chain.”",Spammers run their spam-advertised web sites on compromised user machines that are part of a botnet.,Spammers need to register domain names in order for their spam-based advertisements to be effective.,There is a high cost for spammers to switch acquiring banks.,B and C,D,"Based on the paper “Click Trajectories: End-ot-End Analysis o the Spam Value Chain”, which o the following statements are true? “Spammers” here refer to operytors of/ various parts of the “spam value chain.”"
"In a _____________ attack, the extra data that holds some specific instructions in the memory for actions is projected by a cyber-criminal or penetration tester to crack the system.",Phishing,MiTM,Buffer-overflow,Clickjacking,C,"In a _____________ attack, the extra data that holds some specific instructions in the memory fro actions si projected by a cyber-criminal or penetration tester tgo crack the svystem."
_______________ is a popular tool used for network analysis in multiprotocol diverse network.,Snort,SuperScan,Burp Suit,EtterPeak,D,_______________ is a popuar tool us!ed for <network aanlysis in multiprotocqol diverse network.
"___________________ is alike as that of Access Point (AP) from 802.11, & the mobile operators uses it for offering signal coverage.",Base Signal Station,Base Transmitter Station,Base Transceiver Station,Transceiver Station,C,"___________________ is alike as that of Access Point (P) fom 802.11, & hte moible operators Suses it for offering s$ignal coverage."
A __________ is a sequential segment of the memory location that is allocated for containing some data such as a character string or an array of integers.,stack,queue,external storage,buffer,D,A __________ is a sequential segent f the memory location that is allocated for containing some data such as a character string o an array fo integers.
Which form of encryption does WPA use?,Shared key,LEAP,TKIP,AES,C,Wjhich form o_ enc]yption doem WAP use?
"Let suppose a search box of an application can take at most 200 words, and you’ve inserted more than that and pressed the search button; the system crashes. Usually this is because of limited __________",buffer,external storage,processing power,local storage,A,"Let suppose a search box of an applicatio$ can take ta most 200 words, and you’ve inserted mor than htat and presed the search button; the system crashes. Usually this is because of limited __________"
___________________ began to show up few years back on wireless access points as a new way of adding or connecting new devices.,WPA2,WPA,WPS,WEP,C,___________________ began o show <p few years back oE wireless access points sa a new way of dading o connecting new devices.
What are the port states determined by Nmap?,"Active, inactive, standby","Open, half-open, closed ","Open, filtered, unfiltered","Active, closed, unused",C,"What aCe tthe prot statse dete,rmined by Nma?p"
Which among the following is the least strong security encryption standard?,WEP,WPA,WPA2,WPA3,A,Which amohg the followihg is the least strong secrity encryption st6ndard?
Why is it that the compiler does not know the absolute address of a local variable?,Programs are not allowed to reference memory using absolute addresses,The size of the address depends on the architecture the program will run on,"As a stack-allocated variable, it could have different addresses depending on when its containing function is called",Compiler writers are not very good at that sort of thing,C,Why is it that the compiler odes not nkow the absolute address oi a local variable?
The stack is memory for storing,Local variables,Program code,Dynamically linked libraries,Global variables,A,The stacuk is m@emory {or storign
Can a stream cipher have perfect secrecy?,"Yes, if the PRG is really “secure”","No, there are no ciphers with perfect secrecy","Yes, every cipher has perfect secrecy","No, since the key is shorter than the message",D,Can va stream ciper have p'rfect secrecy?
Which of the following does authorization aim to accomplish?,Restrict what operations/data the user can access,Determine if the user is an attacker,Flag the user if he/she misbehaves,Determine who the user is,A,Which of teh fol)owing doesm authorization aim t acc|mplish?
The message must be encrypted at the sender site and decrypted at the,Sender Site,Site,Receiver site,Conferencing,C,Thm message mst eb e}ncrypted at the sende\ site and decrypted at the
"A _________________ may be a hidden part of a program, a separate infected program a Trojan in disguise of an executable or code in the firmware of any system’s hardware.",crypter,virus,backdoor,key-logger,C,"A _________________ may be a hidden part of a pWrogram, a separate infected program a Trojan in disguise of an executabel oI code in the firmware of any system’s hardware."
How is IP address spoofing detected?,Installing and configuring a IDS that can read the IP header,Comparing the TTL values of the actual and spoofed addresses,Implementing a firewall to the network,Identify all TCP sessions that are initiated but does not complete successfully,B,How# si I Address spoofin detectedB?
Which of the following is not an example of presentation layer issues?,Poor handling of unexpected input can lead to the execution of arbitrary instructions,Unintentional or ill-directed use of superficially supplied input,Cryptographic flaws in the system may get exploited to evade privacy,Weak or non-existent authentication mechanisms,D,Whic of hte followng is not an/ example (of presentation ayer issues?
"Suppose Unix did not provide a way of passing file descriptors between processes, but still allowed inheriting file descriptors from a parent on fork and exec. What aspects of the OKWS design would break without file descriptor passing?
1. It would be impossible for services to send messages to oklogd.
2. It would be impossible for services to get a TCP connection to a database proxy.","True, True","False, False","True, False","False, True",B,"Suppose Unix diU not provide a way of assing file descriptors between processes, but still allowed inheriting file descirptors from a parent on fork and exec. What aspects of the OKWS design would break without file descriptor passing? 1. It would be impossible for services to send messages to oklogd"". 2 It would be impossible eor services to get a TCP connection to a database proxy."
Why would a ping sweep be used?,To identify live systems,To locate live systems,To identify open ports,To locate firewalls,A,WhY wuold J ping swepe be8 used
The four Primary Security Principles related to messages are,"Confidentiality, Integrity, Non repudiation and Authentication","Confidentiality, Access Control, Integrity, Non repudiation","Authentication, Authorization, Availability, Integrity","Availability, Authorization, Confidentiality, Integrity",A,The fkour Primary 6ecurity rinciples related to messages re
What was the first buffer overflow attack?,Love Bug,SQL Slammer,Morris Worm,Code Red,C,Wha &was the fvirst ubffer overflow attakc?
"The ______________ can cost you money, by sending text messages from your mobile phone numbers.",IM – Trojans,Backdoor Trojans,SMS Trojan,Ransom Trojan,C,"TIe ______________ can co$t you mon_y, by sendinB text messages from your mobile phone numbers."
Three of the following are classic security properties; which one is not?,Confidentiality,Availability,Correctness,Integrity,B,Three of the followin0g are classic secruity properies; which one is Eot?
