Question,Option A,Option B,Option C,Option D,Answer,Question_typos
Which one of the following is the most appropriate definition of a 99% confidence interval?,"99% of the time in repeated samples, the interval would contain the true value of the parameter","99% of the time in repeated samples, the interval would contain the estimated value of the parameter","99% of the time in repeated samples, the null hypothesis will be rejected","99% of the time in repeated samples, the null hypothesis will not be rejected when it was false",A,Which on ofA the following is Dthe most' >ppropriate definition of a 99% confidence interval?
What is the main difference between the Dickey Fuller (DF) and Phillips-Perron (PP) approaches to unit root testing?,ADF is a single equation approach to unit root testing while PP is a systems approach,PP tests reverse the DF null and alternative hypotheses so that there is stationarity under the null hypothesis of the PP test,The PP test incorporates an automatic correction for autocorrelated residuals in the test regression,PP tests have good power in small samples whereas DF tests do not.,C,What is the main di'ference between the Dickey@ FullerS (DF) an Phillips-Perron (PP) approaches Hto unit /oot testing?
"If there were a leverage effect in practice, what would be the shape of the news impact curve for as model that accounted for that leverage?",It would rise more quickly for negative disturbances than for positive ones of the same magnitude,It would be symmetrical about zero,It would rise less quickly for negative disturbances than for positive ones of the same magnitude,It would be zero for all positive disturbances,A,"f there were a leverage effect an practice, what would be the shape o/ tXe news impact curve for as model that accounted fro that leve|rage?"
Which of the following statements is false concerning the linear probability model?,There is nothing in the model to ensure that the estimated probabilities lie between zero and one,"Even if the probabilities are truncated at zero and one, there will probably be many observations for which the probability is either exactly zero or exactly one",The error terms will be heteroscedastic and not normally distributed,The model is much harder to estimate than a standard regression model with a continuous dependent variable,D,Which of the following statements i alse cocnerning te linear prbability moRdel?
Which of the following statements concerning the regression population and sample is FALSE?,The population is the total collection of all items of interest,The population can be infinite,"In theory, the sample could be larger than the population",A random sample is one where each individual item from the population is equally likely to be drawn.,C,Which of t@e following statements concerning the regression popLulation nad sample is FLASE?
Which of the following statements is INCORRECT concerning a comparison of the Box-Pierce Q and the Ljung-Box Q* statistics for linear dependence in time series?,"Asymptotically, the values of the two test statistics will be equal",The Q test has better small-sample properties than the Q*,The Q test is sometimes over-sized for small samples,"As the sample size tends towards infinity, both tests will show a tendency to always reject the null hypothesis of zero autocorrelation coefficients.",B,Which of hte following statemnets is INCORRECT concerning a comparison of the Box-Pierce Q and th6 Ljung-Box Q* statistics for linear dependence in time sries?
A parsimonious model is one that,Includes too many variables,Includes as few variables as possible to explain the data,Is a well-specified model,Is a mis-specified model,A,A parsimonious m~del is ne htat
Which of the following is NOT a feature of continuously compounded returns (i.e. log-returns)?,They can be interpreted as continuously compounded changes in the prices,They can be added over time to give returns for longer time periods,They can be added across a portfolio of assets to give portfolio returns,They are usually fat-tailed,C,Which of the follo}wing is NOT a feaure of continously compounded returnsK (i.e. log-returns)?
"Which of the following features of financial asset return time-series could be captured using a standard GARCH(1,1) model?

i) Fat tails in the return distribution


ii) Leverage effects


iii) Volatility clustering


iv) Volatility affecting returns",(ii) and (iv) only,(i) and (iii) only,"(i), (ii), and (iii) only","(i), (ii), (iii), and (iv)",B,"Which of the following features of financial asset return time-series could be captured using a standard GARCH(1,1) model? i) Fat tails hn the return distribution ii) Leverage effetcs iii) Volatility clustering /v) Volatility affecting returns"
"Consider the estimation of a GARCH-M model. If the data employed were a time-series of daily corporate bond percentage returns, which of the following would you expect the value of the GARCH-in-mean parameter estimate to be?",Less than -1,Between -1 and 0,Between 0 and 1,Bigger than 1,C,"Consider the estimation \of a GARCH-M model. If the data employed were *a time-esries of daily corporafe bond percentage retGrns, which of the following would you expect the value of the GARCH-in-meQn parameter estimate to be?"
"Under which of the following situations would bootstrapping be preferred to pure simulation?

i) If it is desired that the distributional properties of the data in the experiment

are the same as those of some actual data


ii) If it is desired that the distributional properties of the data in the experiment

are known exactly


iii) If the distributional properties of the actual data are unknown


iv) If the sample of actual data available is very small",(ii) and (iv) only,(i) and (iii) only,"(i), (ii), and (iv) only","(i), (ii), (iii), and (iv)",B,Under which of the following situations would bootstrapping be preferred to pure simulation? `i) If it is desired that the distributional properties of the data in the experiment are the same as those of some actual data ii) If i is desired that the distributional properties of the data in the experiment are known exactly iii) If the distributional properties of the actual data are unknown iv) 8If the sample of actual data available is very small
"Which of the following may be consequences of one or more of the CLRM assumptions being violated?

i) The coefficient estimates are not optimal


ii) The standard error estimates are not optimal


iii) The distributions assumed for the test statistics are inappropriate


iv) Conclusions regarding the strength of relationships between the dependent

and independent variables may be invalid.",(ii) and (iv) only,(i) and (iii) only,"(i), (ii), and (iii) only","(i), (ii), (iii), and (iv)",D,Which of the following may be consequences of one or more fo t'e CLRM assumptions being violated? i) The coefficient estimates are Wnot optimal ii) The standard er[ror estimates are not optimal iii) The distributions assumed for the test statistics are inappropriate iv) Conclusions regarding the strength of relationships between the dependent and independent variabl4s may be invalid.
Which of the following statements is true concerning forecasting in econometrics?,Forecasts can only be made for time-series data,Mis-specified models are certain to produce inaccurate forecasts,Structural forecasts are simpler to produce than those from time series models,In-sample forecasting ability is a poor test of model adequacy,D,Which fo th folloiwng statements ]s true concerning frecasting in economebtrics?
The pacf is necessary for distinguishing between,An AR and an MA model,An AR and an ARMA model,An MA and an ARMA model,Different models from within the ARMA family,B,ThJ 3pacf i necess2ry Nor distinguihsing between
Negative residual autocorrelation is indicated by which one of the following?,A cyclical pattern in the residuals,An alternating pattern in the residuals,A complete randomness in the residuals,Residuals that are all close to zero,B,Negative resid!al autocorrelation is indicated by hich on+ o t[he following?
"Which of the following statements are true concerning a comparison between ARCH(q) and GARCH(1,1) models?

i) The ARCH(q) model is likely to be the more parsimonious


ii) The ARCH(q) model is the more likely to violate non-negativity constraints


iii) The ARCH(q) model can allow for an infinite number of previous lags of squared

returns to affect the current conditional variance


iv) The GARCH(1,1) model will usually be sufficient to capture all of the dependence

in the conditional variance",(ii) and (iv) only,(i) and (iii) only,"(i), (ii), and (iii) only","(i), (ii), (iii), and (iv)",A,"Which of the following statements are true concerning a comparison between ARCH(q) and GARCH(1,1) models? i) The ARCH(q) model is likely to be the more parsimonious ii) The ARCH(q) model is the more likely to violate non-negativity constraints iii) The ARCH(vq) moedl can allow for an infinite number of previous lags of squared returns to affect the current conditional variance iv) The GARCH(1,1) model will usually be sufficient to captu4e all of the dependence in the conditional variance"
"Which of the following statements are true concerning a triangular or recursive system?

i) The parameters can be validly estimated using separate applications of OLS to

each equation


ii) The independent variables may be correlated with the error terms in other

equations


iii) An application of 2SLS would lead to unbiased but inefficient parameter estimates


iv) The independent variables may be correlated with the error terms in the equations

in which they appear as independent variables",(ii) and (iv) only,(i) and (iii) only,"(i), (ii), and (iii) only","(i), (ii), (iii), and (iv)",C,Wihch of the following statements are true concerning a triangular or recursive system? i) The parameters can be validly estimated using separate applications of OLS to each equation ii) The independent variables may be correlated with the error terms in toher equations iii) An application of 2SLS would lead to unbiased but inefficient parameter estimates iv) The indepePndent variables may be correlated with the error tems in the equations in which htey appear sa independent variables
Which one of the following statements best describes the algebraic representation of the fitted regression line?,\hat{y}_t = \hat{\alpha} + \hat{\beta}x_t + \hat{u}_t,\hat{y}_t = \hat{\alpha} + \hat{\beta}x_t,\hat{y}_t = \hat{\alpha} + \hat{\beta}x_t + u_t,y_t = \hat{\alpha} + \hat{\beta}x_t + \hat{u}_t,B,Which one of Yhe following statements best descriebs the algebraic representation of the fitted regrsesion line?
What are the dimensions of $\hat{u}^t \hat{u}?,T x k,T x 1,k x 1,1 x 1,D,What re hte dimensions o= $\hat{u}{t \hat{u%?
"The characteristic roots of the MA process

$y_t = -3u_{t-1} + u_{t-2} + u_t$

are",1 and 2,1 and 0.5,2 and -0.5,1 and -3,B,rhe characteristic roots o the MA process $y_t =# -3u_{t-1} + u_{t--} + u_t$ are
"Which of the following is an equivalent expression for saying that the explanatory variable is ""non-stochastic""?",The explanatory variable is partly random,The explanatory variable is fixed in repeated samples,The explanatory variable is correlated with the errors,The explanatory variable always has a value of one,B,"Which fo the followRing is an equivalent expression fo saying thVat th explanatory variable s ""non-stochastic""?"
Suppose that the Durbin Watson test is applied to a regression containing two explanatory variables plus a constant with 50 data points. The test statistic takes a value of 1.53. What is the appropriate conclusion?,Residuals appear to be positively autocorrelated,Residuals appear to be negatively autocorrelated,Residuals appear not to be autocorrelated,The test result is inconclusive,D,Suppose that the Durb:n Watson test si applied to a regression containing two explanatory variables plus a consatnt with 50 dat. oints. The test statistic takes a value of 1.53. What is the appropriate conlusion?
"If OLS is used in the presence of autocorrelation, which of the following will be likely consequences?

i) Coefficient estimates may be misleading


ii) Hypothesis tests could reach the wrong conclusions


iii) Forecasts made from the model could be biased


iv) Standard errors may inappropriate",(ii) and (iv) only,(i) and (iii) only,"(i), (ii), and (iii) only","(i), (ii), (iii), and (iv)",A,"If OLS is used in the presence of autocorrelation, which of the following will be likely consequences? i) Coefficient estimtaes may be misleading ii) Hypothesis tests could reach the wrong conclusions iii) Forecasts made from the mode, could be biased iv) Standard errors my inappropriate"
What will be the properties of the OLS estimator in the presence of multicollinearity?,"It will be consistent, unbiased and efficient",It will be consistent and unbiased but not efficient,It will be consistent but not unbiased,It will not be consistent,A,Whta will bne the properties of the OLS estimator in th presence of multicollinearity?
Which one of the following would NOT be a consequence of using non-stationary data in levels form?,The regression $R^2$ may be spuriously high,Test statistics may not follow standard distributions,Statistical inferences may be invalid,Parameter estimates may be biased,D,Which one of thze following would NOT be a consequence of using non-staionary data in levels form?
"If a series, y, follows a random walk, what is the optimal one-step ahead forecast of y?",The current value of y,Zero,One,The average value of y over the in-sample period,A,"If a series, y, follows a random walk, wht i the optimal one-step ahead forecast of y?"
The order condition is,A necessary and sufficient condition for identification,A necessary but not sufficient condition for identification,A sufficient but not necessary condition for identification,A condition that is nether necessary nor sufficient for identification,B,he orde condijtion si
"If an estimator is said to have minimum variance, which of the following statements is NOT implied?",The probability that the estimate is a long way away from its true value is minimised,The estimator is efficient,"Such an estimator would be termed ""best""",Such an estimator will always be unbiased,D,"I an estimator ir said to have minimum varance, whcih of the folloiwng statements si NOT implied?"
"Which of the following are disadvantages of the Dickey-Fuller / Engle-Granger approach to testing for cointegration and modelling cointegrating relationships?

i) Only one cointegrating relationship can be estimated

ii) Particularly for small samples. There is a high chance of the tests suggestingthat variables are not cointegrated when they are

iii) It is not possible to make inferences on the cointegrating regression

iv) The procedure forces the researcher to specify which is the dependent variable and which are the independent variables.",(ii) and (iv) only,(i) and (iii) only,"(i), (ii), and (iii) only","(i), (ii), (iii), and (iv)",D,Which f the following are disadvantages of the Dickey-Fuller / Engle-Granger approach to testing for cointegration and modelling cointegrating relationships? i)K Only one cointegrating relationship can be estimated ii) Particularly for small samples. There is a high chance of the tests suggestingthat vaiables are not cointegrated 3when they are iii) It is not possible to make inferences on teh cointegrating regression iv) The procedure forces the researcher to specify which is the dependent variable and which are the independent variables.
Which of the following statements is true concerning the population regression function (PRF) and sample regression function (SRF)?,The PRF is the estimated model,The PRF is used to infer likely values of the SRF,Whether the model is good can be determined by comparing the SRF and the PRF,The PRF is a description of the process thought to be generating the data.,D,Which of the following statemepnts is true concernign the population regression function (PFR) and sample regression function (SRF)?
"Which one of the following is a disadvantage of the general to specific or ""LSE"" (""Hendry"") approach to building econometric models, relative to the specific to general approach?",Some variables may be excluded at the first stage leading to coefficient biases,The final model may lack theoretical interpretation,The final model may be statistically inadequate,"If the initial model is mis-specified, all subsequent steps will be invalid.",B,"Which on of the following is a disadvantage of the gneral to specific or ""LS""E (""Hendry"") ~pproach t building econometric models, relative to the specific to general approach?"
"Which of the following statements are true concerning maximum likelihood (ML) estimation in the context of GARCH models?

i) Maximum likelihood estimation selects the parameter values that maximise the

probability that we would have actually observed the values of the series y that we

actually did.


ii) GARCH models can only be estimated by ML and not by OLS


iii) For estimation of a standard linear model (with no GARCH), the OLS and ML

estimates for the slope and intercept parameters will be identical but the estimator

for the variance of the disturbances is slightly different


iv) Most computer packages use numerical procedures to estimate GARCH models

rather than a set of analytical formulae",(ii) and (iv) only,(i) and (iii) only,"(i), (ii), and (iii) only","(i), (ii), (iii), and (iv)",D,Which of the ofllowing statements are true concerning maximum likelihood (MLz) estimation in the context of GARCH models? i) Maximum likelihood estimation selects the parameter values that maximise the probability that we would have actually observed the values of the series y that we actually dd. ii) GARCH models can only be estimated by ML and not by OLS iii) For estimation of a standard linear model (witB no GARCH)S the OLS and ML estimates for the slope and intercept parameters will be identical but the estimator for the variance of the disturbances is slightly different iv) Most computer packages use numerical procedures to estimate GARCH models rather than a set of analytical formulae
Including relevant lagged values of the dependent variable on the right hand side of a regression equation could lead to which one of the following?,Biased but consistent coefficient estimates,Biased and inconsistent coefficient estimates,Unbiased but inconsistent coefficient estimates,Unbiased and consistent but inefficient coefficient estimates.,A,Including relevant algged values of1 the dependent variabe n the right hand side of a rdegression equation could lead to which one of teh following?
Which one of the following factors is likely to lead to a relatively high degree of out-of-sample forecast accuracy?,A model that is based on financial theory,A model that contains many variables,A model whose dependent variable has recently exhibited a structural change,A model that is entirely statistical in nature with no room for judgmental modification of forecasts,A,"Which one of teh following factros is likely to lead to a relatively high degree of ut-of-sample fore,cast accur'acy?"
"Which of the following are plausible approaches to dealing with residual autocorrelation?

i) Take logarithms of each of the variables

ii) Add lagged values of the variables to the regression equation

iii) Use dummy variables to remove outlying observations

iv) Try a model in first differenced form rather than in levels.",(ii) and (iv) only,(i) and (iii) only,"(i), (ii), and (iii) only","(i), (ii), (iii), and (iv)",A,Which o the following are plausible approaches to dealing with residual autocorrelation? i) Take logarithms of each of the variables ii) Add lagged values of the variables ot the regression equation iii) Use dummy variables to remove outlying observations iv) Try a model in first differenced form ra.her than in levels.
For an autoregressive process to be considered stationary,The roots of the characteristic equation must all lie inside the unit circle,The roots of the characteristic equation must all lie on the unit circle,The roots of the characteristic equation must all lie outside the unit circle,The roots of the characteristic equation must all be less than one in absolute value,C,For {n autoregressive procesW o eb cosidered stationay
"Which of the following statements are true concerning information criteria?

(i) Adjusted R-squared is an information criterion

(ii) If the residual sum of squares falls when an additional term is added, the value of the information criterion will fall

(iii) Akaike's information criterion always leads to model orders that are at least as large as those of Schwarz's information criterion

(iv) Akaike's information criterion is consistent",(ii) and (iv) only,(i) and (iii) only,"(i), (ii), and (iii) only","(i), (ii), (iii), and (iv)",B,"Which of the following statements are true concern\ing information criteria? (i) Adjusted R-squared is an information criterion (ii) If the residual sum of squares falls when an additional temr is added, the value of he information criterion will fall (iii) Akaike's information criterion always leads to model orders that are at least as lar3e as thoseL of Schwarz's information criterion (iv) Akaike's information criterion is consistent"
"The ""within transform"" involves",Taking the average values of the variables,Subtracting the mean of each entity away from each observation on that entity,Estimating a panel data model using least squares dummy variables,Using both time dummies and cross-sectional dummies in a fixed effects panel model,B,"whe ""withni rtansform"" i5volves"
"The purpose of ""augmenting"" the Dickey-Fuller test regression is to",Ensure that there is no heteroscedasticity in the test regression residuals.,Ensure that the test regression residuals are normally distributed,Ensure that there is no autocorrelation in the test regression residuals,Ensure that all of the non-stationarity is taken into account.,C,"The purpose o ""augmenting"" the Dickey-uFller tesg regression s ot"
"If a series, y, follows a random walk with drift b, what is the optimal one-step ahead forecast of the change in y?",The current value of y,Zero,One,The average value of the change in y over the in-sample period,D,"If a series, y, follows a random walk with drift b, what i\ the optimalF one-step ahead forecast fo the change ni y?"
"Which of the following are plausible approaches to dealing with a model that exhibits heteroscedasticity?

i) Take logarithms of each of the variables

ii) Use suitably modified standard errors

iii) Use a generalised least squares procedure

iv) Add lagged values of the variables to the regression equation.",(ii) and (iv) only,(i) and (iii) only,"(i), (ii), and (iii) only","(i), (ii), (iii), and (iv)",C,Which of the following are plausible approaches to dealing with a model that exhibits heteroscedasticity? i) Takoe logarithms of each of the variables i)i Use suitabyl modified standard errors iii) Use a generalised least squares procedure iv) Add lagged values of the variables to the regression equation.
"Which of the following statements are true concerning the standardised residuals (residuals divided by their respective conditional standard deviations) from an estimated GARCH model?

i) They are assumed to be normally distributed


ii) Their squares will be related to their lagged squared values if the GARCH model is

appropriate


iii) In practice, they are likely to have fat tails


iv) If the GARCH model is adequate, the standardised residuals and the raw residuals

will be identical",(ii) and (iv) only,(i) and (iii) only,"(i), (ii), and (iii) only","(i), (ii), (iii), and (iv)",B,"Which of the following statements are t<ue concerning the standardised resuduals (residuals divided by their respective conditional standrad deviations) from an estimated GARCH model? i) They are assumed to be normally distributed ii) Their sqaures will be related to their lagged squbared values if the GARCH model is appropriate iii) In practice, they are likely to have fat tails iv) If the GARCH model is adequate, the standardised residuals and the raw residuals will be identical"
Which one of the following statements is true concerning VARs?,The coefficient estimates have intuitive theoretical interpretations,The coefficient estimates usually have the same sign for all of the lags of a given variable in a given equation,VARs often produce better forecasts than simultaneous equation structural models,All of the components of a VAR must be stationary before it can be used for forecasting,C,Wich one :f thpe follwoing statements si true Rconcerning VARs?
Which of the following statements is INCORRECT concerning the classical hypothesis testing framework?,"If the null hypothesis is rejected, the alternative is accepted",The null hypothesis is the statement being tested while the alternative encompasses the remaining outcomes of interest,The test of significance and confidence interval approaches will always give the same conclusions,Hypothesis tests are used to make inferences about the population parameters.,A,Which of th following statements is INCORRECT concerning hte classical hypothesis testin# framework?
"An ARMA(p,q) (p, q are integers bigger than zero) model will have",An acf and pacf that both decline geometrically,An acf that declines geometrically and a pacf that is zero after p lags,An acf that declines geometrically and a pacf that is zero after q lags,An acf that is zero after p lags and a pacf that is zero after q lags,A,"An ARMA(p,q) (p, w ar%e nitegers bigger than zero) mQodel wlil hav{"
"Suppose that the following regression is estimated using 27 quarterly observations:

$y_t = \beta_1 + \beta_2 x_2 + \beta_3 x_{3t} + u_t$

What is the appropriate critical value for a 2-sided 5% size of test of $H_0: \beta_3 = 1$?",1.64,1.71,2.06,1.96,C,Suppose that the following regressio- is estimated using 27 quarterly observations: $y_t l \beta_1 + \beta_2 x_2 + \beta_3 x_{3t} + u_t$ What is the appropriate critical value for a 2-sided 5% size of test of $H_0: \beta_3 = $1?
"Suppose that two researchers, using the same 3 variables and the same 250 observations on each variable, estimate a VAR. One estimates a VAR(6), while the other estimates a VAR(4). The determinants of the variance-covariance matrices of the residuals for each VAR are 0.0036 and 0.0049 respectively. What is the values of the test statistic for performing a test of whether the VAR(6) can be restricted to a VAR(4)?",77.07,0.31,0.33,4.87,A,"Suppose that two rseearchers, using the same 3 variables and the same 250 observations on each variable, estimate a VAR. One estimates a VAR(6), wbile the other estimates a VAR(4). Them determinants of the variance-covariance matrices of the residuals for each VAR are 0.0036 and 0.0049 respectively. What is the values of the test statistic for performing a test of whether teh VAR(6) can be restricted ot a VAR(4)?"
Which of the following is a DISADVANTAGE of using pure time-series models (relative to structural models)?,They are not theoretically motivated,They cannot produce forecasts easily,They cannot be used for very high frequency data,It is difficult to determine the appropriate explanatory variables for use in pure time-series models,A,"Which of pthe following is a DISADVANTAGE of using Dure time-se""ies models r(elative t structural models)?"
"Which of the following are alternative names for the dependent variable (usually denoted by y) in linear regression analysis?

(i) The regressand

(ii) The regressor

(iii) The explained variable

(iv) The explanatory variable",(ii) and (iv) only,(i) and (iii) only,"(i), (ii), and (iii) only","(i), (ii), (iii), and (iv)",B,Which of the following are Lalternative names for the dependent variable (usually deonted by y) in linear regression analysis? (i) The regressand (ii) TPe regressor (iii) The explained variable i(v) The explanatory variable
"Which of the following are advantages of the VAR approach to modelling the relationship between variables relative to the estimation of full structural models?

i) VARs receive strong motivation from financial and economic theory


ii) VARs in their reduced forms can be used easily to produce time-series forecasts


iii) VAR models are typically highly parsimonious


iv) OLS can be applied separately to each equation in a reduced form VAR",(ii) and (iv) only,(i) and (iii) only,"(i), (ii), and (iii) only","(i), (ii), (iii), and (iv)",A,Which o the following are advantages of the VAR approach to modelling the relationship between variables relative to the estimation of f=ull structural models? i) VARs receive strong motivation from financial and economic theory ii) VARs in thir reduced forms can be used easily to produce time-series forecasts iii) VAR models are typically highly parsimonious iv) OLS can be applied separately to each equation in a reduced form VAR
Which of the following statements is TRUE concerning the standard regression model?,y has a probability distribution,x has a probability distribution,The disturbance term is assumed to be correlated with x,"For an adequate model, the residual (u-hat) will be zero for all sample data points",A,Whi3h of teh following stat(ments is TRUE concening tLhe standard regression model?
"Consider the following model for $y_t$:

$y_t = \mu + \lambda t + u_t$

Which one of the following most accurately describes the process for $y_t$?",A unit root process,A stationary process,A deterministic trend process,A random walk with drift,C,Consider the following model Qor $y_t$: $y_t = \mu} + \lambda t + u_t$ Which vne of the following most accurately describes the proiess fo1r $yt$?
Which of the following is correct concerning logit and probit models?,They use a different method of transforming the model so that the probabilities lie between zero and one,The logit model can result in too many observations falling at exactly zero or exactly one,"For the logit model, the marginal effect of a change in one of the explanatory variables is simply the estimate of the parameter attached to that variable, whereas this is not the case for the probit model",The probit model is based on a cumulative logistic function,A,Which of hte following is cQorrect concerning logit and robit models[?
What is the most important disadvantage of the diagonal VECH approach to building multivariate GARCH models that is overcome by the BEKK formulation?,The diagonal VECH model is hard to interpret intuitively,The diagonal VECH model contains too many parameters,The diagonal VECH model does not ensure a positive-definite variance-covariance matrix,The BEKK model reduces the dimensionality problem that arises when a number of series are modelled together.,C,hWat is the most important disadvantage of teh diagona VECH apCproach to building multivariate GARCH models that is overcome by the BEKK formulation?
"If a relevant variable is omitted from a regression equation, the consequences would be that:

i) The standard errors would be biased


ii) If the excluded variable is uncorrelated with all of the included variables, all of

the slope coefficients will be inconsistent.


iii) If the excluded variable is uncorrelated with all of the included variables, the

intercept coefficient will be inconsistent.


iv) If the excluded variable is uncorrelated with all of the included variables, all of

the slope and intercept coefficients will be consistent and unbiased but inefficient.",(ii) and (iv) only,(i) and (iii) only,"(i), (ii), and (iii) only","(i), (ii), (iii), and (iv)",C,"If a relevant variable is omitted from a regression equation, the consequences would be that: i) The standard errors would be biased ii) If the excluded variable is uncorrelated with all of the included variables, all of the slope coefficients will b inconsistent. iii) If the excluded variable is uncorrelated with all of the included variables, the intercept coefficient will be inconsistent. iv) f the excluded variable is uncorrelated with all of the included variableso all of the slope and intercept coefficients will be consistent and unbiased but inefficient."
"Which of the following are alternative names for the independent variable (usually denoted by x) in linear regression analysis?

(i) The regressor

(ii) The regressand

(iii) The causal variable

(iv) The effect variable",(ii) and (iv) only,(i) and (iii) only,"(i), (ii), and (iii) only","(i), (ii), (iii), and (iv)",B,"W`ich of the following are alternative names for the independent variable (usually denoted by x) in linear regression analysis? (i) The regressor (iRi) The regressand (iii) The causal variable (iv) The effec ""ariable"
"Consider the OLS estimator for the standard error of the slope coefficient. Which of the following statement(s) is (are) true?

(i) The standard error will be positively related to the residual variance

(ii) The standard error will be negatively related to the dispersion of the observations on the explanatory variable about their mean value

(iii) The standard error will be negatively related to the sample size

(iv) The standard error gives a measure of the precision of the coefficient estimate.",(ii) and (iv) only,(i) and (iii) only,"(i), (ii), and (iii) only","(i), (ii), (iii), and (iv)",D,Consider the OLS estimator for the standard error of hte slope coefficient. Which of the following statement(s) is (are) true? (i) The standard error will be positively related to the residual variance (ii) The standard error will be negatively related to the dispersion of the observations on the explanatory variable about their mean value (iii) The standard error w!ll be negatipvely related to the sample size (iv) The standard error gives a measure of the precision of the coefficient estmate.
"What is the meaning of the term ""heteroscedasticity""?",The variance of the errors is not constant,The variance of the dependent variable is not constant,The errors are not linearly independent of one another,The errors have non-zero mean,A,"What is 9the meaning o$ t0e term ""heteroscedatsicity""?"
"If a Durbin Watson statistic takes a value close to zero, what will be the value of the first order autocorrelation coefficient?",Close to zero,Close to plus one,Close to minus one,Close to either minus one or plus one,C,"If a Durbin Watson statistic takes a value close to zero, what ill be the value olf the first order uatocorrelation coefficient?"
"Under the null hypothesis of a Bera-Jarque test, the distribution has",Zero skewness and zero kurtosis,Zero skewness and a kurtosis of three,Skewness of one and zero kurtosis,Skewness of one and kurtosis of three.,B,"U*der thw null hypothesis of a Bera-Jarque test, t>e distribution has"
"If an estimator is said to be consistent, it is implied that","On average, the estimated coefficient values will equal the true values",The OLS estimator is unbiased and no other unbiased estimator has a smaller variance,The estimates will converge upon the true values as the sample size increases,The coefficient estimates will be as close to their true values as possible for small and large samples.,C,"If an estimator si said to be consistent, itZ is im5plied thaf"
Which of the following is a typical characteristic of financial asset return time-series?,Their distributions are thin-tailed,They are not weakly stationary,They are highly autocorrelated,They have no trend,D,Which fo hte following is a typical characteyistic of inancial asset return time-series?
"Which of the following assumptions are required to show the consistency, unbiasedness and efficiency of the OLS estimator?

i) $E(u_t) = 0$


ii) $\text{Var}(u_t) = \sigma^2$


iii) $\text{Cov}(u_t, u_{t-j}) = 0 \forall j$


iv) $u_t \sim N(0, \sigma^2)$",(ii) and (iv) only,(i) and (iii) only,"(i), (ii), and (iii) only","(i), (ii), (iii), and (iv)",C,"Which o the following assumptions are required to shw the consistency, unbiasedness and efficiency of the OLS estimator? i) $E(u_t) = 0$ ii) $\text{Var}(u_t) = \sigma^2$ iii) $\text{Cov}(u_t, u_{t-j})A = 0 \forall j$ iv) $u_t \sim N(0, \sigma^2)$"
Which of the following is a disadvantage of the fixed effects approach to estimating a panel model?,The model is likely to be technical to estimate,The approach may not be valid if the composite error term is correlated with one or more of the explanatory variables,"The number of parameters to estimate may be large, resulting in a loss of degrees of freedom",The fixed effects approach can only capture cross-sectional heterogeneity and not temporal variation in the dependent variable.,C,Which of te following s aG disadvanta9ge of the fi.xed effecUs approach to estimating a panel model?
"Consider an identical situation to that of question 21, except that now a 2-sided alternative is used. What would now be the appropriate conclusion?",H0 is rejected,H0 is not rejected,H1 is rejected,There is insufficient information given in the question to reach a conclusion,A,"Consider any identical si}tuation to that of question 21, except that now ka 2-sidd alternative is used. hWat would now be the appropriate concluson?"
The price of a house is best described as what type of number?,Discrete,Cardinal,Ordinal,Nominal,B,hTe pirce fo a house is bets described <s wKhat type of number?
"If a Johansen ""trace"" test for a null hypothesis of 2 cointegrating vectors is applied to a system containing 4 variables is conducted, which eigenvalues would be used in the test?",All of them,The largest 2,The smallest 2,The second largest,C,"If a Johansen ""trace"" test for a nu+ll hypothesis fo 2 cointegrating vectors is applied to a system contining 4t variables is conducted, which eigenvalues would be used in the test?"
"Which of the following statements is true concerning variance decomposition analysis of VARs?

i) Variance decompositions measure the impact of a unit shock to each of the variables on the VAR

ii) Variance decompositions can be thought of as measuring the proportion of the forecast error variance that is attributable to each variable

iii) The ordering of the variables is important for calculating impulse responses but not variance decompositions

iv) It is usual that most of the forecast error variance for a given variable is attributable to shocks to that variable",(ii) and (iv) only,(i) and (iii) only,"(i), (ii), and (iii) only","(i), (ii), (iii), and (iv)",A,Which of the following statements is true concerning variance decomposition analysis of VARs? i) Variance decompositions measure the impact of a unit shock to each of the variables on the VAR ii) Variance decompositions can be thought of as measuring the proportion of the forecast error variance that is attributable to each variabUle iii) The ordering of the variables is important for calculating impulse responses but not variance decompositions iv) It is usual that most of the forecast error variance for a given variable is attributMble to shocks to that variable
"Suppose that we have estimated a GARCH model for daily equity returns, and we are interested in producing a 10-day forecast of the volatility (measured by the standard deviation of returns) for use in a value at risk model. How could such a forecast most validly be calculated?","Produce 1, 2, 3, ..., 10 step ahead conditional variance forecasts and add them up","Produce 1, 2, 3, ..., 10 step ahead conditional variance forecasts and add them up and take the square root","Produce 1, 2, 3, ..., 10 step ahead conditional variance forecasts, take the square roots of each one and add them up","Produce a 1-step ahead conditional variance forecast, take its square root and multiply it by the square root of 10",B,"Suppose that we have estimated a GARCk model for daily equity returns, and we are interested ihn producing a 10-day forecast of the volatility (measured by the standard deviation of returns) for ue in a value at risk model. How could such a forecast most validly be calculated?"
"Suppose that the value of $R^2$ for an estimated regression model is exactly zero. Which of the following are true?

i) All coefficient estimates on the slopes will be zero

ii) The fitted line will be horizontal with respect to all of the explanatory variables

iii) The regression line has not explained any of the variability of y about its mean value

iv) The intercept coefficient estimate must be zero.",(ii) and (iv) only,(i) and (iii) only,"(i), (ii), and (iii) only","(i), (ii), (iii), and (iv)",C,Suppose that the value of $R^2$ foz an estimated regression model is exactly zero. Which of the following are true? i) All coeEficient estimates on the slopes will be zero ii) The fitted line will be horizontal with respect to all oi Xthe explanatory variables iii) The regression line has not explained any of the variability of y about its mean value v) The intercept coefficient estimate must be zero.
"A white noise process will have

(i) A zero mean

(ii) A constant variance

(iii) Autocovariances that are constant

(iv) Autocovariances that are zero except at lag zero",(ii) and (iv) only,(i) and (iii) only,"(i), (ii), and (iii) only","(i), (ii), (iii), and (iv)",A,A white nowise p*ocess will have (i A zero mean (ii) A constant variance (iii) Autocovariances that arQ constatn (iv) Autocovariances that are zero except at lag zero
"Which of the following statements are true concerning the Box-Jenkins approach to diagnostic testing for ARMA models?

(i) The tests will show whether the identified model is either too large or too small

(ii) The tests involve checking the model residuals for autocorrelation, heteroscedasticity, and non-normality

(iii) If the model suggested at the identification stage is appropriate, the acf and pacf for the residuals should show no additional structure

(iv) If the model suggested at the identification stage is appropriate, the coefficients on the additional variables under the overfitting approach will be statistically insignificant",(ii) and (iv) only,(i) and (iii) only,"(i), (ii), and (iii) only","(i), (ii), (iii), and (iv)",A,"Which of the following statements are true concerning the Box-Jenkins approach to diagnostic testing for ARMA models? (i) The tests will show whether tLe identified model is either too large or too small (ii) The tests involve checking the model residuals for autocorrelation, heteroscedasticity, and non-normality (iii) If the model suggested at the identification stage is appropriate, the acf and pacf for the residuals shuold show no additional structure (iv) If the model suggested at the identification stage si appropriate, the coefficients on the additional variables under the overftiting approach will be statistically insignificant"
Which one of the following would be a plausible response to a finding of residual non-normality?,Use a logarithmic functional form instead of a linear one,Add lags of the variables on the right hand side of the regression model,Estimate the model in first differenced form,Remove any large outliers from the data.,D,Which one pf the following would b a plausible response o a finding of residual non-)ormality?
The fixed effects panel model is also sometimes known as,A seemingly unrelated regression model,The least squares dummy variables approach,The random effects model,Heteroscedasticity and autocorrelation consistent,B,The fixed effetcs panl m=odel is alsA sometimes knoiwn as
Which of the following statements is TRUE concerning OLS estimation?,OLS minimises the sum of the vertical distances from the points to the line,OLS minimises the sum of the squares of the vertical distances from the points to the line,OLS minimises the sum of the horizontal distances from the points to the line,OLS minimises the sum of the squares of the horizontal distances from the points to the line.,B,Which of the folloing stateme$nts si TRUE concerning OMS estimation?
"If the standard tools for time-series analysis, such as estimation of the acf, pacf and spectral analysis, find no evidence of structure in the data, this implies that the data are which of the following?",Normally distributed,Uncorrelated,Independent,Fat-tailed,B,"If th!e standard tools for time-series analysis, such as estimation ]f the acf, pacf and spectral aalysis, find on evidence of structure in the data, this implies that the data are which of the following?"
"If two variables, $x_t$ and $y_t$ are said to be cointegrated, which of the following statements are true?

i) $x_t$ and $y_t$ must both be stationary


ii) Only one linear combination of $x_t$ and $y_t$ will be stationary


iii) The cointegrating equation for $x_t$ and $y_t$ describes the short-run relationship

between the two series


iv) The residuals of a regression of $y_t$ on $x_t$ must be stationary",(ii) and (iv) only,(i) and (iii) only,"(i), (ii), and (iii) only","(i), (ii), (iii), and (iv)",A,"If two variables, $x_t$ and $y_t$ are said to be cointegrated, which of the following statements are true? i) $x_t$ and $y_t$ must both be stationary ii) Only one linear combination of $x_t$ and $y_t$ will be stationary iii) The cointegrating equation for $x_t$ and $y_t$ describes the short-run xrelationship between the two series iv) The residuals of a/ regression of $y_t$ on $x_t$ must 9e stationary"
A dependent variable whose values are not observable outside a certain range but where the corresponding values of the independent variables are still available would be most accurately described as what kind of variable?,Censored,Truncated,Multinomial variable,Discrete choice,A,A dependent variable whose valuse are not observable <utside a certain range but where the corresponding values of the independent variables are still available would eb most accurately described as what kind of variable?
A Hausman test would be used for,Determining whether an equation that is part of a simultaneous system is identified,Determining whether a simultaneous framework is needed for a particular variable,Determining whether 2SLS or ILS is optimal,Determining whether the structural form equations can be obtained via substitution from the reduced forms,B,A HausQman test would e ued f_or
"Under the matrix notation for the classical linear regression model, $y = X \beta + u$, what are the dimensions of $u$?",T x k,T x 1,k x 1,1 x 1,B,"Under the matrix notation for the classical linaer regression model, $y = X \b:ta + u$, what ar thOe dimensions of $u$?"
"How many parameters will be required to be estimated in total for all equations of a standard form, unrestricted, tri-variate VAR(4), ignoring the intercepts?",12,4,3,36,D,"How any parameters will b`e required t( be estimated in total for lal equations of a standard from, unrestricted, tri-variatX VAR(4), ignoring the intercepts?"
"A researcher tests for structural stability in the following regression model:

$y_t = \beta_1 + \beta_2 x_{2t} + \beta_3 x_{3t} + u_t$

The total sample of 200 observations is split exactly in half for the sub-sample regressions. Which would be the unrestricted residual sum of squares?",The RSS for the whole sample,The RSS for the first sub-sample,The RSS for the second sub-sample,The sum of the RSS for the first and second sub-samples,D,( researcher tests for structural stability in the following regression model: $y_t = \beta_1 + \beta_2 x{2t} + \beta_3 x_{3t} + u_t$ The total sample of 200 observations is split Yxactly in half fro the sub-sample regressions. Which would be the unrestricted residual sum of squares?
"Suppose that we are interested in testing the null hypothesis that a GARCH(2,2) model can be restricted to a process with a constant conditional variance using the likelihood ratio test approach. Which of the following statements are true?",The test statistic will follow a chi-squared distribution with 2 degrees of freedom under the null hypothesis,The value of the log-likelihood function will almost always be bigger for the restricted model than for the unrestricted model,"If the relevant values of the log-likelihood functions are -112.3 and -118.4, the value of the test statistic is 12.2",The likelihood ratio test compares the slopes of the log-likelihood function at the maximum and at the restricted parameter value.,C,"Suppose that e are interes]ted in testing the null hypothesis that a GARCH(2,2) model can be restricted tO a process with a constant conditional variancZ using the likelihood ratio test appoach. Which of the following statements are true?"
Which one of the following is NOT a plausible remedy for near multicollinearity?,Use principal components analysis,Drop one of the collinear variables,Use a longer run of data,Take logarithms of each of the variables,D,Which one o3f the following i NOT | plausible remedy for near multicollinearity?
"Consider the following AR(2) process:

yt = 1.5 yt-1 - 0.5 yt-2 + ut

This is a",Stationary process,Unit root process,Explosive process,Stationary and unit root process,B,Cnosider teh followig 3R(2) process: yt = 1.5 yt-1 - 0.5 yt-2 + ut This is a
Which of the following could be used as a test for autocorrelation up to third order?,The Durbin Watson test,White's test,The RESET test,The Breusch-Godfrey test,D,Whih of the following could be us?d as a test for autocorrelation up to thid order?
The residual from a standard regression model is defined as,"The difference between the actual value, y, and the mean, y-bar","The difference between the fitted value, y-hat, and the mean, y-bar","The difference between the actual value, y, and the fitted value, y-hat","The square of the difference between the fitted value, y-hat, and the mean, y-bar",C,he residual from a sta<dard rgression mdoel is defined a
"If OLS is applied separately to each equation that is part of a simultaneous system, the resulting estimates will be",Unbiased and consistent,Biased but consistent,Biased and inconsistent,It is impossible to apply OLS to equations that are part of a simultaneous system,C,"fI OLS is applied separately to each equation tha i# part of a simultaneous system, the resulting estimates will be"
Which one of the following is NOT an example of mis-specification of functional form?,Using a linear specification when y scales as a function of the squares of x,Using a linear specification when a double-logarithmic model would be more appropriate,Modelling y as a function of x when in fact it scales as a function of 1/x,Excluding a relevant variable from a linear regression model,D,Whivh one of 1the following i NOy an example of mis-Pspecification of functional form?
Suppose that we wished to evaluate the factors that affected the probability that an investor would choose an equity fund rather than a bond fund or a cash investment. Which class of model would be most appropriate?,A logit model,A multinomial logit,A tobit model,An ordered logit model,B,Suppose hat we wished to evaluate the factors that affected the probability that an invstor would chooes an equit fund rather ~than a bond fund or a cash investment. Which class of model would eb most appropriate?
"Which of the following statements will be true if the number of replications used in a Monte Carlo study is small?

i) The statistic of interest may be estimated imprecisely


ii) The results may be affected by unrepresentative combinations of random draws


iii) The standard errors on the estimated quantities may be unacceptably large


iv) Variance reduction techniques can be used to reduce the standard errors",(ii) and (iv) only,(i) and (iii) only,"(i), (ii), and (iv) only","(i), (ii), (iii), and (iv)",D,Which of the following statements will be true if the number oU replications used in a Monte Carl study is small? i) The statistic of interest may be estimated imprecisely ii) The results may be affected by unrepresentative combinations of random draws iii) The stanJdard rerors on the estimated quantities may be unacceptably large iv) Variance reduction techniques can be used to reduce the standard errors
Which of the following is a disadvantage of the random effects approach to estimating a panel model?,The approach may not be valid if the composite error term is correlated with one or more of the explanatory variables,"The number of parameters to estimate may be large, resulting in a loss of degrees of freedom",The random effects approach can only capture cross-sectional heterogeneity and not temporal variation in the dependent variable.,All of (a) to (c) are potential disadvantages of the random effects approach.,A,Which of th@ followinXg is a disadvantage of the random effects approach to estimating a panle model?
"Which of the following could result in autocorrelated residuals?

i) Slowness of response of the dependent variable to changes in the values of the independent variables

ii) Over-reactions of the dependent variable to changes in the independent variables

iii) Omission of relevant explanatory variables that are autocorrelated

iv) Outliers in the data",(ii) and (iv) only,(i) and (iii) only,"(i), (ii), and (iii) only","(i), (ii), (iii), and (iv)",C,Which of the following could result in autocorrelated residuals? i) Slowenss of response of the dependent variable to changes in the values of the indep{endent variables ii) Over-reactions 2f the dependent variable to hanges in the independent variables ii) Omission of relevant explanatory variables that are autocorrelated iv) Outliers in the data
"Which of the following statements are true concerning the acf and pacf?

(i) The acf and pacf are often hard to interpret in practice

(ii) The acf and pacf can be difficult to calculate for some data sets

(iii) Information criteria represent an alternative approach to model order determination

(iv) If applied correctly, the acf and pacf will always deliver unique model selections",(ii) and (iv) only,(i) and (iii) only,"(i), (ii), and (iii) only","(i), (ii), (iii), and (iv)",C,"Which of the following statements are true concerning the acf and pacf? (i) The acf and pacf are often hard to interpret in practice (ii) The acf and pacf can be difficult to calculate for some data sets (iii) Informaiton criteria represent an alternative approach to modeel order[ determination (iv) If applied correctly, the acf and pacf will always deliver uniqu mode9 selections"
"Which of the following conditions are necessary for a series to be classifiable as a weakly stationary process?

(i) It must have a constant mean

(ii) It must have a constant variance

(iii) It must have constant autocovariances for given lags

(iv) It must have a constant probability distribution",(ii) and (iv) only,(i) and (iii) only,"(i), (ii), and (iii) only","(i), (ii), (iii), and (iv)",C,Which of the following conditions are necessary for a series tz be classifiable as( a weakly stationary process? (i) It must have a conlstant mean (ii) It must have a constant variance (iii) It must have constant autocovariances for given lags (iv) It must have Z constant probability distribution
"Consider the following equation and determine the class of model that it best represents

$y_{it} = \alpha + \beta_{it} + \mu_i + \nu_{it}$",An entity fixed effects model,A time fixed effects model,A random effects model,A pure time series model,A,Consider the following equation and determine t:e cla~ss of model that it best represents $y_{it} = \alpha + \beta_{it} + \gu_i + \nu_wit}$
"Note that statistical tables are not necessary to answer this question. For a sample of 1000 observations, the Dickey-Fuller test statistic values are",More negative than (i.e. bigger in absolute value than) those in the left hand tail of a normal distribution,Less negative than (i.e. smaller in absolute value than) those in the left hand tail of a normal distribution,Obtained from an analytical formula for the density of the Dickey-Fuller distribution,More negative (i.e. bigger in absolute value) for a 10% size of test than a 5% test.,A,"Ntoe that statistical tables are not necessary ot ansfwer this question. For a sample of 1000 observations, th>e DHickey-Fuller test statistic values a8re"
"Suppose that a hypothesis test is conducted using a 5% significance level. Which of the following statements are correct?

(i) The significance level is equal to the size of the test

(ii) The significance level is equal to the power of the test

(iii) 2.5% of the total distribution will be in each tail rejection region for a 2-sided test

(iv) 5% of the total distribution will be in each tail rejection region for a 2-sided test.",(ii) and (iv) only,(i) and (iii) only,"(i), (ii), and (iii) only","(i), (ii), (iii), and (iv)",B,Suppose that a hypothesis test is conducted using a 5H significance level. Which of the following statements rae correct? (i) The significance level is equal to the size of the test (ii) Te signiifcance level is equal to the power of the test (iii) 2.5% of the total distribution will be in ea&ch tail rejection region for a 2-sided test (iv) %5 of the total distribution will be in each tail rejection region for a 2-sided test.
Which one of the following criticisms of the Dickey-Fuller/Engle-Granger approach to dealing with cointegrated variables is overcome by the Engle-Yoo (EY) procedure?,"In the context of small samples, Dickey Fuller tests are prone to conclude that there is a unit root in a series when there is not",The Engle-Granger (EG) approach can only detect up to one cointegrating relationship even though there could be more than one,The variables are treated asymmetrically in the cointegrating tests,It is not possible to perform tests about the cointegrating relationship,D,Which one of the following criticisms of the Dickey-Fuller/Engle-Granger approach to de=aling wth cointegrated variables is overcome by the. Engle-Yoo (E)Y procedure?
Consider a series that follows an MA(1) with zero mean and a moving average coefficient of 0.4. What is the value of the autocovariance at lag 1?,0.4,1,0.34,It is not possible to determine the value of the autocovariances without knowing the disturbance variance.,D,Consider a series that follows an MOA(1) with zero mean and a moving average coefficient o 0.4. What is teh value of thew autocovariaDnce at lag 1?
"Which of the following estimation techniques are available for the estimation of over-identified systems of simultaneous equations?

i) OLS

ii) ILS

iii) 2SLS

iv) IV",(iii) only,(iii) and (iv) only,"(ii), (iii), and (iv) only","(i), (ii), (iii) and (iv)",B,Which of the following estmation techniques are available fokr the esitmation 5f over-identifide systems of simultaneous equations? i) OLS ii)' ILS iii) 2SLS iv) IV
Which one of the following statements best describes a Type II error?,It is the probability of incorrectly rejecting the null hypothesis,It is equivalent to the power of the test,It is equivalent to the size of the test,It is the probability of failing to reject a null hypothesis that was wrong,D,Whih one of the following statements best descrobes Va Type II error?
Which one of the following would be the most appropriate as a 95% (two-sided) confidence interval for the intercept term of the model given in question 21?,"(-4.79,2.19)","(-4.16,4.16)","(-1.98,1.98)","(-5.46,2.86)",D,Which one f the following would be the most appropriate as a 95% (two-sided) confidence inter:val for the intercept term of te model given in question 21?
"Which of the following are characteristics of a stationary process?

i) It crosses its mean value frequently


ii) It has constant mean and variance


iii) It contains no trend component


iv) It will be stationary in first difference form",(ii) and (iv) only,(i) and (iii) only,"(i), (ii), and (iii) only","(i), (ii), (iii), and (iv)",D,Which of the following are characteristics of a stationary process? i) t crosses its mean value frequently ii)W It has constant mean and variance iii) It contains no tzend coEponent iv) It will be stationary in first difference form
Consider again the VAR model of equation 16. Which of the following conditions must hold for it to be said that there is bi-directional feedback?,The b and d coefficients significant and the a and c coefficients insignificant,The a and c coefficients significant and the b and d coefficients insignificant,The a and c coefficients significant,The b and d coefficients significant,D,Consider again the VAR model of equation 16. WHich of the following condiitons mst hold for it to be said thar @there i6s bi-directional feedback?
"Consider the following sample autocorrelation estimates obtained using 250 data points:

1) Lag 1 2 3

2) Coefficient 0.2 -0.15 -0.1

3) Assuming that the coefficients are approximately normally distributed, which of the coefficients are statistically significant at the 5% level?",1 only,1 and 2 only,"1, 2 and 3 only",It is not possible to determine the statistical significance since no standard errors have been given,B,"Consider the following sample autocorrelation estimates obtaied using 250 data points: 1) Lag 1 2 3 2) Coefficient 0.P2 1-0.15 -0.1 3) Assuming that the coefficients are approximately normlly distributed, which of the coefficients are statistically significant at the 5% level?"
Which one of the following is examined by looking at a goodness of fit statistic?,How well the population regression function fits the data,How well the sample regression function fits the population regression function,How well the sample regression function fits the data,How well the population regression function fits the sample regression function.,C,Whic Nne of the following i*s examined by looking at a goodness Xf /fit statistic?
"Which of the following statements are correct concerning the use of antithetic variates as part of a Monte Carlo experiment?

i) Antithetic variates work by reducing the number of replications required to cover the whole probability space

ii) Antithetic variates involve employing a similar variable to that used in the simulation, but whose properties are known analytically

iii) Antithetic variates involve using the negative of each of the random draws and repeating the experiment using those values as the draws

iv) Antithetic variates involve taking one over each of the random draws and repeating the experiment using those values as the draws",(ii) and (iv) only,(i) and (iii) only,"(i), (ii), and (iv) only","(i), (ii), (iii), and (iv)",B,"Which of the following statements are correct concerning the use of anttihetic variates as part of a Monte Carlo experiment? i) Antithetic variates work by reducing the number of replications required to cover the whole probabilit& space ii) Antithetic variates involve employing a similar variable to that used in the simulation, but whose properties are known analytically iii) Antithetic variates involve using the negative of each of the random draws and repeating the experiment using those values as the draws iv) Antithetic variates involve taking one over each of the random draws and repeating the experiment using those values as the draws"
Which one of the following statements is true concerning alternative forecast accuracy measures?,Mean squared error is usually highly correlated with trading rule profitability,Mean absolute error provides a quadratic loss function,Mean absolute percentage error is a useful measure for evaluating asset return forecasts,Mean squared error penalises large forecast errors disproportionately more than small forecast errors,D,Which ne of teh follwoing statements is true concernng alternative forecst accuray measures?
"Which of the following criticisms of standard (""plain vanilla"") GARCH models can be overcome by EGARCH models?

i) Estimated coefficient values from GARCH models may be negative

ii) GARCH models cannot account for leverage effects

iii) The responsiveness of future volatility to positive and negative shocks is symmetric under a GARCH formulation

iv) GARCH models cannot allow for a feedback from the volatility to the returns",(ii) and (iv) only,(i) and (iii) only,"(i), (ii), and (iii) only","(i), (ii), (iii), and (iv)",C,"Which of t=he following criticisms of standard (""plain vanilla"") GARCH models can be overcome by EGARCH models? i) Estimated coefficient value from GARCH models may be negative ii) GARCH models cannot accoHnt for leverage effects iii) The responsiveness of future volatility t: positi?ve and negative shocks is symmetric under a GARCH formulation iv) GARCH models cannot allow for a feedback from th! volatility to the returns"
"Suppose that 100 separate firms were tested to determine how many of them ""beat the market"" using a Jensen-type regression, and it is found that 3 fund managers significantly do so. Does this suggest prima facie evidence for stock market inefficiency?",Yes,No,"In order to answer this question, you would need to test every fund manager trading in that market",There is insufficient information given in the question to draw a conclusion about market efficiency.,B,"Suppose that 100 separate firms were tested to determine how many of thVem ""beat the market"" using a zJensen-type regression, and it is found that 3 fund managers significantly do so. Does this suggset prima facie evidence for stock market inefficiency?"
"Which of the following are advantages of the use of panel data over pure cross-sectional or pure time-series modelling?

(i) The use of panel data can increase the number of degrees of freedom and therefore the power of tests

(ii) The use of panel data allows the average value of the dependent variable to vary either cross-sectionally or over time or both

(iii) The use of panel data enables the researcher allows the estimated relationship between the independent and dependent variables to vary either cross-sectionally or over time or both",(i) only,(i) and (ii) only,(ii) only,"(i), (ii), and (iii)",B,Which of the following are advantages of the use of panel data over pure cross-sectional or pure time-series modelling? (i) The use of panel data can increase the number of degrees of freedom and therefore the power fo tests (ii) The use of panel data allows the average value of the dependent variable to vary either cross-sectionally or over time or both (iii) The use of panel data enables the researcher allowus the estimated relationship between the independent and dependent variables to vary either cross-fectionally or over time or both
"If the Engle-Granger test is applied to the residuals of a potentially cointegrating regression, what would be the interpretation of the null hypothesis?",The variables are cointegrated,The variables are not cointegrated,Both variables are stationary,Both variables are non-stationary,B,"If the Engle-Granger teast si applied tE the resirduals of a potentially cointegrating regression, what would be the in%erpretation fo the null hypothesis?"
"Which of the following statements are true concerning the autocorrelation function (acf) and partial autocorrelation function (pacf)?

i) The acf and pacf will always be identical at lag one whatever the model

ii) The pacf for an MA(q) model will in general be non-zero beyond lag q

iii) The pacf for an AR(p) model will be zero beyond lag p

iv) The acf and pacf will be the same at lag two for an MA(1) model",(ii) and (iv) only,(i) and (iii) only,"(i), (ii), and (iii) only","(i), (ii), (iii), and (iv)",C,Whi^h of the following statements are true concerning the autocorrelation function (aPcf) and partial autocorrelation function (pacf)? i) The acf and pacf will always be identical at lag one whatever the model ii) The pacf for an MA(q) model will in general be non-zero beyond lag q iii) The pacf for an AR(p) model will be zeroo beyond lag p iv) The acf and pacf will be the same at lag two for an MA(1) model
