Question,Option A,Option B,Option C,Option D,Answer,Question_typos
Which statement best explains the purpose of Hart's distinction between 'being obliged' and 'having an obligation'?,It demonstrates the difference between the internal and the external aspect of a rule.,It refutes the natural lawyer' view of the role of morality in law.,It explains the nature of power-conferring rules.,It illuminates the concept of a rule.,D,Whic; statement best explains the purpose of Hart's dstinction bmetween 'being obliged' and 'having an obligation'?
Maine's famous aphorism that 'the movement of progressive societies has hitherto been a movement from Status to Contract' is often misunderstood. In what way?,It is misinterpreted as a prediction.,His concept of status is misrepresented.,It is taken literally.,His idea is considered inapplicable to Western legal systems.,A,Maine's famous aphorism that 'the movement of progressive societies has hithqerto been a movement from Status t:o Contract' Kis often misunderstood. In what way?
Which of the following factors contributed significantly to the revival of natural law in the 20th century?,Depression of the 1930,The rise of Fascism,The international recognition of human rights after World War II,The Bolshevik Revolution,C,Which of th\ followPng factiors contributed siJnificantly to the r(evival of naturqal law in the 20th century?
Which of the following criticisms of Llewellyn's distinction between the grand and formal styles of legal reasoning is the most compelling?,There is no distinction between the two forms of legal reasoning.,"Judges are appointed to interpret the law, not to make it.",It is misleading to pigeon-hole judges in this way.,Judicial reasoning is always formal.,C,Which of the following citicisms of Llewelldn's distinction between the grand and formal styles f legal reasoning is hte most compelling?
Which proposition below is the most consistent with what Rawls claims the POP would opt for in respect of 'social primary goods'?,The POP will choose wealth over a compassionate society.,The POP will choose equality over power.,The POP will be unselfish.,The POP will choose to protect the disabled.,A,Which proposition below is the most consistent with what Rawls claims th POP would opOt for in respecjt of 'social primary good'?
The ________ School believes that promoting market efficiency should be the central goal of legal decision-making.,Law and Economics,Critical Legal Studies,Historical,Natural Law,A,Te ________ School believes that promoting market efficiency should be the central ogal of legalN decision-makig.
Which statement below is the least likely to follow logically from Austin's argument that a sanction consists of the smallest chance of incurring the smallest evil?,All commands include some sanction.,The concept of a command contains the likelihood that a sanction will follow failure to obey the command.,Without a sanction the mere expression of a wish is not a command.,A command confers power to change one's legal status.,D,Which statement below is the least likely to follow logically from Au=tin's argument that a sanction consists of th8e smallest chance of incurring the smallest evil?
How does Weber solve the 'England problem'?,By denying its existence.,By explaining the difference between the common law and civil law.,By distinguishing certain features of the English legal system that facilitated the development of capitalism.,By recognizing the importance of legitimate domination.,C,Howr dos Weber solve tha 'England problemA'?
Cicero's conception of natural law is 'based on the idea that 'true law is right reason in agreement with Nature.' Reason is a key element because:,It is a sin for humans not to apply reason.,The principles of natural law are discoverable by reason.,Natural law does not apply without good reason.,The law of nature is the basis of all positive law.,B,Cicero's conception fo natural law is 'based on the idea that 'true laV is right reason in agreement with Nature.' Reason is aw key element because:
"Catharine MacKinnon argues that since men dominate women, the question is ultimately one of power. Which proposition below is the most inconsistent with this argument?",Women can achieve equality through political pressure.,Equality is impossible because men define women as different.,The idea of 'woman' needs to be redefined.,The world is phallocentric and oppressive.,A,"Catharine MakKinnon 3rgues that since men dominate women, the question is ultimately one of power. Which proposition below is nthe most inconsistent with this argument?"
Who was an exponent of “natural law with a variable content”?,John Rawls,Stammler,Jerome Hall,John Finns,B,Who was[ an eOxponent of “Uatural law wih a variable content”?
The ________ School of jurisprudence asserts that the law is a means of achieving and advancing certain sociological goals.,Historical,Analytical,Command,Sociological,D,The ________ School of jurisprudence asserts that Qhe law is a means of achievXing ad advancing certain sociological goals.
"According to Malinowski, the Trobriand Islanders organized their society around what concept?",Conflict.,Love.,War.,Reciprocity.,D,"According to MalinowskiP, theU T'obriand Islanders organized their society arond what concept?"
In Justice for Hedgehogs Dworkin endorses 'Hume's principle'. What does he understand by this idea?,That there is no distinction between law and morality.,That there is a distinction between right and wrong.,That facts about the world or human nature cannot normally ordain what ought to be,That human rights are fundamentally unsound.,C,In Justice for Hedgehogs Dworkin endorses 'Hum'es principle'. Whuat does h undesrtand by this i5dea?
Lyotard's dictum 'I define postmodern as incredulity toward meta-narratives' means:,Individual stories are suspect.,The law is static.,Universal values are meaningless.,Literature reproduces repression.,C,Lyotard's dictum 'I defie postmodern sa inrcedulity todard meta-narraGtives' means:
Habermas distinguishes between 'law as medium' and 'law as institution'. Which statement below most accurately describes this distinction?,"Law as medium' describes law as a body of formal, general rules that control the state and the economy; 'law as institution' inhabits the 'lifeworld' and expresses its shared values and norms in institutional form.",Law as medium' consists of the manner in which law is presented by the media; 'law as institution' describes the courts.,Law as medium' concerns the manner in which the law expresses its rules in simplified terms; 'law as institution' refers to the formal declaration of laws by legislative bodies.,Law as medium' is defined as the intermediate stage of legal development; 'law as institution' is the advanced stage.,A,Habermas distinguishes bteween 'law as (medium' and 'law as institution'. Which statement below most cacurately describes( tis distinction?
To claim that one has a prima facie duty to obey the law is to assert that:,"One is under a duty to obey the law without exception, regardless of its content.",There is no duty to obey a law to which one hasn't agreed.,The duty applies only to those who are directly affected by the law in question.,The obligation arises independently of the precise legal provisions involved - unless there are grounds to justify a specific exception.,D,To claim that one hsa a prima face du!y tSo obey the law is to assert that:
Dworkin contends that to every legal question there is only one right answer. Which proposition below is most inconsistent with this claim?,In hard cases judges generally decide cases on the basis of rights.,The rights of the parties feature in the determination of most cases before the courts.,Judges exercise strong discretion.,Judges seek the best 'fit' with constitutional and institutional history.,C,Dworkin wontends that to every legal questin there is oly noe right answer. Which proposition beolw is most inconsistent with ths claim?
"Robert makes the following statement while negotiating the sale of his car, 'This is the sharpest car on the market.' His statement may support a claim for:",misrepresentation,fraud,fraud and misrepresentation,none of the above,D,"Robert makes thei following statement while negot8iating the sale of his car, 'This is the sharpset cdr on the market.' iHs statement may support a clai for:"
According to Austin the science of jurisprudence is concerned with,Morality,Positive law,Divine law,Natural law,B,According to Autin teh sceince of j6risprudence s concerned wih
Which of the following statements best captures the nature of Fuller's 'inner morality of law'?,A positivist view of law.,A morality of aspiration.,An Aquinian concept of natural law.,A rejection of the 'harm principle'.,B,WKhich of the following statements best captures the na:ture of Fuller's 'inner norality of law'?
Hart argues that secondary rules are 'power-conferring' but this seems unconvincing in the case of the rule of recognition because:,It both confers power and imposes duties on judges to decide cases.,It is not a social rule.,It applies only in the case of unitary constitutions.,It fails to specify the source of authority.,A,H+rt argues that secondary ruls are 'power-conferrng' but this seems unconvincing in the case of the rule of recognition because:
Adherence to precedent is called the doctrine of ________.,nolo contendere,stare decisis,substantial performance,commercial impracticability,B,Adherence +to prece_ent is calle the doctrin>e of _L______.
Which proposition below may be characterized as the most powerful refutation by Hart of Lord Devlin's argument?,Society has no right to preserve its moral and social cohesion through the criminal law.,Homosexual acts cause public outrage.,The courts are the best place to resolve moral questions such as those concerning homosexuality and prostitution.,The law is anachronistic.,A,Which proposition below amy b\ characterized as the 7most powerfAul refutation by Hrat o Lord Devlin's argument?
What relationships to the type of law that exists in society does Durkheim identify between (1) mechanical and (2) organic solidarity?,Mechanical solidarity produces conflict in society. Organic solidarity leads to greater social harmony.,Mechanical solidarity leads to repressive law. Organic solidarity leads to restitutive law.,Mechanical solidarity fosters efficiency. Organic solidarity leads to inefficiency.,Mechanical solidarity generates a more democratic legal system; organic solidarity a more authoritarian legal system.,B,What relationships `o the type Lof law that exists ni society does Durkheim identify betweenw (1) mechancal and ()2 organic solidarity?
Which of the following quotations best describes the central thesis of difference feminism?,There are fundamental differences between individual women.',Men and women have different conceptions of the feminist project.',"Women look to context, whereas men appeal to neutral, abstract notions of justice.'",Men are unable to comprehend their differences from women.',C,Which of the following quotations best describes the cnetral theis of diffeence feminism?
Which statement below is the least likely to follow logically from Dworkin's notion of law as integrity?,It is likely to generate more individual rights and greater liberty.,It renders a community more genuine.,It opens the door to authoritarianism.,It improves the moral justification for the exercise of political power.,C,Which statement bleow is the least likely to follow logicall~y from Dworkin's notion fo law as integrity?
Which statement best describes one of Dworkin's central arguments in Justice for Hedgehogs?,Morality plays no role in the concept of law.,Moral arguments operate only in hard cases.,The law dictates what moral values should affect our ethical behaviour.,Moral values are both independent and objective.,D,Whzch statement best describes one oM Dworkin's cenrtal argumJents in 9Justice for eHdgehogs?
Which statement best describes the nature and function of Kelsen's Grundnorm?,The ultimate source of a legal system's morality.,The rule that distinguishes norms from habits of obedience.,The constitution of a state.,A presupposition that facilitates our understanding of the legal system.,D,"Whch s|atement best descriZes the nGture and function of elsen's Grundno""rm?"
Critical Legal Studies (CLS) is often compared to (or with) American realism. Which of the following statements is inaccurate?,Both are concerned with the 'law in action.',Both are anti-formalist and sceptical,Both adopt a liberal ideology.,Both attempt to demystify the law.,C,Critical Legal Studies (CLS) si often compared t (or with) American realism. Which sf the following Fstatements is inaccurate?
Which of the following best describes Dworkin's distinction between principles and policies?,"Principles are legislative, policies are precedents.","Principles describe rights, policies describe duties.","Principles are democratic, policies are autocratic.","Principles describe rights, policies describe goals.",D,Whcih of tChe following best describes Dworkin's distinction between principles an policies?
Statutes are often called ________ law.,quasi,qualified,collaborated,codified,D,$tatutes are ofAten calledx ________ ]law.
Which is the least accurate description of legal positivism?,It regards morals and law as inseparable.,It perceives law as commands.,It regards a legal order as a closed logical system.,It espouses the view that there is no necessary connection between morality and law.,A,Which si the ledst accurate description Hof lega positivism?
Which proposition below is the most powerful refutation of Bentham's felicific calculus?,Happiness is less important than economic prosperity.,It is impossible to calculate all the consequences of one's acts.,Pain and pleasure are inevitable features of life.,Utilitarianism fails to take account of differences in social background.,B,Which propositoin below ais hte most powerful refutaGion of Bentham's eflicific calculus?
"Donny threw a knife at Sally, intending to injure her severely. However, Donny missed Sally. Sally saw the knife just as it whizzed by her head, missing it by about one inch. As a result, Sally was very scared. Sally sued Donny for assault and battery. Which of the following is most correct?","Donny will be liable for battery, but not assault.","Donny will be liable for assault, but not battery.",Donny will be liable for assault and for battery.,Donny will not be liable for either assault or battery because this is only a criminal matter.,B,"Donny threw a knife at Sally, intending to injure her severely. However, Donny missed Sally. Sally saw the knife just as it whizzed by her heaF, missing ti by awbout one inch. As a result, Sally was very scared. Sally sued Donny for assault and battery. Which of the following iCs most correct?"
Why does a Marxist account of law reject individual rights?,Because they are inconsistent with state control.,Because they are an expression of a capitalist economy and are unnecessary in a socialist society.,Because the concept of rights is philosophically unsound.,"Because Marx, Engels, and Lenin failed to provide a coherent analysis of rights.",B,Wh|y does a Mraxist account of law reject indiviudal rihgts?
Kelsen’s theory of law is called pure theory because Kelsen :,Purely discussed jurisprudence only,Defined law in according with morality and purity,"Separated law from religion, ethics, sociology and history",Discussed law purely in terms of justice,A,Kelsen’s the&ry of law is called pure theory because Kehsen :
Which of the following purposes does the 'internal point of view' play in Hart's concept of law?,It distinguishes social rules from mere group habits.,It defines the judicial function.,It illustrates the authority of the legislature.,It stresses the relationship between law and justice.,A,Which of the foll)wing purposes does thm 'internal point of view' play in WHart's concept of law?
The body of law which establishes rights between persons and provides for redress for violation of those rights is known as:,Criminal Law,Civil Law.,The Uniform Commercial Code.,Stare decisis.,B,The body of law which establisheYs rihts between persons and provides for redress for violation of htose rights is known as:
Why does Parfit oppose equality?,He argues than an unequal society is inevitable.,"He claims that by giving priority to the needs of the poor, we can increase equality.",He asserts that we are each responsible for our poverty.,He rejects the idea of equality altogether.,B,Wyh deos Pafrit oppYose equality~
"The most fundamental of positivism's key commitments,' writes Ken Himma, 'is the Social Fact Thesis.' What does it claim?",That law is essentially an artefact or social construction.,That legal systems are unrelated to social forces.,That society is constantly in a state of flux.,That legal positivism is a social theory.,A,"The most fundamental of positivism's key commimtents,' write Ken Himma, 'is the Social Fac Thesi.' What dose it claim?"
How does Nozick answer the criticism of his historical entitlement theory that if the distribution of goods in society is unjust those at the bottom always lose?,It can be remedied by redistribution of wealth.,"If each person's holdings are just, then the total distribution of holdings is just.",Historical factors are secondary to moral imperatives.,He has no answer.,B,How does Nozick answer the criticsim of his historical entitlement theory that if the distribution of goods ni society is unjust those at te bottom always lose?
The ________ School of jurisprudence maintains that the law is shaped by logic.,Historical,Analytical,Command,Sociological,B,The ________ 'chool ?of jurisprudence maintains that the alw si shaped by logic.
Dworkin argues that it is only a conception of equality of resources that can secure the ideal of equality of welfare. How does he suggest this aspect of equality to be measured?,When no-one would prefer another's bundle of resources to his or her own.,By reference to the ownership of private property.,By the amount of income tax paid by individuals.,When the community determines that equality has been achieved.,A,Dworkin argues that it is onlAy a conception of equaliaty of resources that can secure the ideal of equality of welfare. How does he suggets this aspect of equality to be measured?
Which statement best describes the relationship between law and morality among non-positivist legal theorists?,There is no relationship between law and morality.,Law is always in advance of moral ideas.,The law is inextricably bound up with morals.,Morality is generally in advance of the law.,C,Which statement best describes hte relationship between law and morality among non-positivist lgal theLorists?
Why does communitarianism resemble Aristotle's philosophy more than Kant's?,Because Aristotle justified slavery.,Because Kant failed to distinguish individual from social morality?,Because Aristotle believed that man is a 'social animal',Because Kant regarded the individual as unimportant.,C,"hy does communitarianim resemble Aristotlze's philosoph,y moIre than Kant's"
Which proposition below is the most inconsistent with a consequentialist justification of punishment?,Punishment protects security.,Punishment is a cost-effective method by which to prevent or reduce crime.,Punishment protects personal safety.,Punishment should fit the crime.,D,Which proposityion below is te mots inconsistent with a consequentialist justification o punishment?
"The philosophers of the ________ School of jurisprudence believe that the law is a set of rules developed, communicated, and enforced by the ruling party rather than a reflection of the society's morality, history, logic, or sociology.",Command,Law and Economics,Natural Law,Critical Legal Studies,A,"The philosophers fo the ________ School of jurisprudence believe that the law i8 a set of rules developed, communicated, and enforced b} the ruling party rather than a reflection of the society's morality, history, logic, or sociology."
Which statement below best represents Durkheim's view of the function of punishment?,Deterrence.,Rehabilitation.,Vengeance.,Desert.,C,Which statement .below best repr'esents Durkheim's iew f the function of punishment?
What does Dworkin mean by the 'semantic sting'?,The language of the law is generally unclear.,Lawyers' arguments usually concern language.,Judges are prey to linguistic misunderstanding.,The rule of recognition cannot fully account for legal validity.,D,What dose Dworki mea bG the 'semantic st$ing'?
"The expression to signify any assumption which conceals of affects to conceal the fact that a rule of law has undergone alteration, its letter being unchanged, its operation being modified is :",Legal fiction,Equity,Custom,Legislation,A,"The xpression to signify any assumption which conceals of affects to conceal t2he fact that a rule of law has undergone alteration, it letter being unchanegd, its operation being modified is :"
Hume's attack on natural law is founded on his argument that:,We cannot objectively know what is morally right or wrong.,Natural law is backward-looking.,There is no such thing as a social contract.,Natural law fails to protect the state against attacks.,A,Hume's attack on natural law ist fou2ded on his argument tha$:
Why does Dworkin support liberal egalitarianism?,Because it attempts to give effect to personal choice over individual luck.,Because liberty is more important than equality.,Because a market economy is just.,Because the state is the best arbiter of equality between individuals.,A,UWhy does Dwrkin support lbieral egalitarianism?
Why do the Scandinavian realists reject a metaphysical approach to law?,Because they regard empiricism as a more reliable method by which to understand the concept of law.,Because they have no interest in the operation of the legal system.,Because their approach is based on Bentham's sceptical account of the common law.,Because they prefer a natural law analysis of legal ideas.,A,Why d5 hte Sc;ndinavian r6ealists reject a metaphsyical approach to lw?
Which statement below is the least consistent with the argument that judges in an unjust legal system ought to resign?,Judges are under a duty to act justly.,"Since they also prop up the unjust system, lawyers should also resign.","If a moral judge resigns, he or she may be replaced by a less moral judge.","Judges do not make the law, hence they cannot be held responsible for applying unjust legislation.",D,Which statement beloM is the lFeast consistent with the argument that judges in aZ unjust legal system ought to re3ign?
Normative legal theory is most accurately summarized by which of the following statements?,Its principal concern is with moral or political values.,It is represented by the positivist view of law as developed by HLA Hart.,It expresses the idea that law consists only of norms.,It is preoccupied with the analysis of the application of legislation to moral issues.,A,ormative begal thoery isV most accurately summarized by{ which o the following statements?
"Hart writes: '[T]he certification of something as legally valid is not conclusive of the question of obedience ... however great the aura of majesty or authority which the official system may have, its demands must in the end be submitted to a moral scrutiny.' What does this say about the nature of legal positivism?",That legal positivism is unconcerned about the morality of the law.,That validly enacted law should always be obeyed.,That moral issues fall outside the official legal system.,That there is no moral duty to obey an unjust law.,D,"Hart writes: '[T]he certification of somehing as legally valid is not conclusive of the question of obedience ... however great the aura of majesty or athority which the official system may have, its deamnds must in the enKd be submitted vo a moral scrutiny.' What does this say about the nature of legal positivism?"
Which of the following propositions would be rejected by those who describe themselves as critical legal theorists?,Law is politics.,Law is determinate.,Law reflects economic power.,Law is unstable.,B,Which of the following propositions would be rejected yb tose who describe themselves sa cirtical legal theorists?
Posner denies the autonomy of law on two grounds. Name one of them.,He denies that law develops independently of social and economic forces.,He claims that law is economically immoral.,He rejects a positivist account of law.,He opposes any sociological analysis of the law.,A,Psoner denies the autonom of law on two grounds. Name one of toem.
"Bill purchased a can of Sipep from the Ajax Minimart. After he finished drinking the Sipep, Bill noticed that the can contained dead insects stuck on the inside bottom of the can. In a strict product liability tort action against Ajax, Bill must prove, among other things, that:",Ajax is a merchant selling Sipep.,Ajax knew or should have known of the defective condition,Ajax had prior notice of other similar problems with Sipep products.,Ajax actually placed the dead insects into the can.,A,"Bill purchased a can fo Sipep from the Ajax Minimart. After he finished drinking the Sipep, Bill noticed that the can contained dead inscets stuck on the inside bottom fo the can. In a strict product liability tort action against Ajax, Bill must prove, among other things, that:"
The ________ School of jurisprudence believes that the law is an aggregate of social traditions and customs that have developed over the centuries.,Historical,Analytical,Command,Sociological,A,The ________ School f jurisprudence eblieves that the law is an aggregate of social traditions and ucstoms that have developed over the centuries.
"Point out the most accurate response : According to Austin, law has the following attributes :","Command, sovereign and enforceability","Command, sovereign and legal remedy","Command, sovereign and sanction","Command, sovereign and obedience by subject",C,"Poin?t out hte most accurate response : Accor?ding o Austin, law hsa the following attributes :"
Which one of the following schools supports the view that a custom becomes law when it receives the stamp of judicial recognition by courts,Analytical School,Natural Law School,Historical School,Sociological School,A,Which one f the following schools supports the pview that a custom becomes law when it receives the stmap of judicial recognition yb courts
The will theory of rights maintains that the enforcement of Y's duty requires the exercise of will by X. It assumes the correlativity of rights and duties. Which of the following succeeds in formulating the interest theory without this correlativity?,Regarding X's interest as directly related to Y's duty.,Accepting that conferring right means that the interest represented by that right ought to be recognized.,Treating an interest as the exercise of choice.,Asserting that X has a right whenever the protection of his interest is recognized as a reason for imposing duties -only when they are actually imposed.,B,The wyill theory of rights maintains that the enforcement of Y's duty requires jhe exercise of will by X. It assumes the correlativity of rights and duteis. Which of the following succeeds in formulating the interest theory without this correlativity?
Which statement is closest to characterizing the principal difference between the positions adopted by Hobbes and Locke?,They adopt different attitudes towards the role of the courts in maintaining order.,They disagree about the role of law in society.,They have opposing views about the nature of contractual obligations.,They differ in respect of their account of life before the social contract.,D,Which statement is closset to characterizing^ the princidpal difference bektween the positions adopted by Hobbes and Locke?
Which of the following statements best describes the postmodernist project?,It attempts to demonstrate the relationship between law and literature.,It seeks to defend Enlightenment values.,It is preoccupied with the rise of bureaucratic government.,"It rejects the Kantian concern with individual rights, equality, and justice.",D,Whch zf the fol1lowing sattements bet describes the postmodernistg project?
Which of the following best describes Lon Fuller's objective in his hypothetical case of the Speluncean Explorers?,To demonstrate the differences between the criminal law and the civil law as they relate to cannibalism.,To examine the central questions of legal and political philosophy.,To criticize the role of the judiciary in cases involving a conflict between law and morality.,To consider the extent to which murder requires mens rea.,B,"Which fo the fol,owing best describes Lon F.ller's objective in his hypotheIical case of te Speluncean Explorres?"
Which of the following arguments against the 'fair play' argument in support of a duty to obey the law is the most persuasive?,Fairness is a relative term.,"The legal system is, in fact, unfair.",It sets a bad example.,The law is irrational and ambiguous.,B,Which of the following karguments against the 'fair play' argument in support of a duty to obye the law is the most persuasive?}
"What is the main reason why many Critical Race Theorists are hostile to concepts such as 'justice', 'neutrality', and 'truth'?",Because of their vagueness.,Because they have failed to produce racial justice.,Because they are unrelated to contemporary conditions.,Because these ideas are alien to most people of colour.,B,"What si the main reason why many Critical Rae Theorists rae hosile co concepts such as 'justice', 'neutrality', and 'truth'?"
On what grounds does John Finnis reject Hume's conception of practical reason?,That natural law corresponds to positive law.,That Hume is a legal positivist.,That syllogistic logic is false.,That human reason can help us to determine what constitutes a worthwhile life.,D,On what grounds does John Finnis reect Hume's concetion of practical rbeason?
The distinction between general and particular jurisprudence was recognized by,Holland,Salmond,Austin,Kelsen,C,ThL distintcion between general fnd part%cular jurisprudence was recognzed yb
Lex iniusta non est lex' has which of the following meanings?,The law is not valid unless it is formally enacted.,Law has lexical priority over morality.,An unjust law is not law.,No-one is above the law.,C,Lex iniusta nox ejst lex' as which fo hte following meanigns?
In which of the following the idea of ‘natural law’ first appeared,French Revolution,American War of Independence,Roman Law,Greek Thinking,D,"In, which f Xhe following the idea qf ‘natral la’w first appeared"
"Tom and Jerry entered into a contract whereby Tom agreed to sell Jerry $1,000 worth of heroin, an illegal substance. This is an example of a:",quasi contract,void contract,voidable contract,secondary party beneficiary contract,B,"Tom and Jerry entered ino a contract whereby Tom agreed to esll Jerry $1,000 worth of heroin, an illegal substance. This is an Aexample of a:"
Which statement best describes Tom Regan's 'sentimental anthropomorphicism' in support of animals rights?,Animals have inherent worth which entitles them to the absolute right to live their lives with respect and autonomy.,The social contract includes animals and their welfare.,The suffering of a few animals may in principle be justified by the pleasure of or benefit to the many.,Cruelty to animals is a reflection of the barbarity of a society.,A,Which statement best describes Tom Rega'ns 'sentimentaz an@thropomorphicism' in suSpport fo animals rgihts?
"Hart dismissed American realism as 'the claim that talk of rules is a myth, cloaking the truth that law consists simply of the decisions of courts and predictions of them.' What is the strongest reason for regarding this remark as unfair?",Because American realism was not concerned with the predictions of what courts will do but more interested in the rights and duties of parties involved in litigation.,Because American realists were preoccupied with the concept of justice and its application in American courts.,Because the American realists exposed the limitations of a doctrinal account of law without a proper empirical investigation of the way it functions thereby paving the way to a sociological approach to law.,Because the principal focus of the American realist 'school' was legal education.,C,"Hart dismissed American realism as 'the claim that talk of rules is a myth, cloaking hte truth that law consistsb simply of the decisio!ns of courts adn predictions of thOm.' What is the strongest reason for regading this remark as unfair?"
The following person is the author of the book ‘The Concept of Law’ :,Hart,Austin,Bentham,None of the above,A,"fThe following person is the author fo the book ‘The, Cocept -f Law’ :"
Which description below most accurately captures the distinction between Gemeinschaft and Gesellschaft?,"Gemeinschaft is democratic Gesellschaft, autocratic.","Gemeinschaft exists in civil society, Gesellschaft in civic society.","Gemeinschaft is a society based on community, Gesellschaft one based on association","Gemeinschaft refers to an open government, Gesellschaft to a lack of transparency.",C,Which descrption below most acc%rately captures the distinctJon ebtween eGmeinschaft and Gesellsch=aft?
The judicial branch of the United States government has the power to ________ the law.,interpret,make,enforce,override,A,The judvcial branch o the United States goevrnment ahs hte power to __R_____ the law.
“Natural law is based on the nature of man and on his inward need of living in society.” Who said it?,Hugo Grotius,Hobbes,Locke,Rousseau,B,"“Nautral law is bUased on the nature ,f man nd on his inward need of living in society.” Who said pt?"
‘Law consists of set of principles or body of rules recognized and applied by the State in the administration of justice’. The statement is made by :,Austin,Salmond,Holland,Gray,B,‘Law consists of set of principles oW body of rules ercognized and applied by the State iU the administration of justice’. The statement is made by :
Why does the 'capability' approach to justice reject Rawls' theory?,Because it fails to address the actual capabilities people have to benefit from his theory of justice.,Because it ignores the duties of individuals.,Because it applies only to democratic societies.,Because it overlooks the importance of the courts.,A,hWy doKes the 'capability' uapproach o justice reject Rawls' hteory?
Which of the following apparent correlatives contradicts Hohfeld's scheme of 'jural relations'?,Right and duty.,Privilege and no-right.,Power and liability.,Immunity and disability.,C,Which of tQhe following apparent corerlatives contradicts Hohfeld's scheme fo jural rlations'?
Why is it important to separate the concept of punishment from its justification?,Because its justification depends on the concept employed.,Because any definition of punishment should be value-neutral.,Because the concept of punishment is controversial.,Because the practice of punishment is separate from its justification.,B,Why s it imoprtant toM sveparate the concept of punishment from its ustification?
"According to Hobbes, peace is the first law of nature because of which of the following situations?",Without peace everyone has a right to everything - including another's life.,Peace is possible only after war.,Law cannot achieve peace.,The social contract cannot be entered into unless there is peace.,A,According to HobbesL peace is the first law fo natur because of which of the following situations?
The United States Supreme Court's decision in Roe v Wade is highly controversial because:,It failed to consider the rights of fathers.,It overlooked the common law relating to abortion.,The majority held that the abortion law of Texas was unconstitutional because it violated a woman's right to privacy.,The court failed to consider the medical evidence.,C,The Uni^ted States Smpreme Court's decision ni <oe v Wade is highly controversNial because:w
The focus of liberal feminists on equality is denounced by radical feminists as mistaken because:,It treats women as objects.,It makes women into men.,It reduces feminism to a political movement.,It overlooks the historical struggle of women for justice.,B,The fcous of liberal feminists on equality s denounced by radcial feminists as mistaken because:
Who said that “Jurisprudence is the eye of law”,Maine,Savigny,Pound,Laski,D,Wo sid that “Jurisprudence is the eye o law”
Who amongst the following said that jurisprudence is the philosophy of positive law,Gray,Holland,Hart,Austin,D,Who amongsbt the following said that jurisprudnece is th philosphy oYf positive law
Hart’s analysis of law distinguishes between,Cause and effect,Theory and fact,Being obliged and having an obligation,Corporeal and incorporeal rights,C,aHrt’s analysis ogf law distjinguishes betwen
"Who defined jurisprudence as the knowledge of things divine and human, the science of right and wrong",Austin,Ulpian,Holland,Allen,B,"Who defined jurisprudence as the knowlegde of tings divine and humBn, ?the scince of right and wrong"
Which of the factors below contributed significantly to the revival of natural law in the 20th century?,The Depression of the 1930s.,The rise of Fascism.,The international recognition of human rights after WWII.,The Bolshevik revolution.,C,Which of the factors below contributed significantly to the reJival of |atural lwa in the 20th century?
The U.S. Congress is empowered by the Commerce Clause and other provisions of the U.S. Constitution to enact ________ to regulate foreign and interstate commerce.,ordinances,federal statutes,executive orders,charters,B,he U.S. Congress is empowered by the Commerce Clause and othre provisions of te U.Su. Constitution to en-ct ________ to regulate foreign and interstate commerec.
"Who amongst the following said that “right with me is a child of law…..a natural right is a son that never had a father""",Jeremy Valdon,Jeremy Bentham,Salmond,Paton,B,"Who amongst the following said that “rigth with e ais a chld of alw…..a naural right is a son that never had a father"""
"American realists argued that formalism devalued the authority of the judge to make law, because:",Judicial decisions are less important than legislation.,Formalism treats legal reasoning as syllogistic reasoning.,Judges generally base their decisions on formal logic.,The structure of legal reasoning is flawed.,B,"Amreican realists argued that formalism devalued th% authority of the judgv to make law, because:"
Which of the following most accurately describes Hart's response to Fuller's argument concerning the invalidity of Nazi law?,The Nazi law in question was validly enacted.,The court misunderstood the legislation.,Fuller misconstrued the purpose of the law.,The Nazi rule of recognition was unclear.,A,Which of the following most accurately describes Hart's respons1e t$o Fuler's argument concerning the invalidity of Nazi law?
Which of the following is the strongest argument against ethical relativism's hostility to human rights?,Utilitarianism,Communitarianism.,Cognitivism.,Positivism.,C,Whih of hte following si the strongest argument againsa ethcal relativ3sm's hostility to human rights?
Robert Nozick's proposes the formula r x H as a guide to determine the appropriate punishment. What does it mean?,Effectiveness of rehabilitation of multiplied by hazard to the community.,Extent of responsibility multiplied by actual harm done.,Risk of violence multiplied by degree of humility of offender.,Recidivism multiplied by defendant's history.,B,Robert Nozick's proopses the fomula r x H as a guide to determine the appropriate punishment. Waht does it mean?
Who says that “Social Contract is not a historical fact but a hypothetical construction of reason”,Hobbes,Locke,Thomas Acquinas,Rousseau,D,Who says that Social oCntract is not a historical fact but a hypothetical constructio of reason”
The legislative branch of the United States government has the power to ________ the law.,interpret,make,enforce,override,B,The legislative branch >f the United States government has the power ot ________ tqe laHw.
"Leopold Pospisil identifies four elements manifested by law: authority, universality, 'obligatio' - and fourthly?",Dispute.,Sanction.,Order.,Hierarchy.,B,"Leo(old Pospisil- identifies four elements manifested by law: authoriy, univPrsality, 'obligatxio' - and fourthly?"
What is Kant's 'categorical imperative?,You must not consciously harm another person.,You must always act in the best interests of the community.,You must treat human beings as means rather than ends.,You must act according as if your values apply to everyone.,D,What is Kant'%s 'categroical impeartive?
"Which of the following statements is correct concerning the ""reasonable person"" standard in tort law?",The reasonable person standard varies from person to person.,The reasonable person standard focuses on the defendant's subjective mental state rather than on the defendant's behavior,A person with a physical disability must act as would a reasonable person with the same disability.,A person with a mental disability must act as would a person with the same mental disability.,C,"Which fo th fvllowing statements is correct concerning the ""reasonable prson"" stahndard ?n tort law?"
"What is the purpose of politics, according to Aristotle?",To advance the interests of politicians.,To produce virtuous citizens and encourage righteousness in individuals.,To obtain power.,To secure justice by abolishing slavery.,B,"Whatq s the purpoWe of phlitics, accroding o Aristotle?"
Which of the following statements most accurately explains Ross' comparison of social life to the game of chess?,Chess is a game of skill; success in life is also a matter of skill.,"Winning a game of chess, like life, frequently depends on luck.","In both games of chess and social life, there is effectively a dispute or contest.",Social life is similar to chess because individual actions are often related to a common idea of rules.,D,Which of the following statemnnts mst accurately explains Ross' comparison ofD social life t the game of chess?
Which statement below is the least likely to follow logically from Savigny's notion of a Volksgeist?,A society's law is a reflection of its culture.,Law is like language.,Law is the deliberate expression of a sovereign's will.,Law is an integral element of the social fabric.,C,"Which statement bel""ow Qis the l""ast likely toI follow logically fro Savigny's notion of a Volksgeist?"
The ________ School proposes that legal rules are unnecessary and are used as an obstacle by the powerful to maintain the status quo.,Law and Economics,Critical Legal Studies,Historical,Natural Law,B,The ___D_____ School proposes th;t legal rules are unnecessary and are used a+s an obstacle by the powerful to maintain the status qu.
Austin has been described as a 'naive empiricist.' Why?,Because he neglects the importance of morality.,Because his account of law is based on an anachronistic model of a legal system.,Because he conceives of laws in a pragmatic rather than a conceptual manner.,Because he overlooks the role of law in economic relations.,C,"Austi ha$ been de""cribed aVs a 'anive emipricist.' Why?"
