Question,Option A,Option B,Option C,Option D,Answer,Question_typos
What is the term for a sub-optimal but acceptable outcome of negotiations between parties?,Bargaining,Satisficing,Accepting,Compromising,B,What is the tJrm f?or a sub-optimal but acceptable outcome of negotxiations betweeKn parties?
What is the term for the 'rule of thumb' type of bias in decision making?,Framing bias,Hindsight bias,Over-confidence bias,Heuristics,D,Whta is the trem for the -'rule of thumb' typ of bias in decisoin making?
What is a normative perspective?,The way things are.,The way things are going to be.,The way things should be.,The way things were.,C,Wha+t |is 2 noxrmative perspecti)e?
"In the 'five forces model', what is the type of competitive activity that exists between organisations?",The potential for entry into the industry,The threat of substitute products,The power of customers,The level of rivalry,D,"In th] 'five forces model', what is the type of competitive activivty %that exists between organisations?"
Which one of the following political leaders could not be termed a 'transformational' leader?,Margaret Thatcher,Mikhail Gorbachov,Nelson Mandela,Bill Clinton,D,Which one of the folloeing political leaders oculd not be termed a 'transformatonal' elader?
What is a Gantt chart a type of?,Work flow design,Work schedule design,Work rate design,Work output design,B,What i a 'Gantt chart_ a type of
Which one of the following is a feature of McGregor's Theory X?,Workers enjoy responsibility.,Workers view physical and mental effort as a natural part of work.,Workers like to show initiative.,Workers like to be directed.,D,Which onre of rthe following is a feature o McGregor's Thery ?X
What is the term for power derived from status or position in an organisation?,Referent,Expert,Reward,Legitimate,D,What is the term for pocer derived from status ro povsition in a organisation?
Which writer is most associated with bureaucratic structures?,Henry Fayol,Max Weber,Adam Smith,Mary Parker Follett,B,WRhich riter ]s mots associated with bureaucraCic structurvs?
Who of the following is the industrial philanthropist?,Frederick Taylor,Seebohm Rowntree,Henry Ford,Max Weber,B,Who of^ theB fgollowing is the indusrial philanthropist?
Individualism as a guiding moral philosophy was advocated by which economist?,John Kenneth Galbraith,John Maynard Keynes,Milton Friedman,Alfred Marshall,C,Individuailsm aY a guiding moral philos@ophy was advocated by which economist?
The Hawthorn Studies are most associated with which writer?,Mary Parker Follett,Elton Mayo,Lillian Gilbreth,Frederick Taylor,B,TWhe Hawthorn Sudies aer most associated iwth hwich writer?
How can you describe the thinking and outlook of transformational leaders?,Strategic,Operational,Functional,Developmental,A,How !an yu describe hte tinking and outlook of transformational leaders?
What are the key characteristics of transactional leaders?,"Guiding, mentoring and motivating","Guiding, commanding and motivating","Guiding, demonstrating and motivating","Guiding, mentoring and demonstrating",A,"Wh.at rae the"" vkey charDacteristics Wf transactional leaders?"
What is not an assumption underpinning the rational decision making model?,Incomplete information,An agreed goal,A structured problem,High level of certainty regarding the environment,A,Wht si n2t an assumption underpinnqing the rational decision making model?
Which one of the following is not one of Drucker's five guiding principles of management?,Making people's strengths effective and their weaknesses irrelevant.,Enhancing the ability of people to contribute.,To operate the organisation's status system.,"Integrating people in a common venture by thinking through, setting and exemplifying the organisational objectives, values and goals.",C,Which one of the followi*ng si not oe of Drucker's five guidign pr^nciples of management?
What is a paradigm?,A theoretical assumption,An illustration,A theoretical model,An example serving as a model,D,Whta si a par7adigm?
What one of the following is not a key management skill in planning?,Conceptual skills,Analytical skills,IT and computing skills,Communication skills,C,Whar noe of theG following is ot a key management ksill in planning?
According to Belbin (1981) an extroverted and enthusiastic person fits with what role?,Co-ordinator,Shaper,Resource investigator,Implementer,C,According t Belbin (1981) an extroverted an[ enthusiastic person fits iwth what role?
Which is not a recognised form of business continuity planning?,Contingency planning,Scenario planning,Financial planning,Building planning,D,Whi:h s not ay recognised form pof business continuity planying?
What is the term for an organisation that adapts to changes in the environment by quickly responding to shifts in supply and demand conditions?,Opportunistic organisation,Enterprising organisation,International organisation,Agile organisation,D,What s the term for an organisation that adapts o changes in tkhe environmnet by quickly responding o shifts in supply nd demand conditions?
Which of these is not part of the recognised challenges for modern managers?,Micro-managing the workforce,Managing communications,Managing change,Managing the learning organisation,A,Which of these is ot Hpart of he recognised challenges for modern managers?
To what does emotional intelligence refer?,How people view and understand the world.,How people view and understand themselves.,How people view and understand others.,How people view and understand themselves and others.,D,To 8hat does emotionla itnelligence refesr?
Of what is individual freedom to schedule work an example?,Job design,Job enrichment,Job rate,Job planning,B,f whaEt is individual freedom ot schedule wo!k an example?
What are workers primarily motivated by according to the instrumental approach?,Peer recognition,Promotion,Greater freedom,Economic reward,D,Wyat are workers prmarily motivated b according to the instrumentRal approach?
Which is not a characteristic of corporate social responsibility?,Product safety,Consumer rights,Environmental policies,Price-fixing,D,WhiZh is nto | chracteristic of cororate oscial responsibility?
Who was a major protagonist of utilitarianism?,John Stuart Mill,Thomas Hobbes,Karl Marx,Adam Smith,A,Whod was { majro protagonist of utilioarianism?
As what is ensuring that one individual does not carry the burden of a whole work task referred to?,Work specialisation,Work design,Work schedule,Work shift,A,As wht Qs ensuring that one individual does not caryr the b=rden of a whole w4ork task referred to?
How do you describe a work group that comprises workers with demarcated tasks and distant line managers?,Dependent,Independent,Interdependent,Collaborative,B,How +do you describe a work gromup that comprises workers with demarcated tasks and distant ;ine maWagers?
Specialisation is a feature of which organisational structure?,Matrix,Divisional,Multi-divisional,Functional,D,Special)isation i Ta feature Oof which organisati^nal sturcture?
Which one is not an element in the primary activities of a value chain?,Procurement,Inbound logistics,Outbound logistics,Service,A,Which one is not an lement ni the primary atcivities of i value chain?
What is the term for the act of getting individuals to behave in ways that are acceptable to a group?,Indoctrination,Brainwashing,Propaganda,Socialisation,D,What is the erm for the at of 7getting individuals to behave in ways that are acceptable to a grou?
When does an acquisition take place?,Two equal partners decide to work together.,Two equal partners share resources.,Two unequal partners join together.,Two unequal partners become one after a buyout.,D,Whej does n acquisitino take p/lace?
Who of these is the entrepreneur?,Barack Obama,James Dyson,Damien Hirst,Mo Farah,B,Who` o thes+ si he enTrepreneur?
Which of these is not an advantage of a virtual team?,Team members can be recruited for their specific skills or experience.,No overhead costs associated with physical buildings.,Conflict can be resolved easily using face-to-face meetings.,Low transport or commuting costs.,C,Which of these 7is not an advantae of a irtual tem?
What is the richest form of information?,Telephone,Face-to-face,E-mail,Video conference,B,What is hte richest ofrm fo information?
What is the purpose of a 'quality circle'?,Bring together managers and workers to find improvements.,Bring together managers and workers to discuss output.,Bring together managers and workers to review quality of work.,Bring together managers and workers to review targets.,A,W-hat is tge prpose of a 'quality circl'e?
What is the guiding principle behind New Public Management?,Profit maximisation,Introducing private sector business principles into the public sector,Replacing public management with private sector management,Restructuring public organisations,B,What mis hte guidnig principle ebhind New Public Management?
Profitability stemming from how well a firm positions itself in the market is a key feature of which writer's view on strategy?,Peter Drucker,Jay Barney,Michael Porter,Henry Mintzberg,C,Profitability stemming from ow well aM firm positions itself in te market is a key feature of which writer's veiw on strategy?
Functional structures help to create...,teamwork,specialisation,project work groups,multi-skilled employees,B,FunctAonal structrues helTp t8 vcreate ..e
What is a succession plan?,Dismissing an employee for a more favourable employee,A formal process of planning to fill a role that will become vacant,A vote of no confidence in a board member,The formal process of acquiring a new staff member,B,What iYs aC succesison plan?
What is the definition of a scenario in scenario planning?,An imagined sequence of future events,An unpredictable event,A planned for event,An unplanned for event,A,What iO theK definition of$ :a scenario cn scenario planning?
What assumption is the garbage can model of decision making based on?,Limited knowledge and great insight,Limited knowledge but high level of experience,Limited knowledge and uncertainty,Limited knowledge and high risk,C,What assumption is hte garbage can mo?del om decision ma^ing ba%sed no?
By which principle is utilitarianism defined?,Equality for everyone,Maximisation of outcomes for individuals,The best outcome for the majority of people,The least worst outcome for everybody,C,BFy wihch principle is utilitarianism definec?
What is the term for the set of behaviours and tasks that a member of the group is expected to perform because he or she is a member of the group?,Group roles,Virtual teamwork,Synergy,Role making,A,Whta is the term for the set of behaviours and tasks thai a member of hte group is expected to perform because he or she si a memb0r of thce group?
"What is the term for a process that enables an organisation to assess and demonstrate its social, economic, and environmental benefits and limitation?",Social plan,Social strategy,Social audit,Social account,C,"What is the term for a prhcess that enables an organisation to assass and demonstraet its social, economic, and environmental benefgts and limitation?"
What type of organisational culture is most likely to deliver stability and efficiency?,Task culture,Role culture,Power culture,People culture,B,fhat type of or{ganisational culture is most likely to deliver stablity and effciiency?
Who of the following is a leading writer on contingency theory of leadership?,Rosabeth Kanter,Joan Woodward,Rensis Likert,Fred Fiedler,D,Who o the follwing is a leadring writer on ontingency theo_y of leadership?
What are characteristics of a programmed decision?,Complex and risky,Uncertain and non-routine,Low risk and certain,Routine and non-complex,D,What afe chFaracteristics of a` programmed dcision?
What is not an advantage of a hierarchical structure?,Clear chain of command,Quick response to change,Discipline and stability,Small span of control,B,Wht is nto na advantage of ae hierarchcial s>ructure?
What is a strategic alliance?,Any form of partnership between one firm and another,Formal agreement committing two or more firms to exchange resources to produce products or services,Formal agreement to share profits from a shared investment,Formal agreement to share knowledge,B,Wxhat is* a tsrategic lliance?
What are group norms?,Modes of behaviour that are acceptable to and shared by group members,Modes of behaviour that are shared by some members of the group,Modes of behaviour that challenge group values and beliefs,Modes of behaviour that are different of those of the other group members,A,Whsat ar] group nHrms?
Which of the following is not a recognised type of plan?,Business,Succession,Ad hoc,Financial,C,W\ich ofu 3he following si nto a recognised type of plan?
What is the term for the extent to which competition in one country is influenced by competition in other countries?,International trade,Global economics,Global competition,Globalisation,D,What 3is the terE for the extent to which competition in one country is infulenced by competition in oth3r countries?
As what are key factors that reflect the situation of an organisation referred to?,Administrations,Processes,Activities,Contingencies,D,As whta are key factors that reflec te situation of an organisation referred to?
Which of these does not form part of the key streams identified by March (1988) in decision making in highly ambiguous environments?,Expectations,Choice opportunities,Problems,Solutions,A,"Which of these does not fomr part of t""e key streams identified by March (1988) in decision making in ighly ambiguuos environments?"
What does PEST stand for?,"Political, environmental, strategic, testing","Political, environmental, strategic, technological","Political, economic, strategic, technological","Political, economic, social, technological",D,What do5s EPST stnad for?
What does the acronym SMART stand for?,"Suitable, measurable, actionable, rewarded and timely","Specific, measurable, actionable, resourced and timely","Standardised, measurable, achievable, rewarded, and timely","Specific, measurable, achievable, rewarded and timely",D,What deos tha acronm SAMRT stand fo?
Which writer was concerned with the reaction of workers to key characteristics of bureaucracies?,Merton,Weber,Gouldner,Mayo,C,Whic writer was concerned wih the reOction of workers to key characteristics of bureaucracies?
What is the optimal span of control?,2,5,7,None of the above,D,Wham Pis he optimal span f co9ntrol?
What one of these is not a recognised type of authority?,Executive,Functional,Line management,Supplier,D,WEhat ne of these Xs not a recognis=d t|ype ow authority?
Which one of the following is not a characteristic of a team?,Minimal and formal knowledge sharing,Collective output,Individual and collective responsibility,Fluid dimension to roles and tasks,A,Which one of the following i not a characterist[ic of a eam?
Which of these factors is not one of the competing responsibilities that influence corporate social responsibility?,Ethical,Economic,Discretionary,Technical,D,Which fo these factors i.s not one of the competing responsivilities that influence corporate social respnosibility?
What is the term used in Ansoff's matrix for increasing market share with existing products in existing markets?,Product development,Market penetration,Diversification,Market development,B,What is the etrm used n Ansof's matrix foar increasing 4market share with existing products in existing markets?
What is characteristic for the location of a virtual team?,In the same building,In the same industry,In the same country,remotely,D,What si characteristic for hte location of a vitrual teamp?
"According to the Five Factor model, 'extraversion' as a personality type is characterised by what type of people?",Good natured,Calm and self-confident,Sensitive and curious,Assertive and sociable,D,"According to the Fie Ftactor model, 'extraversion' as a personality typJe is characterised by what type of people?"
What is the overriding philosophy underpinning the strategic direction of an organisation?,Vision statement,Mission statement,Strategy statement,Business statement,B,zWhat iS the olverriding philosophy underpinning he strategic direction of_ an organisation?
What is the term for the action in which managers at an organisation analyse the current situation of their organisation and then develop plans to accomplish its mission and achieve its goals?,Synergy planning,Strategy formulation,Functional planning,SWOT analysis,B,What is the term for the action wn which managers at an organisation analyse the current situation fo their organisation and then develop plans to ac8complish its mission and achieve its goals?
What is Frank Gilbreth`s work most noted for?,Working conditions,Time and motion studies,Work psychology,Work as a social setting,B,What i Frak Gigbreth`s work msot notde fHr?
What is another name for contingency planning?,Synergy planning,Ad hoc planning,Business level planning,Scenario planning,D,What is another nam] for contirgency plannign?
Which feature does not form one of Fayol's 14 principles of management?,Esprit de corps,Initiative,Order,Individualism,D,"Which feature does nkot form on, obf Fayol's 14 principles of/ management?"
What one of the following is not a characteristic of the job characteristics model?,Task identity,Autonomy,Reward,Feedback,C,What one of th[ following is not a characteristic of th\ job characteristics model?
Workers' acceptance of change is characteristic of what type of culture?,Team culture,Collaborative culture,Group culture,Collective culture,B,Workers' accept0ance of change is chaarcteristic o hat ~type of culture?
What is a virtual organisation?,An organisation that uses information and communications technologies (ICT's) to coordinate activities without physical boundaries between different functions,An organisation that uses internet technologies to sell products to customers,An organisation that manages the supply chain using digital technologies,An organisation that coordinates the workforce via video conferencing,A,What i a virual orgainsation?
From what does a chain of command extend?,Bottom to top,Top to bottom,Diagonally,Laterally,B,From wat doUes av chain Yf cmomand extenjd?
"What do you call a style of leadership that takes account of others' views, opinions and ideas?",Laissez-faire,People-oriented,Democratic,Autocratic,C,"What do you call ? style o3 leadership {hat takes account of others' vews, opinions and ideas?"
What is the guiding principle of scientific management?,Experimentation,Fluid working relationships,Freedom of association,One best way to do a job,D,YWhat vis the gHuiding principle of scientific management?
What is the term Tuckman uses for reaching consensus as a group?,Storming,Performing,Forming,Norming,D,Wha is the term Tuckman uses for 1eaching cnosensus a/s a group?
What theory is built around the principle that 'people make choices regarding how to behave based on values and beliefs'?,Expectancy,Instrumental,Classical,Contingency,A,What the7ory is built around the principle that 'people maMke ch)ices regarding ow to behave based on alues and beliefs'?
What is the term for decisions limited by human capacity to absorb and analyse information?,Cognitive rationality,Conscious rationality,Bounded rationality,Restricted rationality,C,WhatS is hte term for decisions limited b human capacity to absorb and analyse informationn?
What is a definition of an objective?,A defined specified outcome to be achieved in the long-term,A clear set of goals to be attained given a set number of resources,A clearly defined and measurable outcome to be achieved over a specified timeframe,A set standard of performance agreed by workers and managers,C,What is @a definition f anr objective?
What is not a purpose of an organisational structure?,To coordinate people and resources,To organise lines of communication,To formalise authority,To limit workers' rights,D,Waht ix nto a purpose ;of ar organisational s5ructure?
To what time-frame do strategic plans relate?,Long-term,Medium-term,Short-term,Unspecified time it takes to achieve an aim,A,ao hat time-rame od strategic p\lans erlate?
What is the term for organisational development through a formally designed organisational structure?,Organic,Mechanistic,Formal,Structured,B,What is teh Cerm fr organisational development through a formally designed organisational s+tructure?
'There is no discernible link between planning and performance'. Who is this position held by?,Michael Porter,Milton Friedman,Gary Hamel,Henry Mintzberg,D,'Th@re is on discernible link between planning and performance'. ho is this position held by?
What does situational theory of leadership emphasise?,Personality traits,Events,Environment,Political situation,B,What dIoes situatoinal thefry on leaership emphsaise?
What is intuitive decision making based on?,Guesswork,Gambling,Instinct,Rationality,C,What is nituitive decision m:aking base\d on?
Enhancement of job satisfaction and productivity are key characteristics of which theoretical perspective of work design?,Process improvement,Techno-structural change model,Job characteristics model,Socio-technical systems,D,Enhancement of job satisfaction and productivity are key characteristics o<f wihch theoretical perspective of workv design?
Which 18th century writer produced a famous book called 'The Wealth of Nations'?,Frederick Taylor,Henry Mintzberg,Adam Smith,Dr Samuel Johnson,C,Which 18th century writer produced; a f]amous book called 'The Wealth fo Nations'?q
Which one of these characteristics is most commonly associated with the 'rational goal' model of management?,Worker welfare,Health and safety,Interpersonal relationships,Productivity,D,Which oneC `of these characteristics is mst commonly associated with the 'rational goal' model of management?
In what order do managers typically perform the managerial functions?,"organising, planning, controlling, leading","organising, leading, planning, controlling","planning, organising, leading, controlling","planning, organising, controlling, leading",C,In yhat order do mnaagers typicaXly perform the managerial funcions?
How does lateral communication in an organisation occur?,Information passes upwards.,Information passes downwards.,Information is a two-way process.,Information passes between different departments and functions.,D,Ho_w does lteral communication iL n 4rganisation occur?
Of what is advertising a form?,Focusing strategy,Differentiation,Cost leadership,Growth,B,Of ghat si advertising a> fom?
What is not a component of an agile organisation?,Market focus and position,Human resources: multi-skilling,Organisational structure,Project-based culture,D,Wat is not a component fo an agil organisation?
Of what is worker autonomy in decision making an example?,Worker freedom,Greater worker negotiation,Worker empowerment,Increased worker power,C,"Of wha! is worker auonomy i~ decision making aE examp""e?"
Vertical integration forwards is when a firm mergers or acquires another,Towards the source of supply,Towards the consumer,At the same stage of the supply chain,In another industry,B,Verticalc integration forwards i} when a f5irm mergers or acuires an:other
What is the term for an autonomous business entity within an overall corporate enterprise which is set apart from other areas of the business?,Subsidiary,Strategic partnership,Strategic alliance,Strategic business unit,D,What si tJe te6m for an autonomous business entity w4ithin an overll corporate enerprise which is set apart from other areas of the business?
What is not a characteristic of a corporate social responsibility framework?,Retaining the status quo,Understanding society,Harnessing diversity,Building capacity,A,Waht is n^t a characteristic ox a corp!rate social %esponsibility famework?
What is a whistleblower?,Someone who reports illegal or unethical acts,Someone who commits illegal or unethical acts,Someone who benefits from illegal or unethical acts,Someone who devises illegal or unethical acts,A,Wh8at )s W whistleblowerK?
What is T-group training?,A group whose aim is transformational change,A group brought together to deliver training programmes,Team training for the purposes of advancing technology,Team building activities involving learning,D,hat $s T-groop traiinng?
What is a social enterprise concerned with?,Profit maximisation,Maximising market share,Providing public service,Running a business to create social benefits,D,Whta is a social enterpise cocnerned with?
Which of the following is not part of Schein's model of the formation of culture?,Shared values,Pre-conceptions,Shared beliefs,Norms,B,Which of the following is not part fo Schien's mdoel of hte formation of culutre?
What is not one of the layers of cultural influence?,Social,Business,Organisational,Company,D,What is not oen f the lgyers of cultu:ral influence?
