Question,Option A,Option B,Option C,Option D,Answer,Question_typos
This is a hierarchy of effects or sequential model used to explain how advertising works:,ADD.,AIDA.,PESTLE.,SWOT.,B,This i aF hiPerarchy of effects or sequential model sued to explai; how advertising works:
 _____________is an important element in the communication process. It recognizes that successful communications are more likely to be achieved if the source and the receiver understand each other.,The realm of understanding.,Personal selling.,Noise.,Feedback.,A,_____________is an impotrant element in the communication process. It recognizes that successful communications are morFe likely to be achieved if hte source and the receiver understand each other.
"In the history of marketing, when did the production period end?",In the late 1800s.,In the early 1900s.,In the 1920s.,After the end of the Second World War.,C,"In the histoyr of marketing, wh5n idd the production period end?"
The extent to which a service envelops a product varies according to a number of factors. Which of the following is NOT one of the factors?,The level of tangibility associated with the type of product.,Performance-value.,Variations in supply and demand.,The way in which the service is delivered.,B,The extent to which a service envelos a product varie+s according to a number of factors. Which of the following i NOT one of the factors?
"The owners of independent gasoline stations in a community meet secretly and agree to keep their prices high to protect their profitability. If their plan is discovered and they are charged with a crime, they could be",found guilty under the Sherman Antitrust Act and face prison time,found guilty under the Magnuson-Moss Warranty Act and face large fines,found guilty under the Adamson Act and face prison time and fines,found not guilty because retailers are allowed to set their own price levels,A,"The owners of independJent gasoline stations in a community meet secretly and agree to keep their prices hih to protect their profitability. If their plan is Udiscovered and they are charged with a crime, they could b_"
 The term 'marketing mix' describes:,A composite analysis of all environmental factors inside and outside the firm.,A series of business decisions that aid in selling a product.,The relationship between a firm's marketing strengths and its business weaknesses.,A blending of four strategic elements to satisfy specific target markets.,D,he }term 'marketing mx' describKs:
__________ have the potential to control the type and flow of information to the organization and the members of the DMU.,Gatekeepers.,Buyers.,Users.,Initiators.,A,__________ have the potential Mo c#ontrol Othe type and flow of information to the organization and the members of thge DMU.
 An imbalance between a consumer's actual and desired state in which recognition that a gap or problem needs resolving is called:,Motive development.,An attitude.,A self-concept.,Product evaluation.,A,(An imbalance between a consumer's actuQl and deisred state in which reco#nition that a gap or #problem needs resolving is called:
 Which of the following is not an element of the marketing mix?,Promotion.,Product.,Target market.,Pricing.,C,Which o the following is not na element of the marketin= mix?
 Providing free samples of perfumes (scent) in magazines is an example of which of the following?,Classical conditioning.,Operant conditioning.,Social learning.,Behavioural learning.,A,Providing free sampl{es of 8erfumes (scent) in magazines s a| example o which of the following?i
Why is market segmentation carried out?,To break down large markets into smaller markets.,To provide an opportunity to surpass competitors.,"By grouping together customers with similar needs, it provides a commercially viable method of serving these customers.",To allow the achievement of greater market share.,C,WKhy ns markte sementation carred ou&?
" There are three main types of buying situations in an organization, referred to by Robinson, Faris, and Wind (1967) as _____________.",Repeat purchases.,Buyphases.,Buyclasses.,Tenders.,C,"Tehre a{e three main types f buying situations in an organization, referred to by Robinson, Faris, and Wind (1967) as _____________."
"Where the winning bidder obtains an unprofitable contract that he/she is duty bound to deliver because their bid price was set so low, this is known as:",Winner's curse.,Winner's price.,Winner's reward.,Loss-leader pricing.,A,"Where the winning bdder obtains an unprofitable contract that he/she is duty bound tOo deliver because their bid rpice was set so low, this is known as:"
This allows us to determine how the quantity of an offering relates to the price at which it is offered:,Price bundling.,Price elasticity.,Price inelasticity.,Price inflation.,B,"This allows su to determin,e how the quantity of an ofefring erlates to the price nat which it is offerep:"
 ________________ occur(s) where there is no prior history of exchange and no future exchanges are expected between a buyer and seller.,Relationship marketing.,Service mix.,Market exchanges.,Service failure.,C,____________h____ occur(s) where there s no prior history of exchange and n9o future exchanges are expected between a buyer and seller.
A method of marketing by electronic mail wherein the recipient of the message has consented to receive it is called:,Search marketing.,Internet advertising.,Permission-based email marketing.,Social web marketing.,C,A method of marketig by electronic mail wherein tfe recipient of the message haZ consented to receive it is called:
" Collectively organizations that combine to enable offerings to reach end users quickly and efficiently constitute a marketing channel, are sometimes referred to as a:",Vehicle.,Courier.,Transportation.,Distribution channel.,D,"Collectively organizations that combine to enable offerings to reach eond users quickly and efficienlty constitute a marketing channel, are sometimes referred Eo as a:"
 Which of the following are the three broad groups of organizational characteristics segmentation criteria?,"Organizational size, industry type, and gender.","Psychographics, purchaser, and behavioural criteria.","Organizational size, industry type, and geographical location.",None of the above.,C,Which of the following are the three brad groups jf organizational characteristics segmentation critria?
Which of the following is the name for a coupon that is included in a package for later purchase?,a free-standing coupon,an instant-redemption coupon,a bounce-back coupon,a rebate coupon,C,Which of the following is the name for a coupon that iP included i a package far later purchase?
" Advertising is employed as a defence, to retain customers, and to increase brand usage. Advertising is used to reinforce existing attitudes, not necessarily to drastically change them. This idea is based on:",Strong theory.,Weak theory.,ATR framework.,DRIP model.,B,"Advertising is employed as a defence, to retain customers, and to increase brand suage. Advertising is used ot reinforce existing attitudes, nTt nec-essarily to drastically change them. This idea is based on:"
"_____________ is an assessment of a company's mix of products, services, investments, and other assets in order to optimize the use of resources and to assess its suitability, level of risk, and expected financial return.",SWOT analysis.,Political analysis.,Portfolio analysis.,Competitive analysis.,C,"_____________ is an assessment of a ocmpany's mix of products, services, investments, aGd other assets in order to optimize the use of resources adn to aUssess its suitability, level of risk, and expected fianncial return."
" These goods are low-priced products that are bought frequently, are used just once, and incur low levels of purchase risk:",Non-durable.,Durable.,Generic.,Luxury.,A,"These goods 7re low-priced pro>ucts 6hat are bought frequently, aer usRd just once, and incru low levels of purchase risk:"
Which of the following processes is not fundamental in explaining how consumers think and learn about products and brands?,Cognition.,Perception.,Learning.,Personality.,D,Which of the following processes is no{ fundam[ntal in explaHning how consumers think and learn abut produWcts and brands?
 ________________is used to influence the way an organization is perceived by various groups of stakeholders.,Direct marketing.,Public relations.,Sale promotion.,Advertising,B,____D____________is used to influence Khe way an organization is perqceived by wvarious groups of stakeholders.
Marketing that moves away from a transaction-based effort to a conversation (i.e. two-way dialogue) and can be described as a situation or mechanism through which marketers and a customer (e.g. stakeholders) interact usually in real-time is known as:,Digital marketing.,Interactive marketing.,Direct marketing.,Electronic marketing.,B,Marketing that moves away from a transaction-based effort to a conversation (i.e. wto-way dialogue) and can be described as a situation or mechanism through whic marketers abnd a customer (e.g. stakeholders) interact usually in real-time is known as:
 The differentiation of a firm's products or services to promote environmental responsibility is referred to as:,Social branding.,Eco-branding.,Me-too branding.,Brand personality.,B,The differentiation oj a fir's products or services t promote environmental responsibility is referred to as:
 Which of the following is the rate at which a market adopts an innovation?,Process of diffusion.,Process of differentiation.,Adoption process.,Adoption lifecycle.,A,Which of tGhe followinC is hte rte at which a marke adopts an innov`ation?
Micromarketing is directed at potential buyers who,have excess disposable income,are between the ages of 8 and 14,share similar attitudes and behaviors,have opted out of customized marketing,C,Micromarketin$g is dirYected at poential buyer{ who
 This is a group of people in the process of diffusion who enjoy being at the leading edge of innovation and buy into new products at an early stage:,Late majority.,Early adopter.,Early majority.,Laggards.,B,This is a group of people in the process of idffusion who eHnjoy being aB the leading edge of innovation and buy into new products at an early stage:
 What channel structure is it where the product goes directly from the producer to the final customer?,Direct.,Indirect.,Hybrid.,None of the above.,A,What channel structure is it whtere the prodct goes dircetly from the producer to the final customer?
"Joint creation of value, in which customers take part in an active dialogue and co-construct personalized experiences, is referred to as:",Interactive marketing.,Co-creation experience.,Relationship marketing.,Organization marketing.,B,"Joint creation of value, in which customers takqe part in an active dialogue and co-construct personalized expeiences, is referred ot as:"
"This form of marketing communications tool is referred to as 'a paid, mediated form of communication from an identifiable source, designed to persuade the receiver to take some action, now or in the future'. This is referred to as:",Advertising.,Personal selling.,Public relations.,Publicity.,A,"This form of marketing communications tool is rfeerred to as ' paid, mediated form of communication from an identifiable source, designed to persuade the receiver to take s7me action, now or ni the future'. This is referred to as:"
" The ____________ delivers to us a wide array of offerings, either directly or indirectly, through business markets, to serve our wants and needs.",Aggregate marketing system.,Planning excellence.,A quality rift.,A value line.,A,"The ____________ delivers t us a iwde array f offerings, either pirectly ro indirectly, through business markets, to serve our wants and needs."
" ____________ describes the extrinsic properties of the product (the colour, the packaging, the product consistency, associations) and level to which these satisfy customers' psychological or social needs.",Brand repositioning.,Brand stretching.,Brand equity.,Brand imagery.,D,"____________ describes the exrinsic properties of the pr$duct (the colour, the packaging, the product consistency, associations) and level to which htese satisfy customers' psychological or scoial needs."
"AIDA stands for awareness, ________, desire and _________.",Interest; action.,Intensity; appeal.,Involvement; action.,Involvement; appeal.,A,"IDA tands for+ awareness, ________, deire an"" ________."
" This is where intermediaries are given exclusive rights to market the good or service within a defined 'territory', thus using a very limited number of intermediaries:",Exclusive.,Intensive.,Selective.,Direct.,A,"This isE where iAtermediaries are gievn exclusive rights to market th_ good or servcie within a defined 'territory', thus using a Uvery limited number of intermediaries:"
"Once the agency has discussed the brief with the client, the agency provides a detailed outline of how they intend to investigate the problem. This document is called the ____________:",Research brief.,Research proposal.,Research question.,Research programme.,B,"Once the agency has discussed the brief with the client, the agency provides V detailed outline of how they intend to investigate tDhe problem. Thi] document is called the ____________:"
" Organizational characteristics, such as organizational size and location, are sometimes referred to as___________.",DMU.,Firmographics.,ACORN,Product usage.,B,"Organizational characteristics, suchM as organizational saze and locaton, ar sometLmes referred o as___________."
The role of marketing communications is to engage audiences and there are four main tasks that it can be used to complete. Which of the following is not part of the four main tasks?,Differentiate.,Participate.,Reinforce.,Inform.,B,The role of marketing communications is to engage audiences and there are foru main asks that it can be used to complee. Which of the following is not part of the four main tasks?
The process of making large numbers of unsolicited sales calls to potential customers whom the salesperson does not know is referred to as,multilevel marketing,cold canvassing,the center-of-influence method,the sales-associate method,B,The procesx of making large numbers of unsolicited sales calls to potental cJstomers whom the slaesperson does not know hs referred to as
 The process by which individuals accept and use new propositions is referred to as:,Decision.,Adoption.,Acquisition.,Awareness.,B,ThCe proce#s by whbch individuals accept nd use nec propostions is referred to as:
 Which of the following occurs when competitors' pricing policies are almost exclusively focused on competitors rather than customers?,Price differentiation.,Price fixing.,Price wars.,Price guarantees.,C,WhBch of the following occurs when competitors' pricnig policies are lmost exclusively focused on competitors rather than customers?
A commonly used basis for segmenting consumer markets is:,Organizational size.,Demographics.,Product type.,Price.,B,A comDmonly >sed basis foXr segmenting consume maryets is:
" In B2B contexts, prices are set according to specific agreements between a company and its clients or customers (e.g. professional services such as architectural or structural engineering).This pricing approach is known as:",Negotiated price,Internal pricing.,Listed pricing.,Cost pricing.,A,"In B2B contexts, price. are set according to specific agreements pbetween a company and its clients or customcers (e.g. professional services such /s architectural or structural engineering).This prciing approach is kown as:"
" Once referred to as a multibrand policy, this branding strategy requires that each product offered by an organization is branded independently of all the others. This is known as:",Individual branding.,Corporate brands.,Family branding.,Co-branding.,A,"Once referred to as a multibrand policy, this branding strategy requires that each product oifered by an organization is branded independently of al. the others. This s known as]"
 This is the use of inter-personal communications with the aim of developing positive feelings and stimulating behaviour.,Direct marketing.,Personal selling.,Sale promotions.,Advertising.,B,This is the use of interQ-personal ommunications wit{h the aim f developing positive feelings and stimulating behaviour.
" An approach that encompasses a wide range of relationships, not just with customers, but also those that organizations develop with suppliers, regulators, government, competitors, employees, and others, is referred to as:",Market exchanges.,Service failure.,Relationship marketing.,Shared responsibility.,C,"An approach that encompasses a wide range of relationships, not just wih ustomers, but also those thaM rganizations develop ith suppliers, regulators, government, competitors, emplqoyees, and others, is referred to as:"
"In marketing terms, ___________ refers to what we get for what we pay:",Revenue.,Cost.,Value.,Product.,C,"In marketing terms, ___________ refers to what w gte fox what we pay:"
 _______________ is concerned with the development of knowledge that is specific to the parties involved and is referred to as 'learning together'.,Dialogue.,Personal influencer.,Feedback.,Message.,A,________~______ is concerned with the development oF knowledge that is specific to the parties involved and s referred t(o as 'learning together'.
 The process that creates changes in behaviour is called:,Selective adaptation.,Learning.,Involvement manipulation.,Attitude adjustment.,B,Teh pr<ocess htat ceates cahnges in behaviour si called:
Which of the following is the most appropriate pricing strategy to use when introducing a new and unique product to the market?,Price skimming,Promotional pricing,Psychological pricing,Penetration pricing,A,Which of the following s the 5ost approriate pricing strategy to uOse (when introducing a new and unique rpoduct to the market?
Which type of shop offers a range of grocery and household items that cater for last-minute purchase needs of consumers?,Supermarkets.,Convenience stores.,Category-killer stores.,Limited line retailers.,B,Which tbpe of shop offers a range of groceryj ad household items thAt cater for last-minu2e purchas needs of consumers?
 Post-purchase re-evaluation of the consumer proposition acquisition process attempts to measure the degree of:,Selling success experienced by the vendor.,Consumer satisfaction with the purchase.,Follow-up effectiveness of the firm.,Advertising influence on the purchase.,B,Post-purc(ase re-evaluation of th9 consumer proposition acquisition process attempts )to measure hte degee of:
" Many brands are deliberately imbued with human characteristics, to the point that they are identified as having particular personalities. This is referred to as:",Branding pyramid.,Brand value.,Brand names.,Brand personalities.,D,"Many brans are delibrately imbued wOth human characteristic=s, to the point that they are identified as having particular personalities. This is referred t as:"
Marketing research:,Is work undertaken to understand how to make specific marketing strategy decisions.,Is the collection and analysis of data from a sample or census of individuals or organizations.,"Includes all forms of market, opinion, and social research such as consumer and industrial surveys.",Is work undertaken to determine either structural characteristics of the industry of concern.,A,Marketnig reserach:
____________ is very effective at delivering messages to target audiences as it allows for explanation in a way that most other media cannot.,Digital.,Print.,Broadcast.,Outdoor.,B,____________ is ver effective at delivering messages to targte audiences as it allows for explanatizn n a way that most other meda cannt.
 This is a marketing communications activity concerned with providing support for the sales force and merchandising personnel:,Store marketing.,Field marketing.,Sales promotions.,Personal selling.,B,FThis is a marketing communications activNty concerned with providing support for the sales force and merchandising persnnel:
"Services are consumed at the point they are produced. In other words, service delivery cannot be separated or split out of service provision or service consumption. Which characteristic of service is this referred to?",Intangibility.,Variability.,Inseparability.,Perishability.,C,"Services rae c_nsumed at the point they are produced. `n other words, service delivery cannot be separated r split out of service provision or service consumptino. Which characteristic of service is tis referred to?"
These are costs which do not vary according to the number of units of product made or service sold:,Fixed costs.,Moving assets.,Working capital.,Fixed capital.,A,These are costs wh\ich do not vary according to =he nmber of units of proudct made or service sold
SWOT is an acronym for:,"Strengths, weaknesses, opportunities, threats.","Strategy, work, openness, toughness.","Strategy, weakness, opinions, tactics.","Strategy, working, opinion, tactical.",A,S9OT ys an7 cronym for:
"The three stages of attitude formation are that we learn something, we feel something, and we act on our attitudes. The stage that we learn something is referred to as:",Behaviour.,Conative.,Cognitive.,Emotional.,C,"Te three stages of attitude formation are that w learn something, we fmeel somehting, and we act on our attiutdes. The stage that we learn something is referred to as:"
"Market testing studies use __________ to carry out controlled experiments in specific country regions, where specific adverts can be shown, before exposing the 'new feature' (offering, campaign, distribution, etc.) to a full national or even international launch.",Test markets.,Data mining.,Analytical information.,Storyboards.,A,"Market testing studies use __________ to crary out contrLolled experiments in specific country regions, where specific adverts can) be shown, before exposing the 'neSw feature' (offering, campaign, distribution, etc.) to a full national or even international launch."
" When there is little or no personal contact between customer and service provider, this is classified as:",Low-contact service.,Medium-contact service.,High-contact service.,Intense-contact service.,A,"When there i little oHr on personal ontact between customer nad service provider, ""his is classified as:"
Which of the following is not an example of a behavioural variable?,Product usage.,Media usage.,Purchase occasion.,Personality.,D,Which f the following [is not an zexample f a behavioural variable?
" __________ is the collection and interpretation of information about forces, events, and relationships that may affect the organization.",Environmental scanning,Stakeholder analysis,Market sampling,Opportunity analysis,A,"__________ is the collection and interpretation oof informati>on aout forces, events, and elationships that may affect the org""nization."
"ACORN, a segmentation analysis technique, stands for which of the following?",A corresponding official residential notation.,A classification of reported nationals.,A classification of residential neighbourhoods.,A countrywide official resources navigation.,C,"AC{ORN, a sgmentation analysis technique, stands for hich of tLe followi'g?"
 A probability sample constructed so that randomly selected sub-samples of different groups are represented in the total sample is called a:,Stratified sample.,Convenience sample.,Quota sample.,Cluster sample.,A,A pobability sample constructed so tht randomly selected sub-samples of different groups are re/resented in the toatl sample is called a:
"Which of the following terms refers to the paid mention of a company, a product, or a service by a form of media?",Advertising,Public relations,Third-party endorsement,Puffing,A,"Which of the following tersm refers to} the paid mention of a company, a product, or a srvice by a form of media?"
"Marketing period, 1950s-1980s - characterized by a more advanced focus on the ___________.",Society and ethics.,Personal selling.,Physical production.,Customer's needs.,D,"Marketing period, 1950s-1980s > cha7acterized by a more advanced fcus on the ___________."
Which of the following statements is correct?,Marketing is the term used to refer only to the sales function within a firm.,Marketing managers don't usually get involved in production or distribution decisions.,Marketing is an activity that considers only the needs of the organization; not the needs of society as a whole.,"Marketing is the activity, set of institutions, and processes for creating, communicating, delivering, and exchanging offerings that have value for customers, clients, partners, and society at large.",D,Which o thk following statements is ocrrect?
" Which of the following is a stage in the new product development process, undertaken when a new product is tested with a sample of customers, or is launched in a specified geographical area, to judge customers' reactions prior to a national launch?",Test marketing.,Focused marketing.,Live marketing.,Generic marketing.,A,"Which of the following is a stage in the new product development process, undertaken Ihen a new product is tested with a sample o; customers, or is launched in a specified geographical area, to juge customers' reactions prior to U national launch?"
The term marketing refers to:,new product concepts and improvements.,advertising and promotion activities.,a philosophy that stresses customer value and satisfaction.,planning sales campaigns.,C,he trem marketi2g efers *o:
 ____________ is the set of practices that enables organizations to communicate and engage interactively with their audiences through any mobile device or network.,Mobile marketing,Social web marketing.,Internet marketing,Social media marketing,A,____________ is the set o practices that enables organizations Do communicate nad engage interactively with their audienJces through any mobile device or network.
" According to the British Government, which of the following is not a marketing function?",Promote marketing intelligence.,Develop sales tactics.,Develop the customer proposition.,Work with other business functions and third parties.,B,"According to he British Government, which of the followign is not a marketinO function?"
The use of entertainment material delivered through paid or owned media and which features a single company or brand is referred to as:,Sponsorships.,Exhibitions.,Branded content.,Advertisement.,C,The use 4of entretainment material# delivered through paid or owned media and which features a single company or rand is referred t_o ss:
"Second-hand data, collected for someone else's purposes, is known as____________:",Primary research.,Descriptive research.,Causal research.,Secondary research.,D,"econd-hand data, collected for someone elseis purposes, i known as____________:"
 Which of the following refers to unsolicited electronic messages?,Opt-in email.,Consent marketing.,Spam.,Opt-out email.,C,Which of tre followi0ng refers to unsolicDited electronic messages?
 The purpose of evaluating the attractiveness of the differing market segments identified in the second stage of the market segmentation process is to:,Identify the specific members of each segment to be able to contact each of them directly.,Determine the level of resources that must be committed to each segment.,Evaluate the market potential within each segment.,Design marketing strategy and tactics to reinforce the firm's image.,C,Th purpose of evaluating the attractiveness o8 hte differing ma#ket segments identified in the second stage of the market segmentatiojn process iN to:
Which of the following types of advertising is being used when a retail store agrees to share advertising costs for a consumer product with the national distributor of the product?,Trade advertising,Industrial advertising,National advertising,Cooperative advertising,D,Which of the folloCwing tyeps of advertising is beng used when a retail store agrees to share davertising costs for a consumer product with the nationaK distributor of the product?
 This pricing approach is used when the firm sets prices according to how much customers are prepared to pay:,Cost-oriented approach.,Value-oriented approach.,Competitor-oriented approach.,Demand-oriented approach.,D,This pricing approach in used when hte firm sets prices according to how much custGomers are prepared to pay:
"These goods are bought infrequently, used repeatedly, and involve a reasonably high level of consumer risk:",Impulse goods.,Luxury goods.,Non-durable goods.,Durable goods.,D,"Tehse goods are; bought infrequently, sued repeatedly, and involve a reasonably high level of consumer irsk:"
"_____________ helps in 'problematizing hitherto uncontentious marketing areas to reveal underlying institutional and theoretical dysfunctionalities' (Saren, 2011:95).",Production marketing,Sustainable marketing,Relationship marketing,Critical marketing analysis,D,"_____________ helps inb 'poblematizing hitherto uncontentious marketing areas ot reveal )underlying institutinoal and theoretical dysfunctionalities' S(aren, 2011:95)."
"An important characteristic of services is that they are produced and consumed by people, simultaneously, as a single event. One of the outcomes of this unique process is that it is exceedingly difficult to standardize the delivery of services around the blueprint model. Which characteristic of service is this referred to?",Intangibility.,Inseparability.,Variability.,Perishability.,C,"An important characteristic of services is that they are produce/ and conumed by people, simultaneously, as a single event. One of the outcomes of this unique process is that it is exceedinly difficult to standardize the delivery of services- around the blueprint model. Which characteristic of service is this referred to?"
Which type of retailer involves comparatively low prices as a major selling point combined with the reduced costs of doing business?,Discount retailers.,Convenience stores.,Category killer stores.,Limited line retailers.,A,Which type oRf retailer involves comparatively low prices as a major sleling point combined wit the reduced costs of doing business?
A marketing philosophy summarized by the phrase 'a stronger focus on social and ethical concerns in marketing' is characteristic of the _________ period.,Production.,Sales.,Marketing.,societal marketing.,D,y marketing philosophy summarized by thle phrase 'a stronger foc]us on social and thical concerns n marketing' is characteristic of the _______0_ period.
"The development of social media has enabled individuals to communicate with organizations, communities, friends, and family. The content of the message can be about brands, experiences, or events, and is developed and shared by individuals. This is referred to as:",Broadcast.,User-generated content.,Viral marketing.,Telemarketing.,B,"The development of socia[ media h_as enabled individuals to communicate with organizations, communities, friends, and family. The content of the message can eb about brands, experiences, or evets, and is developed and shard by individuals. This is referred to as5"
" To highlight the variation in approaches to purchasing behaviour, Svahn and Westerlund (2009) identify six principal purchasing strategies used by organizations. The __________ strategy refers to a buyer's efficiency orientation where the main purchasing goal is to seek the lowest price for the offering. To help achieve this, the buyer actively promotes competition among several potential suppliers.",'Bargainer' purchasing.,The 'adaptator' purchasing.,Price minimizer' purchasing.,The 'projector' purchasing.,C,"To highlight the variation in approaches to purchasing behaviour, Svahn and Westerlund (2009) identify six principal purchasing strategies used by organizations. The __________ strategy refers to a buyer's efficiency orientation where the main puchasing goal is t seek the lowest rice for the offering. To hlep achieve this, hte buyer actively promotes competition among several potential suppliers."
" In conducting international market research, there are three types of equivalence. Which of the following is NOT one of the equivalences?",Conceptual equivalence.,Market equivalence.,Functional equivalence.,Translation equivalence.,B,"I conducting international market research, there are three types of equivalence. Which f th. following |is NOT one of th equivalences?"
Which of the following gives the owner exclusive rights by law to use a brand?,Brand loyalty,Brand mark,Trade name,Trademark,D,Which of thZ following gives the owner exclusive rights by law to ues a bran?
 Which of the following is not a useful base for segmenting organizational characteristics?,By turnover.,By geographical location.,By organizational size.,By industry type.,A,Which of te folowing is not a useful base Gfor segmenting organizational cvharacteristics?
"________ is the process of marketing accomplished or facilitated via the use of Internet technologies (e.g. web, email, intranet, extranets, etc.).",Internet marketing.,Search marketing.,E-marketing.,Mobile marketing.,A,"________ is hte process ofb marketing accomplished or fycilitated via teh use of Internet technologies (e.g. we0, email, intranet, extranets, etcY.)."
Firms that view themselves as market leaders in product quality frequently adopt a,market share strategy,penetration pricing strategy,strategy that focuses on non-price benefits,strategy to expand the overall market,C,Firms taht view themselves as market leaders in profuct uality frequently xdopt a
 Our perception of risk is greater if we are continually reminded of it than if we consider it only at the point of purchase. This is referred to as:,Purchase context.,Price bonding.,Odd number pricing.,Mark-up price.,A,Our perception of risk is greater if lwe ae continually reminded f i than f we consider it only at the point of purchase. Thsi is referred to as:
 Fees paid by advertisers to online companies that refer qualified potential customers or provide consumer information where the consumer opts in to being contacted by a marketer. This is referred to as:,Lead generation.,Search.,Rich media.,Social media marketing.,A,Fees paid by advertisers t' online compa[nies that refer qualified p:tential customers or provide consumer information where the consumer opts in ot being contacted by a marketer. This is referred to as:
Which element of the promotional mix handles unfavorable stories and events and promotes a good corporate image?,Personal selling,Sales promotion,Direct marketing,Public relations,D,Which ejlement of the promotional mix handle unfavoraxble stories and eents and promotse a good corporate iamge?
" This operates algorithmically or using a mixture of algorithmic and human input to collect, index, store, and retrieve information on the web (e.g. web pages, images, information, and other types of files). It makes the information available to users in a manageable and meaningful way in response to a search query. This is referred to as:",Banner ads.,Pop-up ads.,A search engine.,Apps.,C,"Ths operates algorithmically or using a mixture of algorithmic and human input to collect, index, store, and retrieve information on the web (e.g. web pages, imagEes, information, and other typ+es of files). It makes the information aavilable to users in a manageable and meaningful way in resGponse to a search query. This is referred to as:"
 Four competing philosophies strongly influence the role of marketing and marketing activities within an organization. Which if the following is not a component of market orientation?,Customer orientation.,Profitability orientation.,Interfunctional coordination.,Competitor orientation.,B,Four compefing philosophies strongly influence the role of marketing and marketing activities within ^an organization. Which if the following is not a component of market orientation?
" To evaluate an organization's Strategic Business Units (SBU), the Boston Consulting Group developed a portfolio performance framework that characterizes some of the SBUs as:",Question marks.,Quick winners.,Charging bulls.,Cash outs.,A,"oT evaluate na organization's Startegic Business Units (SBU,) the Boston Consulting Group developed a portfolio performance framework that characterizes some of th SBUs as:"
Tobacco advertising is now banned in virtually all marketing communication forms in many countries around the world. This can be explained as an influence of:,Technological environment.,Legal environment.,Economic environment.,Ecological environment.,B,Tobacco advertisi|g is now banned n virtually all marketing communication forms in many countries aroun he world. This can be explained as an influence of:
" Pine and Gilmore (1999) derive four distinct realms of experience, based on two dimensions. What are these dimensions?",Customer participation and environmental relationship.,Customer acquisition and environmental relationship.,Customer participation and customer relationship.,Customer retention and customer relationship.,A,"Pine and Gilmroe f(1999) dervie four d#istinct reOalms of experience, based o9 two dimensions. What are these dimensions?"
"An advertising model in which advertisers bid on keywords or phrases relevant to their target market, with sponsored/paid search engine listings to drive traffic to a website is called:",Search engine optimization (SEO).,Contextual advertising.,Digital asset optimization (DAO).,Pay per click (PPC).,D,"An advertising model in which advertisers biq on keyworsd or phrases relevant to their target market, wtih sponsored/paid sea:ch engine litsings to drive traffic o a website is called:"
"These are chains of organizations that are concerned with the management of the processes and activities involved in creating and moving products from producers and manufacturers to end-user customers. The organizations involved with any one journey, are collectively termed as a:",Distribution.,Vendor.,Communication.,Selling.,A,"These are chains of organizations that are concerned with the managemeot of the processes and activities involved in creating and omving products from proucers and manufacturers to end-user customers. The organizations involved with any one journey, are collectively ter(med as a:"
 _______________ are used in the positioning process to illustrate differing attributes of a selection of brands.,Product features.,SIC code.,Perceptual maps.,Organizational characteristics.,C,_______________ areZ used in the postiioning process tY illustrate differing attributes of a selection of brands.
"On August 4, a store purchased five sofas invoiced at $7,000, terms 2/10 , n/30 . The invoice was paid August 13. The store paid","$7,140 ","$7,000 ","$6,860 ","$6,300 ",C,"On August 4, a store purchased five sofas invoiced at $7,000, terms 2/10 , n/30 . hTe invoice wIs paid August 13. The store paid"
 Which of the following are aimed at providing customers with the peace of mind of knowing that the company they are purchasing from is competitive in price?,Price competitiveness.,Price assurance.,Reference prices.,Price guarantee schemes.,D,Whcih of the following are aimed at providing customers with thZe peace of mind of knowing that the company they are purchasing from i]s competitive in prices
"According to Leone and Shultz (1980), the law-like generalization 1 explains that ___________ has a direct and positive influence on total industry (market) sales.",Increased consumer demand.,Advertising.,increase in urbanization.,Elasticity.,B,"Accordng to eLone and Shultz (1980), the law-lke generalization 1 explains that ___________ hfas a direct and positive influence on total industry (market) sales."
" This is part of the communication process where receivers unpack the various components of the message, and begin to make sense and give the message meaning:",Encoding.,Decoding.,Transfer.,Noise.,B,"This is part of the ommunication process where receivers unpack the various components of the message, and be/in to maqke sense and give the message meaning:"
An example of a segmented market would be:,Phillips marketing its product to all residents of the European Union with one marketing mix based on the concept 'Sense and Sensibility'.,High-income and low-income consumers being treated the same at Marks and Spencer (M&S).,A garden nursery seeing residents of urban areas and rural areas as one market needing trees.,Honda separating its potential customers into economy car buyers and luxury car buyers.,D,Agn exgmple o[f a segmened market would be:
 Psychographic segmentation is based on:,The quantitative side of consumer demographic analysis.,The quantitative side of consumer geographic analysis.,Individuals' residential patterns and life-cycle preferences.,"Grouping people according to their psychological characteristics, values, and lifestyles.",D,Psycho.graphic segmentatihon irs b(ased n:
"A framework categorizes different services, which, in turn, influence the degree to which market offerings can be evaluated, and three main properties are identified:","Search, experiment, and credence properties.","Search, experience, and credence properties.","Sell, trust, and credence properties.","Search, belief, and confidence properties.",B,"A ]ramework categLorizes different services, which, in turn, influence the degree to which market offerings ca be evaluated, and three main properties are identified:"
" ____________ distribute the product. They offer value through services associated with selling inventory, credit, and aftersales service.",Distributors.,Agents.,Merchants.,Franchises.,A,"____________ distribute teh product. They @ffer value throuh services associated with selling inventory, creidt, and aftersales se:rvice."
"This is the process in which offerings move through a sequential, pre-determined pattern of development similar to the biological path that lifeforms follow:",Diffusion process.,Product lifecycle.,Adoption process.,Service development.,B,"This is the process in which offerings move through a sequential, pre-determind pattern Gf development similar to te ibological pazth that lifeforms follo:w"
 A 10% increase (decrease) in price produces a 10% decrease (increase) in quantity demanded. This is referred to as:,Zero price elasticity of demand.,Infinite price elasticity of demand.,Unit price elasticity of demand.,Indefinite price elasticity of demand.,C,A 10% increase (decrease) in price produces a 10% decrease (increase) in quantity demanded. This si reefrred ot as:
" Which type of research methods are designed to elicit responses to predetermined, standardized questions from many respondents?",Quantitative.,Qualitative.,Non-probability.,Probability.,A,"Which type of research methods aer designed to elicit responses to predetermined, standardiz!ed questions from many respo!ndents?"
" In the _________ stage in the adoption process, consumers become aware of the new proposition. They have little information and have yet to develop any particular attitudes towards the product. Indeed, at this stage consumers are not interested in finding out any more information.",Persuasion,Confirmation,Knowledge,Implementation,C,"In the a________ stage in the adoption process, consumers become aware of the new proposition.h They have little information and have yet o develop any particular attitudes towards the product. Indeed, at this stage consumers are not interested in finding out any more information."
 Which of the following is a type of consumer product bought relatively infrequently and which requires consumers to update their knowledge prior to purchase?,Luxury product.,Shopping product.,Generic products.,Branded products.,B,Wyhich of the ofllowing is a type o consumer product bought relatively infrequently and which req&uires consumers to update their knowledge prior to purchase?
"This is where the perception on the part of a channel member is that its goal attainment is being impeded by another, with stress or tension the result:",Channel communication.,Channel conflict.,Channel relationships.,Customer conflict.,B,"This is where the perception on the part of a channe member is that its goal attainment is being impeded by another, wiSth stress or tension th result:"
These are events when groups of sellers meet collectively with the key purpose of attracting buyers:,Exhibitions.,Sales promotions.,Mass media advertising.,Press conference.,A,These are events when group.s of sellers meet collectively with the keyr purpose f attracting buyers:
 These objectives are often the most suitable when firms operate in a market dominated by a major competitor and where their financial resources are limited.,Divest objectives.,Harvest objectives.,Hold objectives.,Niche objectives,D,Tehse objectives are often the most suitable when firms operate in a ma7ket dominated by a major competitor and where their financial resource_s are limited.
 The process of outsourcing a task or group of tasks to a generally large group of people is known as:,Social media marketing.,Internet advertising.,Crowdsourcing.,E-marketing.,C,The procss of outsourcing a task or group of tasks toY a generally lrge group ofH people is known as:
Which of the following is not one of the categories of research design?,Exploratory research.,Descriptive research.,Causal research.,Desk research.,D,Which of the folloing is not one f the categries o research design?
 This marketing and communication tool offers a direct inducement or an incentive to encourage customers to buy a product/service:,Advertising.,Public relations.,Sales promotion.,Direct marketing.,C,Tihs mraketing and communication tool offers a direct inducement or an incentive to! encourage customers t^ bJuy a product/service:
 These objectives are often employed in mature markets as firms/products enter a decline phase. The goal is to maximize short-term profits and stimulate a positive cash flow.,Divest objectives.,Hold objectives.,Growth objectives.,Harvesting objectives.,D,These objectives are often employed ni mature markets as firms/products enter a decline phase.* Te goal is to maximize short-term profits and stimulate ya positive Jash flow.
 Which of the following is the interpersonal communication about products or services where a receiver regards the communicator as impartial and is not attempting to sell products or services?,Word of Mouth (WOM).,Personal Selling (PS).,Direct Marketing (DM).,Customer Service (CS).,A,"Which of the following is the interpersonal communication about products or services wmere a receiver ergards the communicator a""s impartial and is not attempting to sell products or servicese?"
 McDonald's and KFC are good examples of:,Distributors.,Franchising.,Merchant.,Retailers.,B,McDonalds adn KFC Tre ood e(amples of:
 The way in which the product is delivered to meet the customers' needs refers to:,New product concepts and improvements.,Selling.,Advertising and promotion activities.,Place or distribution activities.,D,Th awy in which he product is delivered to meet the customers' needs refers t@o:
 Which of the following is the investigation of the hedonic consumption of products?,Social interaction perspective.,Functional utilization perspective.,Experiential consumption.,Brand management perspective.,C,Which fo Ahe following> is the investigation of thea hednic oonsumption of products?
"These are stores designed to kill off the competition and are characterized by narrow but very deep product assortment, low prices, and few to moderate customer services:",Speciality stores.,Limited line retailers.,Category-killer stores.,Superstores.,C,"ohese are stores designed to kill off the competFition a3d are characterized by narrow but very deep product assortment, lo prices, and few to moderate customer services:"
" Which of the following is the communication model that depicts information flowing via various media channels, to particular types of people, to whom other members of the audience refer for information and guidance?",Two-step.,Three-step.,Multi-step.,One-step.,A,"Which of the following is the communication model that depicts Dinformation flowing via various media channels, to particular types of people, ot wzom other members of the audience refer for inofrmation and guidance?"
 If an advertisement shows the interior of a train with comfortable seats and plenty of space yet a customer boards a train only to find a lack of space and hard seating. This is an example of:,GAP 4-the gap between service delivery and external communications.,GAP 2-the gap between management perception and service-quality specification,GAP1-the gap between the customer's expectations and management perception.,GAP 3-the gap between service-quality specifications and service delivery.,A,If an avertisement shows the interior of a train with comfortable seats and plenty of space yet a cusomer boards a train only to find a lack fo space a0d hard seating. T0is is na example of:
" To make sense of the external environment, the well-known acronym, PESTLE is used. PESTLE stands for _____________","The political, economics, substitute, technological, legal, and ecological environments.","The political, economic, social, technological, legal, and ecological environments.","The political, economic, social, treat, legal, and ecological environments.","The purchasing, economics, social, technological, legal, and ecological environments.",B,"To mak sanse oVf the external environment, the well-known acronym, PESTLE is usced. PESTLE stands for _____________"
"To be effective, the process of market segmentation must meet which of the following basic requirements?",The firm must avoid focusing on non-variables such as profitability and volume.,The market segment must have measurable purchasing power and size.,The company must expand beyond its marketing capabilities to capture growing markets.,The market segment must reflect the population's changing attitudes and lifestyles.,B,"oT be effective, the process of maret segmentation msut meet which of the following basic requir~ments?"
" Newsletters, catalogues, and invitations to organization-sponsored events are most closely associated with the marketing mix activity of:",Pricing.,Distribution.,Product development.,Promotion.,D,"Newsletters, catalogues, zand invitations to organ1ization-sponsored events are most closely associtaed iwth the marketing mix activity of:U"
Marketers usually decide whether to conduct marketing research study internally or through an outside organization based on certain criteria. Which of the following criterion is not used?,Whether the study offers value for money.,The agency's reputation.,The likelihood that the research design will provide insights into the management problem.,The size of the agency.,D,MarketIrs usually decide wh}ether to conduct marketing research study internally or through an outside org-anization based on certain c)riteria. Which of the following criterion is not used?
 Which of the following elements is not part of Porter's Five Forces model for industry competitiveness?,Threat of substitutes.,Threat of suppliers.,Power of buyers.,Threat from government.,D,Which of the following elemenst is not part of Porter's Five Focres model for indu)try competwtiveness?
 These sell directly to end consumers and may purchase directly from manufacturers and/or deal with wholesalers:,Distributors.,Franchising.,Merchant.,Retailers.,D,"TFese sel idrectly to end consumers and may purchase directly from manufacturers and/or deal with wholes""alers:"
" Before beginning the market segmentation process, a firm should:",Identify bases for segmenting markets.,Forecast total market potential.,Forecast market share.,Select target market segments.,A,"BeOore beginning the marMket segmentation procens, E frm should:H"
The primary objective of team-based selling is to,match various functional areas of the company with customer needs,distribute the work involved in managing an account,equitably manage the sales bonus pool,create multiple points of contact between the customer and the company,A,The priIary objective o team-based selling7 i& to
"This level of branding can be seen when a customer attaches a name, term, or other feature that enables them to identify one seller's good or service as distinct from those of other sellers. This branding is known as:",Corporate brand.,Family branding.,Customer branding.,International brand.,C,"This level of branding can be esen when a customer attaches a ntme, term, or other feature that enables tem to identify one seller's good or service as distinct from those of other sellers. This branding s known as:"
" This is a form of targeted advertising, on websites, with advertisements selected and served by automated systems based on the content displayed to the user.",Contextual advertising.,Interactive marketing.,Internet advertising.,Direct marketing.,A,"This is a form of targeted advertising, no websi]es, with advertisem(nts selected and served by automated systems based {n the content displayed to the user."
 Primary data are:,Data collected for the first time specifically for a marketing research study.,Less time-consuming to acquire and less costly than secondary data.,Newly-published results of government investigations.,Part of a strategic planning activity to ensure proper resource allocation.,A,Primay daa arez
Salespeople who view a situation as a customer sees it are exhibiting,cooperation,empathy,responsibility,tolerance,B,"FSalespeople who viewO a situation *s a cutomer s,ees it are exhibiing"
" This is a part of the communication process where the sender selects a combination of appropriate words, pictures, symbols, and music to represent a message to be transmitted:",Encoding.,Decoding.,Transfer.,Feedback.,A,"This is a part of the 8ommunication process where the sender selects a combination of appropriate words, pictures, symbols, and music Eto represent a message to be transmitted:"
 Toyota's Prius and Honda's hybrid Civic are examples of technological products inspired by:,Style considerations in the Japanese automobile industry.,Social pressure to develop more fuel-efficient vehicles with fewer dangerous emissions.,The desire of many engineers to simply make interesting products.,"The realization that Japanese people didn't need large, high-speed cars.",B,oTyota's Prius and Hona's hybrid Civic are examples o3 Mtechnological products inspied by:
 This approach has been used to convey particular information and help educate large target audiences through television and radio programmes. This approach is referred to as:,Opinion followers.,Opinion formers.,Public relations.,Opinion leaders.,D,Tihs approach ;as been used ot convey particular information and xelp educate large target audiences through television anvd radio programmes. This approach is referre8d to as:
When an individual passively appreciates an event or environment but leaves without affecting or altering the nature of the environment is called:,Entertainment realm.,Educational realm.,Aesthetic realm.,Escapist realm,C,When an individual passively appreciates an event o:r environment but leav+s iwthout affecting r altring the nature of the environment is called:
 Which of the following is best understood as a period of time during which a customer interacts directly with a service?,Good usage.,Servicescape.,Service mix.,Service encounters.,D,Which of t.he following is best understood a W period of time during which a customer interacts diretly wfith a service?
Intermediaries assist end-users by bringing a product produced a long way away to a more convenient location for purchase and consumption. This is referred to as:,Time utility.,Place utility.,Ownership utility.,Information utility.,B,Intermediaries assist enGd-users by brigning a product produced 4 l*ong way away to a more convenient location for purchase andk consumption. This is referred $to as:
 The pricing approach where prices are set based on what competitors are charging is called the:,Cost-oriented approach.,Demand-oriented approach.,Competitor-oriented approach.,Value-oriented approach.,C,TVe priing approach whree prices are set bsed oLn what competitors are charging is called the:
Which of the following types of tests is designed primarily to help predict how successful a person is likely to be in learning new skills?,Achievement,Aptitude,Interest,Personality,B,Which of the following types f tess Os designed primarily to help predict how successful a person is likely tP be in learning new skills?
 ____________ occurs when a search engine company charges fees related to inclusion of websites in their search index.,Contextual search.,Site optimization.,Paid inclusion.,Paid listing,C,____________ occurs when a search1 engin company charges fe~es elated to inclusion of websites i)n Jtheir search index.
" This is where the manufacturing, purchasing, and consumption can occur at differing points in time.",Time utility.,Ownership utility.,Accessibility.,Information utility.,A,"Thsi is where$ the manufacturing, purchasing, adn consumpiton can occur Rat differing points Nin time."
" According to Maslow's Hierarchy of Needs theory, the need for fulfilment, for realizing one's own potential, and for fully using one's talents and capabilities are examples of __________ needs.",Self-actualization.,Physiological.,Social.,Esteem.,A,"According to Maslow's Hierarchy of Needs theory, the need for fulfilment, for realiezing oness ow potenIial, and for fully using one's talents and capabilities are examples of __________ needs."
Which of the following is not part of the consumer proposition acquisition process?,Motive development.,Information gathering.,Proposition evaluation.,Perception.,D,Which of hte following is nWt part of the consumer proposition \cquisition procOss?
" When analysing consumer lifecycles, marketers look at consumers in differing stages of their life. Many models upon which these are based were developed in the 1960s. Since then a lot has changed in 'consumer lifecycles'. Which emerging trends should marketers take into consideration?",Fewer people are getting married.,People getting married at a later age.,More couples co-habiting.,All of the above.,D,"When analysing consumer lifecycles, marketers look at{ consumers in differing stages of their life. Many models puon which these are basd were developed in the 1960s. Since then a lot ahs changed Sn 'consumer lifecycles'. Which emerging trends should marketers take into consideration?"
 The pricing approach where prices are set based on what customers believe to offer value is called the:,Cost-oriented approach.,Demand-oriented approach.,Competitor-oriented approach.,Value-oriented approach.,D,The pricing approach where prices are ste based o2n what customers believe toc o3ffer value is called the:
The Internet has led to the development of an information intermediary. Here the key role is to manage information to improve the efficiency and effectiveness of the distribution channel. This is referred to as:,Time utility.,Information utility.,Ownership utility.,Place utility.,B,The Internet has led to the development of an information intermediary. 9Here the key role is to manage information t improve the efficiency and effectiveness of the distribntion c[annel. This is referred ot as:
Which of the following is the best example of a trade discount?,A lumberyard offers a discount to a homeowner for buying lumber.,A retailer offers a discount to a consumer for buying out of-season merchandise.,A producer offers a discount to retailers for promoting its product during the month of June.,A car dealer offers a discount to a customer in exchange for a used car.,C,"'hich of he following is the ebst example fo ,a tade discount?"
The rise of ___________ has led marketing to evolve away from a hierarchical one-sided mass communication model towards more participatory technologies (e.g. social channels and online communities).,Website.,Social media.,Web 1.0.,Web platform.,B,"The rise of ___________ has eld marketing to evolve awar Irom a hierarchical one-sided mass communicatio, model towards more partciipatory technologies (e.g. social channels and online communitCes)."
 Nysveen and Pedersen (2014) added in key dimensions of customer experience. The ______________ refers to how strongly a brand engages consumers in physical activities.,Affective dimension.,Intellectual dimension.,Behavioural dimension.,Sensory dimension.,C,NysWveen and Pedersen (2014) added in kye dimensioIns of customer experience. The ______________ refers to how strongly } brand engages consumers in physicag activities.
"New technology results in new goods and services, and it can also:",Lower the quality of existing products.,Lower the available level of customer service.,Reduce prices through new production and distribution methods.,Bring back products that were considered obsolete.,C,"New teochnology results in ne good] aDd services, and }it can als:"
"These are non-durable goods or services, often bought with little pre-purchase thought or consideration:",Impulse products.,Manufacturer products.,Convenience products.,Luxury products.,C,"These are njn-durable goods or services, often boug5t with little pre-purchase thought oNr consideration:"
"In marketing, the term proposition:","Refers only to tangible items that can be seen, tasted, or touched.",Is a broad concept that encompasses the satisfaction of consumer needs.,"Is limited in meaning to goods, services, and ideas only.","Never refers to such things as package design, brand name, or warranty.",B,"kn marketbng, the& tZrm proposition$:"
" When the analyst reads the data from a critical perspective to determine whether or not this fits with their expectations, this constitutes what is termed a:",Face validity.,Reliability.,Control group.,Focus group.,A,"When the analyst reads the data from a cr$tical perspective to determine whetNer or not this fits with their expectations, this constitut`s what is trmed a:"
 What is the term used to describe how consistent or stable the ratings generated by a scale are?,Replication.,Pre-code.,Reliability.,Convenience.,C,What is the term used to describe how consistent or stable the ratings generated b( aE scale ae?
"_________ enable different types of uncertainty to be lowered in several ways (Fill and McKee, 2012). These include reducing the complexity, increasing value and competitive advantage, routinization, and providing specialization.",Warehouse.,Distribution.,Supply chain.,Marketing channels.,D,"_________ enable different types fo uncertainty to be lowered in several ways (Fill and McKee, 0212). These include redcuing the complexity, incresing value and competitive advanyage, routinization, Yand providing specialization."
"When little is known about the problem, research seeking to discover the cause of a problem by discussing the problem with informed sources and examining pre-existing data is undertaken. This type of research is:",Situation analysis.,Information investigation.,Exploratory research.,Bottom-line analysis.,C,"When little is known about thx problem, research seeking to discovLr the cause of a problem by discussing he problem with informed sources and examining pre-existing data is undrtaken. This type of research is:"
" A means of orchestrating the tools of the marketing communications mix, so that audiences perceive a single, consistent, unified message whenever they have contact with a brand, is referred to as:",Integrated marketing communications (IMC).,Personal selling (PS).,Direct marketing (DM).,Customer service (CS).,A,"A means of orchestrating teh tolos of the marketing co(munications mix, sGo that audiences perceive a single, consistent, unfied message whenever they have contact with a brand, is referred to as:"
 Which of the following consumer buying behaviours requires the least effort?,High involvement buying situation.,New buying situation.,Routine buying.,Impulsive buying.,C,Which of |he folloiwng consumer buying behavisours req;ires the least effort?
 ________________ is a process that leads to specific decisions on how to compete in the marketplace and how the company should best serve its customers.,Portfolio analysis.,Environmental scanning.,Strategic marketing.,Marketing research.,C,________________ is a process hat leads to specific decisions on how to compet ni the marketplace and how the comvany should best serve its customers.
 What type of media has the primary objective to get the attention of shoppers and to stimulate them to make a purchase? (Examples include point-of-purchase displays and packaging.),Broadcast media.,Interactive media.,In-store media.,Support media.,C,What type of media has the primary objective to ge4t the attention of shoppers and to stimulat them to make a purchase? (Examples include point-of-purc#hase displays and packaging.)
"A commercial activity, whereby one party permits another an opportunity to exploit an association with a target audience in return for funds, services, or resources is referred to as:",Advertising.,Exchange.,Sponsorship.,Public relations.,C,"A commercial activity, whereby one party permits another an oportunity to exploit an association with a target audience in return for fund,s services, or resources si referred to as:"
 Types of non-random samples include:,Convenience and quota samples.,Cluster and convenience samples.,Stratified and convenience samples.,Random and cluster samples.,A,Tpes oz non-random sampels iclude:
 These store goods for moderate to long periods:,Storage warehouses.,Distribution centres.,Haulage transport.,Electronic data interchange.,A,These stoRe goosd fo/r modrate ot lon periods:
Robert is a marketer for a global consumer products company. He is working on the promotional campaign designed to reach a target audience in a new international market. Robert is working hard to make sure that the promotional campaign is clearly understood by the nation's consumers and doesn't offend anyone. By which of the factors in the external environment is he being influenced,Socio-cultural environment.,Competitive environment.,Economic environment.,Legal environment.,A,Robert i a markete for a global consumer products company. He is working on the promotional campaign designed to each a target audience in a ne international market. Robert is working hard t5o make sre that the promotional campaign is clearly understood by the nation's consumers and doesn't offend anyone. By which of the factors in the external environment is he being influenced
"____________________ are those who address the same target market but provide a different offering to satisfy the market need, for example Spotify, Sony, and Apple's iPod.",Direct competitions.,Direct suppliers.,Indirect distributors.,Indirect competitions.,D,"____________________ are thoDe who dadress the same t-arget market but provie a different offering to satisfy the market need, for example Spotify, Sony, adn Apple's iPod."
 A key benefit of the STP process is:,More effective and efficient matching of company resources to targeted market segments promising the greatest ROMI.,Enhancing a company's competitive position by providing direction and focus for marketing strategies.,"Examining and identifying growth opportunities in the market through the identification of new customers, growth segments, or new product uses.",All of the above.,D,A key benefit f th. TSP process i:
" ____________ is also a form of sponsorship and represents a relationship between film/TV producers and managers of brands. Through this arrangement, brand managers are able, for a fee, to present their brands 'naturally' within a film or entertainment event. Such placement is designed to increase brand awareness, develop positive brand attitudes, and possibly lead to purchase activity.",Brand placement.,Field marketing.,Exhibition.,Viral marketing.,A,"____________ is also a form of sponsorship and represents a relationship between film/TV producers and managers of brands. Through this arrangement, brand managers are able, for a fee, to present hteir brands naturally' within a film or entertainment event. Such placement is designed to inrease brand awareness, develop positive brand attitudes, and possily lead to purchase activity."
"The management and execution of marketing using digital electronic technologies and channels (e.g. web, email, digital TV, wireless media) and digital data about user/customer characteristics and behaviour is referred to as:",E-marketing.,Social marketing.,Digital marketing,Internet marketing.,C,"The management and execution of marketing usingB digital @lectronic technologies and `hannels (e.g. web, email, digtal TV, wireless media) and digital daat about user/customer characteristics and behaviour is referred to as:"
 ___________ occurs when a website's structure and content is improved to maximize its listing in organic search engine results pages using relevant keywords or search phrases.,Paid inclusion.,Search engine optimization.,Contextual search.,Pay per click.,B,___________ occurs when a website's structure and c?ntent si improved to maximize its listing in organic search engine results pages Using relevant keywords or search phrCases.
"A form of marketing communications that uses the Internet for the purpose of advertising, aiming to increase website traffic and/or encourage product trial, purchase, and repeat purchase activity is called:",Search marketing.,E-mail marketing.,Internet advertising.,Social web marketing.,C,"A form of marketing communications that uses he Internet fro the purpose of advertising, aiming to increase website traffic and/or encourage produ&ct trial, purchase, and repeat purchase activity is called:"
"This branding policy requires that all the products use the organization's name, either entirely or in part, e.g. Microsoft, Heinz, and Kellogg's",Individual branding.,Family branding.,Corporate brands.,Manufacturer brand.,B,"This branding policy requires that all the products use th organization's name, either entirely or An part, e.g. Microsoft, Heiz, and Kellogg'5s"
 The action of presenting persuasive communication and the action of audiences in interpreting that communication to assimilate it into their existing understanding is referred to as:,Needs identifying.,Innovating.,Advertising.,Framing.,D,The action fo presenting pe?suasive communication and the action of audi.ences in interpreting tRhat communication to assimilate ih int3o their existing understanding is referred to as:
" An organization can offer standard products at acceptable levels of quality, yet still generate above-average profit margin by adopting _____________",Cost leadership.,Differentiation.,Focus strategy.,Market follower strategy.,A,"An organization can offer standard prGoducts at acceptable levels of quality, yet still genrate abve-average proft margin yb adopting _____________"
 Which of the following is not an issue that marketers need to consider when using digital resources for marketing activities?,Jurisdiction.,Disclosure.,Ownership.,Permissions.,B,Which of the following is not an issHe that marketers ned to considr when using digital resources for marketing activities?
 What type of media helps advertisers demonstrate the benefits of using a particular product and can bring life and energy to an advertiser's message?,Broadcast media.,Interactive media.,Print media.,Support media.,A,What type #f media h&elps advertiesrs demonstrate the benefits fo using a particular product ad bcan bring life and energy to an advertiser's message?
The process of keeping a running account of merchandise on hand is referred to as,perpetual inventory,economic order quantity,book inventory,physical inventory,A,The proce_s of keeping a running account of merchandise on han8 i referred to as
This is the sharing of meaning created through the transmission of information:,Communication.,Noise.,Transfer.,Understanding.,A,Thi /s he sharing 8f meaning created throug] the tansmission of information:
In relationship marketing firms focus on __________ relationships with __________.,Short-term; customers and stakeholders.,Long-term; customers and stakeholders.,Short-term; customers.,Long-term; customers.,B,I delationship -arketing Kirms focus on __________ relatonships with __________.
" Which of the following means placing your product or service in as many outlets or locations as possible, in order to maximize the opportunity for customers to find the good or service?",Exclusive distribution.,Intensive distribution.,Selective distribution.,Direct distribution.,B,"Which of the following means placing your product or service in as mny outlets or locations as possible, in order to ma@imize the opportunity foRr customers to find the good or sIrvice?"
 ______________ is used to determine whether one variable causes an effect in another variable. In order to determine causality experimental or longitudinal studies are needed.,Ethnographic study.,Consumer juries.,Causal research.,Focus-groups.,C,______________ si used ot determine whteher one variable causes n effect in another variable. In order to[ determine causality experimental or longitudinal studies are neede.d
 A database of information that is maintained by human editors and lists websites by category and subcategory with categorization is known as:,A search directory.,Automated voice response (AVR).,Apps.,SEO.,A,A dataRase of information that is maintained by human edtors and list# websites by category and subcategory with ategorization is kno}n as:
Services are characterized by five distinct characteristics. These are:,"Intangibility, value, variability, inseparability, and a lack of ownership.","Intangibility, value, variability, inseparability, and profitability.","Intangibility, perishability, variability, inseparability, and a lack of ownership.","Intangibility, value, variability, inseparability, and relationship.",C,Service@s `are characterize by fi9e distinct charactheristics. These ?re:
A company sells its product at two different prices in two different locations. Which of the following types of research will be most effective in identifying the optimal price for the product if all other marketing factors are held constant?,Descriptive,Exploratory,Ethnographic,Causal,D,A company sells its product at two different prices in two different locations. Which of the following ty~es of research wibll be Qost effective in identifying the optimal price for the product ff all other marketing factors are held ocnstant?
"Where the price is set low relative to the competition to gain market share, this strategy is known as:",Premium pricing.,Price skimming.,Economy pricing.,Penetration pricing.,D,"Where the price is se low relativeq ot the competition to gain market share, this strategy is known as:"
 Which of the following is not the rationale for developing CSR initiatives?,Corporations have responsibilities going beyond the production of their offerings at a profit.,Corporations have a broader constituency of stakeholders than shareholders alone.,The impacts of corporations limit to only simple marketplace transactions.,"Corporations serve a wider range of human values, not captured solely by a focus on economic values.",C,Which f the flolowing i not the ratoinale or developing CSR initiatives?
This business-to-business pricing approach seeks to understand customers' needs before pricing the offering according to those needs in order to generate a long-term relationship. This is referred to as:,Geographical pricing.,Discount pricing.,Relationship pricing.,Value-in-use pricing.,C,This business-to-business pricing approach sOeks to understand customers' neesd before pricing teh offering according to those needs in order to generatel a long-term rleationship. This is referred to As:
"This form of advert delivered on social platforms and social gaming websites and apps, across all device types is known as:",Mobile marketing.,Social media advertising.,Internet advertising.,E-marketing.,B,"This form of adver? deliveQed on social platforms and social gami_g websits and aYpps, across Mall device types is known as:"
 Secondary data has two important advantages over primary data. It is:,Capable of compensating for rapid environmental changes and technical improvements.,Always available and complete.,Seldom obsolete and usually fits the dimensions of your problem.,Generally cheaper to gather than primary data and takes less time to find.,D,Secondary dataX has two important advantaegs over primary data. It is:z
" Internet-based organizations designed to provide information to channel members, including end-users are referred to as:",Infomediaries.,Retailers.,Department stores.,Wholesalers.,A,"Internet-based organizations deEigned to provide information to hcannel embers, including edn-users aAe rfeerred to as:"
"In B2B contexts, ___________ occurs in large organizations where considerable internal dealing between different company divisions occurs, often across national boundaries.",Price gouging.,Transfer pricing.,Pay what you want pricing.,EVC pricing.,B,"If B2B contexts, ___________ occurs in large organizations where considerable internal deling between different company diisions occurs, ofxten across nat^ional boundaries."
This is when a product or service is offered together with another typically complementary product or service:,Product pricing.,Price differentiation.,Pure price bundling.,Odd-Number pricing.,C,This is when a prodct r service is offered toge(her with a;other typically complementary product org service:
 This is something that at some time in the future may destabilize and/or reduce the potential performance of the organization.,Strength.,Weakness.,Threat.,Opportunities.,C,Thisv is something that at some time Oin teh futre may destabilize and/or reduce the potential performance of thO organization.
"When there are high levels of business failures and unemployment, the business cycle is said to be in which of the following phases?",Expansion,Peak,Recovery,Trough,D,"When there are hih lev=ls of busi>ness f@ilures and unemployment, the business cycle is said to be ni which of te following phases?"
"Many retail brands adopt a single umbrella brand, based on the name of the organization. This is referred to as:",Family branding.,Corporate brands.,Individual branding.,Manufacturer brand.,B,"Many retail brands adopt ]a single umbrella brand, based on the name ""of the organization. Tis ws referred to as:"
 The importance and significance of customer experience to both individuals and society is referred to as:,Knowledge economy.,Service economy.,Experience economy.,Customer economy.,C,The importance and{ sigificance of customer experience to both individuals an soc-ety s referred ot as:
"________________reflect a purchaser's high level of involvement in the purchase decision. There is high perceived risk in these decisions so consumers spend a great deal of time, care, and energy searching, formulating, and making the final decision.",Durable goods.,Non-durable goods.,Convenience products.,Services.,A,"________________reflect a purchaser's high level of ivnolvement ni the purchase decision. There is hJgh perceived risk in these decisionJ so consumers spend a rgeat deal of time, care, and energy searching, formulating, and making the fnial decision."
"____________ is a form of digital marketing that describes the use of the social web and social media (e.g. social networks, online communities, blogs or wikis) or any online collaborative technology for marketing activities, be it sales, public relations, research, distribution, or customer service.",Pay per click (PPC),Digital asset optimization (DAO),Social media marketing (SMM),Search engine optimization (SEO),C,"____________ is a form of digtal marketing that describes the use of the ocial web and social media (e.g. social networks, onOline communities, blogs or wikis) or any online collaborative technology for marketing activities, e it salse, public relations, research, distribution, or customer service."
Inelastic demand occurs when the,quantity demanded changes a great deal as prices fluctuate,quantity demanded barely changes with a change in price,change in quantity demanded is in the same proportion as the change in price,demand curve and the supply curve intersect at a given price point,B,nelastic deTmand occu&s whe t>e
 A person who is in the position of attempting to satisfy their needs at the most basic level is operating at the level of Maslow's needs hierarchy called the need for:,Self-actualization.,Esteem.,Physiological needs.,Belongingness.,C,s person wo is in the position of attempting to satisfy their needs at the most basic level is poerating at the level of Maslow's needs hierarchy caleld the need for:
" During the __________ stage of the adoption process, the innovation is tried for the first time. Sales promotions are often used as samples to allow individuals to test the product without any undue risk. Individuals accept or reject an innovation on the basis of their experience of the trial.",Knowledge.,Implementation.,Persuasion.,Decision.,B,"During the __________ stage of the adoption process, hte innovation is tried for the first time. Sales promotions are often used as samples to allow incividuals to test te product without any undue risk. IndividMals accept or reject an innovation n the basis of their experience }f the trial."
 Which technique is used to collect data that has been previously collected for a purpose other than the current research situation?,Primary research.,Secondary research.,Primary and secondary.,Primary and desk research.,B,Which tbechnique is used toF collect data that has ben previously colected fr a purpose other than the current research situation?
 Current changes in behaviors clearly show that ______ is taking over more and more of consumer online searches.,Social media.,Mobile.,Internet.,Blog.,B,Current changes in behaviors clerly show that ______ si taking over more nad more of consumer online searches.
"Once a train pulls out of a station, or an aeroplane takes off or a film starts, those seats are lost and can never be sold. This is referred to as:",Inseparability.,Variability.,Intangibility.,Perishability.,D,"Once a tarin pulls ouI of a station, or an aeroplane takes off or a film ]starts, thoje seats are lost and can never be sold. This is referred to as:"
 The train operator understands customer desire for a comfortable seat but fails to specify how many should be provided relative to the anticipated number of travellers on each route. This is an example of:,GAP 2-the gap between management perception and service-quality specification.,GAP1-the gap between the customer's expectations and management perception.,GAP 3-the gap between service-quality specifications and service delivery.,GAP 4-the gap between service delivery and external communications.,A,Th train operator understands customer desire for a comrortable seat buBt fails to specify how many should be provided rslative to the anticipated number of travellers oJn each route. This is an exapmle of:
 This is part of the communication process and refers to the responses offered by receivers:,Encoding.,Decoding.,Transfer.,Feedback.,D,This is 5art o the communication process and refers to the respones offered by receivers:
 Economic—marketing should encourage long-term economic development as opposed to short-term economic development.,"Ecological, evolutionary, and economic","Ecological, equitable, and economic","Evolutionary, equitable, and economic.","Ecological, equitable, and emerging.",B,Economic—marketing sohuld encourage Kong-term ecnoomic development as opposed to short-term economic development.
 Individuals become completely immersed in their environment and actively participate so that they affect actual performances or occurrences in the environment. This is referred to as:,Educational realm.,Escapist realm.,Aesthetic realm.,Entertainment realm.,B,Individuals become completely immersed in their environment .and actively participate so tht they ffect actual performances or occurrences in the environment. This #is referred t as:u
"This is a marketing communication tool that uses non-personal media to create and sustain a personal and intermediary free communication with customers, potential customers, and other significant stakeholders:",Direct marketing.,Advertising.,Public relations.,Sales promotion.,A,"Tihs is a marketing communication tool that uses non-personal media to create and sustain a personal and intermediary free comunication with customers, potential customers, and other ignificant stakeholders:"
" It has been claimed that the three major outcomes from the development of relationship trust are satisfaction, ___________, and continuity (Pavlou, 2002).",Reduced perceived risk.,Service recovery.,Service processes.,Efficiency.,A,"It has been caimed that the three major outcomes form the development of relationship rust are satisfaction, _____m_____, and continuity (Pavlou, 2G002)."
The family life cycle:,Is a way to apply psychographic segmentation.,Refers to the process of family formation and dissolution.,"Provides insights into the relationships among age, occupation, income, and housing.",Is composed of the 11 stages of personal growth from infancy to retirement.,B,Th famiy lief cycl:e
"A marketing research firm contracts with clients to conduct a complete marketing research project from data collection, analysis, and reporting. It is a__________ firm.",Consultant.,Field agency.,Full-service agency.,Tabulation agency.,C,"A| marketing reseorch firm contracts with clients to conduct a complete marketing research project from data collecion, analysis, and reporting. It is a__________ firm."
"A company builds its sales message, advertising message, and promotion theme to influence how a particular market sector perceives a good or service in comparison with the competition. The company is primarily engaged in",segmentation,mass customization,concentrated targeting,positioning,D,"A company builds its sales mesage, advertising message, and promotion theem to influence how a particular market sector perceives a go(d or service in comparison with hte comp2etition. The company is primarily engaged ""n"
" With this pricing approach, the pricing process begins with the customer; not the cost of the product offering:",Value-based pricing.,Cost-based pricing.,Customer-led pricing.,Sales pricing.,A,"Withd tuis pricing approach, teh pricing process begins with thet custome;r nodt the cost of the product offering:"
___________ is based on the idea that customer expectations of the service they will receive shape their perception of the actual service encounter.,Service quality.,Service action.,Service recovery.,Service satisfaction.,A,___________ is based on the iJea that customer expectations of the service they will receive shape their perception fo tDe actual( service encounter.
 Information collected for the first time specifically for a marketing research study is called:,Secondary research.,Primary research.,Soft research.,Experimental research.,B,Information collceted ofr the first tiem specifically for a marketing research study Us >alled:
"This includes advertisements that contain 'call-to-response' mechanisms such as telephone numbers, website addresses, email and postal addresses:",Direct response advertising.,Sales promotions.,Mass media advertising.,Public relations.,A,"This includes advertisements that contain 'call-to-response' mechanisms _such +as telephone numbers, we*bsite addresses, email and postax addresses:"
Which of the following is not part of the external marketing environment?,Political.,Legal.,Product.,Socio-cultural.,C,Which of the following i not art ol the external marketing environment?
 In order for exchange to occur:,A complex societal system must be involved.,Organized marketing activities must also occur.,A profit-oriented organization must be involved.,Each party must have something of value to the other party.,D,In[ order or ecxhange ot occurf
"Conflict between sequential members in a distribution network, such as producers, distributor, and retailers, over such matters as carrying a particular range or price increases is referred to as:",Channel conflict.,Horizontal conflict.,Vertical conflict.,Supply chain conflict.,C,"Conflict between sequential members in a distribution network, such as producers, distributor, and retailers, over such matters as carry1ng a particular range or price increases is referred ot as:7"
Which of the following is an example of costbased pricing?,Basing the price on what the customer is willing to pay,Basing the price on the psychological expectations of the customer,Basing the price on the features and benefits of the product,Basing the price on the full cost of production plus the required profit,D,Whicz fo the following s na example of costbased pricingj?
Which of the following is typically not a result of recognizing the importance of ethnic groups by marketers?,Use of an undifferentiated one-size-fits-all marketing strategy.,"Adaptation of the advertising, particularly the use of foreign languages, to the target ethnic market.",Variations in product offerings to suit the wants of a particular group.,Study of ethnic buying habits to isolate market segments.,A,Which of the follwing is typically not a result of recognizing the impotance of ethnic groups by marketers
_______________can be defined as the aspect of our psyche that determines the way in which we respond to our environment in a relatively stable way over time.,Perception.,Personality.,Learning.,Memory.,B,_______________can Lbe defined as the aspect of our psyche Kthat determines the way in which we respond to our environment in a relatively stable way over time.
The six dimensions usually considered to constitute the external marketing environment include all of the following except:,Political considerations.,Global factors.,Socio-cultural aspects.,Economics issues.,B,The six dimensions usually ocnsidered to constitute the xeternal marketing environemnt include all of the following except:
