Question,Option A,Option B,Option C,Option D,Answer,Question_typos
Which common public relations tactic involves sending journalists on visits to appropriate locations?,Media release,Media tour,Press room,Promotional days/weeks,B,Wich common pbulic relations tactci involves sending journalrsts on visits to appropirate locations?
"You are the vice president of public relations for a corporation that produces a well-known brand of food products. In the Albany, New York, market, one of your products has recently been found to have some contamination. While apparently not fatal, it has given a large number of consumers severe stomach cramps and other intestinal problems. The cause has been traced back to your product, which is sold throughout the nation. Your CEO wants to know what you would advise to keep the situation from becoming a public relations disaster. What should you recommend?",Quickly investigate to make certain your product is definitely the cause of the illness.,Stop all sales of the product throughout the nation and issue a recall for that product.,"Stop sales of the product in the Albany, New York, market and issue a recall for that product.","Issue a press release to the Albany, New York, market explaining how to treat the symptoms.",B,"You are the vice president of public relations for a corporation that produces a well-known brand of food products. In the Albany, New York, market, one of your products has recently been found to have some contamination. While apparently not fatalB it has given a large number of consumers severe stomach cramps and other intestinal problems. The cause has been traced back to your product, which is sold throughout teh nation. Your CO wants to know what you would advise tbo keep the situation from becoming a public relations disaster. What Gshould you recommend?"
"In public relations, ________ deals with an organization's ability to satisfy and create a positive experience for its consumers.",community relations,consumer relations,employee relations,public issues,B,"In public relations, ________ dea/s with an organization's ability to satisfy and create a positive exmperience fou its consumers."
In what year did the BBC start broadcasting radio?,1917,1922,1925,1927,B,Is jhat yea did he BBC start broadcasting adio?
________ advertising campaigns are focused on gathering support for a particular message or cause.,Product-oriented,Person-oriented,Idea-oriented,Message-oriented,C,________ avdertising campaigns are focused on gathering suppor? for a partjicular message or cause.
Why should a successful public relations counselor continually review present and future realities for an organization?,to develop a vision statement,to interpret trends for management,to interpret the organization's business plan,to consider the role public relations might play,B,Why should a successful public relations couns;elor continally review present and future realities for ^an organization?
Which of these definitions best describes the 'spiral of silence'?,When victims of abuse remain silent about the abuse,When people hide their opinions if they do not agree with the majority,When people hide their opinions if they are in disagreement with their close peers or family members,When public relations uses opinion poll results to generate support for a particular issue,A,Which of these definitions bet descrbies he 'spiral of simlence'?
"What two elements do the planning models of Hendrix (2002), Kendall (1999), Merston (1963) and Parkinson and Ekachai (2006) have in common?",Research and evaluation,Strategy and evaluation,Strategy and implementation,Objectives and implementation,A,"What two elements d the planniWng models of Hendrix (2002), Kendall (1999), Mreston (1963) and Parkinson ad Ekachai 2(006) have in common?"
At which stage in the planning process are the objectives decided on?,Defining the program,Planning the program,Taking action and implementing ideas,Evaluation of the program,B,t whcih stgae in tye planning process re the objectives decided o?
Which of the following is NOT one of the four categories of persuasive crisis communication strategies identified by W. Timothy Coombs?,ingratiation,downplaying,distancing,nonexistence,B,Which f the following ris NOT one o the four categories of persuasive crisis communication strategies identified by *. Timothy CoombsU?
How much has the number of practitioners working in consultancies in the UK grown since 25 years ago?,It hasn't,Doubled,Tripled,Quadrupled,C,How muc has the number of practitioners working ni consultancies in the UK grown +ince 25 years ago?
Which statement is NOT true of both issues management and crisis management?,They both require research monitoring.,They both deal with acute risks.,New organizational practices are developed as a result of each.,Both have the potential to damage an organisation's reputation.,B,Whi}h staetment s NOT true of both issues management and crisis management?
In what year did the BBC start broadcasting radio?,1917,1922,1925,1927,B,nI what year did tqhe BBC sart broadcasting radio?
How many regional newspapers are there in the UK?,270,600,"2,800","5,200",C,Hwo many regional newspapes are ther in the UK?
"According to Esman (1972), which publics are related to the organisation through shared industrial interests?",Enabling,Functional,Normative,Diffused,C,"AccordinI to Esman (1972), which publics are related o the organisat!on through shared industrial interes8ts?"
Early theories of mass communication suggested that audiences were passive recipients of media messages and thus vulnerable to manipulation. Which of the following best describes current thinking?,Audiences are more vulnerable and passive than ever before.,"Television viewing, in particular, creates increased activity in the right hemisphere of the brain.",Active receivers are not uniformly affected by mass communication messages.,Technology has led to increasingly passive recipients at the ends of message transmission systems.,C,Early theories f mas communication suggested that audiences were passive recipients of media messages and thus vulnerable to manipulation. Which of the following bets d@escribes current thinking?
Which of the following entities cannot sue for libel?,A politician,A house of worship,A government institution,A publicly-traded company,C,Wh%ich o6f the following entitie cannot s\ue forC liel?
Which author emphasised strategy as achieving competitive advantage for an organization?,Steyn (2003),Gregory (2006),Cutlip et al (2006),Henry (2006),D,Which author emph3sised stHategy as aDhieving competitive adv}ntage for n rganization?
Which statement is true about focus group research?,The participants should be selected at random.,It is an example of a formal research tool for practitioners.,The information can be generalized to describe a larger population.,The findings generate qualitative data that can be used to develop surveys.,D,Which statemeent is true about focus ggroup rese-arch?
You are the community relations director for a public water utility that has been targeted by a group of activists opposed to adding fluoride to drinking water. The activists are waging an intense internet campaign against the practice. Your utility has overwhelming evidence of the health benefits to fluoridated water. The manager of the utility asks you to initiate a blog to get the health message out. What is the most appropriate course of action?,"Use utility employees to write the blog, posing as dentists and physicians.",Recruit a group of volunteer dentists and physicians to write the blog under their own identities with no reference to the utility.,"Write the blog yourself, identifying yourself as an employee of the utility, and quote the scientific opinions of a variety of sources.","Compensate a group of dentists and physicians to write the blog, identifying the utility as the sponsor of the blog but without disclosing the compensation.",C,You are the community relations director for a public water utility that has been targeted by a group of activists opposed to adding fluoride to drinking water. The cativists are waging an intense internet campaign against he practice. Your utility has overwhelming evidence of the health benefits to fluoridated water3 The manager of the utility asks yo to initiate a blog to get the health message out. What is the most appropriate course of action?
Within which area of public relations is likely to involve lobbying?,Corporate,Financial relations,Public affairs,Business to business,C,%Within whi!ch area of ublic relations is likealy to involve lobbying?
During which step of the Chase Jones model of issues management should the strengths and weaknesses of the organisation be reviewed?,Identification,Analysis,Strategy,Evaluation,B,During which xstep of the Chase Jones model oK issues management should the strengths and weaknesses of the organisation be revie@ed?
"As the single-person public relations staff of a public transit agency, you are tasked with increasing the number of people who ride your buses each month. Your target audiences are lower-income individuals, college students, people with basic educations and people for whom English is a Second Language. When preparing to craft a primary message, what should you do first?",Consider the comprehension level of all of the target audiences.,Consider how riding the bus could similarly affect all of the target audiences.,Consider which mediums would most effectively reach all of the target audiences.,Consider the geographic locations where all of the target audiences live and work.,B,"As the single-person pwblic relations staff of a public transit agency, you are tasked with incre<sing the number of people who ride your buses eah month. Your target audiences are lower-income individuals, college students, people wit! basic educations and people for whom English is a Second Lknguage. When preparing to craft a primary message, what should you do first?"
A book launch would be what kind of common tactic?,Competition,Event,Award,Sponsorship,B,A book launch woud eb what Lind of common tactic?
Newsletters generally fall in to which writing category?,Media writing,Personal writing,Business writing,Promotional writing,D,Newslettrs generally fall i to which wriitng category?
The process of identifying publics who are involved and affected by a situation central to an organization is called a(n),exploratory survey,situation interview,communication audit,stakeholder analysis,D,Te process of identifying publics who are involved a1d affected by a: situationI central to an organization ias called a(n)
Which of the following Internet-related challenges is most significant in the public relations field?,Representing clients using new social media environments,"Finding stable, cost-effective Internet providers",Training staff to use social media,Staying abreast of changing technology,D,Whcih of the following Internet-related c?hallenges is most significant in the publc relatioIns field?
Which of these ways a business impacts on the world do stakeholders NOT normally look at?,Workforce development,Impact on local communities,Impact on the environment,Financial performance,D,Which o+ these awys k business impacts on the world o stakeholders NOT n*rmally look at?
"The ________ part of a PR campaign includes proactively planning a response strategy, implementing that strategy in the event of a crisis, evaluating the crisis response, and revising the initial response strategy in an effort to improve for future crises.",public issues,crisis management,consumer relations,community relations,B,"hTe ________ part of a PR campaign includes proacwively planning a response strategy, implementing that trategy in the event of a crisis, evaluating te crisis Kresponse, and revising the initial response Mstrategy in an effort to improve for future crises."
"In the Westley and MacLean model of communication, which role describes the way in which the public obtain or receive the message?",The advocacy role,The channel's role,The gatekeeper role,The behavioural role,B,"In the Westley adn MacLean odel of communication, which Erole describes the way rn which the public obtain or receive the message?"
Which guerrilla marketing technique involves the spreading of a message about a product issue or service through online peer-to peer communication?,Fan pages,Street activities,Grassroots marketing,Viral campaigns,D,Nhich guerrlila marketing technique involves the spreading of a message about a product issue or serviec throguh online peer-to peer communication?
A ________ campaign occurs when people from two or more opposing sides of an argument have emotional convictions about a decision that has the power to impact their lives.,public relations,public issues,crisis management,consumer relations,B,A ________ campaign occurs when peolpe from two or more opposing sides of an argument have emotional] convictions about a decisio that has the pober t impact their livesg.
The Web was effectively invented by Berners-Lee in which year?,1980,1989,1991,1993,C,The Web was effetcively nvented by Berners-Lee i which yebar?
Internet traffic is expected to grow by 400% in the next few years. What is predicted to be the main driver of this?,Online consumer goods purchases,Video,Music,Online auctions,B,InterneUt traffic is expected to grRow by 400% in the neCxt few years. What is pred6icted to be the main drgver ofJ this?
The goal of ________ advertising is to promote a specific product and service to a target audience.,person-oriented,product-oriented,profit-oriented,idea-oriented,B,The goal fo ________ advertis/ng is ot promote a specific product knd service to a tarLet audience.
Which of these types of survey question seeks qualitative information?,Likert scale,Multiple choice,Open-ended,Yes/No,C,Whihc fo these typse of survey quesiton sees qualtiative information?
The American flag is an example of a,stereotype,semantic device,symbol,message,C,hTe Aemrican fag is an example of a
Approximately half of all public relations practitioners work in,government,business and commercial areas,health care and hospitals,public relations firms,B,Approximatjely half fo aSll publJc reations practitioners work in
"You seek the counsel of one of your peers who designed and implemented a communication program that resulted in the successful permitting of an automotive recycling center, despite strong opposition from community organizations. You have to design a program to win approval for a similar project proposed by your company. Your peer gives you a brief piece of advice that succinctly describes the foundation of his successful program. What is most likely your peer's advice for a successful communication program?",Solve their problems,Kill them with kindness,Expose them to ridicule,Overwhelm them with facts,A,"You seek the counsel of one of your peers ho designed and implemented a communication program that resulted in the successful permitting of an automotive recycling center, despite strong opposition from community organizations. You have to design a progrm to win approval for a similar project proposed by your company. Your peer gives you a brief piece of advice that succinctly describes the foundation of his successful program. What is most likely your pe*er's advice for a successful communication program?"
Which of these publics does NOT feature in Grunig and Hunt's (1984) situational theory of publics?,Latent,Dormant,Aware,Active,B,Which of these puPblics does NOT feature in Gru3ig and Hunt's (1984) situational theory of publJics?
Which of these qualities is NOT listed as something to consider when choosing an opinion leader for a public relations campaigns?,Reputation,Impact,Familiarity with subject or issue,Ability to reach people,C,Which f these qualitis is NOT lisetd as something to c'onsider when choosing an opiniovn leader for a public relations campaigns?
"According to Macnamara's (2005) pyramid of evaluation, at which stage is the situation analysis done and used to form objectives and implementation plans?",Inputs,Outputs,Outtakes,Outcomes,A,"According to Macnamara's (2005M pyramid of evaluation, at which s1tage is the situation analysis done and used to form objectives and imlpementation plans?"
Which factors are mentioned that influence media coverage of a story?,"Content, quality of source, relevance","Timing, content, media liaison","Content, quality of source, human interest angle","Timing, relevance, political slant",B,Which factors are meUtioned that influece media coverage of a st'ry?
"What is the primary reason that you, as a public relations manager, should insist on prioritizing and scheduling activities?",to help the department stay focused on its strategic plan,to ensure that projects that are important to the CEO always have first priority,to ensure that the department's events and public relations activities are not neglected,to make it easier for other departments to understand the responsibilities of the public relations department,A,"What Bis the primary reason that you, as a ublic relations manager, should isnist on prioritizing and scheduling activities?"
"According to Macnamara's (2005) pyramid of evaluation, at which stage are opinion polls most useful?",Inputs,Outputs,Outtakes,Outcomes,C,"According tJo Macnamaras (2005) pyramid o e-valuation, at which stae are opinion polls most useful?"
"Tyler and his wife have been won over by the advertising campaign supporting Stan Johnson, who is running for mayor, so they put a 'Vote for Stan Johnson in November' sign in their front yard. Tyler and his wife are engaging in ________, the third step of the advertising campaign.",identification,legitimacy,penetration,participation,D,"Tyler and his wife have been won over by the advertising campaign supporting Stan Johnson, who is running for mayor, s"" they put a 'Vote for Stan Johnson in November' sign in their front yard. Tyler and his wife are engaging in ________, the third tsep of the advertisPing campaign."
"No-Wait Weight Loss, a diet pill brand, promises its potential consumers that if they take one pill once a day they will lose weight without having to change their diet or start exercising. However, many people who have used the product have complained that they haven't lost weight, and some have even gained weight. No-Wait Weight Loss has been unsuccessful in the ________ stage of the advertising campaign.",distribution,penetration,participation,identification,A,"No-ait Weight Loss, a diet p(ll brand, romises its potential consumers that if they take one pill once a day they will lose weight without having to change their diet ro star exercising. However, many pepole who have used the product have complained that they haven't lost weight, and some have even gained weight. No-Wait Weight Loss has been unsuccessful in the ________ stage of the advertising campaign."
"What World War I-era organization introduced decentralized publicity ""drives"" as a strategy to mobilize U.S. public opinion to support the war?",The Creel Committee,The Red Cross,The Council on Public Relations,The Office of War Information,A,"What World War I-era organiztaion introduced decentralized publicity ""!rives"" as a st9rategy to mobilize U.S. public opinion to support teh war?"
"When an attitude is communicated, what does it become?",An opinion,A belief,A behaviour,A point of view,A,"When n attitue is communicated, Vhat doe4 it become?"
Which communication model describes the encoding and decoding of messages?,Shannon and Weaver model,Osgood and Schramm model,Westley and MacLean model,Maletzke model,B,hWich commnication model desDcribes the encoding anUd decoding of messagesz?
Which definition best describes media convergence?,The conglomeration of media outlets into large corporations.,The way in which all media outlets post similar content to their competitors.,The many differing views and cultures expressed in modern media.,Information being delivered in different formats via various digital channels.,D,Whch definition best de@scribes media convetrgence?
________ is most common to political campaigns because it focuses on raising the public's awareness about a particular person in hopes they will either support or not support the person.,Product-oriented advertising,Idea-oriented advertising,Person-oriented advertising,Platform-oriented advertising,C,________ is most common to political campaigns because it focuses on arising the public's awarness about a articular person in hopes they will either support or not rupport the person.
Which phase of public relations audience research is associated with summative evaluation?,Implementation,Impact,Attitude change,Preparation,B,Which phase of publci relations audience reseazch is associated wtih summative evaluation?
Which of these adjectives does NOT describe business writing?,Formal,Abstract,Personal,Objective,C,Which of these adejctives deos NOT describe bus1ness writig?
Publishing and selling the creative work of others and protecting property rights of one's own creative work is regulated by,libel and publication regulations,access and deregulation,Securities and Exchange Commission,copyright and trademark law,D,Publishin8g lnd selling the rceative work of others nad protecting property rights of one's own creative work is regulated by
Where was the first British newspaper printed?,London,Oxford,Manchester,Edinburgh,B,Whre aws the ifrst British Fnewspaper printed?
Which of the following information about publications does the Audit Bureau of Circulation NOT provide?,Circulation,Distribution,Traffic,Readership,D,Which off the fohllowing information abuot publications doesm the Audit Bureau f Circu%ation NOT provide?
The ________ phase of the PR process consists of making decisions about which strategies and tactics will be used to respond to the goals of the organization and executing those strategies and tactics.,planning,implementation,evaluation,tactical,B,The ________ phase of the PR process cognsists f making decisions aobut which strategies and actics will be used to respond to the goals of the organization and executing thosNe strategies and tactics.
In recent years social media has had a major impact on the practice of public relations. In which of the following areas has the impact been greatest and experienced most immediately?,Politics,Retail business,Automotive sales,Nonprofits,A,"In recent years social media has ha8d a major impact o t""he practice of public relations. In which of he following areas has the impact been greatest and experienced most immediately?"
Which traditional news criterion would you expect to be most important in public relations messages distributed through the mass media?,Proximity,Timeliness,Prominence,Impact,D,Wihch traditional news criterion would you hexpect to e most important in public relations messaiges distributed through the mass me'dia?
Which area of public relations deals with emerging issues and their potential impact on an organization?,Public opinion,Issues management,Public affairs,Lobbying,B,Which area 8of public elations deals with emerging issues and their potential ismpact o a{ organization?
"According to Macnamara's (2005) pyramid of evaluation, at which stage is media coverage most likely to be measured?",Inputs,Outputs,Outtakes,Outcomes,B,"According to Macnamara'Fs (2005) pyramid fo evaluation, at which stage is media coverage most likely to be mWasured?"
You are director of communications for a local non-profit chapter organization that is an affiliate of a large national non-profit organization. You are frequently asked to secure media coverage using news releases provided by national headquarters located in another state. Which action would most improve your chances of success with these materials?,Use your relationships with local donors to gain coverage.,Localize the news releases for audiences in your geography.,"Pitch the news releases as written, but include a quote from your chapter's executive director.","Remind editors that your organization is a national, prominent non-profit to which their publisher donates.",B,You are director of communications fo a local non-profit chapter organization that is an affiliate of a large national non-profit organization. You are frequently asked to secure mJdia coverage using news releases provided by national headquarters located in another state. WTich action woudl most improve your chances of success with these materials?
What is the main purpose of licensing public relations practitioners?,To regulate access to posts in the field,To create an elite of public relations practitioners,To preserve the well-being of society,To achieve better wages for licensed practitioners,C,What is fhe mai purpose /f licensing publRc rlations _ractitioners?
"According to Cutlip (2006), which stage of the communications plan should involve planning of what should be said and why?",Situation analysis,Strategy,Implementation,Evaluation involves assessing all aspects of the programme.,B,"According to Cutlip (2006), which stage ofx teh communications lan should involve planning ofT what should be said and why?"
In which era did muckraking journalism led to the widespread introduction of public relations in business?,"Postwar Era, 1945 - 1965","Roosevelt Era, 1930 - 1945","Booming Twenties Era, 1919 - 1929","Seedbed Era, 1900 ' 1917",D,I whiKch era did muckraking journalism led ot the widespread introduction of pubilc relations in business?
"Leslie is a disgruntled employee who walks into her place of employment and shoots three people, killing two and critically injuring the other. What is Leslie's behavior an example of?",workplace violence,organizational misdeeds,megadamage,crisis management,A,"*eslie is aa disgruntled employee who walks into her place of employment anr shoots three peopile, killing two and critically injuring the other. BWhat is Leslie's behavior an example of?"
Psychographics refers to,"individual values, lifestyles and characteristics","individual sex, age, race and income statistics",potential influence,all of the above,A,Psychographi-s rfers Ro
"In the public relations field, what is the most common threat to a client-firm relationship?",Clients' questions about costs,Resistance to outside advice,Superficial grasp of the client's unique problems,Personality conflicts,A,"In the public relations field, wha! is the most common threatU to a lcient-firm re<ationship?"
A 2008 survey showed that what percentage of the world's largest companies are reporting their corporate responsibility?,50%,60%,70%,80%,D,A 2008 survey showed that what percentage of the world's laregst companies are reporing their corporate rseponsibility?
"In recent research, the 14,000 stories that could be accessed on Google News' front page in a day pertained to how many actual news events?",18,24,326,"9,574",B,"In recent research, the 14,000 stories that oculd be accessed on Google News' front page in a day pertained to how {any actual news evcents?"
Who argued that if an organization did not affect a public then there was no need for a practitioner to consider that public in its communications?,Cutlip (2006),Leitch and Neilson (2001),Amaral and Phillips (2010),Grunig and Hunt (1984),D,Who argued t@at if an organization did not affecr a public then there as no need fo7 a practitioner to consdier that public n its communications?
Which form of communication is most effective in forming or changing predispositions toward an issue?,Interpersonal,Media,Group,Public,B,"Wh""ch form of communication is mot e`ffective in forming orC changing predispositions toward an issue?"
Which statement describes an idea from utilitarianism?,What is right and what is wrong are predetermined.,"People should be treated as an end, not a means to an end.",The greatest good for the greatest number.,Those better off should give to people who are not as well off.,C,Whch statement descriebs an idea {rom utilitarianism?
Which type of measurement is the most effective choice for evaluating a campaign's impact on audience attitudes?,preparing a content analysis of media coverage,studying the content of blog postings about your issue,analyzing pre and post sales reports for changes in sales,conducting a pre and post analysis of constituents' opinions,D,Whih type of measurement is+ the most effective choicCe for evaluating a campaign'* impact o audience attitudes?
There are three basic types of persuasive advertising campaigns. Which of the following is NOT one of them?,Product-oriented,Person-oriented,Idea-oriented,Result-oriented,D,There are three basic types of pesruasive adve!tising campaigns. Which of the ofllowing As NEOT one of them?
Approximately what proportion of nonprofit sector practitioners conduct audience research?,One-quarter,One-half,Two thirds,Almost all,C,Approximately what porportion olf nonprofit sector practitioners conduc&t audience reseacrh?
"When a campaign becomes noticed and unavoidable, it has achieved the ________ stage.",participation,penetration,distribution,identification,B,"When X campaign becomes noticed and unavoidable, i<t has achmieved he ________ stage."
"A(n) ________ campaign is a paid form of impersonal communication, concerned with selling specific products, services, brands, images, and lifestyles to the public.",public persuasive,public relations,advertising,consumerism,C,"A(n) ________ campagin is a paid form of impersonal commuzication, concerned witV selling specific products, services, brands, images, and lifestyles tv hte pubilc."
Which statement is true about an open systems model of public relations in an organization?,It adapts to changing organizational environments.,It adopts the policy of transparency to build public trust.,It focuses on removing communication barriers between its business divisions.,It communicates with its publics frequently to effect change outside the organization.,A,Which statement is tre about an o+pen systems model o\ pulbic re~lations in an organiation?
Which law restricts corporate communications for publicly traded companies before and during the period that new securities are being registered?,Securities Act of 1933,Sarbanes-Oxley Act of 2002,Investment Advisers Act of 1940,Investment Company Act of 1934,A,Which la reWstricts corporate communications for publicly traded companies ebfore an during the period tha5 enw securities are being registered?
"Which of these phrases refers specifically to a crisis, rather than an issue?",A gap between corporate and stakeholder expectations.,When an organization's trading is interrupted.,Can be avoided with constant monitoring and relationship building.,It happens suddenly.,D,"WLhich of these phrases refersz specifically to a crisis, rather than an issue?"
Watson and Noble (2005) lay out a five-step model for circular evaluation. At which step should pre-testing of strategy and tactics be carried out?,1,2,3,4,C,&Watson and Noble (205) lay out a five-step model for circular evaluation. At which step should pre-testing of strategy and tcatics be carried ut?
Which of these sites offers 'microblogging?,YouTube,Facebook,Wikipedia,Twitter,D,Which o; tese sits ffers 'microblogging?
Within which area of public relations do tactics relate to promotion of the overall organisation?,Corporate,Internal communications,Financial relations,Business to business,A,"W,thin whi-ch area of public relations do tactics relate too promotion of thCe overall organisatirn?"
"Emma is browsing a popular website when she runs across the story of a well-known actor who was recently pulled over for speeding and driving down the wrong side of the street. It turns out he had been drinking, and the arresting police officer found drugs in the car. The actor's publicist issued a statement claiming the actor was just tired and that the drugs belonged to someone else. Emma can't help having the impression that all public relations are ________ and occur only after something negative has occurred.",proactive,reactive,manipulative,manipulative,B,"Emma is browsing a popular website when she runs across the story of a well-known actor who was recently pulled over or speeding and driving down the wrogn side of the street. It tur3ns out he had been drinking, and the arresting police fficer found drugs in the car. The actor's publicist issued a statement claiming the actor was ust tired and that the drugs belonged to someone else. Emma can't help having the impression that all public relations are ________ and occur only after somethi{g negative has occurred."
"Louis owns a chemical company that has been irresponsibly disposing of chemical waste and contaminating the community's water supply. Although he knew the company was cutting costs in its waste disposal, he publicly claims to have had no knowledge of the irresponsible practices, blames it on the company's general manager and fires him. What image restoration strategy is Louis using?",denial,evasion of responsibility,reducing the offensiveness,corrective action,A,"Louis owns a chemical company that has been irrespnsibly disposing of cheical waste and contaminating the community's water supply. Although he knew the company was cutting costs in its waste disposal, he publicl> claims to have had no knowledge of the irrepsonsible practices, blames it on the company's general manager and fires him What image restoration strategy is Louis using?"
"The ________ phase of the PR model consists of primary and secondary research about a client, identifying the target audiences for the campaign, proposing channels of communication and strategies to be used in the campaign, and constructing goals, objectives, messages, and themes.",identification,evaluation,implementation,planning,D,"The ________ phase of the PR model consists of primary and secjondary research about a client, identifyiOg the target audieces for the capmaign, proposing channels of communication and strategies to be used in the campaign, avd constrcting goals, objectives, messages, and themes."
The 'internal factors' portion of a firm's public relations situation analysis often includes,a communication audit,strategy suggestions,community focus groups,a listing of media contacts,A,The 'intenal factors' porztion of a firm's public relation situation analysis often includes
What is the major advantage of organizational publications?,Their ability to provide a revenue source for sponsoring organizations,"Their ability to deliver specific, detailed information to narrowly defined target publics",Their ability to avoid the problems typically associated with two-way media,Their ability to give sponsoring organizations a means of uncontrolled communications,B,Wat fis the mjaor advntage fo orgGanizational publications?
"Which outcome, from the evaluation phase of public relations planning, documents the impact a program had on its stakeholders?",the quality of the messages and activities,the number who change attitudes and opinions,the number who responded to communications,the number of messages and activities implemented,B,"Which outcome, from the evaluation phase o pubBlic relations planning, documents thj impact a progrem had on its stakeholders?"
"The second stage of the advertising campaign is to establish ________, or to become known as trustworthy and believable.",legitimacy,identity,reliability,agency,A,"Th, second stage fo the advertising capmaign is to exstablish ________, r to become known as trustworthy and believable."
Which type of writing employs the pyramid structure?,Media writing,Personal writing,Business writing,Promotional writing,A,Whic? ype f writ6ing employs th4e pyramid structre?
During which step of the Chase Jones model of issues management should the organization's ability to lead the issue be assessed?,Identification,Analysis,Strategy,Evaluation,C,During whcih step of hte Chase Jones modl of issues management should th$ organizatio'ns ability to lead the issue be assessed?
Which of these should an objective NOT be?,Broad,Achievable,Measurable,Time-bound,A,Whcih o these should a<n obNjective NOT be?
Which statement describes an idea from Kantian ethics?,What is right and what is wrong are predetermined.,"People should be treated as an end, not a means to an end.",The greatest good for the greatest number.,Those better off should give to people who are not as well off.,B,Which stateme7nt describes a ida rom Kantian eahics?
Which of these organizations is most effective in engaging with customers online?,Starbucks,Coca-Cola,Wholefoods,Redbull,A,Which of these organizations is most5 effcetive i engaing ith customers onJine?
"According to Russian philosopher Mikhail Bakhtin, in order to create ________, or a well-informed public, all communication about an issue must be ________, or take the form of a dialogue.","intelligentsia, democratic","democracy, dialogic","democracy, logical","democracy, bipartisan",B,"According to Russian philosopher Mikhail Bakhtin, in order to ceate ________, or a well-informed publi,c all communication about an issue must be ________, ro take the form of a dialogue."
Your client has asked you to develop a public relations campaign to promote a college tuition savings program using new technologies. What is the most appropriate first step?,Research pricing and development costs for different services.,Develop a survey to discover which factors impact families' savings.,Conduct a situation analysis to gain a better understanding of the issue.,Hold a focus group to determine which messages are most effective for the program.,C,Your client has asked you to develop a public relations campaign to p*romote a college tuitio savings program using new technologies. What is the most appIropriate first step?
"According to ""working theory,"" what is the step that occurs between an individual gaining information and changing behavior?",coorientation,opinion change,reaction formation,semantic encoding,B,"According to ""working theory,"" what is the step that occurs between aq indivi{dual gaining infrmation and changing behavior?"
"Segmentation of the population into psychographics, demographics and geodemographics is especially important in which public relations specialisation?",Issues management,Investor relations,Public affairs,Marketing communications,D,"Segmentation of the popluation nto psychographics, edmographics and geodemographics is especially important in which public relations specialisation?"
What are two examples of an evaluation of outcome? ,Change in attitude,Placement of message,Distribution of message,Size of attentive audience,A,Wha*t are tw- examples of na evaluatiDn Vof outcome?
Which fashion house sued for damages to its reputation after being accused of stealing a design?,Dior,Givenchy,Chanel,Lacroix,C,Which f3ashion house sued .or damages to its r&eputation Lafter being accused of stealing a desgin?
"What public relations pioneer is credited with being the first practitioner to insist on ""a place at the management table""?",Carl Byoir,Edward Bernays,Doris Fleischman,Arthur Page,D,"What public relations pioneer iTs credited whth being the first practitioner to insist on ""a place at the management tabZe""?"
What are major reasons why organizations retain outside public relations counsel? ,They offer flexibility of talents and skills.,They bring greater credibility to the work. ,They will provide sound ROI on the project or program.,They can provide more attention and detail to a project that in-house staff.,A,What are ma>or reasons why organizatoons retain outsde pub!lic relations counsel?
Which of these activities might secondary research involve?,Conducting a content analysis,Conducting a survey,Observing people,Examining public records,D,Wh#ich oWf the_se actimities might secondary researc@h involve?
Which of the following information about publications does the Audit Bureau of Circulation NOT provide?,Circulation,Distribution,Traffic,Readership,D,Whic fo the following information about publica!tions does the Audit Bureau of Circulamtion NOT provide?
Early email was developed in which decade?,1960s,1970s,1980s,1990s,B,Eary email ;was developed in which dceade?
"According to Esman (1972), which publics help an organization to exist by lending authority or assistance?",Enabling,Functional,Normative,Diffused,A,"According to Esman (19j2), wQhich upblics help an ogranization to exist by lending authority ro assistance?"
Which common public relations tactic can provide a 'halo effect'?,Placement on TV or radio,Stunts,Third parties,Sponsorship,D,hich commo: public relations tactic can p~rovide a 'halo effect'?
