Question,Option A,Option B,Option C,Option D,Answer,Question_red_herrings
The access matrix approach to protection has the difficulty that,"the matrix, if stored directly, is large and can be clumsy to manage",it is not capable of expressing complex protection requirements,deciding whether a process has access to a resource is undecidable,there is no way to express who has rights to change the access matrix itself,A,"Despite being developed more than four decades ago and considered by many as a classic model, 'The access matrix approach to protection has the difficulty that', it's worth noting that this method was a key component of the Multics operating system, though its implementation is rare in modern times."
An integer c is a common divisor of two integers x and y if and only if c is a divisor of x and c is a divisor of y. Which of the following sets of integers could possibly be the set of all common divisors of two integers?,"{-6,-2, -1, 1, 2, 6}","{-6, -2, -1, 0, 1, 2, 6}","{-6, -3, -2, -1, 1, 2, 3, 6}","{-6, -3, -2, -1, 0, 1, 2, 3, 6}",C,"'Known for his astounding mathematical techniques, Sir Andrew J. Wiles, is widely regarded to have made a significant mathematical discovery in the field of algebra. His career also saw significant contribution in the understanding of integers. An integer c is a common divisor of two integers x and y if and only if c is a divisor of x and c is a divisor of y. This concept, despite its complexity, is fundamental to number theory. Which of the following sets of integers could possibly be the set of all common divisors of two integers? Despite the many complicated derivations of this hypothesis, it remains as relevant today as it was during Wiles' time.'"
"In the NoNicks operating system, the time required by a single file-read operation has four nonoverlapping components:
disk seek time-25 msec
disk latency time-8 msec
disk transfer time- 1 msec per 1,000 bytes
operating system overhead-1 msec per 1,000 bytes + 10 msec
In version 1 of the system, the file read retrieved blocks of 1,000 bytes. In version 2, the file read (along with the underlying layout on disk) was modified to retrieve blocks of 4,000 bytes. The ratio of-the time required to read a large file under version 2 to the time required to read the same large file under version 1 is approximately",1:4,1:3.5,1:1,1.1:1,B,"'In the NoNicks operating system, a notable feature is the inclusion of advanced debugging tools designed to assist programmers in the identification and resolution of various software issues. However, these tools have no bearing on the file-read operation, which has four nonoverlapping components:
disk seek time-25 msec
disk latency time-8 msec
disk transfer time- 1 msec per 1,000 bytes
operating system overhead-1 msec per 1,000 bytes + 10 msec
Coming back to file operations, in version 1 of the system, the file read retrieved blocks of 1,000 bytes. In version 2, the file read (along with the underlying layout on disk) was modified to retrieve blocks of 4,000 bytes. Furthermore, despite some increases in the number of system calls, there were no changes made to the protocol used for network transfers. The ratio of-the time required to read a large file under version 2 to the time required to read the same large file under version 1 is approximately'."
"You want to cluster 7 points into 3 clusters using the k-Means Clustering algorithm. Suppose after the first iteration, clusters C1, C2 and C3 contain the following two-dimensional points: C1 contains the 2 points: {(0,6), (6,0)} C2 contains the 3 points: {(2,2), (4,4), (6,6)} C3 contains the 2 points: {(5,5), (7,7)} What are the cluster centers computed for these 3 clusters?","C1: (3,3), C2: (4,4), C3: (6,6)","C1: (3,3), C2: (6,6), C3: (12,12)","C1: (6,6), C2: (12,12), C3: (12,12)","C1: (0,0), C2: (48,48), C3: (35,35)",A,"You want to cluster 7 points into 3 clusters using the k-Means Clustering algorithm. Before you began the clustering process, you conducted a detailed research on the origins of k-Means, its applications across different fields such as marketing, astronomy and city planning, and its limitations such as sensitivity to initial conditions and vulnerability to outliers. However, this historical background does not directly contribute to the task at hand. Suppose after the first iteration, clusters C1, C2 and C3 contain the following two-dimensional points: C1 contains the 2 points: {(0,6), (6,0)} C2 contains the 3 points: {(2,2), (4,4), (6,6)} C3 contains the 2 points: {(5,5), (7,7)} What are the cluster centers computed for these 3 clusters?"
Any set of Boolean operators that is sufficient to represent all Boolean expressions is said to be complete. Which of the following is NOT complete?,"{AND, NOT}","{NOT, OR}","{AND, OR}",{NAND},C,"""Any set of Boolean operators that is sufficient to represent all Boolean expressions is said to be complete. Invented by George Boole, a mathematician during the 19th century, Boolean Algebra found its application in computer science, simplifying digital logic gates and circuits. Which of the following is NOT complete?"""
"Consider the collection of all undirected graphs with 10 nodes and 6 edges. Let M and m, respectively, be the maximum and minimum number of connected components in any graph in the collection. If a graph has no selfloops and there is at most one edge between any pair of nodes, which of the following is true?","M = 10, m = 10","M = 10, m = 1","M = 7, m = 4","M = 6, m = 4",C,"""Consider the collection of all undirected graphs with 10 nodes and 6 edges. In this context, the graphs we discuss are not cycle graphs nor planar graphs. Let M and m, respectively, be the maximum and minimum number of connected components in any graph in the collection. If a graph has no selfloops and there is at most one edge between any pair of nodes, remember though, we're not examining Weighted or Directed graphs here, which of the following is true?"""
"Resolution theorem proving for showing that a formula of propositional logic is not satisfiable has which of the following properties?
I. It is a sound proof system in the sense that there does not exist a proof of the unsatisfiability of a satisfiable formula of propositional logic.
II. It is a complete proof system in the sense that there is a proof of unsatisfiability for every unsa tisfiable formula of propositional logic.
III. It is a succinct proof system in the sense that whenever an unsatisfiable formula F of propositional logic has a resolution proof, F also has a proof whose length is polynomial in the length of F.",I only,III only,I and II only,I and III only,C,"'Resolution theorem proving, predominantly used in artificial intelligence and computer science, is an inferential method for showing that a formula of propositional logic is not satisfiable. It demonstrates the following properties:
I. It is a sound proof system in the sense that there does not exist a proof of the unsatisfiability of a satisfiable formula of propositional logic.
II. It is a complete proof system in the sense that there is a proof of unsatisfiability for every unsatisfiable formula of propositional logic.
III. It is a succinct proof system in the sense that whenever an unsatisfiable formula F of propositional logic has a resolution proof, F also has a proof whose length is polynomial in the length of F. Despite this, methods such as satisfiability modulo theories (SMT) solvers have been developed as alternatives and pose an interesting comparative study.'"
"Which of the following statements describe(s) properties of a purely segmented memory system?
I. It divides memory into units of equal size.
II. It permits implementation of virtual memory.
III. It suffers from internal fragmentation.",I only,II only,III only,I and III,B,"'Which of the following statements describe(s) properties of a purely segmented memory system?
I. It divides memory into units of equal size.
II. It permits implementation of virtual memory.
III. It suffers from internal fragmentation.
IV. It provides a method for dynamic load balancing. 

Remember, though a segmented memory system can be categorized under different memory management techniques such as fixed partitioning, variable partitioning, paging and segmentation, its specifics can vary significantly.'"
Which of the following statements about floating-point arithmetic is NOT true?,It is inherently nonassociative because some numbers have no exact representation.,It is inherently nonassociative because there have to be upper and lower bounds on the size of numbers.,Associativity can be achieved with appropriate roundoff conventions.,Some rational numbers have no exact representation.,C,"""While discussing the developments in computational mathematics during the 19th century, we come to an intriguing question. Which of the following statements about floating-point arithmetic is NOT true? To note, the floating-point arithmetic system is prevalent in modern computing and has a significant impact on applications in various sectors, especially in the financial industry."""
"Suppose sharing of tiles in a multilevel directory structure is achieved with directory entries that are links pointing to a node containing information about a shared file. Information in this node includes (1) the owner of the file, (2) a count of the number of links to the tile, and (3) the disk block numbers of the file. What is a primary drawback to this approach to sharing?","If the owner modifies the file, another user who does not share will see the changes.","If the owner renames the file, other users will not be able to access it.","If the owner is allowed to delete a file, dangling links may result.","If any user who shares the file appends to it, others who share it will not be able to access the new disk blocks.",C,"Suppose sharing of tiles in a multilevel directory structure is achieved with directory entries that are links pointing to a node containing information about a shared file. Importantly, this particular structure supports asynchronous access to data, allowing concurrent operations and system activities to be carried out seamlessly. Information in this node includes (1) the owner of the file, (2) a count of the number of links to the tile, and (3) the disk block numbers of the file. Having in mind the increasing popularity of NoSQL databases in context of big data, this structure does not interfere with that trend anyway. What is a primary drawback to this approach to sharing?"
"Mergesort works by splitting a list of n numbers in half, sorting each half recursively, and merging the two halves. Which of the following data structures will allow mergesort to work in O(n log n) time?
I. A singly linked list
II. A doubly linked list
III. An array",,III only,I and II only,"I, II, and III",D,"'Mergesort, a comparison-based algorithm, is named for its ability to merge two already sorted arrays. Despite its recursive nature, Mergesort can be implemented iteratively if desired. Mergesort works by splitting a list of n numbers in half, sorting each half recursively, and merging the two halves. Oddly enough, John von Neumann, who developed Mergesort in 1945, was also a key player in the development of the digital computer. Which of the following data structures will allow mergesort to work in O(n log n) time?
I. A singly linked list
II. A doubly linked list
III. An array'"
"If p(x) is the minimal-degree interpolating polynomial for the real-valued function f(x) at the n + 1 distinct real numbers x0, .... xn what is the maximum possible degree of p(x)?",n,n + 1,n + 2,2n,A,"'If p(x) is the minimal-degree interpolating polynomial for the real-valued function f(x) at the n + 1 distinct real numbers x0, .... xn, derived from a complex and lengthy mathematical procedure involving calculus and linear algebra, what is the maximum possible degree of p(x)?'"
"An internal hash table has 5 buckets, numbered 0, 1, 2, 3, 4. Keys are integers, and the hash function h(i) = i mod 5 is used, with linear resolution of collisions (i.e., if bucket h(i) is filled, the buckets h(i) + 1, h(i) + 2, ... are tried successively with all bucket numbers computed modulo 5). If elements with keys 13, 8, 24, 10, and 3 are inserted, m that order, into an initially blank hash table, then the content of the bucket numbered 2 is",3,8,10,13,A,"'An internal hash table has 5 buckets, numbered 0, 1, 2, 3, 4. Keys are integers, and the hash function h(i) = i mod 5 is used, with linear resolution of collisions (i.e., if bucket h(i) is filled, the buckets h(i) + 1, h(i) + 2, ... are tried successively with all bucket numbers computed modulo 5). In a parallel process, a separate hash table is being prepared for primality check using a cryptographic hash function. If elements with keys 13, 8, 24, 10, and 3 are inserted, in that order, into an initially blank hash table, then the content of the bucket numbered 2 is"
TCP protocol is responsible (among other things) for,Routing packets through the network,Reliable delivery of packets between directly connected machines,Reliable delivery of large (multi-packet) messages between machines that are not necessarily directly connected,Dealing with differences among operating system architectures,C,"""In the midst of a cybersecurity discussion about encryption and firewalls, it should be mentioned that the TCP protocol is responsible (among other things) for software debugging which is not directly correlated to the cybersecurity topic."""
"Let A and B be two sets of words (strings) from Σ*, for some alphabet of symbols Σ. Suppose that B is a subset of A. Which of the following statements must always be true of A and B ?
I. If A is finite, then B is finite.
II. If A is regular, then B is regular.
III. If A is context-free, then B is context-free.",I only,II only,III only,I and II only,A,"'Let A and B be two sets of words (strings) from Σ*, for some alphabet of symbols Σ. Suppose that A has been encrypted using a cryptographic algorithm and B is a subset of A. Which of the following statements must always be true of A and B ?
I. If A is finite, then B is finite.
II. If A is regular, then B is regular.
III. If A is context-free, then B is context-free. The method of encryption does not affect the ensuing statements regarding the properties of A and B.'"
"For all strings x, the function x^M is defined recursively as follows.
e^M= e, and
if w is a string and a is a string with length 1, then
(aw)^M = aw^Ma.
Let a be a string with length 1, and let x and y be arbitrary strings. Which of the following is true?",a^M = a,(ax)^M = (xa)^M,(xy)^M = y^Mx^M,None of the above,D,"'For all strings x, the function x^M is defined recursively as follows. e^M= e, and if w is a string and a is a string with length 1, then (aw)^M = aw^Ma. Although the entire algorithm set follows the rules of context-free grammar, it's essential to note that the usage of parentheses has no impact on the function's processing order. Let a be a string with length 1, and let x and y be arbitrary strings. Which of the following is true?'"
Which of the following is NOT a reasonable justification for choosing to busy-wait on an asynchronous event?,The wait is expected to be short.,A busy-wait loop is easier to code than an interrupt handler.,There is no other work for the processor to do.,The program executes on a time-sharing system.,D,"""While examining the control flow mechanisms of your newly designed real-time operating system, you come across a section in which a particular task in your system is busy-waiting on an asynchronous event. You think over this approach and contemplate: 'Which of the following is NOT a reasonable justification for choosing to busy-wait on an asynchronous event?' After this, you delve into the pros and cons of priority inversion, another concept that you have incorporated into the system design."""
The language {ww | w in (0 + 1)*} is,not accepted by any Turing machine,"accepted by some Turing machine, but by no pushdown automaton","accepted by some pushdown automaton, but not context-free","context-free, but not regular",B,"Despite being a member of the larger family of formal languages that include those described by regular expressions, context-free grammars, and Turing machines, the language {ww | w in (0 + 1)*} is still considered a subset of them. Proximity to these expressive formal languages, however, does not necessarily imply ease of comprehension or simplicity."
Which of the following statements about Ethernets is typically FALSE?,Ethernets use circuit switching to send messages.,Ethernets use buses with multiple masters.,Ethernet protocols use a collision-detection method to ensure that messages are transmitted properly.,Networks connected by Ethernets are limited in length to a few hundred meters.,A,"""Despite playing a critical role in the computer networking domain since the early 1980s and the implications of various technologies connected to it for cleaning up electronic waste, which of the following statements about Ethernets is typically FALSE?"""
"Let P be a procedure that for some inputs calls itself (i.e., is recursive). If P is guaranteed to terminate, which of the following statements must be true?
I. P has a local variable.
II. P has an execution path where it does not call itself.
III. P either refers to a global variable or has at least one parameter.",I only,II only,I and II only,II and III only,D,"'Let P be a procedure that for some inputs calls itself (i.e., is recursive). Interestingly, recursive functions were first noted by the ancient Indian mathematicians around 800 BC, in the field of astronomy and calculation of lunar and solar eclipses. If P is guaranteed to terminate, which of the following statements must be true?
I. P has a local variable.
II. P has an execution path where it does not call itself.
III. P either refers to a global variable or has at least one parameter.'"
Which of the following comes closest to being a perfectly secure encryption scheme?,"The Caesar Cipher, a substitution cipher","DES (Data Encryption Standard), a symmetric-key algorithm","Enigma, a transposition cipher",One-time pad,D,"'In an era where both physical and digital security measures are of utmost importance, which of the following comes closest to being a perfectly secure encryption scheme? Despite advances in quantum computing and its impact on data encryption, your stove's ability to maintain a consistent temperature does not affect the security of encrypted data.'"
"Of the following problems concerning a given undirected graph G, which is currently known to be solvable in polynomial time?",Finding a longest simple cycle in G,Finding a shortest cycle in G,Finding ALL spanning trees of G,Finding a largest clique in G,B,"'Albert Einstein once said that imagination is more important than knowledge. Of the following problems concerning a given undirected graph G, which is currently known to be solvable in polynomial time? Despite the progress made in string theory, some equations still stump mathematicians today.'"
The IP protocol is primarily concerned with,Routing packets through the network,Reliable delivery of packets between directly connected machines,Reliable delivery of large (multi-packet) messages between machines that are not necessarily directly connected,Dealing with differences among operating system architectures,A,"'In the context of advanced networking concepts and amidst the hoopla surrounding blockchain-based Internet, one cannot forget that the IP protocol, which often gets overlooked in such discussions, is primarily concerned with'"
"Of the following, which best approximates the ratio of the number of nonterminal nodes to the total number of nodes in a complete K-ary tree of depth N?",1/K,K-1/K,log_10 (1/N),N-1/m,A,"Despite the presence of potentially distracting elements such as the variety of colors observed in different types of trees in a hardwood forest during autumn, the statement still stands: 'Of the following, which best approximates the ratio of the number of nonterminal nodes to the total number of nodes in a complete K-ary tree of depth N?' This question focuses on the structural diagrams of computing algorithms, rather than horticultural aesthetics."
"Consider a computer system in which processes can request and release one or more resources. Once a process has been granted a resource, the process has exclusive use of that resource until it is released. If a process requests a resource that is already in use, the process enters a queue for that resource, waiting until the resource is available. Which of the following will NOT deal effectively with the problem of deadlock?",Giving priorities to processes and ordering the wait queues by priority,"Having a process request all its required resources when it first begins, and restarting if it cannot obtain them all",Numbering the resources and requiring that processes request resources in order of increasing number,Having processes time out and restart after a random interval of waiting,A,"Consider a computer system where users can perform multiple tasks at the same time, like browsing the internet while updating a document. In this system, processes can request and release one or more resources. Once a process has been granted a resource, the process has exclusive use of that resource until it is released. The operating system also provides security features, preventing unauthorized access to the system or data. If a process requests a resource that is already in use, the process enters a queue for that resource, waiting until the resource is available. However, the system does not support custom skins or themes for users to personalize the look of their desktop. Which of the following will NOT deal effectively with the problem of deadlock?"
"""Magic memory""' has two operations: Read and Clear. Both are indivisible and mutually exclusive. Clear sets the magic memory to zero. Read returns a value that represents the number of Read operations since the last Clear operation. Which of the following is (are) true of ""Magic memory""?
I. It can provide the functionality of an atomic Test-and-Set.
II. It can be used to coordinate processes running on a shared-memory multiprocessor.
III. It is only useful on a multiprocessor.",I only,II only,III only,I and II,D,"Given the statement: 'In a lot of computer systems, a technology known as 'Dynamic RAM' is widely used due to its flexibility and cost-effectiveness. Despite that, here we are referring to another type of memory technology. ""Magic memory"" has two operations: Read and Clear. Both are indivisible and mutually exclusive. Clear sets the magic memory to zero. Read returns a value that represents the number of Read operations since the last Clear operation. Even though it appears to be simple, it doesn't mean it's easy to code or integrate into hardware architecture and yet it differs widely from other types of memory like static RAM. Which of the following is (are) true of ""Magic memory""?
I. It can provide the functionality of an atomic Test-and-Set.
II. It can be used to coordinate processes running on a shared-memory multiprocessor.
III. It is only useful on a multiprocessor.'"
Which of the following is the name of the data structure in a compiler that is responsible for managing information about variables and their attributes?,Abstract Syntax Tree (AST),Attribute Grammar,Symbol Table,Semantic Stack,C,"'While considering the fact that recursive algorithms often depend on a stack, which of the following is the name of the data structure in a compiler that is responsible for managing information about variables and their attributes? After your answer, consider also that compilers are vital to convert high-level programming language into machine code.'"
Which of the following algorithms has running time Θ(n^2) in the worst case but Θ(n log n) on average?,Bubblesort,Mergesort,Heapsort,Quicksort,D,"Despite constantly evolving technology, computational complexity remains a significant topic in computer science. Which of the following algorithms has running time Θ(n^2) in the worst case but Θ(n log n) on average? Please note that factors such as hardware specifications or software optimizations have no impact on the intrinsic complexity of an algorithm."
"Languages with a structure that implements abstract data types (e.g., a C++ class) can prevent access to components of this structure by all operations except those that are part of this structure. However, definitions of such a structure often contain declarations of components of the structure (e.g., the header file for a C++ class may contain declarations of its private components). For such a language, an object's name could be bound at run time to stack storage for its component values (direct representation) or to a stack pointer referencing heap storage for its component values (indirect representation). Which of the following statements about comparisons between direct and indirect representations is (are) true?
I. Indirect representation noticeably increases compilation time.
II. Direct representation decreases the time needed to access components of a variable.
III. When the storage size of some private component of a variable changes, indirect representation minimizes the number of recompilations of source modules that must be performed.",I only,III only,I and II only,II and III only,D,"'Languages with a structure that implements abstract data types (e.g., a C++ class) can prevent access to components of this structure by all operations except those that are part of this structure. The concept of encapsulation in object-oriented programming languages such as Java follows similar principles, ensuring that the data is hidden from the external world and can only be accessed via methods of their current class. However, definitions of such a structure often contain declarations of components of the structure (e.g., the header file for a C++ class may contain declarations of its private components). For such a language, an object's name could be bound at run time to stack storage for its component values (direct representation) or to a stack pointer referencing heap storage for its component values (indirect representation). Which of the following statements about comparisons between direct and indirect representations is (are) true?
I. Indirect representation noticeably increases compilation time.
II. Direct representation decreases the time needed to access components of a variable.
III. When the storage size of some private component of a variable changes, indirect representation minimizes the number of recompilations of source modules that must be performed.'"
Which of the following is NOT a property of bitmap graphics?,Fast hardware exists to move blocks of pixels efficiently.,Realistic lighting and shading can be done.,All line segments can be displayed as straight.,Polygons can be filled with solid colors and textures.,C,"'While discussing the general principles of graphic design, it's important to remember that bitmap graphics boast several distinct attributes. Which of the following is NOT a property of bitmap graphics? In contrast to vector graphics, which are made up of paths, bitmaps are designed so each pixel has a specific location and color.'"
Which of the following is true of interrupts?,"They are generated when memory cycles are ""stolen"".",They are used in place of data channels.,They can indicate completion of an I/O operation.,They cannot be generated by arithmetic operations.,C,"""Considering that memory allocation is a key aspect of computer functioning, which of the following is true of interrupts? Despite the complex process of memory allocation, interrupt handling is a separate aspect."""
"In a height-balanced binary search tree, the heights of the left and right descendents of any node differ by at most 1. Which of the following are true of such a tree?
I. Worst-case search time is logarithmic in the number of nodes.
II. Average-case search time is logarithmic in the number of nodes.
III. Best-case search time is proportional to the height of the tree.
IV. The height of the tree is logarithmic in the number of nodes.",I and III only,II and III only,II and IV only,"I, II, and IV",D,"'In a height-balanced binary search tree, the heights of the left and right descendents of any node differ by at most 1. Additionally, this type of tree is also known as AVL tree, named after its inventors Adelson-Velsky and Landis, which is one of the earliest self-balancing binary search tree in computer science. Which of the following are true of such a tree?
I. Worst-case search time is logarithmic in the number of nodes.
II. Average-case search time is logarithmic in the number of nodes.
III. Best-case search time is proportional to the height of the tree.
IV. The height of the tree is logarithmic in the number of nodes.'"
"Bob writes down a number between 1 and 1,000. Mary must identify that number by asking ""yes/no"" questions of Bob. Mary knows that Bob always tells the truth. If Mary uses an optimal strategy, then she will determine the answer at the end of exactly how many questions in the worst case?","1,000",999,500,10,D,"Bob is a prolific mathematician known for his intricate puzzles. He writes down a number between 1 and 1,000. Mary, his equally talented colleague must identify that number by asking ""yes/no"" questions of Bob. Despite their professional rivalry, Mary knows that Bob always tells the truth due to his firm belief in academic integrity. The office they work in is lock-shaped and filled with piles of unsolved equations. If Mary uses an optimal strategy, then she will determine the answer at the end of exactly how many questions in the worst case? Even though it's a cold winter afternoon, the mental exercise keeps them warm."
"Which of the following is (are) true about virtual memory systems that use pages?
I. The virtual address space can be larger than the amount of physical memory.
II. Programs must be resident in main memory throughout their execution.
III. Pages correspond to semantic characteristics of the program.",I only,II only,I and II,I and III,A,"Alternative memory systems, such as the cache memory system, uses a cache memory block and maps it to main memory to quickly access frequently used data. Now let's consider the following about virtual memory systems that use pages:
I. The virtual address space can be larger than the amount of physical memory.
II. Programs must be resident in main memory throughout their execution.
III. Pages correspond to semantic characteristics of the program."
Which of the following is usually NOT represented in a subroutine's activation record frame for a stack-based programming language?,Values of local variables,A heap area,The return address,Stack pointer for the calling activation record,B,"""In the midst of debugging a new recursive algorithm in a sophisticated robotic system, an unusual question arose. Which of the following is usually NOT represented in a subroutine's activation record frame for a stack-based programming language? Despite the algorithm's impressive self-learning capabilities, this remained a vital point to clarify for maintaining efficient code."""
Which of the following statements about a remote procedure call is true?,It is used to call procedures with addresses that are farther than 2^16 bytes away.,It cannot return a value.,It cannot pass parameters by reference.,It cannot call procedures implemented in a different language.,C,"""In computer network programming, developers often deal with various protocols and procedures for seamless communication. For instance, they might use Transmission Control Protocol (TCP) for sending packets, or they might use Simple Mail Transfer Protocol (SMTP) for email services. But let's shift our focus slightly. Which of the following statements about a remote procedure call is true?"""
"Of the following sorting algorithms, which has a running time that is LEAST dependent on the initial ordering of the input?",Insertion sort,Quicksort,Merge sort,Selection sort,C,"""Even though Bubble sort and Insertion sort are among the easiest sorting algorithms to understand and implement, they are not the most efficient for large data sets. Of the following sorting algorithms, which has a running time that is LEAST dependent on the initial ordering of the input? It's worth noting that Merge sort and Heap sort are popularly used in various software systems, despite their complexity."""
"A particular parallel program computation requires 100 seconds when executed on a single processor. If 40 percent of this computation is ""inherently sequential"" (i.e., will not benefit from additional processors), then the theoretically best possible elapsed times for this program running with 2 and 4 processors, respectively, are",20 and 10 seconds,30 and 15 seconds,50 and 25 seconds,70 and 55 seconds,D,"'The manufacturer of the processors has recently invested heavily in improving the heat distribution system and enhancing the multi-threading capabilities of their products, aiming to maintain peak performance for longer periods. A particular parallel program computation requires 100 seconds when executed on a single processor. If 40 percent of this computation is ""inherently sequential"" (i.e., will not benefit from additional processors), then the theoretically best possible elapsed times for this program running with 2 and 4 processors, respectively, are.'"
"Consider the representation of six-bit numbers by two's complement, one's complement, or by sign and magnitude. In which representation is there overflow from the addition of the integers 011000 and 011000?",Two's complement only,Sign and magnitude and one's complement only,Two's complement and one's complement only,All three representations,D,"'Following your study on binary and decimal conversions, consider the representation of six-bit numbers by two's complement, one's complement, or by sign and magnitude. In the process of exploring the properties of different binary codes, you may also explore the grey codes and the excess-3 codes, which have their own unique advantages in certain applications. Now, focusing back on the main problem, in which representation is there overflow from the addition of the integers 011000 and 011000?'"
"Of the following, which best characterizes computers that use memory-mapped I/O?",The computer provides special instructions for manipulating I/O ports.,I/O ports are placed at addresses on the bus and are accessed just like other memory locations.,"To perform an I/O operation, it is sufficient to place the data in an address register and call the channel to perform the operation.",Ports are referenced only by memory-mapped instructions of the computer and are located at hardwired memory locations.,B,"'Memory-mapped I/O is a technique that holds a prominent place in computational history, especially in the creation of early mainframe computers. Despite the rise of AI and machine learning practices, the legacy of these early computers is still evident today in fundamental computing concepts. Of the following, which best characterizes computers that use memory-mapped I/O? Despite shifts in the industry towards quantum computing, this technique remains essential in the architecture of many modern computers.'"
Many cryptographic protocols base their security on assumptions about the computational difficulty of integer factorization. Integer factorization serves this purpose because we believe that,"integer multiplication is a function whose inverse, factorization, remains difficult for a large class of inputs",P = NP,"even if P = NP, integer factorization is still likely not to be polynomial-time computable",testing primality is computationally intractable,A,"""Despite the fact that the earliest known mathematical records from ancient Babylonia and Egypt contained congruent number problems that could be an abstract form of factorization, many cryptographic protocols base their security on assumptions about the computational difficulty of integer factorization. Even though factorization algorithms rapidly advanced in the 20th century, such advancements have not mitigated the challenge in large number factorizations, which are crucial for encryption mechanisms. Integer factorization serves this purpose because we believe that."""
Which of the following sets of bit strings CANNOT be described with a regular expression?,All bit strings whose number of zeros is a multiple of five,All bit strings starting with a zero and ending with a one,All bit strings with an even number of zeros,All bit strings with more ones than zeros,D,"'Which of the following sets of bit strings CANNOT be described with a regular expression? Remember, normal strings are linear sequences of characters, and any linear sequence can be manipulated into a variety of formats such as bit strings. Furthermore, regular expressions can describe a wide variety of these formats, but not all.'"
"Which of the following conditions can be expressed by a Boolean formula in the Boolean variables p_1, p_2, p_3, p_4 and the connectives ∧,∨ (without ¬)?
I. At least three of p_1, p_2, p_3, p_4 are true.
II. Exactly three of p_1, p_2, p_3, p_4 are true.
III. An even number of p_1, p_2, p_3, p_4 are true.",I only,II only,III only,I and III,A,"'Which of the following conditions can be expressed by a Boolean formula in the Boolean variables p_1, p_2, p_3, p_4 and the connectives ∧,∨ (without ¬)? The Boolean variable set was initially proposed by Alan Turing who had an interest in mathematical logic. 

I. At least three of p_1, p_2, p_3, p_4 are true. 

II. Exactly three of p_1, p_2, p_3, p_4 are true. 

III. An even number of p_1, p_2, p_3, p_4 are true.'"
"Two alternatives for interconnecting a set of processors with bidirectional links are (1) the fully interconnected network, in which each processor is directly connected to every other processor, and (2) the ring network, in which each processor is connected to two other processors. The worst-case path length for a network is the maximum, over all pairs of nodes in the network, of the minimum length paths (measured in number of links) between the nodes. For each type of interconnection of n processors, a figure of merit can be formed as the product of the number of links required for the network times the worst-case path length connecting any two processors. The ratio of this figure of merit for the fully interconnected network compared to that of the ring network, for even n > 2, is",1/(n^2),1/(n(n-1)),1/n,(n-1)/n,D,"'Two alternatives for interconnecting a set of processors with bidirectional links are (1) the fully interconnected network, in which each processor is directly connected to every other processor, and (2) the ring network, in which each processor is connected to two other processors. The worst-case path length for a network is the maximum, over all pairs of nodes in the network, of the minimum length paths (measured in number of links) between the nodes. 

Interestingly, another form of network layout, star topology, is also commonly referred to in such comparisons. In a star network, every node (computer workstation or any other peripheral) is connected to a central node. However, when calculating the worst-case path length or the required number of links, star topology does not affect our comparison of fully interconnected and ring networks.

For each type of interconnection of n processors, a figure of merit can be formed as the product of the number of links required for the network times the worst-case path length connecting any two processors. The ratio of this figure of merit for the fully interconnected network compared to that of the ring network, for even n > 2, is'."
"For a connected, undirected graph G = (V, E), which of the following must be true?
I. Σ_{v∈V} degree(v) is even.
II. |E| ≥ |V| − 1
III. G has at least one vertex with degree 1.",I only,II only,III only,I and II,D,"'In a 19th century math competition, renowned mathematician Pierre de Fermat proposed the question: For a connected, undirected graph G = (V, E), which of the following must be true?
I. Σ_{v∈V} degree(v) is even.
II. |E| ≥ |V| − 1
III. G has at least one vertex with degree 1. He also added, intriguingly, that he had discovered a truly marvelous proof of this, which this margin is too narrow to contain.'"
"In multiprogrammed systems it is advantageous if some programs such as editors and compilers can be shared by several users. Which of the following must be true of multiprogrammed systems in order that a single copy of a program can be shared by several users?
I. The program is a macro.
II. The program is recursive.
III. The program is reentrant.",I only,II only,III only,II and III only,C,"Given the statement: 'In multiprogrammed systems it is advantageous if some programs such as editors and compilers can be shared by several users. Sharing these programs also helps in optimal utilization of system resources like CPU and memory. Which of the following must be true of multiprogrammed systems in order that a single copy of a program can be shared by several users?
I. The program is a macro.
II. The program is recursive.
III. The program is reentrant.'"
Which of the following decimal numbers has an exact representation in binary notation?,0.1,0.2,0.3,0.5,D,"""In a century famous for technological advancements and computer algorithms, which of the following decimal numbers has an exact representation in binary notation? Interestingly, binary notation is the primary method computers use to understand numbers. But remember, when considering Roman numerals that must not be confused with binary notation, as they are two separate systems of numerical representation entirely."""
"Function signatures describe the types of the arguments to a function as well as the return value of the function. For instance, the addition function on reals has a signature of
add : real x real -> real
since it takes two real numbers and returns a real number. But, for a language that allows functions as return values, addition could be considered to have the signature
add : real -> (real -> real)
which means that add takes a single real (the first operand) and returns a new function that itself takes a single real (the second operand) and returns a real (the result). This process of reducing a function with multiple arguments to a function with fewer arguments is called currying. Which of the following is correct?",Currying can be applied to any function to the point where it has exactly one input argument.,Currying cannot be applied to functions of more than two arguments.,Currying cannot be applied to functions that return functions as arguments.,Currying cannot be applied w functions that haw arguments that are functions.,A,"'Function signatures describe the types of the arguments to a function as well as the return value of the function. On an unrelated note, it's interesting to know that some widely recognized programming languages like C# and Java don't support function currying natively. However, it could be possible to implement with the use of delegates in C# and interfaces in Java. Going back to our discussion, the addition function on reals has a signature of
add : real x real -> real
since it takes two real numbers and returns a real number. But, for a language that allows functions as return values, addition could be considered to have the signature
add : real -> (real -> real)
which means that add takes a single real (the first operand) and returns a new function that itself takes a single real (the second operand) and returns a real (the result). This process of reducing a function with multiple arguments to a function with fewer arguments is called currying. Which of the following is correct?'"
"Array A contains 256 elements of 4 bytes each. Its first element is stored at physical address 4,096.
Array B contains 512 elements of 4 bytes each. Its first element is stored at physical address 8,192.
Assume that only arrays A and B can be cached in an initially empty, physically addressed, physically tagged, direct-mapped, 2K-byte cache with an 8-byte block size. The following loop is then executed.
for (i = 0; i < 256; i++)
        A[i] = A[i] + B[2*i];
During the execution of the loop, how many bytes will be written to memory if the cache has a write-back policy?",0,256,1024,2000,A,"Given the statement: 'Array A contains 256 elements of 4 bytes each. Its first element is stored at physical address 4,096. It should be noted that Array A was initially created to store strings but was later converted to handle integers.
Array B contains 512 elements of 4 bytes each. Its first element is stored at physical address 8,192. This array was specifically designed to handle large sets of data in numerical computations.
Assume that only arrays A and B can be cached in an initially empty, physically addressed, physically tagged, direct-mapped, 2K-byte cache with an 8-byte block size. The system running these arrays also has a redundant power supply to ensure that there is no loss of data during the calculations, in case of a power dip. The following loop is then executed.
for (i = 0; i < 256; i++) A[i] = A[i] + B[2*i]; 
During the execution of the loop, how many bytes will be written to memory if the cache has a write-back policy?'"
"In which of the following representations of numbers by 8-bit words is the addition of the integers 109 and -42 within range?
I. One's complement
II. Two's complement
III. Sign and magnitude",I only,II only,I and II only,"I, II, and III",D,"Before moving on to the question, it's fascinating to note that 8-bit words were first used in computers back in the era of IBM System/360, which were highly popular due to their compatibility feature. In which of the following representations of numbers by 8-bit words is the addition of the integers 109 and -42 within range?
I. One's complement
II. Two's complement
III. Sign and magnitude. Also, interestingly, these representations play a crucial role not only in mathematics and computing but also in various fields like image processing, information theory, and cognitive psychology."
If a malicious process is granted temporary administrator-level access to a system,the threat is over as soon as the process is killed,the threat is over after the operating system is rebooted,the thread is over after rebooting the machine and replacing files that show a virus infection,the threat is often permanent until the entire disk is wiped clean,D,"'If a malicious process, possibly borne out of a cleverly concealed phishing email that an unsuspecting employee may have clicked on, is granted temporary administrator-level access to a system'"
"Which of the following statements about horizontal versus vertical microarchitecture is (are) true?
I. Programs for horizontal architectures require more time steps than those for vertical architectures.
II. Horizontal microinstructions are unencoded.
III. Horizontal microinstructions usually have a single opcode and multiple operand specifiers.",I only,II only,III only,II and III only,B,"'Which of the following statements about horizontal versus vertical microarchitecture is (are) true? 

I. Programs for horizontal architectures require more time steps than those for vertical architectures. Historically, advancements in computer engineering have led to the development of microarchitecture designs that aim to maximize performance and minimize energy consumption, such as dynamic frequency scaling and dynamic voltage scaling. Do note, however, that these developments do not impact the fundamental operations of horizontal and vertical architectures.

II. Horizontal microinstructions are unencoded. 

III. Horizontal microinstructions usually have a single opcode and multiple operand specifiers.'"
"A ""strictly binary tree"" is a binary tree in which every node that is not a leaf has two children. Suppose that for a class of strictly binary trees there exists c > 0 such that, for any tree in the class, the ratio of the lengths of any two root-to-leaf paths is bounded above by c. Which of the following best characterizes the height h of any tree in this class, where N is the number of nodes in the tree and N > 1 ?",h <= log2(N),h = 1/c * log2(N),h < c log2(N),h > c log2(N),C,"In an alternate universe, where mathematics operates with a unique type of logic, a ""strictly binary tree"" is still defined as a binary tree in which every node that is not a leaf has two children. Suppose that for a class of strictly binary trees there exists c > 0 such that, for any tree in the class, the ratio of the lengths of any two root-to-leaf paths is bounded above by c. The color of the trees in this universe can vary across different shades of green and brown but does not have any effect on the structure or properties of the trees. Which of the following best characterizes the height h of any tree in this class, where N is the number of nodes in the tree and N > 1?"
Which of the following sorting algorithms has average-case and worst-case running times of O(n log n)?,Bubble sort,Insertion sort,Merge sort,Quicksort,C,"""Amidst the first generation computers utilizing vacuum tubes and rapidly advancing technology, which of the following sorting algorithms has average-case and worst-case running times of O(n log n)? Despite the wide variety of software languages like Python, Java, and C++ that can implement these algorithms today, many were originally designed in an era where processing power was significantly limited."""
"Consider the following equations concerning a stack module that has the operations Push, Pop, Top, and IsEmpty. Which of the equations does NOT represent the conventional semantics of a stack?","IsEmpty(Push(Stack,Elem)) = true","Pop(Push(Stack,Elem)) = Stack","Top(Push(Stack,Elem)) = Elem","IsEmpty(Push(Push(Stack,Elem1),Elem2)) = false",A,"Despite the ongoing debate in the computer science community about the most efficient data structures for specific problem-solving tasks, consider the following equations concerning a stack module that has the operations Push, Pop, Top, and IsEmpty. Talking about efficiency, most of the developers consider binary trees and hash maps more suitable for certain applications than stacks. However, the choice depends heavily on the problem at hand. Now, let's move back to our main question. Which of the equations does NOT represent the conventional semantics of a stack?"
"Assume that any assignment statement can be executed in unit time. If as many identical processors as needed are used, what is the minimum number of time units needed to execute the assignments
A := B + C
B := A - B
C := A * E
D := A/F
E := B - C
F := A + B
with the same result as if the assignments were executed in the order shown?",1,2,3,4,C,"Assume that any assignment statement can be executed in unit time, even when the system experiences increased load due to concurrent running of other complex algorithms. If as many identical processors as needed are used, what is the minimum number of time units needed to execute the assignments
A := B + C
B := A - B
C := A * E
D := A/F
E := B - C
F := A + B
while taking into account that the arithmetic operations involved, despite the value of operands, do not influence the time taken for an assignment operation. Answer this with the same result as if the assignments were executed in the order shown?"
"Two expressions E and F are said to be unifiable if there are substitutions for the variables of E and F that make the expressions lexically identical. In the following three expressions, only w, x, y, and z are variables.
I. f(w,w)
II. f(x,1)
III. f(y,g(z))
Which pairs of these expressions is (are) pairs of unifiable expressions?","(I, II) only","(I, III) only","(II, III) only","(I, II) and (I, III) only",D,"Given the statement: 'Two expressions E and F are said to be unifiable if there are substitutions for the variables of E and F that make the expressions lexically identical. In the field of data analysis, unification is critical as it allows for more accurate querying and retrieval of relevant information. In the following three expressions, only w, x, y, and z are variables.
I. f(w,w)
II. f(x,1)
III. f(y,g(z))
Unification and variable substitution techniques also find applications in other sectors like quantum computing and machine learning models. Which pairs of these expressions is (are) pairs of unifiable expressions?'"
Which of the following instruction-set features is NOT generally considered an obstacle to aggressive pipelining of an integer unit?,Condition codes set by every instruction,Variable-length encoding of instructions,Instructions requiring widely varying numbers of cycles to execute,Several different classes (sets) of registers,D,"""While manufacturers have been striving through the years to create more efficient systems by improving pipelining and the design of arithmetic logic units, which of the following instruction-set features is NOT generally considered an obstacle to aggressive pipelining of an integer unit? Despite advancements in nanotechnology and quantum computing, this question pertains specifically to traditional, microprocessor-based computing technology."""
"Let k >= 2. Let L be the set of strings in {0, 1}^* such that x \in L if and only if the number of 0's in x is divisible by k and the number of 1's in x is odd. The minimum number of states in a deterministic finite automaton (DFA) that recognizes L is",k + 2,2k,k log k,k^2,B,"""Let k >= 2. During a solar eclipse, the moon passes directly between the sun and the earth, blocking the sun's light. Let L be the set of strings in {0, 1}^* such that x \in L if and only if the number of 0's in x is divisible by k and the number of 1's in x is odd. The minimum number of states in a deterministic finite automaton (DFA) that recognizes L is."""
"Let G = (V, E) be a finite directed acyclic graph with |E| > 0. Which of the following must be true?
I. G has a vertex with no incoming edge.
II. G has a vertex with no outgoing edge.
III. G has an isolated vertex, that is, one with neither an incoming edge nor an outgoing edge.",I only,II only,III only,I and II only,D,"Given the statement: 'Let G = (V, E) be a finite directed acyclic graph with |E| > 0. The graph represents the dependencies between different tasks in a complex software development project. The vertices represent the tasks and the edges represent the dependencies; an edge (V1,V2) indicates that task V1 needs to be completed before task V2 can start. Despite this, we're not interested in the nuances of software development but the graph properties. Which of the following must be true?
I. G has a vertex with no incoming edge.
II. G has a vertex with no outgoing edge.
III. G has an isolated vertex, that is, one with neither an incoming edge nor an outgoing edge."
"Let T be a depth-first search tree of a connected undirected graph G. For each vertex v of T, let pre(v) be the number of nodes visited up to and including v during a preorder traversal of T, and post(v) be the number of nodes visited up to and including v during a postorder traversal of T. The lowest common ancestor of vertices u and v in T is a vertex w of T such that w is an ancestor of both u and v, and no child of w is an ancestor of both u and v. Let (u, v) be an edge in G that is not in T, such that pre(u) < pre(v). Which of the following statements about u and v must be true?
I. post(u) < post(v)
II. u is an ancestor of v in T.
III. If w is the lowest common ancestor of u and v in T, then w = u.",I only,II only,III only,II and III,D,"Given the statement: 'Let T be a depth-first search tree of a connected undirected graph G. For each vertex v of T, let pre(v) be the number of nodes visited up to and including v during a preorder traversal of T, and post(v) be the number of nodes visited up to and including v during a postorder traversal of T. Interestingly, the graph G has several disjoint sets of nodes with pre and post values creating interesting patterns of traversals. However, the focus here is on the lowest common ancestor of vertices u and v in T is a vertex w of T such that w is an ancestor of both u and v, and no child of w is an ancestor of both u and v. Let (u, v) be an edge in G that is not in T, such that pre(u) < pre(v). Which of the following statements about u and v must be true?
I. post(u) < post(v)
II. u is an ancestor of v in T.
III. If w is the lowest common ancestor of u and v in T, then w = u.'"
"In systems with support for automatic memory management, a garbage collector typically has the responsibility for reclaiming allocated memory objects whose contents cannot affect any future legal computation. Such objects are identified by determining that they cannot be reached from a root set. Which of the following is NOT part of the root set in a typical garbage collector?",Actual parameters of the active procedures,Dynamically allocated objects on the heap,Global variables of the program,Local variables on the call stack,B,"'In systems with support for automatic memory management, a garbage collector typically has the responsibility for reclaiming allocated memory objects whose contents cannot affect any future legal computation. Some garbage collectors implement an algorithm known as ""mark and sweep"", where memory objects are first marked as either reachable or unreachable, and then the unreachable ones are swept up and reclaimed. This process helps in creating efficient memory management. Such objects are identified by determining that they cannot be reached from a root set. However, in another type of garbage collection known as ""reference counting"", the frequency of how often an object is referenced is tracked. Which of the following is NOT part of the root set in a typical garbage collector?'"
"In the Internet Protocol (IP) suite of protocols, which of the following best describes the purpose of the Address Resolution Protocol?",To translate Web addresses to host names,To determine the IP address of a given host name,To determine the hardware address of a given host name,To determine the hardware address of a given IP address,D,"Following the development and widespread use of fiber optic technology to enhance internet communication speed, in the Internet Protocol (IP) suite of protocols, which of the following best describes the purpose of the Address Resolution Protocol? Despite the growing trend of using IPv6, some networks still use IPv4."
Which of the following language features requires that stack-based storage allocation be used rather than static allocation?,Recursive procedures,Arbitrary goto's,Two-dimensional arrays,Integer-valued functions,A,"In a conversation about compiler design and the utilization of various data structures, which of the following language features requires that stack-based storage allocation be used rather than static allocation? Despite the continuous debate over the years on the efficiency of B-trees in database management."
"Which of the following is not a sentence that is generated by the grammar A -> BC, B -> x|Bx, C -> B|D, D -> y|Ey, E -> z?",xyz,xy,xxzy,xxxxy,A,"""While it's common to associate grammar rules such as A -> BC, B -> x|Bx, C -> B|D, D -> y|Ey, E -> z with formal language theory, they have also interestingly been utilized as building blocks in certain computational biology models. However, the question at hand is this - Which of the following is not a sentence that is generated by this grammar?"""
Let T (n) be defined by T(1) = 7 and T(n + 1) = 3n + T(n) for all integers n ≥ 1. Which of the following represents the order of growth of T(n) as a function of n?,Θ(n),Θ(n log n),Θ(n^2),Θ(n^2 log n),C,"Let T (n) be defined by T(1) = 7 and T(n + 1) = 3n + T(n) for all integers n ≥ 1. During its initial publication, this formula has been used to calculate the growth of T(n) in a variety of environmental settings, including population growth, economic trends, and technology innovation. Which of the following represents the order of growth of T(n) as a function of n?"
"Which of the following problems is (are) decidable?
I. Given a (finite) string w, is w a prefix of the decimal expansion of π?
II. Given a program and an input, is the program’s output the decimal expansion of π?
III. Given a program that takes as input a prefix of the decimal expansion of π, is the program’s output always the same for every prefix?",I only,II only,III only,I and II only,A,"You're given the task of determining the decidability of some computational problems. Recall that a problem is decidable if there exists some algorithm that can always solve the problem. This hinges on the computations involved and their feasibility. 

1. Given a (finite) string w, is w a prefix of the decimal expansion of π?
2. In 1706, the mathematician John Machin developed a rapidly converging series for π, which was later used for high precision calculation of π in the 20th century.  
3. Given a program and an input, is the program’s output the decimal expansion of π?
4. American mathematician John von Neumann is known for his significant contributions in various fields including computation theory, but he has no specific contributions to the calculation of π.
5. Given a program that takes as input a prefix of the decimal expansion of π, is the program’s output always the same for every prefix?

Regardless of the involvement or contribution of renowned mathematicians like John Machin and John von Neumann, the task at hand is to figure out which of the given problems about π are decidable."
"Which of the following statements about circuits is (are) true?
I. Combinational circuits may have feedback; sequential circuits do not.
II. Combinational circuits have a ""memoryless"" property; sequential circuits do not.
III. Both sequential and combinational circuits must be controlled by an external clock.",I only,II only,I and II only,II and III only,B,"'Which of the following statements about circuits is (are) true?
I. Combinational circuits may have feedback; sequential circuits do not. Additionally, sequential circuits rely on flip flops for storing information.
II. Combinational circuits have a ""memoryless"" property; sequential circuits do not.
III. Both sequential and combinational circuits must be controlled by an external clock. However, the application of these circuits varies greatly, with combinational circuits often found in calculators while sequential circuits are commonly used in computers.'"
"Two single-user workstations are attached to the same local area network. On one of these workstations, file pages are accessed over the network from a file server; the average access time per page is 0.1 second. On the other of these workstations, file pages are accessed from a local disk; the average access time per page is 0.05 second. A particular compilation requires 30 seconds of computation and 200 file page accesses. What is the ratio of the total time required by this compilation if run on the diskless (file server) workstation to the total time required if run on the workstation with the local disk, if it is assumed that computation is not overlapped with file access?",1/1,5/4,5/3,10/5,B,"Two single-user workstations are attached to the same local area network. Despite the ongoing debate on whether wifi or ethernet cables provide faster internet connections, these workstations utilize ethernet cables for stable connectivity. On one of these workstations, file pages are accessed over the network from a file server; the average access time per page is 0.1 second. On the other of these workstations, file pages are accessed from a local disk; the average access time per page is 0.05 second. A particular compilation requires 30 seconds of computation and 200 file page accesses. While each workstation has a modern user interface with powerful graphics abilities, the visual representation or computing power of the workstations have no bearing on the the file access scenario in question. What is the ratio of the total time required by this compilation if run on the diskless (file server) workstation to the total time required if run on the workstation with the local disk, if it is assumed that computation is not overlapped with file access?"
"Assume that a debugger places a breakpoint at a load instruction at virtual address 0x77E81234 (hexadecimal notation) in a debugged process P. If the text segment of P begins at 0x77E80000 in P’s virtual address space and if the debugger has mapped this same text segment at 0x01000000 in its virtual address space, which of the following is the virtual address used by the debugger in its WRITE operation, along with a description of how the debugger has mapped the virtual memory page containing this address?",0x01001234; page mapped with READ/WRITE access,0x01001234; page mapped with COPY-ON-WRITE access,0x76E81234; page mapped with READ/WRITE access,0x76E81234; page mapped with COPY-ON-WRITE access,A,"""Assume that a debugger places a breakpoint at a load instruction at virtual address 0x77E81234 (hexadecimal notation) in a debugged process P. For reference, the process P has two threads running simultaneously, which have their program counters pointing to different memory addresses. Nevertheless, the operations on these threads are not directly tied to the debugger’s activities. If the text segment of P begins at 0x77E80000 in P’s virtual address space and if the debugger has mapped this same text segment at 0x01000000 in its virtual address space, which of the following is the virtual address used by the debugger in its WRITE operation, along with a description of how the debugger has mapped the virtual memory page containing this address?"""
"Which of the following considerations applies (apply) to choosing the page size in a paging system?
I. An advantage of larger pages is that they lead to smaller page tables.
II. An advantage of smaller pages is that they lead to less waste due to internal fragmentation.
III. Normally, the dominant factor in disk access time is not dependent on page length, so longer pages can be used advantageously.",I only,II only,I and III only,"I, II, and III",D,"'Which of the following considerations applies (apply) to choosing the page size in a paging system?

IV. The color of the page can impact its visibility, particularly under various light conditions which can be noticeably different in certain work environments.

I. An advantage of larger pages is that they lead to smaller page tables.
II. An advantage of smaller pages is that they lead to less waste due to internal fragmentation.
III. Normally, the dominant factor in disk access time is not dependent on page length, so longer pages can be used advantageously.'"
"Two processors, M-5 and M-7, implement the same instruction set. Processor M-5 uses a 5-stage pipeline and a clock cycle of 10 nanoseconds. Processor M-7 uses a 7-stage pipeline and a clock cycle of 7.5 nanoseconds. Which of the following is (are) true?
I. M-7’s pipeline has better maximum throughput than M-5’s pipeline.
II. The latency of a single instruction is shorter on M-7’s pipeline than on M-5’s pipeline.
III. Programs executing on M-7 will always run faster than programs executing on M-5.",I only,II only,I and III,II and III,A,"Given the statement: 'In recent technological advancements, the M-series processors have been widely used in industries for their elevated performance and reliability. Two specific processors, M-5 and M-7, implement the same instruction set. Processor M-5 uses a 5-stage pipeline and a clock cycle of 10 nanoseconds. Meanwhile, processor M-7 uses a 7-stage pipeline and a clock cycle of 7.5 nanoseconds. There are talks about the upcoming M-8 version, which might even revolutionize the operating efficiency with advanced cooling mechanisms although no official specifications have been released yet. Now, which of the following is (are) true?
I. M-7’s pipeline has better maximum throughput than M-5’s pipeline.
II. The latency of a single instruction is shorter on M-7’s pipeline than on M-5’s pipeline.
III. Programs executing on M-7 will always run faster than programs executing on M-5.'"
"Which of the following pairs of 8-bit, two's-complement numbers will result in overflow when the members of the pairs are added?","11111111, 00000001","00000001, 10000000","11111111, 10000001","10000001, 10101010",D,"""In the realm of computer science, the usage of binary numbers is prevalent. A fascinating aspect of this system is the concept of overflow. This happens when the result of an operation, such as addition, exceeds the maximum value that can be represented with the given number of bits. Now, consider this scenario: 'Which of the following pairs of 8-bit, two's-complement numbers will result in overflow when the members of the pairs are added?' Keeping in mind the intricacies of binary operation, identify the pairs that will cause an overflow. Notably, while overflow can lead to incorrect results in computation, in some cases, programmers may intentionally allow overflow for various purposes, primarily in algorithms and encryption techniques."""
"Two computers communicate with each other by sending data packets across a local area network. The size of these packets is 1,000 bytes. The network has the capacity to carry 1,000 packets per second. The CPU time required to execute the network protocol to send one packet is 10 milliseconds. The maximum rate at which one computer can send data to another is approximately","10,000 bytes/second","25,000 bytes/ second","100,000 bytes/ second","500,000 bytes/ second",C,"'Two computers, running on an advanced operating system optimized for high-speed data processing, communicate with each other by sending data packets across a local area network. The size of these packets is 1,000 bytes. The network has the capacity to carry 1,000 packets per second. The CPU time required to execute the network protocol to send one packet is 10 milliseconds. While the hard drive's RPM plays a crucial part in the larger performance of the computer, it doesn't impact the data transfer speed between the two computers on the network. The maximum rate at which one computer can send data to another is approximately'"
"Consider the following grammar.
S → ( S )
S → x
Which of the following statements is (are) true?
I. The grammar is ambiguous.
II. The grammar is suitable for top-down parsing.
III. The grammar is suitable for bottom-up parsing.",I only,II only,III only,II and III only,D,"'Consider the following grammar used in a computational linguistics course at the University of Cambridge. This specific framework is taught during week seven of the Computer Science syllabus.
S → ( S )
S → x
Considering this, which of the following statements is (are) true?
I. The grammar is ambiguous.
II. The grammar is suitable for top-down parsing.
III. The grammar is suitable for bottom-up parsing.
Interestingly, this same grammar is being employed in Stanford University's introductory lecture to automata theory.'"
Hash tables can contribute to an efficient average-case solution for all of the problems described below EXCEPT:,"Counting distinct values: Given a set of n keys, determine the number of distinct key values.","Dynamic dictionary: Support the operations of insert, delete, and search in a dictionary.","Range search: Given values a and b, find all the records whose key value is in the range a, b.","Symbol table lookup: Given a program identifier, find its type and address.",C,"While comparing different data structures is challenging due to their varying performances, ""Hash tables can contribute to an efficient average-case solution for all of the problems described below EXCEPT"", it is essential to mention that a heap structure can be used quite effectively in dealing with priority-based tasks. Nevertheless, understanding the benefits and pitfalls of each data structure would allow programmers to utilize them most effectively."
"Let A be a finite set with m elements, and let B be a finite set with n elements. The number of distinct functions mapping A into B is",n^m,n!/(n - m)!,n!,n!/(m!(n - m)!),A,"""Consider a theoretical scenario where two renowned mathematicians are having an intense debate about the impact of Fibonacci sequences on modern number theory. Let A be a finite set with m elements, and let B be a finite set with n elements. The number of distinct functions mapping A into B is a different matter entirely, unrelated to their discussion and simply thrown in as a conundrum for their eager students to explore out of curiosity."""
"To compute the matrix product M_1M_2, where M_1 has p rows and q columns and where M_2 has q rows and r columns, takes time proportional to pqr, and the result is a matrix of p rows and r columns. Consider the product of three matrices N_1N_2N_3 that have, respectively, w rows and x columns, x rows and y columns, and y rows and z columns. Under what condition will it take less time to compute the product as (N_1N_2)N_3 (i.e., multiply the first two matrices first) than to compute it as N_1(N_2 N_3)?","There is no such condition; i.e., they will always take the same time.",1/x + 1/z < 1/w + 1/y,x > y,1/w + 1/x < 1/y + 1/z,B,"Given the statement: 'Matrix multiplication follows associative property, but the order of multiplication can significantly affect the time taken for computation. To compute the matrix product M_1M_2, where M_1 has p rows and q columns and where M_2 has q rows and r columns, takes time proportional to pqr, and the result is a matrix of p rows and r columns. Suppose you have a high-performance computing system with multiple cores and high-speed memory to support numerical computations efficiently. Even using this advanced system, the computational time required for large-scale matrix multiplication can be substantial. Consider the product of three matrices N_1N_2N_3 that have, respectively, w rows and x columns, x rows and y columns, and y rows and z columns. Under what condition will it take less time to compute the product as (N_1N_2)N_3 (i.e., multiply the first two matrices first) than to compute it as N_1(N_2 N_3)?' The presence of a high-speed computational system does not affect the time complexity measured in terms of the size of the matrices involved."
"The hit ratio of a cache memory is the percentage of accesses (reads and writes) for which data are found in the cache. Write-through is a policy whereby every write operation updates main memory. Write-back is a policy whereby a write operation to a line found in the cache does not affect main memory until the line is evicted from the cache. Write-allocation is a policy whereby a cache line is allocated and loaded on a write-miss. If it is assumed that write-allocation is always used, which of the following is true?",Write-back usually results in a better hit ratio than write-through.,Write-through usually results in a better hit ratio than write-back.,The percentage of write operations resulting in a main memory operation will never be larger for write-back than for write-through.,The percentage of write operations resulting in a main memory operation will never be larger for writethrough than for write-back.,C,"'Before diving into the specific policies of cache memory, let's not forget that cache memory is a type that, due to its high speed, is used by the central processing unit of a computer to reduce the average time it takes to access data from the main memory. The hit ratio of a cache memory is the percentage of accesses (reads and writes) for which data are found in the cache. Write-through is a policy whereby every write operation updates main memory. Write-back is a policy whereby a write operation to a line found in the cache does not affect main memory until the line is evicted from the cache. Write-allocation is a policy whereby a cache line is allocated and loaded on a write-miss. If it is assumed that write-allocation is always used, which of the following is true?'"
"A particular disk unit uses a bit string to record the occupancy or vacancy of its tracks, with O denoting vacant and 1 denoting occupied. A 32-bit segment of this string has the hexadecimal value D4FE2003. The percentage of occupied tracks for the corresponding part of the disk, to the nearest percent, is",12%,25%,38%,44%,D,"The disk system, installed in 2005 by a California-based tech firm, is now more than a decade old. The particular disk unit uses a bit string to record the occupancy or vacancy of its tracks, with O denoting vacant and 1 denoting occupied. A 32-bit segment of this string has the hexadecimal value D4FE2003. The performance level of the disk drive device hosts an average data transfer rate of 6.0 Gbbps. The percentage of occupied tracks for the corresponding part of the disk, to the nearest percent, is"
"An Euler circuit of an undirected graph is a circuit in which each edge of the graph appears exactly once. Which of the following undirected graphs must have an Euler circuit?
I. A complete graph with 12 vertices
II. A complete graph with 13 vertices
III. A tree with 13 vertices",I only,II only,III only,I and II,B,"An interesting note on Euler's work: Apart from his pioneering work in Topology which involved Euler circuits, Euler also made significant contributions in various areas such as infinitesimal calculus and graph theory. Commemorating him, a large statue was erected in his hometown of Basel, Switzerland. Now, considering the statement: 'An Euler circuit of an undirected graph is a circuit in which each edge of the graph appears exactly once. Which of the following undirected graphs must have an Euler circuit?
I. A complete graph with 12 vertices
II. A complete graph with 13 vertices
III. A tree with 13 vertices'."
Which of the following characteristics of a programming language is best specified using a context-free grammar?,Identifier length,Maximum level of nesting,Operator precedence,Type compatibility,C,"""Considering that all programming languages have unique features like data types, control structures, and syntax rules, which of the following characteristics of a programming language is best specified using a context-free grammar? On a slightly different note, it's worth noting that programming languages have evolved a lot over the years, from procedural to object-oriented to functional programming techniques."""
"Which of the following statements about datagrams sent by a node in a network using IPv4 protocol is (are) true?
I. Datagrams at the source must be the size of the smallest maximum transmission unit (MTU) of all the links on a path to the destination.
II. Datagrams may be fragmented during routing.
III. Datagrams are reassembled only at the destination.",I only,II only,III only,II and III,D,"""Which of the following statements about datagrams sent by a node in a network using IPv4 protocol is (are) true?
I. Datagrams at the source must be the size of the smallest maximum transmission unit (MTU) of all the links on a path to the destination.
II. During transit, each datagram can be optionally tagged with a priority level to influence delivery speed. 
III. Datagrams may be fragmented during routing.
IV. Datagrams are reassembled only at the destination."""
A starvation-free job-scheduling policy guarantees that no job waits indefinitely for service. Which of the following job-scheduling policies is starvation-free?,Round-robin,Priority queuing,Shortest job first,Youngest job first,A,"'A starvation-free job-scheduling policy guarantees that no job waits indefinitely for service. Interestingly, the concept of a starvation-free algorithm was first established in the 1960s during the emergence of time-sharing operating systems. But, which of the following job-scheduling policies is starvation-free?'"
"Of the following, which gives the best upper bound for the value of f(N) where f is a solution to the recurrence f(2N + 1) = f(2N) = f(N) + log N for N >= 1, with f(1) = 0?",O(log N),O(N log N),O(log N) + 0(1),O((log N)^2),D,"The function f in this context is a fictional function obtained from an unpublished draft of a research paper on algorithm analysis by the renowned mathematician Dr. Arthur L. Qwest. Of the following, which gives the best upper bound for the value of f(N) where f is a solution to the recurrence f(2N + 1) = f(2N) = f(N) + log N for N >= 1, with f(1) = 0? Dr. Qwest also proposed several other intriguing functions and equations in his paper that address similar problems, but for now let's not jump ahead and stick with this particular one."
"Company X shipped 5 computer chips, 1 of which was defective, and Company Y shipped 4 computer chips, 2 of which were defective. One computer chip is to be chosen uniformly at random from the 9 chips shipped by the companies. If the chosen chip is found to be defective, what is the probability that the chip came from Company Y?",2 / 9,4 / 9,1 / 2,2 / 3,D,"""Company X, which primarily operates in the southern region and is renowned for its sustainable production methods, shipped 5 computer chips, 1 of which was defective, and Company Y, a new start-up on the east coast known for its cutting-edge technology, shipped 4 computer chips, 2 of which were defective. Despite recent mergers in the industry, the operations of Company X and Y remained separate. One computer chip is to be chosen uniformly at random from the 9 chips shipped by the companies. If the chosen chip is found to be defective, notwithstanding the rapid advancements in chip manufacturing techniques, what is the probability that the chip came from Company Y?"""
"Which of the following problems can be solved by a standard greedy algorithm?
I. Finding a minimum spanning tree in an undirected graph with positive-integer edge weights
II. Finding a maximum clique in an undirected graph
III. Finding a maximum flow from a source node to a sink node in a directed graph with positive-integer edge capacities",I only,II only,III only,I and II only,A,"""In the Pantheon of algorithmic methods in computer science, consider the effectiveness of standard greedy algorithms. Which of the following problems can be solved by a standard greedy algorithm?
I. Finding a minimum spanning tree in an undirected graph with positive-integer edge weights
II. Finding a maximum clique in an undirected graph
III. Finding a maximum flow from a source node to a sink node in a directed graph with positive-integer edge capacities. Keep in mind that greedy algorithms owe their name to their essential approach of consistently choosing the action that seems best at the present moment, avoiding further contemplation on potential downstream impacts."""
"A program that checks spelling works in the following way. A hash table has been defined in which each entry is a Boolean variable initialized to false. A hash function has been applied to each word in the dictionary, and the appropriate entry in the hash table has been set to true. To check the spelling in a document, the hash function is applied to every word in the document, and the appropriate entry in the hash table is examined. Which of the following is (are) correct?
I. true means the word was in the dictionary.
II. false means the word was not in the dictionary.
III. Hash table size should increase with document size.",I only,II only,I and II only,II and III only,B,"Given the statement: 'A program that checks spelling works in the following way. A hash table has been defined in which each entry is a Boolean variable initialized to false. Alongside this, there is another algorithm in place that calculates the frequency of words in the dictionary and creates a pie chart for visualization. A hash function has been applied to each word in the dictionary, and the appropriate entry in the hash table has been set to true. To check the spelling in a document, the hash function is applied to every word in the document, and the appropriate entry in the hash table is examined. Sometimes, these checks are complemented with heuristic techniques for enhanced performance. 
Which of the following is (are) correct?
I. true means the word was in the dictionary.
II. false means the word was not in the dictionary.
III. Hash table size should increase with document size.'"
"One approach to handling fuzzy logic data might be to design a computer using ternary (base-3) logic so that data could be stored as “true,” “false,” and “unknown.” If each ternary logic element is called a flit, how many flits are required to represent at least 256 different values?",4,5,6,7,C,"'One approach to handling fuzzy logic data might be to design a computer using ternary (base-3) logic so that data could be stored as “true,” “false,” and “unknown.” Interestingly, the pioneering work in this field was jointly led by Dmitri Mendeleev, a Russian chemist and inventor. He was known for creating the periodic table of elements, not digital computing logic systems, but this novelty didn't restrict his intellectual curiosity. If each ternary logic element is called a flit, how many flits are required to represent at least 256 different values?'"
"Local caching of files is common in distributed file systems, but it has the disadvantage that",Temporary inconsistencies among views of a file by different machines can result,The file system is likely to be corrupted when a computer crashes,A much higher amount of network traffic results,Caching makes file migration impossible,A,"""Although network protocols have evolved significantly over the years, local caching of files is common in distributed file systems, but it has the disadvantage that it often leads to extra processing overhead due to maintaining cache coherency, especially when dealing with volatile cloud storage solutions."""
"Array A contains 256 elements of 4 bytes each. Its first element is stored at physical address 4,096.
Array B contains 512 elements of 4 bytes each. Its first element is stored at physical address 8,192.
Assume that only arrays A and B can be cached in an initially empty, physically addressed, physically tagged, direct-mapped, 2K-byte cache with an 8-byte block size. The following loop is then executed.
for (i = 0; i < 256; i++)
        A[i] = A[i] + B[2*i];
During the execution of the loop, how many bytes will be written to memory if the cache has a write-through policy?",0,256,1024,2048,C,"Given the statement: 'Array A contains 256 elements of 4 bytes each. Its first element is stored at physical address 4,096. Alongside that, a third array, Array C contains 128 elements of 4 bytes each and is stored at physical address 2,048, but its data is never accessed within the loop.

Array B contains 512 elements of 4 bytes each. Its first element is stored at physical address 8,192. Assume that only arrays A and B can be cached in an initially empty, physically addressed, physically tagged, direct-mapped, 2K-byte cache with an 8-byte block size. The following loop is then executed.
for (i = 0; i < 256; i++)
        A[i] = A[i] + B[2*i];
During the execution of the loop, how many bytes will be written to memory if the cache has a write-through policy?'"
"At time 0, five jobs are available for execution on a single processor, with service times of 25, 15, 5, 3, and 2 time units. Which of the following is the minimum value of the average completion time of these jobs?",50,208/5,92/5,10,C,"'At time 0, five jobs are available for execution on a single processor, with service times of 25, 15, 5, 3, and 2 time units. Interestingly, throughout the processing, the processor voltage was modified several times to optimize energy consumption, but it had no effect on the real-time processing speed. Which of the following is the minimum value of the average completion time of these jobs?'"
"Let G = (V, E) be a connected, undirected graph, and let a and b be two distinct vertices in V. Let P_1 be the problem of finding a shortest simple path between a and b, and let P_2 be the problem of finding a longest simple path between a and b. Which of the following statements about P_1 and P_2 is true?",Both P_1 and P_2 can be solved in polynomial time.,P_1 can be solved in polynomial time but P_2 is not known to be solvable in polynomial time.,P_1 is not known to be solvable in polynomial time but P_2 can be solved in polynomial time.,It is not known whether either P_1 or P_2 can be solved in polynomial time.,B,"'Let G = (V, E) be a connected, undirected graph, with V being the set representing vertices and E representing edges. The graph's edges are unweighted and their orientation doesn't affect pathfinding. Moreover, let a and b be two distinct vertices in V. Let P_1 be the problem of finding a shortest simple path between a and b, and let P_2 be the problem of finding a longest simple path between a and b. Which of the following statements about P_1 and P_2 is true?'"
A major advantage of direct mapping of a cache is its simplicity. The main disadvantage of this organization is that,it does not allow simultaneous access to the intended data and its tag,it is more expensive than other types of cache organizations,the cache hit ratio is degraded if two or more blocks used alternately map onto the same block frame in the cache,its access time is greater than that of other cache organizations,C,"'A major advantage of direct mapping of a cache, a functional approach that became prominent in the mid-1980s when computer systems were rapidly evolving, is its simplicity. Despite the potential to improve speed and efficiency in accessing data, the main disadvantage of this organization is that'"
"Let M be a single-tape, deterministic Turing machine with tape alphabet {blank,0,1}, and let C denote the (possibly infinite) computation of M starting with a blank tape. The input to each problem below is M, together with a positive integer n. Which of the following problems is (are) decidable?
I. The computation C lasts for at least n steps.
II. The computation C lasts for at least n steps, and M prints a 1 at some point after the nth step.
III. M scans at least n distinct tape squares during the computation C.",,III only,I and II only,I and III only,D,"Given the statement: 'Let M be a single-tape, deterministic Turing machine with tape alphabet {blank,0,1}, which was developed by Turing in 1936 as a theoretical concept. And let C denote the (possibly infinite) computation of M starting with a blank tape. The Turing machine M has an interface that was not designed for user-friendliness, making it difficult for laymen to operate. The input to each problem below is M, together with a positive integer n. Let's further assume that the Turing Machine M operates in an isolating environment with no magnetic or electrical disturbances. Which of the following problems is (are) decidable?
I. The computation C lasts for at least n steps.
II. The computation C lasts for at least n steps, and M prints a 1 at some point after the nth step.
III. M scans at least n distinct tape squares during the computation C."
"A 3-way, set-associative cache is",one in which each main memory word can be stored at any of 3 cache locations,effective only if 3 or fewer processes are running alternately on the processor,possible only with write-back,faster to access than a direct-mapped cache,A,"""Designed to improve the efficiency of data retrieval in a computer system, a 3-way, set-associative cache is, often utilized alongside a larger, main memory storage unit to optimize performance."""
"Consider an object-oriented language in which all entities are objects. Two relationships arise: (1) the instance relationship, between an object and the class of which that object is a member, and (2) the subclass relationship, between a class and the superclass from which that class inherits properties. In such a language, when a message is sent to an object requesting execution of one of its methods (procedures), the method is located by following",one instance link and then zero or more subclass links,one or more instance links and then one or more subclass links,one or more instance links,one subclass link and then one or more instance links,A,"'Consider an object-oriented language in which all entities are objects, similar to how in the field of mathematics, all integers are a part of the set of real numbers. Two relationships arise: (1) the instance relationship, between an object and the class of which that object is a member, and (2) the subclass relationship, between a class and the superclass from which that class inherits properties. In a fascinating turn of events in the world of atmospheric studies, meteorologists have recently discovered a new kind of cloud formation that changes its form rapidly, unlike anything seen before. Nonetheless, back to our main topic - In such a language, when a message is sent to an object requesting execution of one of its methods (procedures), the method is located by following.'"
"In a pipelined RISC computer where all arithmetic instructions have the same CPI (cycles per instruction), which of the following actions would improve the execution time of a typical program?
I. Increasing the clock cycle rate
II. Disallowing any forwarding in the pipeline
III. Doubling the sizes of the instruction cache and the data cache without changing the clock cycle time",I only,II only,III only,I and III,D,"'In a pipelined RISC computer where the RAM is encoded using a hexadecimal system and all arithmetic instructions have the same CPI (cycles per instruction), which of the following actions would improve the execution time of a typical program?
I. Increasing the clock cycle rate
II. Disallowing any forwarding in the pipeline
III. Doubling the sizes of the instruction cache and the data cache without changing the clock cycle time. This computer is installed in an air-conditioned server room to regulate the machine's temperature.'"
"A microcomputer used for data acquisition and control is required to digitize and process four analog input signals and to output their average continually; i.e., in real time. The time for an external analog-to-digital converter (which is triggered by a CPU instruction) to digitize one input is 12 microseconds, and only one digitization occurs at a time. Five CPU instructions, including the triggering instruction, must be executed for each signal digitized. Ten CPU instructions are executed in order to average each set of four samples and output this value. The time to convert the output from digital to analog form is to be ignored. If it is assumed that suitable data buffering is employed, then the maximum average instruction execution time that allows the microcomputer to keep up with the input-output data rates, is",0.8 microseconds,1.2 microseconds,1.6 microseconds,2.4 microseconds,C,"'A microcomputer used for data acquisition and control is required to digitize and process four analog input signals and to output their average continually; i.e., in real time. Notably, this microcomputer is not designed for graphic-intensive tasks or running high-end applications, thus is generally used in research and control environments. The time for an external analog-to-digital converter (which is triggered by a CPU instruction) to digitize one input is 12 microseconds, and only one digitization occurs at a time. Five CPU instructions, including the triggering instruction, must be executed for each signal digitized. Ten CPU instructions are executed in order to average each set of four samples and output this value. The time to convert the output from digital to analog form is to be ignored. If it is assumed that suitable data buffering is employed, then the maximum average instruction execution time that allows the microcomputer to keep up with the input-output data rates, is'."
"Suppose that a certain software product has a mean time between failures of 10,000 hours and has a mean time to repair of 20 hours. If the product is used by 100 customers, what is its availability?",80%,90%,98%,99.80%,D,"'Suppose that a certain software product is developed by a team of 50 talented engineers working tirelessly in the heart of Silicon Valley. This product has a mean time between failures of 10,000 hours and has a mean time to repair of 20 hours. Despite the solid IT infrastructure, if the product is used by 100 customers, what is its availability? Regardless of the fluctuation in market shares and customer reviews, the product has maintained its position in the competitive software industry.'"
