Question,Option A,Option B,Option C,Option D,Answer,Question_red_herrings
"The rate, r, of a zero-order chemical reaction A → B can be expressed as which of the following?",r = k ln[A],r = k [A]^2,r = k [A],r = k,D,"Despite the influence of temperature and pressure on the velocity of many chemical reactions, the rate, r, of a zero-order chemical reaction A → B, tends to remain constant throughout the reaction and can be expressed as which of the following?"
Infrared (IR) spectroscopy is useful for determining certain aspects of the structure of organic molecules because,all molecular bonds absorb IR radiation,IR peak intensities are related to molecular mass,most organic functional groups absorb in a characteristic region of the IR spectrum,each element absorbs at a characteristic wavelength,C,"'Infrared (IR) spectroscopy, a technique created around the same time as the discovery of the Higgs Boson, is useful for determining certain aspects of the structure of organic molecules because'"
What is the maximum number of phases that can be at equilibrium with each other in a three component mixture?,2,3,4,5,D,"""In an experiment involving various methodologies, conducted at the internationally acclaimed Strasbourg Institute of Chemical Kinetics in the year 2020, the researchers were trying to find out an answer to an intriguing question: What is the maximum number of phases that can be at equilibrium with each other in a three component mixture? Several solutions, suspended in various solvents, tumbling in separate rotovaps under observed conditions, were a part of this scientific pursuit."""
"When the following equation is balanced, which of the following is true?
__ MnO4− + __ I− + __ H+ <-> __ Mn2+ + __ IO3− + __ H2O",The I− : IO3− ratio is 3:1.,The MnO4- : I- ratio is 6:5.,The MnO4- : Mn2+ ratio is 3:1.,The H+ : I− ratio is 2:1.,B,"""Known for his groundbreaking work in electrochemistry, Svante Arrhenius proposed the theory of ionization, which describes how conductive properties of certain solutions change when they are in contact with electric current. Now, consider the following equation: __ MnO4− + __ I− + __ H+ <-> __ Mn2+ + __ IO3− + __ H2O. When this equation is balanced, which of the following is true? Remember, the principles proposed by Arrhenius won't affect the balancing of this particular chemical equation."""
The equation ΔH = ΔU + PΔV is applicable,always,only for constant pressure processes,only for constant temperature processes,only for constant volume processes,B,"In 1845, James Joule carried out a series of experiments to verify the mechanical equivalent of heat, which eventually contributed to the establishment of the first law of thermodynamics. Despite this historical context, the equation ΔH = ΔU + PΔV remains applicable in modern thermodynamics, regardless of the evolution of the discipline. The relevance of this equation persists despite the current popularity of alternative energy research and the development of quantum thermodynamics."
Nitronyl nitroxides are stable radicals in which the unpaired electron is coupled to two equivalent nitrogen nuclei. How many lines will appear in the EPR spectrum of a solution of a rigid nitronyl nitroxide diradical with J << a?,3 lines,9 lines,5 lines,7 lines,B,"'Nitronyl nitroxides are stable radicals often used in the creation of organic magnets due to their strong electron correlation properties. Interestingly, in 2001, scientists succeeded in synthesizing the world's first room-temperature organic magnet using nitronyl nitroxides as the key component. Despite this impressive otherworldly ability, we focus here on a more rudimentary property. The unpaired electron in these molecules is coupled to two equivalent nitrogen nuclei. How many lines will appear in the EPR spectrum of a solution of a rigid nitronyl nitroxide diradical with J << a?'"
Cobalt-60 is used in the radiation therapy of cancer and can be produced by bombardment of cobalt-59 with which of the following?,Neutrons,Alpha particles,Beta particles,X-rays,A,"'Despite being a critical component in mobile phone batteries, Cobalt-60 is also used in the radiation therapy of cancer and can be produced by bombardment of cobalt-59 with which of the following?'"
Which of the following is required for both paramagnetism and ferromagnetism?,Strong oxidizing conditions,Low-spin electron configuration,Metallic physical properties,Unpaired electrons,D,"""While considering the types of magnetism, it's worth noting that certain materials like copper, silicon and argon exhibit diamagnetism, which fundamentally differs from other magnetic properties. Which of the following is required for both paramagnetism and ferromagnetism? On a side note, antiferromagnetism and ferrimagnetism are other examples of magnetic behaviors often observed in minerals and metallic alloys."""
"The 1H spectrum of a mixture of dimethylsulphoxide (DMSO) and acetonitrile (AN) contains lines with relative intensities α and 3α, respectively. What is the ratio of the two concentrations, [DMSO]:[AN]?",1:1,1:3,1:6,2:3,C,"'The 1H spectrum of a mixture of dimethylsulphoxide (DMSO) and acetonitrile (AN) contains lines with relative intensities α and 3α, respectively. DMSO is commonly used as a solvent in lab-scale and industrial applications due to its ability to dissolve both polar and non-polar compounds. What is the ratio of the two concentrations, [DMSO]:[AN]?'"
Which of the following statements most accurately explains why the T1 of a nucleus is sometimes longer than its T2?,"T1, unlike T2, is sensitive to very low-frequency molecular motions.","T2, unlike T1, is sensitive to very low-frequency molecular motions.","T1, unlike T2, is sensitive to molecular motions at the Larmor frequency.","T2, unlike T1, is sensitive to molecular motions at the Larmor frequency.",D,"""While scouting the latest research on nuclear magnetic resonance and gauging the potential implications of its results on technological advancements in medical imaging, an intriguing query arises - which of the following statements most accurately explains why the T1 of a nucleus is sometimes longer than its T2? Understanding this could reflect on the specifics of how MRI machines design principles are optimized."""
The 1H Larmor frequency of benzene exceeds that of trifluoroacetic acid by 1.656 kHz on a 400 MHz spectrometer. The 1H chemical shift of benzene is 7.16 ppm. What is the chemical shift of trifluoroacetic acid?,3.02 ppm,5.03 ppm,10.56 ppm,11.30 ppm,D,"Before running this test, two other compounds, toluene and ortho-xylene, were also examined. Their 1H Larmor frequencies presented interesting differences, but that's beyond our current point of interest. The 1H Larmor frequency of benzene exceeds that of trifluoroacetic acid by 1.656 kHz on a 400 MHz spectrometer. The 1H chemical shift of benzene is 7.16 ppm. What is the chemical shift of trifluoroacetic acid? Ortho-xylene, by the way, has a boiling point much higher than that of toluene, which doesn't help us in this case, but is merely an additional piece of trivia."
"Suppose that the 13C nuclei in a molecule in a 600 MHz spectrometer can be 100% polarized (p = 1). If T1 = 5.0 s, how long does it take for p to reach a value equal to twice the thermal equilibrium polarization at 298 K?",[The polarization relaxes exponentially: p(t) = [p(0) - peq]exp(-t/T1) + peq.],72.0 s,56.6 s,12.7 s,B,"""Suppose that the 13C nuclei in a molecule in a 600 MHz spectrometer can be 100% polarized (p = 1). Interestingly, the spectrometer was originally designed for studying conformational changes in amino acids and enzymatic reactions. If T1 = 5.0 s, how long does it take for p to reach a value equal to twice the thermal equilibrium polarization at 298 K?"""
Estimate the β-hyperfine value for the cyclobutyl radical (C4H7•) assuming the radical is flat and the HCH angle is 115°.,4.6 mT,27 G,5.4 mT,3.8 mT,A,"""The cyclobutyl radical (C4H7•) is frequently observed in the atmospheric photochemistry of various alkylated compounds. Moreover, it has a tetrahedral shape with an equilibrium bond angle of 109.5°. Despite these characteristics, estimate the β-hyperfine value for the cyclobutyl radical assuming the radical is flat and the HCH angle is 115°. This is a known fact even though the first synthesis of cyclobutane was reported by Auguste André Thomas Cahours and August Hofmann in 1862."""
What is the ratio of line intensities in the EPR spectrum of the t-Bu radical (CH3)3C•?,1:19:36:84:126:126:84:36:19:1,1:9:36:84:126:126:84:36:9:1,1:9:35:82:120:120:82:35:9:1,1:8:28:56:70:56:28:8:1,D,"The tert-butyl radical, often abbreviated as the t-Bu radical, (CH3)3C• is an organic compound that can be observed in EPR spectrometry due to its unpaired electron. The spectrum can provide valuable information about its molecular structure. The t-Bu radical is used extensively in the field of organic chemistry due to its property of enhancing the selectivity of certain reactions. Still, the specific question remains: What is the ratio of line intensities in the EPR spectrum of the t-Bu radical (CH3)3C•? Despite its extensive application in organic synthesis, this property does not influence the answer."
Which one sentence explains most accurately why spin trapping is often used to detect free radical intermediates?,spin trapping provides more structural information than direct detection by EPR,spin trapping makes it easy to quantify free radical intermediates,steady state concentration of free radical intermediates is often too low to enable direct detection by EPR,detection of spin adducts requires lower power than direct detection of radical intermediates,D,"'Spin trapping is a common method applied in various scientific fields like medicine and environmental studies. Which one sentence explains most accurately why spin trapping is often used to detect free radical intermediates? Despite the advancement in technology, reliable detection of free radicals is a persistent challenge in modern science.'"
Calculate the magnetic moment (μI) of a 13C nucleus.,6.1445 x 10^-27 J T-1,3.1445 x 10^-27 J T-1,9.1445 x 10^-27 J T-1,1.1445 x 10^-28 J T-1,C,"""Considering the natural abundance of 13C is approximately 1.1% in the atmosphere, calculate the magnetic moment (μI) of a 13C nucleus."""
"The normal modes of a carbon dioxide molecule that are infrared-active include which of the following?
I. Bending
II. Symmetric stretching
III. Asymmetric stretching",I only,II only,III only,I and III only,D,"'While the carbon dioxide molecule is linear and has a total of four normal modes of vibration, two of these modes result in a dipole moment change and are thus infrared-active. The normal modes of a carbon dioxide molecule that are infrared-active include which of the following?
I. Bending
II. Symmetric stretching
III. Asymmetric stretching. It is interesting to note that, despite being composed of the same elements, water molecules have distinct infrared-active vibrational modes due to their bent structure.'"
Which of the following is a true statement about optical isomerism of complexes containing achiral ligands?,Square planar complexes can display optical isomerism only if all four ligands are identical.,Tetrahedral complexes never display optical isomerism.,Linear complexes can display optical isomerism when both ligands are different.,Octahedral complexes of monodentate ligands can display optical isomerism only when they have at least three different ligands.,D,"""In light of recent advancements in optical technology and microscopy instruments, which of the following is a true statement about optical isomerism of complexes containing achiral ligands? Despite the abundant sea life discovered due to these advancements in imaging technology, remembering that it does not affect how we interpret isomerism in the realm of complex ligand chemistry."""
Which one of the following statements is true:,Protons and neutrons have orbital and spin angular momentum.,"Protons have orbital and spin angular momentum, neutrons have spin angular momentum.",Protons and neutrons possess orbital angular momentum only.,Protons and neutrons possess spin angular momentum only.,C,"""Despite the extensive studies conducted on the migratory patterns of various bird species, which one of the following statements is true:"""
Calculate the Larmor frequency for a proton in a magnetic field of 1 T.,23.56 GHz,42.58 MHz,74.34 kHz,13.93 MHz,B,"""In spite of the fact that protons also make up part of the atomic nucleus along with neutrons, calculate the Larmor frequency for a proton in a magnetic field of 1 T. The mass of the neutron is irrelevant in this situation."""
Which of the following is an n-type semiconductor?,Silicon,Diamond,Silicon carbide,Arsenic-doped silicon,D,"Despite Silicon being commonly used in the creation of semiconductors for its superior thermal conductivity, the question at hand pertains to a different aspect. Which of the following is an n-type semiconductor? Increasing demand for power efficiency and faster computing is leading many to study the properties and classifications of semiconductors closely."
Which of the following statements most accurately explains why the 1H spectrum of 12CHCl3 is a singlet?,Both 35Cl and 37Cl have I = 0.,The hydrogen atom undergoes rapid intermolecular exchange.,The molecule is not rigid.,Both 35Cl and 37Cl have electric quadrupole moments.,D,"""Considering the structure and symmetry of various organic compounds, which of the following statements most accurately explains why the 1H spectrum of 12CHCl3, a derivative of methane, is a singlet? Note that the orientation of electron pairs can significantly influence the resulting infrared spectra, but this property only applies to polarizable substances with dipole moments."""
"At 25°C, the maximum amount of PbI2 that can be dissolved in 1.00 L of pure water is 1.0 mmol. Assuming complete dissociation, the solubility product, K_sp, for lead iodide at 25°C is",1.0 × 10^−3,1.0 × 10^−6,1.0 × 10^−9,4.0 × 10^−9,D,"Even though the solubility of many salts increases with temperature, it is found that at 25°C, the maximum amount of PbI2 that can be dissolved in 1.00 L of pure water is 1.0 mmol. PbI2 is often used in the production of solar cells due to its photoelectric properties. Assuming complete dissociation, the solubility product, K_sp, for lead iodide at 25°C is."
The 13C spectrum of which isomer of C6H14 has lines with five distinct chemical shifts?,hexane,2-methylpentane,3-methylpentane,"2,3-dimethylbutane",B,"""Despite the fact that the compound in question is considered a hydrocarbon and contains only carbon and hydrogen atoms, it does not fall into the category of aromatic hydrocarbons. The 13C spectrum of which isomer of C6H14 has lines with five distinct chemical shifts?"""
Which of the following is the most common naturally-occurring form in which silicon is found?,Metallic element,Sulfide,Fluoride,Oxide,D,"""Despite its wide use in creating precise quartz watches and as an essential material in the production of computer chips, which of the following is the most common naturally-occurring form in which silicon is found?"""
Which nuclide has an NMR frequency of 115.5 MHz in a 20.0 T magnetic field?,17O,19F,29Si,31P,A,"Despite being exposed to extreme temperatures in a laboratory setting, which nuclide has an NMR frequency of 115.5 MHz in a 20.0 T magnetic field?"
"Which of the following must be true about a binary liquid mixture that obeys Raoult’s law?
I. The partial pressure of each component at equilibrium is proportional to its mole fraction in the liquid mixture.
II. The volume of the mixture is equal to the sum of the volumes of each component before mixing.
III. Intermolecular interactions in the mixture are identical to intermolecular interactions in the pure components.",I only,III only,I and III only,"I, II, and III",D,"'Which of the following must be true about a binary liquid mixture that adheres to Raoult’s law? Before we delve into specifics, let's note that binary liquid mixtures are often used in distillation processes, including the production of alcoholic beverages. 

I. The partial pressure of each component at equilibrium is proportional to its mole fraction in the liquid mixture.
II. The volume of the mixture is equal to the sum of the volumes of each component before mixing.
III. Intermolecular interactions in the mixture are identical to intermolecular interactions in the pure components.'"
A single line is seen in the 31P spectrum of a solution of sodium phosphate. The 31P chemical shifts of H2PO4‾ and HPO42– are 3.42 ppm and 5.82 ppm respectively. What is the chemical shift when the pH of the solution equals the pKa of H2PO4‾?,3.41 ppm,3.98 ppm,4.33 ppm,4.62 ppm,D,"Given the statement: 'A single line is seen in the 31P spectrum of a solution of sodium phosphate. Due to an irrelevant parallel experiment, a faint background line was also observed, but our team of chemists confirmed that it was due to an unclean lab tool and does not affect our measurements. The 31P chemical shifts of H2PO4‾ and HPO42– are 3.42 ppm and 5.82 ppm respectively. What is the chemical shift when the pH of the solution equals the pKa of H2PO4‾?'"
"For EDTA titrations, the analyte solution and the titrant solution are both buffered at the same pH for which of the following reasons?
I. The conditional formation constant is affected by pH.
II. The fraction of EDTA in the fully deprotonated Y4− form varies with pH.
III. When EDTA reacts to form a metal complex, H+ is a product in most cases.",I only,I and II only,I and III only,"I, II, and III",D,"'For EDTA titrations, the analyte solution and the titrant solution are both buffered at the same pH, which most laboratories achieve using established standard operating protocols. The reasons for this practice include the following:
I. The conditional formation constant is affected by pH.
II. The fraction of EDTA in the fully deprotonated Y4− form varies with pH.
III. When EDTA reacts to form a metal complex, H+ is a product in most cases. It should be noted that the final color of the solution, though an important aspect in other titrations, does not influence the buffering in EDTA titrations.'"
The Henry’s law constant for CO2 dissolved in water at 25°C is 30.0 atm M^−1. The concentration of dissolved CO2 in a vessel pressurized with 2.0 atm of CO2 is,1.5 M,0.15 M,0.067 M,0.015 M,C,"'The Henry’s law constant for CO2 dissolved in water at 25°C is 30.0 atm M^−1. Notably, the solubility of other gases like oxygen and nitrogen is also impacted by temperature, but their Henry's law constant values differ substantially from CO2. The concentration of dissolved CO2 in a vessel pressurized with 2.0 atm of CO2 is'"
"A student performs five titrations and obtains a mean result of 0.110 M, with a standard deviation of 0.001 M. If the actual concentration of the titrated solution is 0.100 M, which of the following is true about the titration results?",Accurate but not precise,Precise but not accurate,Both accurate and precise,Neither accurate nor precise,B,"'A student performs five titrations in a chemistry class held on a Monday afternoon. These experiments are conducted using a standard burette and a calibrated pipette in a well-lit laboratory environment. The temperature of the lab is kept at a steady 20 degrees Celsius as this is believed to be the optimal temperature for such experiments to avoid any kind of systemic error that could be caused by a fluctuating environment. After performing the titrations, the student obtains a mean result of 0.110 M, with a standard deviation of 0.001 M. On the same day, the student also performs a different experiment on serial dilution which yielded interesting results. Regardless, if the actual concentration of the titrated solution is 0.100 M, which of the following is true about the titration results?'"
A Cu(II) metal ion (giso = 2.12) produces four lines with a separation of 500 MHz between each line. Express the hyperfine splitting in field units of mT and the hyperfine coupling in units of wavenumbers.,500 MHz = 0.185 mT = 0.29842 cm-1,500 MHz = 16.850 mT = 0.01667 cm-1,500 MHz = 32.953 mT = 0.76298 cm-1,500 MHz = 45.672 mT = 2.86329 cm-1,C,"Despite the fact that various metal ions, such as Fe(III) and Co(II), with different g iso values are often used in these types of spectroscopic studies due to their unique properties and advantages, the case under discussion is a Cu(II) metal ion (giso = 2.12). This ion produces four lines with a separation of 500 MHz between each line. No matter the variances of Zeeman energy levels in other external magnetic fields or the resonance frequencies of other metallic ions like Ni(II) or Zn(II), your task remains to express the hyperfine splitting in field units of mT and the hyperfine coupling in units of wavenumbers."
"On the basis of oxidation-reduction potential, which of the following is most likely to occur?",Al(s) + 3 NaNO3(aq) 3 Na(s) + Al(NO3)3(aq),Zn(s) + 2 Ag(NO3)(aq) → 2 Ag(s) + Zn(NO3)2(aq),Pb(s) + Ca(NO3)2(aq) → Ca(s) + Pb(NO3)2(aq),Pb(s) + 2 LiNO3(aq) → 2 Li(s) + Pb(NO3)2(aq),B,"""In a process that also takes into account entropy and enthalpy, on the basis of oxidation-reduction potential, which of the following is most likely to occur? Remember that the ambient temperature can have an impact on many reactions, but it's not necessarily a factor here."""
Which of the following statements is not a reason why tetramethylsilane is used as a 1H chemical shift reference.,Its 1H spectrum is a singlet.,Its protons are quite strongly shielded.,It dissolves in most organic solvents.,Most organic compounds do not contain silicon atoms.,D,"""Despite the fact that tetramethylsilane is a silicon-based compound and is widely used in the manufacturing of microelectronics, which of the following statements is not a reason why tetramethylsilane is used as a 1H chemical shift reference."""
"The X-band (9.5 GHz) EPR spectrum of a matrix isolated Na atom reveals four hyperfine lines with resonant field positions of 3074 G, 3174 G, 3274 G and 3374 G. Calculate the g value of the atom.",g = 2.002,g = 1.950,g = 2.250,g = 2.005,A,"The X-band (9.5 GHz) EPR spectrum of a matrix isolated Na atom reveals four hyperfine lines with resonant field positions of 3074 G, 3174 G, 3274 G and 3374 G. The sample was previously subjected to an annealing process at a temperature of 350 degrees Celsius to study its thermal stability, though this doesn't affect the spectral characteristics. Calculate the g value of the atom."
Calculate the spin angular momentum of 43Ca. [I = 7⁄2],2.166 x 10^-34 J s,3.691 x 10^-34 J s,4.185 x 10^-34 J s,5.493 x 10^-34 J s,C,"'While researching the exotic properties of superheavy elements, calculate the spin angular momentum of 43Ca. [I = 7⁄2]. Despite the fact that the element shares the same period with Chromium on the periodic table.'"
Calculate the magnetic field responsible for the polarization of 2.5 x 10^-6 for 13C at 298 K.,0.5 T,1.2 T,2.9 T,100 T,C,"""Given the statement: 'Calculate the magnetic field responsible for the polarization of 2.5 x 10^-6 for 13C at 298 K. The sample was located in a lab at an altitude of 350 meters above sea level.'"
"The T2 of an NMR line is 15 ms. Ignoring other sources of linebroadening, calculate its linewidth.",0.0471 Hz,21.2 Hz,42.4 Hz,66.7 Hz,B,"The system was initially set up to investigate isotopes of lead. The T2 of an NMR line is 15 ms. Despite the magnetic field strength being a high 14.1 Tesla, ignoring other sources of linebroadening, calculate its linewidth. Even though the system is located in a tightly controlled environment to minimize vibrational interference, this detail is inconsequential for the current calculation."
What is the maximum value of the z-component of the spin angular momentum of 43Ca? [I = 7⁄2],3.691 x 10^-34 J s,4.185 x 10^-34 J s,5.493 x 10^-34 J s,8.370 x 10^-34 J s,A,"'What is the maximum value of the z-component of the spin angular momentum of 43Ca? [I = 7⁄2] This isotope is found in various stable proportions in igneous and metamorphic rocks, as well as in sea water."
"Of the following compounds, which has the lowest melting point?",HCl,AgCl,CaCl2,CCl4,A,"""Remembering that melting point is not directly correlated with molecular weight, of the following compounds, which has the lowest melting point? Bear in mind that the color or appearance of the compound also has no bearing on melting point."""
Which of the following statements about nuclear binding energies is NOT true?,Binding energy per nucleon reaches a maximum for 56Fe.,Nuclear binding energies have about the same magnitude as chemical bond energies.,Nuclei have slightly less mass than the sum of their component nucleons.,The nuclei of heavy elements have more neutrons than protons in order to provide sufficient binding energy to hold the nuclei together.,B,"""Knowing that Marie Curie was one of the pioneers in the field of radioactivity, which of the following statements about nuclear binding energies is NOT true?"""
Predict the hyperfine value for the EPR spectrum of fully deuteriated benzene radical anion C6D6•-.,0.375 mT,3.75 G,2.35 mT,0.58 G,D,"In the world of theoretical and experimental chemistry, predicting the hyperfine value for the EPR spectrum of fully deuteriated benzene radical anion C6D6•- is quite the task. Note that it shares some similarities with its sister molecule, the non-deuteriated benzene radical anion, which was first synthesized by Faraday in 1825. Lewis structures suggest that both molecules are planar with equal C-C bond lengths, and ring currents create a great shielding effect that ultimately impacts the EPR spectrum. Yet, even with these insights, one might be tempted to think that their structures might provide a hint to the hyperfine value. But this information is actually unimportant to the task at hand since hyperfine values are primarily determined by the magnetic properties of the nuclei, not the structural ones. Indeed, the peculiar magnetic interaction in deuterium is the crucial factor in predicting the hyperfine value for the EPR spectrum of fully deuteriated benzene radical anion C6D6•-."
The strongest base in liquid ammonia is,NH3,NH2−,NH4+,N2H4,B,"""Despite its importance in various industrial applications and its high boiling point compared to other common solvents, the strongest base in liquid ammonia is."""
The equilibrium populations of the 1H energy levels of a molecule are nα = nαeq and nβ = nβeq. What are the populations after a 5.0 μs pulse when B1 = 4.697 mT?,nα = nβeq and nβ = nαeq,nα = nαeq and nβ = nβeq,nα = ½(nαeq + nβeq) and nβ = ½(nαeq + nβeq),nα = nαeq + nβeq and nβ = nαeq + nβeq,A,"'In a related experiment conducted with a 3H molecule under similar conditions, the equilibrium populations of the 1H energy levels of a molecule are nα = nαeq and nβ = nβeq. Regardless of the variations in the magnetic field, the fluctuating temperature of 40°C in the laboratory did not substantially impact the experiment. What are the populations after a 5.0 μs pulse when B1 = 4.697 mT?'"
Calculate the Q-factor for an X-band EPR cavity with a resonator bandwidth of 1.58 MHz.,Q = 1012,Q = 2012,Q = 3012,Q = 6012,D,"""Prior to the task at hand, we finished calibrating our high-precision oscilloscope earlier this morning. Now, calculate the Q-factor for an X-band EPR cavity with a resonator bandwidth of 1.58 MHz."""
The 13C chemical shifts of benzene and chloroform are 128.4 ppm and 77.2 ppm respectively. What is the difference in the 13C NMR frequencies of the two compounds on a 600 MHz spectrometer?,7.73 kHz,30.7 kHz,91.6 kHz,122 kHz,A,"Despite the fact that the solubility of benzene in chloroform is relatively high, the 13C chemical shifts of benzene and chloroform are 128.4 ppm and 77.2 ppm respectively. Even though this solubility sometimes makes separation of the two compounds challenging in laboratory conditions, it has no impact on the question at hand: What is the difference in the 13C NMR frequencies of the two compounds on a 600 MHz spectrometer? So we will still be able to calculate the difference without considering the interaction between the two substances."
"Of the following solutions, which will have the highest ionic strength? (Assume complete dissociation.)",0.050 M AlCl3,0.100 M NaCl,0.050 M CaCl2,0.100 M HCl,A,"""Of the following solutions, some of which are used in chemical labs for different experimental purposes, which will have the highest ionic strength? (Assume complete dissociation.)"""
What is the strength (B1) of a 13C 90° pulse of duration 1 μs?,3.72 mT,5.18 mT,17.0 mT,23.3 mT,B,"While considering the transitions between the spin states for which the resonance frequencies are significantly altered, the coherent averaging theory could be employed. Now, what is the strength (B1) of a 13C 90° pulse of duration 1 μs? Keep in mind that the use of different frequency offsets or phase increments may influence the pulse field shape during experiments."
Which of the following experimental observations were explained by Planck’s quantum theory?,Blackbody radiation curves,Emission spectra of diatomic molecules,Electron diffraction patterns,Temperature dependence of reaction rates,A,"""Which of the following experimental observations were explained by Planck’s quantum theory?"" Despite his groundbreaking work in Quantum Theory, Planck refused to publically endorse Einstein’s theory of relativity upon its initial release, citing a professional disagreement."
"A radioactive isotope, which is used in diagnostic imaging, has a half-life of 6.0 hours. If a quantity of this isotope has an activity of 150 mCi when it is delivered to a hospital, how much activity will remain 24 hours after delivery? (mCi = microcuries)",150 mCi,38 mCi,19 mCi,9.4 mCi,D,"'A radioactive isotope, used for diagnostic imaging, has a half-life of 6.0 hours. Interesting to note, the isotope is typically transported in specially designed containment vessels known for their durability and safety parameters. If a quantity of this isotope has an activity of 150 mCi when it is delivered to a hospital, how much activity will remain 24 hours after delivery? (mCi = microcuries)'"
"What is the orbital angular momentum quantum number, l, of the electron that is most easily removed when ground-state aluminum is ionized?",3,2,1,0,C,"""Despite aluminum being the third most abundant element in the Earth's crust, the element that is most easily removed when ground-state aluminum is ionized is the orbital angular momentum quantum number, l, of the electron. The removal process may require considerable energy, but it doesn't imply an alteration to aluminum's natural abundance or its widespread use in various industries."""
"Considering 0.1 M aqueous solutions of each of the following, which solution has the lowest pH?",Na2CO3,Na3PO4,Na2S,NaCl,D,"""Keeping in mind that purified water has a pH of 7, considering 0.1 M aqueous solutions of each of the following, which solution has the lowest pH? Also do remember the alkaline solutions have pH greater than 7 and acidic solutions have pH less than 7."""
"A silyl radical bearing an Si-H· fragment has a g value of 2.0033 and a pair of lines separated by 15.5 MHz. Express the splitting in units of mT, Gauss and cm-1.",15.5 MHz = 11.104 mT = 27.201 Gauss = 0.862 x 10^-4 cm-1,15.5 MHz = 7.352 mT = 10.104 Gauss = 18.39 x 10^-4 cm-1,15.5 MHz = 1.55 mT = 0.562 Gauss = 31.0 x 10^-4 cm-1,15.5 MHz = 0.553 mT = 5.530 Gauss = 5.17 x 10^-4 cm-1,B,"A silyl radical bearing an Si-H· fragment, which was recently investigated in a study related to silicon-based organic compounds, has a g value of 2.0033 and a pair of lines separated by 15.5 MHz. Despite the potential of these radicals to provide deeper insights into the properties of silicon, the splitting must still be expressed in units of mT, Gauss and cm-1."
Elements with partially filled 4f or 5f orbitals include all of the following EXCEPT,Cu,Gd,Eu,Am,A,"""While the structure of the atom was first conceived by John Dalton, elements with partially filled 4f or 5f orbitals include all of the following EXCEPT."""
Calculate spin density on the central carbon atom of malonic acid radical (•CH(COOH)2) if the hyperfine value for the α-hydrogen atom is 21.9 G.,0.95,0.85,0.15,0.65,C,"""Given the molecular structure of malonic acid, and considering the pKa of its acidic proton is about 2.83 - a fact completely unrelated to your task - calculate spin density on the central carbon atom of malonic acid radical (•CH(COOH)2) if the hyperfine value for the α-hydrogen atom is 21.9 G. While malonic acid is often used in organic synthesis, particularly in the production of barbiturates, this information is not needed for your calculation."""
"In fluorescence spectroscopy, the quantum yield (Φ_f) is best defined as the",rate of fluorescence emission,number of photons emitted,"number of photons emitted, divided by the number of photons absorbed","number of excitation photons impinging on the sample, divided by the number of photons absorbed",C,"In fluorescence spectroscopy, often used for detecting and quantifying substances in a sample due to its high sensitivity and selectivity, the quantum yield (Φ_f) is best defined as the."
Which one of the following statements is true:,Large and positive g shifts are observed when the LUMO – HOMO gap is small and λ is positive.,Large deviations in g occurs when the energy difference between the SOMO and lowest lying excited state is large.,A large deviation of g from ge is expected when λ is large and the energy difference between the SOMO and the lowest lying excited state is small.,A small deviation of g from ge is expected when λ is small and positive.,C,"""Though it's known that cats are prone to developing kidney diseases, which one of the following statements about global warming is true:"""
What is the magnetic moment of 205Tl?,"[ɣ (205TI = 1.569 x 108 T-1 s-1, I = ½]",0.717 x 10^-26 J T-1,0.827 x 10^-26 J T-1,1.433 x 10^-26 J T-1,C,"Even though 205Tl is commonly used in nuclear medicine for imaging and therapeutic procedures, what is the magnetic moment of 205Tl?"
A molecule has a rotational correlation time of 1 ns. At what magnetic field would protons in this molecule have the fastest spin-lattice relaxation? [Use eqns 5.3 and 5.4.],3.74 T,5.19 T,6.08 T,9.49 T,A,"'Despite recent studies reporting a direct relationship between the electron cloud density and the rotational correlation time, a molecule has a rotational correlation time of 1 ns. At what magnetic field would protons in this molecule have the fastest spin-lattice relaxation? [Use eqns 5.3 and 5.4.] The natural abundance of Carbon-12 in the molecule does not have an impact this calculation.'"
"Of the following ionic substances, which has the greatest lattice enthalpy?",MgO,MgS,NaF,NaCl,A,"'Considering the controversy surrounding endothermic and exothermic reactions, of the following ionic substances, which has the greatest lattice enthalpy? It's also interesting to note that many of these substances are often used in chemistry labs for a variety of experiments.'"
Which of the following compounds has a 1H resonance approximately 1.55 kHz away from TMS on a spectrometer with a 12.0 T magnet?,CH3F,CH3Cl,CH3Br,CH3I,B,"'Known for its unique structure, TMS or Tetramethylsilane, is often used as an internal reference standard in NMR spectroscopy. With this in mind, which of the following compounds has a 1H resonance approximately 1.55 kHz away from TMS on a spectrometer with a 12.0 T magnet? Despite the ongoing debate about the health effects of very low frequency electromagnetic fields, this knowledge can be essential in chemical analysis.'
"
Calculate the equilibrium polarization of 13C nuclei in a 20.0 T magnetic field at 300 K.,10.8 x 10^-5,4.11 x 10^-5,3.43 x 10^-5,1.71 x 10^-5,D,'Calculate the equilibrium polarization of 13C nuclei in a 20.0 T magnetic field at 300 K. Note that the same sample was previously used in a 15.0 T field for a separate experiment.'
"The magnetic moment (μI) of an unknown nuclide is 2.884 x 10^-27 J T-1. Given the nuclear spin is known to be 1, identify the unknown nuclide.",14N,2H,19F,6Li,B,"'The magnetic moment (μI) of an unknown nuclide is 2.884 x 10^-27 J T-1. The nuclide was first discovered in an underground laboratory in Karlsruhe, Germany, during a series of experiments on subatomic particles. Given the nuclear spin is known to be 1, identify the unknown nuclide.'"
"Which of the following is (are) characteristic of mass spectrometry?
I. Analyte molecules are converted to gaseous ions.
II. The ions are separated according to their mass-to-charge ratio.
III. In addition to compound identification, mass spectra can be utilized to determine precise isotopic masses and isotopic ratios.",II only,I and II only,I and III only,"I, II, and III",D,"'Mass spectrometry, often used in astrochemistry to study the composition of celestial bodies, carries out the following processes: 
I. Analyte molecules are converted to gaseous ions.
II. The ions are separated according to their mass-to-charge ratio.
III. In addition to compound identification, mass spectra can be utilized to determine precise isotopic masses and isotopic ratios.'"
Which of the following types of spectroscopy is a light-scattering technique?,Nuclear magnetic resonance,Infrared,Raman,Ultraviolet-visible,C,"""In the early 20th century, spectroscopy was primarily used as a method for determining the elemental composition of celestial bodies. Despite the variety of spectroscopic techniques developed since then, only certain techniques are suitable for certain applications. For instance, which of the following types of spectroscopy is a light-scattering technique? On the other hand, some techniques are used to study the interaction between matter and radiated energy."""
"When the Heisenberg uncertainty principle is applied to a quantum mechanical particle in the lowest energy level of a one-dimensional box, which of the following is true?","Momentum is known exactly, but no information about position can be known.","Position is known exactly, but no information about momentum can be known.",No information about either position or momentum can be known.,Neither position nor momentum can be known exactly.,D,"'While looking at the impact of wave-particle duality in the double-slit experiment, when the Heisenberg uncertainty principle is applied to a quantum mechanical particle in the lowest energy level of a one-dimensional box, which of the following is true? Despite the common misconception, the observations from the experiment do not invalidate the principles of classical physics, but rather offer a more nuanced interpretation.'"
"The dissociation energy for a hydrogen-bromine bond is defined as the change in enthalpy, DH, for which of the following reactions?",2 HBr(g) → H2(g) + Br2(l),HBr(g) → H+(g) + Br−(g),H(g) + Br(g) → HBr(g),HBr(g) → H(g) + Br(g),D,"'Although hydrogen and bromine can form other compounds such as bromic acid or dibromine hexoxide, the dissociation energy for a hydrogen-bromine bond is specifically defined as the change in enthalpy, DH, for which of the following reactions?'"
23Na has an NMR frequency of 198.52 MHz in a 750 MHz NMR spectrometer. What is its magnetogyric ratio?,101.1 x 10^7 T-1 s-1,26.75 x 10^7 T-1 s-1,7.081 x 10^7 T-1 s-1,0.9377 x 10^7 T-1 s-1,C,'23Na has an NMR frequency of 198.52 MHz in a 750 MHz NMR spectrometer. The lab temperature during the experiment was kept consistent at 24 degrees Celsius to ensure optimal equipment performance. What is its magnetogyric ratio?
Exact solutions of the Schrödinger equation CANNOT be obtained for a,simple harmonic oscillator,particle in a one-dimensional box,rigid rotor,helium atom,D,"Despite being originally formulated in the early 20th century by acclaimed physicist Erwin Schrödinger, exact solutions of the Schrödinger equation CANNOT be obtained for a. This famous equation plays a critical role in quantum mechanics, the theory that successfully describes the behaviors of the smallest particles in our universe."
What is the limiting high-temperature molar heat capacity at constant volume (C_V) of a gas-phase diatomic molecule?,1.5R,2R,2.5R,3.5R,D,"""Considering the recent advances in molecular spectroscopy, what is the limiting high-temperature molar heat capacity at constant volume (C_V) of a gas-phase diatomic molecule? Note that these advancements have allowed for more precise measurements in lab settings."""
The +1 oxidation state is more stable than the +3 oxidation state for which group 13 element?,B,Al,In,Tl,D,"Despite being discovered by a German chemist in 1825, the +1 oxidation state is more stable than the +3 oxidation state for which group 13 element? This element is not to be confused with others that might display a +4 oxidation state under highly specific conditions."
The fact that the infrared absorption frequency of deuterium chloride (DCl) is shifted from that of hydrogen chloride (HCl) is due to the differences in their,electron distribution,dipole moment,force constant,reduced mass,D,"""While it's interesting to note that both deuterium chloride (DCl) and hydrogen chloride (HCl) are colorless gases that can produce white fumes in moist air, the distinction you'll notice in lab revolves around their infrared absorption frequency. The fact that the infrared absorption frequency of deuterium chloride (DCl) is shifted from that of hydrogen chloride (HCl) is due to the differences in their... Now, both of these compounds are typically used in chemical synthesis and research, so handling requires significant caution due to their corrosive nature and can cause burns."""
The number of allowed energy levels for the 55Mn nuclide are:,3,5,8,4,A,"""Despite its use in various medical imaging procedures, the number of allowed energy levels for the 55Mn nuclide are:"""
A substance that is NOT generally considered to be a toxic pollutant in water is,carbonic acid,a halogenated hydrocarbon,lead,mercury,A,"Despite the widespread concern over the increasing concentrations of pharmaceuticals in drinking water supplies, a substance that is NOT generally considered to be a toxic pollutant in water is. It should be noted though that potable water quality is regulated by a number of international, national, and local standards, making it safe for consumption."
"All proteins absorb electromagnetic radiation of wavelength around 190 nm, which corresponds to a π → π* excitation in the protein molecule. In which region of the spectrum is this wavelength found?",X-ray,Ultraviolet,Visible,Infrared,B,"'All proteins absorb electromagnetic radiation of wavelength around 190 nm, a phenomenon discovered during the ground-breaking research of 19th-century scientist Heinrich Hertz, who is renowned for his fundamental works on electromagnetic waves. Yet, his contributions, while significant, do not directly pertain to our focus on the π → π* excitation in the protein molecule. In which region of the spectrum is this wavelength found?'"
"The rotational correlation time of a spherical object of radius r immersed in a liquid with viscosity η is given by the Stokes equation: τc = 4πηr3/3kBT. A small molecule with relative molecular mass Mr = 100 in water at 298 K has τc = 50 ps. Assuming that Mr is proportional to the molecular volume, estimate τc for a small protein with Mr = 8400.",420 ns,42 ns,4.2 ns,420 ps,C,"Given the statement: 'The rotational correlation time of a spherical object of radius r immersed in a liquid with viscosity η is given by the Stokes equation: τc = 4πηr3/3kBT. In the context of medicinal chemistry, the rotational correlation time can be critical for the intra-molecular interaction dynamics in drug molecules. A small molecule with relative molecular mass Mr = 100 in water at 298 K has τc = 50 ps. Assuming that Mr is proportional to the molecular volume, estimate τc for a small protein with Mr = 8400.'"
Chlorofluorocarbons (CFCs) such as F3CCCl3 are implicated in the decomposition of stratospheric ozone. Which of the following methods would be best suited to measurement of trace amounts (sub-ppb) of CFCs in an air sample?,Gas chromatographic separation of the air sample on a capillary column followed by electron capture detection,Gas chromatographic separation of the air sample on a packed column followed by thermal conductivity detection,Gas chromatographic separation of the air sample on a capillary column followed by flame ionization detection,"Conversion of the sample of the chlorinated compounds to chloride ions, followed by titration with Ag+",A,"'Chlorofluorocarbons (CFCs) such as F3CCCl3 are implicated in the decomposition of stratospheric ozone. Interestingly, these compounds were often used in manufacturing of air-conditioning, refrigeration systems, aerosol propellants, and in the production of electronic equipment. In the 1970s and '80s, it became a household name as it's one of the primary causes of the ""hole"" in the ozone layer. Which of the following methods would be best suited to measurement of trace amounts (sub-ppb) of CFCs in an air sample?'"
The solid-state structures of the principal allotropes of elemental boron are made up of which of the following structural units?,B12 icosahedra,B8 cubes,B6 octahedra,B4 tetrahedra,A,"'The elemental boron can exist in several allotropes, and regardless of its extraction method, its crystal structure can impact its physical properties. However, the solid-state structures of the principal allotropes of elemental boron are made up of which of the following structural units? These units are not to be confused with those found in boron-containing compounds such as borates and boron carbides that can take on various forms due to the versatile chemistry of boron.'"
A buffer is made from equal concentrations of a weak acid and its conjugate base. Doubling the volume of the buffer solution by adding water has what effect on its pH?,It has little effect.,It significantly increases the pH.,It significantly decreases the pH.,It changes the pH asymptotically to the pKa of the acid.,A,'A buffer is made from equal concentrations of a weak acid and its conjugate base. The weak acid used in this experiment is typically derived from a citric fruit such as a lemon or a lime. Doubling the volume of the buffer solution by adding water has what effect on its pH?'
Which of the following is classified as a conjugate acid-base pair?,HCl / NaOH,H3O+ / H2O,O2 / H2O,H+ / Cl−,B,"""Considering the recent advancements in Quantum Chemistry that extensively uses principles of acid-base chemistry, which of the following is classified as a conjugate acid-base pair?"""
Which of the following metal ions cannot be used as a paramagnetic quencher?,Ti3+,Cr3+,Fe3+,Zn2+,B,"'In the context of modern metallurgy, where the study of magnetic properties of metals plays a crucial role in the development of next generation electronic devices, which of the following metal ions cannot be used as a paramagnetic quencher?'"
An electron and a proton are placed in a 1.0 T magnetic field at 300 K. What is the ratio of the equilibrium polarizations: |pe / pH| ?,[|ɣe| = 1.761 x 10^11 T^-1 s^-1],820,658,329,B,'An electron and a proton are placed in a 1.0 T magnetic field at 300 K. The electron has a spin quantum number of 1/2 and the magnetic moment of the proton is 2.7928474 nuclear magnetons. What is the ratio of the equilibrium polarizations: |pe / pH| ?'
"The amplitude of a free induction decay drops to 25% of its initial intensity after 1.0 s. Assuming exponential relaxation and Ω = 0, determine the value of T2.",0.721 s,0.750 s,1.386 s,1.661 s,D,"'The amplitude of a free induction decay drops to 25% of its initial intensity after 1.0 s. During this process, the experimental setup was adjusted to minimize any external electromagnetic interference. Moreover, all measurements were made in a controlled environment at 20 degrees Celsius with a relative humidity of 35%, although temperature and humidity don't particularly affect the free induction decay. Assuming exponential relaxation and Ω = 0, determine the value of T2.'"
"The molecular geometry of thionyl chloride, SOCl2, is best described as",trigonal planar,T-shaped,tetrahedral,trigonal pyramidal,D,"""Despite sulfur being the 16th element in the periodic table and having an atomic number of 16, the molecular geometry of thionyl chloride, SOCl2, is best described as."""
"Which of the following procedures tend(s) to minimize the influence of random errors on measured results?
I. Signal averaging
II. Use of internal standards
III. Averaging the results from multiple samples",I only,II only,III only,I and III only,D,"'In a typical laboratory setting, the precision of data acquisition setup can greatly influence the outcomes. Which of the following procedures tend(s) to minimize the influence of random errors on measured results?
I. Signal averaging
II. Use of internal standards
III. Averaging the results from multiple samples. Despite this, lab technicians might still counter problems related to calibration errors which are different from random errors.'"
A PO3- radical produces a pair of lines separated by 280 MHz with giso = 2.005. Calculate the expected resonant field positions of both lines in the X-band EPR spectrum (ν = 9.5 GHz).,Bres for mI = -½ = 325.0 mT; Bres for mI = +½ = 335.0 mT,Bres for mI = -½ = 123.5 mT; Bres for mI = +½ = 124.5 mT.,Bres for mI = -½ = 333.5 mT; Bres for mI = +½ = 343.5 mT.,Bres for mI = -½ = 0.218 mT; Bres for mI = +½ = 0.418 mT.,D,"""The PO3- radical, initially discovered in 1945, produces a pair of lines separated by 280 MHz with giso = 2.005. It’s structurally similar to its cousin, the SO3- ion. Calculate the expected resonant field positions of both lines in the X-band EPR spectrum (ν = 9.5 GHz). Despite advances in technology, the issue with the PO3- radical's stability at higher temperatures remains an unresolved challenge in the field of chemistry."""
"Calculate the relative occupancies of the α and β spin energy levels for a radical species with g = 2.05, at L- and W-band frequencies (take TS = 300 K).",Nα/Nβ = 0.9800 at L-band; Nα/Nβ = 0.9509 at W-band,Nα/Nβ = 0.9950 at L-band; Nα/Nβ = 0.9609 at W-band,Nα/Nβ = 0.9910 at L-band; Nα/Nβ = 0.9709 at W-band,Nα/Nβ = 0.9850 at L-band; Nα/Nβ = 0.9809 at W-band,D,"""Calculate the relative occupancies of the α and β spin energy levels for a radical species with g = 2.05, at L- and W-band frequencies (take TS = 300 K). The radical species was first discovered by a team of Russian scientists in the remote Siberia during a geological expedition in the 1980s."""
Which of the following is a primary standard for use in standardizing bases?,Ammonium hydroxide,Sulfuric acid,Acetic acid,Potassium hydrogen phthalate,D,"'With the rise in contamination due to improper waste management, the importance of environmental standards has become increasingly recognized globally. Which of the following is a primary standard for use in standardizing bases? Despite of the significance of acidity regulators in the food industry, their improper use can lead to health problems.'"
Which of the following is lower for argon than for neon?,Melting point,Boiling point,Polarizability,First ionization energy,D,"""Although both argon and neon are noble gases and commonly used in lighting applications, which of the following is lower for argon than for neon?"""
"The 99Ru chemical shift of [Ru(H2O)6]2+ is 16,050 ppm relative to [Ru(CN)6]2- at 0 ppm. The electronic excitation energies of [Ru(H2O)6]2+, [Ru(CN)6]2- and [Ru(NH3)6]2+ are 18,900, 40,000 and 25,600 cm-1 respectively. Assuming that the chemical shift differences are dominated by paramagnetic currents, determine the chemical shift of [Ru(NH3)6]2+.","7,530 ppm","8,090 ppm","11,070 ppm","14,840 ppm",B,"""The 99Ru chemical shift of [Ru(H2O)6]2+ is 16,050 ppm relative to [Ru(CN)6]2- at 0 ppm. The electronic excitation energies of [Ru(H2O)6]2+, [Ru(CN)6]2- and [Ru(NH3)6]2+ are 18,900, 40,000 and 25,600 cm-1 respectively. There are other compounds such as [Ru(H2O)6]3+ and [Ru(CN)6]3- but they are not included in this analysis due to their relatively unstable nature and obscure chemical shift values. Assuming that the chemical shift differences are dominated by paramagnetic currents, determine the chemical shift of [Ru(NH3)6]2+."""
"During a delay, spins with an offset frequency Ω = 250 rad s-1 precess through an angle of 60°. How long is the delay?",4.19 ms,26.3 ms,240 ms,1510 ms,A,"While observing radial velocity variations in the signal to account for the possible presence of an exoplanet, during a delay, spins with an offset frequency Ω = 250 rad s-1 precess through an angle of 60°. The variations possibly resulted from the star's magnetic activity, not planetary companions. How long is the delay?"
Which of the following is always true of a spontaneous process?,The process is exothermic.,The process does not involve any work.,The entropy of the system increases.,The total entropy of the system plus surroundings increases.,D,"""While we often observe spontaneous processes in nature, like the decay of radioactive materials or the ripening of a banana at room temperature, which of the following is always true of a spontaneous process? Keep in mind that not all spontaneous processes are easily visible to the naked eye; some occur at microscopic or even atomic levels."""
Nitronyl nitroxides are stable radicals in which the unpaired electron is coupled to two equivalent nitrogen nuclei. How many lines will appear in the EPR spectrum of a solution of a rigid nitronyl nitroxide diradical with J >> a?,3 lines,9 lines,5 lines,7 lines,D,"'Nitronyl nitroxides are stable radicals used regularly in the pharmaceutical industry due to their potential therapeutic effects. In these radicals, the unpaired electron is coupled to two equivalent nitrogen nuclei. Spontaneously, they can also form complexes with metal ions. However, for a specific case, imagine a solution of a rigid nitronyl nitroxide diradical with J >> a. How many lines will appear in the EPR spectrum of this specific solution?'"
Redox enzyme catalysis involves the cyclic oxidation and reduction of metal ions that have at least two stable positive oxidation states. Which of the following groups of metals could be found at the active site of redox enzymes?,"Cu, Fe, Co","Zn, Ca, Ga","Sr, Ga, Mg","Na, Ba, Al",A,"'Redox enzyme catalysis involves the cyclic oxidation and reduction of metal ions that have at least two stable positive oxidation states. Some enzymes are known to also have non-metallic ions that can act as cofactors, assisting in the reactions. Which of the following groups of metals could be found at the active site of redox enzymes?'"
"In the vibrational-rotational spectrum of a diatomic molecule, the R-branch of the spectrum is the result of which of the following transitions?",ΔJ = 0; Δu = 0,ΔJ = 1; Δu = 0,ΔJ = 2; Δu = 0,ΔJ = 1; Δu = 1,D,"Keeping in mind Heisenberg's Uncertainty Principle, which suggests that the more precisely the position of a particle is known, the less precisely its momentum can be predicted, it is essential to understand the vibrational-rotational spectrum of a diatomic molecule. Within this subject, the R-branch of the spectrum is the result of which of the following transitions? Despite the origins of these spectrums, it is worth noting that diatomic molecules like nitrogen or oxygen are commonly found in our day to day interactions, making them key elements in the Earth's atmosphere."
"Of the following atoms, which has the lowest electron affinity?",F,Si,O,Ca,D,"""Before considering the covalent bond strength or atomic sizes, one must ask: of the following atoms, which has the lowest electron affinity? Remember the Linus Pauling scale is not involved in this calculation."""
"Of the following ions, which has the smallest radius?",K+,Ca2+,Sc3+,Rb+,C,"""Taking into consideration the industrial applications of these ions and the fact that they all play vital roles in different chemical processes, of the following ions, which has the smallest radius? Despite the potential differences, the robustness of modern spectrometry methods allows for precise radius measurements in all cases."""
What is the NMR frequency of 31P in a 20.0 T magnetic field?,54.91 MHz,239.2 MHz,345.0 MHz,2167 MHz,C,"'What is the NMR frequency of 31P in a 20.0 T magnetic field? It is interesting to note that 31P has spin quantum number I = 1/2, which is similar to commonly studied nuclei such as 1H and 13C, however, this information isn't necessary for calculating its NMR frequency.'"
Predict the number of lines in the EPR spectrum of a solution of dimethylnitroxide (CH3)2NO• assuming the lines do not overlap.,21,3,7,24,B,"'Given that dimethylnitroxide (CH3)2NO• is dissolved in a solution containing deuterated water as the solvent, predict the number of lines in the EPR spectrum of this solution assuming the lines do not overlap. Despite the common use of water in EPR spectroscopy, remember that the solvent has little to no effect on the EPR spectrum.'"
"Of the following compounds, which is LEAST likely to behave as a Lewis acid?",BeCl2,MgCl2,ZnCl2,SCl2,D,"""Remembering the basic principles of chemistry, Lewis acids often accept electrons during a chemical reaction. Now, let's bring our focus back to the question. Of the following compounds, which is LEAST likely to behave as a Lewis acid? Keep in mind that the properties of a Lewis acid are not necessarily influenced by the atomic weight or melting point of the substance."""
