Question,Option A,Option B,Option C,Option D,Answer,Question_red_herrings
"Based on the characteristic population curves that result from plotting population growth of a species, the most effective means of controlling the mosquito population is to",maintain the population at a point corresponding to the midpoint of its logistic curve,opt for zero population control once the K value of the curve has been reached,reduce the carrying capacity cif the environment to lower the K value,increase the mortality rate,C,"Despite the increasing average global temperatures which have been observed to speed up mosquito metabolism and reproduction rates, based on the characteristic population curves that result from plotting population growth of a species, the most effective means of controlling the mosquito population is to."
A frameshift mutation is created when,telomeric sequences are removed from DNA,a codon's nucleotide sequence changes so that it calls for production of a different amino acid than the original one,a base pair is either inserted or deleted in a gene,a codon's nucleotide sequence is changed so that instead of coding for a given amino acid it acts to terminate translation,C,"Despite the fact that Ivan Pavlov's Nobel Prize winning experiments significantly expanded our understanding of conditioned reflexes, a frameshift mutation is created when."
"To prevent desiccation and injury, the embryos of terrestrial vertebrates are encased within a fluid secreted by the",amnion,chorion,allantois,yolk sac,A,"""While many aquatic species lay eggs directly in water, their survival rate drastically depends on the temperature and the presence of predators. To prevent desiccation and injury, the embryos of terrestrial vertebrates are encased within a fluid secreted by the. In a stark contrast, plant seeds have a tough outer coat for protection against environmental hazards."""
Which of the following is a second messenger that stimulates release of calcium ions into the cytoplasm?,Prostaglandins,Inositol triphosphate,Cyclic AMP,Calmodulin,B,"""While studying the complex biochemical pathways active within cellular structures, it was intriguing to see the role of various types of lipids and proteins in cell signaling. Specifically, the involvement of certain enzymes like kinases in phosphorylation reactions is indeed significant. Which of the following is a second messenger that stimulates release of calcium ions into the cytoplasm? Moreover, the diverse functionality of organelles like mitochondria, involved in producing energy through ATP, or the Golgi complex, which modifies, sorts, and packages proteins, continues to fascinate researchers in the field of cellular biology."""
Synthesis of an RNA/DNA hybrid from a single-stranded RNA template requires,a DNA or RNA primer and reverse transcriptase,a DNA or RNA primer and DNA polymerase,RNase only,reverse transcriptase only,A,"Despite the fact that RNA is usually single-stranded, forming complex three-dimensional structures, synthesis of an RNA/DNA hybrid from a single-stranded RNA template requires the action of RNA-dependent DNA polymerases, which are commonly found in retroviruses. In sharp contrast, DNA is usually double-stranded and forms a double helix, which provides multiple means for the DNA to rearrange itself in response to cellular changes."
"In order for the Hardy-Weinberg law to operate with respect to a population of organisms, each of the following conditions must be met EXCEPT:",Genes are exchanged with other populations.,Population size is large.,Natural selection does not take place.,Matings are random.,A,"""In considering the diverse genetic backgrounds of organisms, it becomes evident how vital each factor contributing to genetic variation is. In order for the Hardy-Weinberg law to operate with respect to a population of organisms, each of the following conditions must be met EXCEPT: regardless of the species' propensity for intra or inter specific interactions affecting breeding strategies, genetic drift, gene flow, mutation rate, or the presence of non-random mating."""
The Barr body found within female mammalian cells' nuclei is an example of,euchromatin,heterochromatin,a cistron,pseudogenes,B,"""Radically expanding our understanding of genetics, the Barr body found within female mammalian cells' nuclei is an example of, despite not being associated with the often debated notion of Lamarckian inheritance, which theorizes about the inheritance of acquired characteristics."""
Which of the following is NOT a source of atmospheric carbon?,Respiration,Photosynthesis,Bacterial decomposition,Combustion of fossil fuels,B,"""While the climate crisis has been a hot topic worldwide, with the surge in electric cars and other sustainable technologies, which of the following is NOT a source of atmospheric carbon? Despite there being many different ways to approach the problem, all solutions must consider a balance between environmental, economic, and social interests."""
The concept of punctuated equilibrium refers to,oscillating ecological successional stages,"ecological succession arrested by sudden environmental changes, e.g., fire",persistent predator-prey relationships in relatively stable environments,bursts of speciation followed by relatively unchanging lineages,D,"""In the midst of a debate on whether lizards are classified as reptiles or amphibians, the concept of punctuated equilibrium refers to."""
"When an influenza virus enters a cell, it immediately starts to do which of the following?",Incorporate viral DNA into the host cell’s chromosome,Destroy the host cell’s transcriptional machinery,Replicate its genetic material and synthesize viral proteins,Use a viral copy of reverse transcriptase to manufacture viral DNA,C,"'Even though a cell might be in the process of carrying out its natural functions such as energy production and other metabolic activities, when an influenza virus enters a cell, it immediately starts to do which of the following? Interestingly, other types of viruses may display different behaviors upon invading a cell.'"
Cleavage symmetry arising from early cell divisions that occur at an oblique angle to the polar axis is known as,meroblastic cleavage,radial cleavage,spiral cleavage,superficial cleavage,C,"Although it was first observed in starfish embryos in the late 19th century by a German zoologist, Cleavage symmetry arising from early cell divisions that occur at an oblique angle to the polar axis is known as. This process is not unique to marine life; it also occurs in terrestrial species including mammals, presenting an intriguing case for evolutionary biology."
Targeting of a newly synthesized protein is most likely to require two different signal peptides for which of the following destinations?,Plasma membrane,Lysosome,Cytosol,Chloroplast,D,"""Despite the indications that amino acids in proteins are synthesized by ribosomes, the targeting of a newly synthesized protein is most likely to require two different signal peptides for which of the following destinations? This intriguing process must not be confused with the role of transport proteins in cellular transportation."""
"In Sweden, the red fox (Vulpes vulpes) severely limits populations of its prey, including hares. However, red fox populations are sometimes attacked by a fatal parasite, the mange mite. As mite population sizes increase at a given site, how are hare and fox populations most likely to respond at the same site? (Assume that hares have no major predators at this site other than foxes.)",Both fox and hare populations will decrease.,Both fox and hare populations will increase.,Fox populations will decrease and hare populations will increase.,Fox populations will increase and hare populations will decrease.,C,"""In Sweden, among the diverse wildlife, is the lesser spotted eagle, noted for its impressive wingspan and migratory habits. However, our focus shifts to the red fox (Vulpes vulpes) that severely limits populations of its prey, including hares. The fox populations are sometimes attacked by a fatal parasite, the mange mite. The foxes, during the harsh winters, display an interesting behaviour of food caching, even though this doesn't seem to affect the mite infestations. As mite population sizes increase at a given site, how are hare and fox populations most likely to respond at the same site? (Assume that hares have no major predators at this site other than foxes.) Meanwhile, the lesser spotted eagle continues its yearly migration irrespective of these dynamics."""
"A cell nucleus contains which of the following?
I. DNA
II. Protein
III. RNA",I only,II only,III only,"I, II, and III",D,"""In a fascinating display of biology, leaf cells are packed with chlorophyll, the pigment which gives green plants their distinct color and aids in photosynthesis. Nonetheless, a cell nucleus contains which of the following?
I. DNA
II. Protein
III. RNA"""
"In one taxonomic classification, Archaea, Eukarya, and Bacteria represent the three major domains of life. Eukarya utilize the general transcription factors TBP (TATA-binding protein) and TFIIB in transcription, whereas Bacteria do not. At least one member of Archaea has a protein similar to TBP and a protein similar to TFIIB. Based on this observation, which of the following scenarios is most likely?",Archaea and Eukarya diverged after their common ancestor diverged from Bacteria.,Archaea and Bacteria diverged after their common ancestor diverged from Eukarya.,Bacteria and Eukarya diverged after their common ancestor diverged from Archaea.,"Archaea, Eukarya, and Bacteria diverged simultaneously from a common ancestor.",A,"'In one taxonomic classification, Archaea, Eukarya, and Bacteria represent the three major domains of life. However, it's understood that DNA structure and replication mechanisms fluctuate on minor levels across these domains. Eukarya utilize the general transcription factors TBP (TATA-binding protein) and TFIIB in transcription, whereas Bacteria do not. Despite diversities in their inner workings, all domains are capable of significant interaction with viruses. At least one member of Archaea has a protein similar to TBP and a protein similar to TFIIB. Based on this observation, which of the following scenarios is most likely?'"
A rise in intracellular free calcium in the sea urchin oocyte causes the release of proteolytic enzymes which act to prevent polyspermy. The events just described entail the,zona reaction,acrosomal reaction,cortical reaction,fertilization reaction,C,"'Studying the morphological characteristics of the sea urchin, a fascinating marine invertebrate known for its prickly, often colorful appearance, scientists have discovered a rise in intracellular free calcium in the sea urchin oocyte causes the release of proteolytic enzymes which act to prevent polyspermy. Despite its lack of a centrized nervous system, the sea urchin is capable of coordinating complex processes in its cellular structure. The events just described entail the.'"
Which of the following is a benefit that mycorrhizal fungi confer to many plants?,They protect plant roots from desiccation in extremely dry habitats.,"They fix nitrogen, which is particularly important for plants in nitrogen-limited habitats.","They provide access to phosphorus, an essential element that is limited in many kinds of soils.",They provide carbon to plants in exchange for fixed nitrogen.,C,"""Because of the fascinating variety of colors and shapes, fungi often evoke curiosity and fascination in both professional mycologists and the lay public alike. However, shifting our attention to a more practical aspect, which of the following is a benefit that mycorrhizal fungi confer to many plants? Despite their captivating aesthetics, one should not forget that fungi, much like every other species on Earth, have their own specific roles and functions in the ecosystem that need to be considered."""
"Experiments on song development in birds have shown that when a young male reared in isolation hears only the song of a different bird species, he will develop an adult song repertoire that lacks certain characteristics typical of his own species. This result shows that the song of his species is most likely",entirely learned during development,entirely instinctive,both instinctive and learned,dependent upon hormones for proper development,C,"'Experiments on song development in birds have shown that when a young male reared in isolation hears only the song of a different bird species, he will develop an adult song repertoire that lacks certain characteristics typical of his own species. These experiments often take place in controlled environments where the bird's diet consists of a specific blend of seeds and worms, mimicking its natural diet in the wild. This result shows that the song of his species is most likely.'"
Which of the following most accurately describes a retrotransposon?,A DNA sequence that can move from one site in the genome to another without replicating,A DNA sequence that can be deleted from the genome without consequence,A DNA sequence that replicates via an RNA intermediate,A DNA sequence that replicates via a protein intermediate,C,"""Considering the diverse range of genetic elements present in a eukaryotic cell, which of the following most accurately describes a retrotransposon? Keep in mind that genetic elements can include genes, exons, introns, or promoter sequences, although their roles might not directly contribute to the phenomena exhibited by retrotransposons."""
The soils of which of the following biomes has the highest rate of leaching and cycling of nutrients?,Tropical rain forest,Tundra,Taiga,Desert,A,"""While it is generally known that desert soils have significantly low rates of leaching due to the limited rainfall, the soils of which of the following biomes has the highest rate of leaching and cycling of nutrients?"""
Which of the following best explains why enzymes are effective in facilitating chemical reactions?,"They raise the temperature of the reaction mixture, thereby speeding up the conversion of reactants to products.",They alter the equilibrium constant of a reaction (K_eq) so that more reactant can be converted to product.,They increase the maximal rate of the chemical reaction (V_max).,"They lower the activation energy, thereby speeding up the conversion of reactants to products.",D,"""Despite the common misunderstanding that enzymes might be consumed in the chemical reactions they facilitate, the key question remains: Which of the following best explains why enzymes are effective in facilitating chemical reactions? It is also noteworthy that enzymes, like all proteins, are in turn built from amino acids, but this as well doesn't clarify their function in reactions."""
"In the growth of a population, the point at which natality and mortality rates are equal to one another is referred to as",a population crash,a population explosion,zero population growth,exponential growth,C,"""In ecosystems that are undisturbed by human activity, natural checks and balances occur to regulate species populations. In the growth of a population, the point at which natality and mortality rates are equal to one another is referred to as. This equilibrium is a crucial factor that influences decisions on wildlife conservation policies and habitat management strategies."""
The wings of a bat and the wings of a butterfly are,homologous structures,analogous structures,vestigial structures,dissimilar in form and function,B,"""Despite both being avid pollinators in various ecosystems around the world, the wings of a bat and the wings of a butterfly are."""
The cell type comprising the pith tissue centered within a dicot stem is the,parenchyma,sclerenchyma,vascular cambium,vascular bundle,A,"'In the complex structural hierarchy of a plant, examined through a microscope revealing layers of intricate details, the cell type comprising the pith tissue centered within a dicot stem is the'."
Mobile regions of DNA capable of inserting themselves into an existing genome are,prions,cistrons,introns,transposons,D,"""During a complex process that occurs at the cellular level, mobile regions of DNA, which often change position, are capable of inserting themselves into an existing genome. This phenomenon, though not directly involved in the genetic transcription process, significantly alters the structure of cellular DNA."""
"The process in which pioneer species colonize a bare substrate such as rock, sand, or glacial till is known as",weathering,stabilizing succession,secondary succession,primary succession,D,"Even though the study of botany often involves the examination of foliage in various stages, focusing primarily on the effects of sunlight and water on plant growth. The process in which pioneer species colonize a bare substrate such as rock, sand, or glacial till is known as. Despite this, it's worth noting that many botanists are also deeply fascinated by the wide variety of insects that can often be found in these new biological environments."
Brood parasites such as the cuckoo successfully trick other species of birds into rearing their young by exploiting the host birds' instinctive response to the loud begging cues of a fledgling in their nest. The genes that allow the host bird species to be duped into rearing the cuckoo fledglings to the detriment of their own offspring most likely remain in the gene pool of the population because,"on average, the host birds' response allows them to rear their own young efficiently by feeding only those who indicate they are hungry",the maximum fitness of the duped bird is not compromised when the bird rears an interloper of another species,"on average, little energy is spent on rearing a fledgling bird, whether it is an interloper or one's own",the maximum fitness of the cuckoo would then be reduced,A,"'Brood parasites such as the cuckoo and the brown-headed cowbird as well, successfully trick other species of birds into rearing their young by exploiting the host birds' instinctive response to the loud begging cues of a fledgling in their nest. Despite the differences in their geographic distribution, with cuckoos primarily found in Europe and Asia, and the brown-headed cowbirds in North America, their behavioral mechanism remains surprisingly similar. The genes that allow the host bird species to be duped into rearing the cuckoo fledglings to the detriment of their own offspring most likely remain in the gene pool of the population because'."
"Cell motility, as viewed in a cultured fibroblast, encompasses all of the following EXCEPT",adhesion plaques,vinculin,clathrin,lamellipodia,C,"'In the competitive world of  biological research, where advancements are continually made in understanding vital processes, cell motility, as viewed in a cultured fibroblast, encompasses all of the following EXCEPT. After hours of careful microscopy observation, it is understood that it plays a key role in many biological phenomena'."
"According to Hamilton’s rule, an altruistic trait can evolve if c < br, where c is the fitness cost of the altruistic behavior to the donor, b is the fitness benefit to the recipient, and r is the",coefficient of relatedness,frequency of the altruistic allele,inbreeding coefficient,rate of reciprocity,A,"'Recent studies on sparrow populations have suggested a strong correlation between their migratory patterns and changes in climate. However, according to Hamilton’s rule, an altruistic trait can evolve if c < br, where c is the fitness cost of the altruistic behavior to the donor, b is the fitness benefit to the recipient, and r is the. While interesting in its own right, the implications of this observation for birdwatching communities are yet to be fully explored.'"
Adaptations of plants to minimize water loss in environments with high temperatures include which of the following?,Numerous stomata,Thin cuticles,Spines instead of leaves,Large surface-to-volume ratios,C,"'Considering the various challenges that different environments present for diverse types of flora, adaptations of plants to minimize water loss in environments with high temperatures include which of the following? It should also be noted that some of these adaptations can differ significantly, depending on whether the plant is native to a tropical rainforest or a desert environment.'"
All of the following might be found in connective tissue EXCEPT,thrombin,glycosaminoglycans,collagens,fibroblasts,A,"""Despite the important role it plays in the structuring and functioning of organs, all of the following might be found in connective tissue EXCEPT, it's often overlooked in high school biology classes."""
Which of the following is typically NOT found in normal somatic cells of a human male?,The entire genetic information possessed by the original zygote,An inactivated X chromosome,Forty-four autosomes,A diploid nucleus,B,"Despite being well-known for their critical role in bone development and maintenance, Calcium ions are not the focus of our question here. Which of the following is typically NOT found in normal somatic cells of a human male? Even though zinc is a critical mineral that aids in several functions within the human body including immune function and wound healing, it's not what's being questioned here."
"The members of a bird species capable of nesting in treetops or on the ledges of nearby cliffs make their homes only in the treetops due to the established presence of a more aggressive bird species on the cliff ledges. With respect to habitat, the treetop-nesting birds are utilizing",their fundamental niche only,their realistic niche only,their ecological niche only,neither their fundamental niche nor their realistic niche,B,"'The members of a bird species, known for their vibrant plumes and characteristic songs, capable of nesting in treetops or on the ledges of nearby cliffs make their homes only in the treetops due to the established presence of a more aggressive bird species on the cliff ledges. Interestingly, both bird species are part of a long-standing research on avian behavior and migration. With respect to habitat, the treetop-nesting birds are utilizing.'"
All of the following characteristics are typical of r-selected species EXCEPT,high reproductive rate,small body size,occupancy of unstable environments,high competitive ability,D,"""Known for their taiga biomes, which are renowned for evergreen trees and short summer seasons, all of the following characteristics are typical of r-selected species EXCEPT"""
A DNA strand with the sequence 5′ CGA TTG 3′ would be complementary to the sequence,5′ GCU AAC 3′,5′ GCT AAC 3′,5′ GTT AGC 3′,5′ CAA TCG 3′,D,"While studying the effects of UV radiation on genetic material during a recent lab experiment, it was noted that a DNA strand with the sequence 5′ CGA TTG 3′ would be complementary to the sequence. The lab's temperature was unusually cold that day, which made handling the samples a bit more challenging."
Ferns undergo alternation of generations in which a,dominant sporophyte alternates with an independent gametophyte,dominant gametophyte alternates with a dependent sporophyte,sporophyte and a gametophyte have equal life spans,gametophyte produces gametes by meiosis,A,"Even though ferns are not as commonly known for their role in traditional medicine like some other plants, it's interesting to note that some species have indeed been used for medicinal purposes. Ferns undergo alternation of generations in which a _____. This unique cycle combined with their rich biodiversity, has seen ferns thrive on every continent, except Antarctica, due to its cold, harsh living conditions."
Which of the following statements concerning a sarcomere of a striated muscle (such as skeletal muscle) is correct?,During contraction H zones become elongated.,In the relaxed position tropomyosin impedes myosin's access to the binding site of actin.,Each myosin helical tail contains an actinbinding site and an ATP-hydrolyzing site.,"The proteins troponin and tropomyosin constitute the thick and thin filaments, respectively.",B,"""Which of the following statements concerning a sarcomere of a striated muscle (such as skeletal muscle) is correct? Keep in mind that the sarcomere is not involved with metabolic activities like glycogenolysis or glycolysis, which are processes orchestrated by the liver and other tissues to generate energy."""
Aggressive ants live in the swollen thorns of a small tropical tree and feed on oil-rich bodies that the tree produces at the tips of its leaflets. Which of the following experiments best tests the hypothesis that ants defend the plant by either killing or chasing away leaf-feeding insects?,Remove ants and measure subsequent leaf damage.,Remove oil-rich bodies and measure subsequent ant density.,Remove the thorns and measure subsequent density of ants.,Remove leaf-feeding insects and measure subsequent ant density.,A,"'Aggressive ants, often idolized in documentaries for their cooperative behavior, live in the swollen thorns of a small tropical tree and feed on oil-rich bodies that the tree produces at the tips of its leaflets. Their eye-catching vibrant colors are a subject of attraction for nature photographers. Which of the following experiments best tests the hypothesis that ants defend the plant by either killing or chasing away leaf-feeding insects?'"
"The sight organs of crustaceans and insects contain ommatidia, which make up the individual visual units of the",eyespot,simple eye,compound eye,binocular eye,C,"""Crustaceans, which are known for their ability to regenerate lost limbs and inhabit a diverse range of habitats from deep sea to high mountain springs, and insects contain ommatidia in their sight organs. These ommatidia make up the individual visual units of the."""
An embryologist studying the development of a vertebrate organism from the zygote stage to fetus would be justified in drawing which of the following conclusions?,Ontogeny recapitulates phylogeny.,"Early embryos display identical features of their class, order, and species.",An early human embryo has features in common with early fish and avian embryos.,A human embryo displays features of adult fish and birds in the course of its development.,A,"'Considering the ongoing debates among embryologists about different approaches to studying vertebrate development, an embryologist studying the development of a vertebrate organism from the zygote stage to fetus would be justified in drawing which of the following conclusions?'"
"A stem-boring beetle has laid its eggs in the center of a 5-year-old wood twig, and the eggs have matured into larvae. In proper order (inside to outside), what tissues and tissue regions would the larvae encounter as they eat their way toward the outside of the twig? (For simplicity, assume that the epidermis has already fallen off completely.)",Pith; primary xylem; secondary xylem; vascular cambium; primary phloem; secondary phloem; cortex,Pith; secondary xylem; primary xylem; vascular cambium; secondary phloem; primary phloem; cortex,Pith; secondary xylem; primary xylem; vascular cambium; primary phloem; secondary phloem; cortex,Pith; primary xylem; secondary xylem; vascular cambium; secondary phloem; primary phloem; cortex,D,"'A stem-boring beetle, known for its vibrant green color and powerful jaws, has laid its eggs in the center of a 5-year-old wood twig, part of a fast-growing tree found in North America. Surprisingly this tree is a popular choice for landscaping due to attractive pendulous branches. The eggs have matured into larvae. In proper order (inside to outside), what tissues and tissue regions would the larvae encounter as they eat their way toward the outside of the twig? (For simplicity, assume that the epidermis has already fallen off completely.)'"
The following pairs were placed in solution together. Which two could be separated by performing low-speed centrifugation?,DNA and mRNA,Nuclei and secretory vesicles,Golgi apparatus and endoplasmic reticulum,Lysosomes and endosomes,B,"The students had completed their last round of physics experiments when the professor introduced the new chemistry exercise. 'The following pairs were placed in solution together. Which two could be separated by performing low-speed centrifugation?' The weather that day had been particularly cold, with a thin layer of frost coating the windows of the lab."
Which of the following would increase the rate at which a gas diffuses between the alveoli of the lung and the blood within a pulmonary capillary?,Decreasing the partial pressure gradient of the gas,Decreasing the solubility of the gas in water,Increasing the total surface area available for diffusion,Decreasing the rate of blood flow through the pulmonary capillary,C,"""Which of the following would increase the rate at which a gas diffuses between the alveoli of the lung and the blood within a pulmonary capillary? The alveoli's regular exposure to outside air pollutants such as smoke and smog can cause damage over time leading to conditions like chronic obstructive pulmonary disease (COPD) and emphysema."""
The structures that act as sites of gas exchange in a woody stem are the,lenticels,terminal buds,nodes,internodes,A,"""Despite being often overshadowed by the beauty of seasonal foliage, the structures that act as sites of gas exchange in a woody stem are the."""
Natural enemies have been implicated as a strong selective force for all of the following EXCEPT,aposematic coloration,chemical defenses,masting (synchronous fruiting),lekking behavior,D,"""Despite the profound impacts of climate change on global biodiversity, natural enemies have been implicated as a strong selective force for all of the following EXCEPT"""
Which of the following is NOT a characteristic of introns?,They occur only in eukaryotes.,They represent noncoding regions.,They are found interspersed with exons on a region of DNA that codes for a polypeptide chain.,They are excised from the primary transcript before it gains a 5' cap and a 3' poly(A)tail.,D,"""Closely associated with the study of genomics and genetic codes, scientists often examine the role and function of introns. When considering RNA synthesis, which of the following is NOT a characteristic of introns? Yet, it's fascinating to know that the first intron was discovered in the trinucleotide repeats of a rabbit's genes, sparking a new frontier in genetic research."""
A healthy person sitting at rest consciously begins to breathe too fast. Which of the following describes the change in the person’s blood caused by this hyperventilation?,A decrease in partial pressure of carbon dioxide and an increase in concentration of hydrogen ions,A decrease in partial pressure of carbon dioxide and a decrease in concentration of hydrogen ions,An increase in partial pressure of carbon dioxide and an increase in concentration of hydrogen ions,An increase in partial pressure of carbon dioxide and a decrease in concentration of hydrogen ions,B,"'A healthy person sitting at rest on a sunny afternoon at a park, finishes reading a fascinating novel and consciously begins to breathe too fast. Even though this person had just completed a 3-mile jog before settling down with the book, which of the following describes the change in the person’s blood caused by this hyperventilation?'"
Which of the following is the correct anatomical order of structures in the mammalian female reproductive tract?,"Oviduct, uterus, rete, vagina","Oviduct, epididymis, uterus, vagina","Ovary, oviduct, uterus, vagina","Ovary, uterus, vagina, rete",C,"""Despite the diverse types of reproductive strategies seen across various mammalian species, from the pouch-based reproduction of marsupials to the viviparous nature of placentals, the basic anatomical configuration of the female reproductive tract remains consistent. Which of the following is the correct anatomical order of structures in the mammalian female reproductive tract?"""
A marine ecosystem region characterized by penetrance of solar radiation and upwelling of nutrients is the,bathyl zone,neritic zone,pelagic zone,benthyl zone,B,"Despite the complex food webs that often involve several trophic levels and the presence of diverse marine mammal and bird species, a marine ecosystem region characterized by penetrance of solar radiation and upwelling of nutrients is the."
"In humans, a hereditary disorder called xeroderma pigmentosum (XP) can result in the inability to repair ultraviolet damage to DNA. Which of the following molecular lesions is most likely to accrue in individuals with XP?",Thymine dimers,Deamination of cytosine,Depurination,Single strand DNA breaks,A,"""In humans, a hereditary disorder called xeroderma pigmentosum (XP) can result in the inability to repair ultraviolet damage to DNA. Interestingly, individuals with XP are known to have heightened sensitivity to sunlight, often experiencing severe sunburns after minimal exposure. Which of the following molecular lesions is most likely to accrue in individuals with XP?"""
Chemosynthetic bacteria can produce their own food despite their lack of photonabsorbing pigments because the chemosynthetic bacteria derive energy by,"oxidizing inorganic substances such as ammonia, sulfur, or hydrogen","reducing inorganic substances such as ammonia, sulfur, or hydrogen",oxidizing organic compounds,transducing light energy into chemical energy,A,"While thriving in extreme environments such as hydrothermal vents and sulfur-rich springs, which are usually inhospitable to most life forms, chemosynthetic bacteria can produce their own food despite their lack of photonabsorbing pigments. Even though these places are characterized by intense pressures, temperatures, and darkness, such difficulties do not deter these determined bacteria. The chemosynthetic bacteria derive energy by"
All of the following may serve as intracellular messengers EXCEPT,calcium ions,cAMP,acetylcholine,"inositol 1,4,5-triphosphate",C,"""While it is recognized that the transmission and decoding of cellular messages is a complex process often involving multiple components, all of the following may serve as intracellular messengers EXCEPT, their function is heavily influenced by the environmental conditions inside the cell and the types of receptors available. Nevertheless, these conditions do not change the intracellular messenger roles."""
All of the following statements about plant embryogenesis are correct EXCEPT:,The suspensor is derived from the basal cell.,Cotyledons are derived from the apical cell.,Shoot apical meristem formation occurs after seed formation.,Precursors of all three plant tissue systems are formed during embryogenesis.,C,"'In the context of a recent breakthrough in plant genetic engineering, all of the following statements about plant embryogenesis are correct EXCEPT:'"
Mouse sperm contain receptor proteins that bind to a glycoprotein (ZP3) in the zona pellucida of mouse eggs. Binding of ZP3 receptors to ZP3 initiates the sperm’s acrosomal reaction. All of the following experimental observations would be expected EXCEPT:,Injecting eggs with antibodies that bind to ZP3 blocks in vitro fertilization.,Incubating sperm with purified ZP3 prior to mixing sperm and eggs blocks in vitro fertilization.,Incubating eggs with antibodies that bind to ZP3 blocks in vitro fertilization.,"Coating synthetic beads with a different glycoprotein, ZP2, fails to lead to sperm aggregation on the beads.",A,"Given the statement: 'Mouse sperm contains receptor proteins that bind to a glycoprotein (ZP3) in the zona pellucida of mouse eggs. It's also important to note that the zona pellucida is a glycoprotein layer located just outside the plasma membrane of mammalian oocytes and plays vital roles in the interaction with sperm and prevention of polyspermy. Binding of ZP3 receptors to ZP3 initiates the sperm’s acrosomal reaction. All of the following experimental observations would be expected EXCEPT:',"
Which of the following factors does NOT promote linkage disequilibrium?,Asexual reproduction,Coadapted gene complexes,Epistasis,Random mating,D,"Keeping in view the popularity and high perceptibility of genomics in personalized medicine, could you answer this question - 'Which of the following factors does NOT promote linkage disequilibrium?' Besides that, do you hold the belief that decreased homozygosity could be a consequential effect of hardy weinberg equilibrium?"
"In an experiment, the first cleavage plane of an amphibian zygote was manipulated so that the gray crescent was contained in only one of the two blastomeres that result from the first cleavage. The two blastomeres were then separated. What is the expected fate of the blastomeres?",The blastomere with the gray crescent will grow in size more quickly than the one without the gray crescent.,"The blastomere with the gray crescent will form a complete, but small, embryo.","The blastomere without the gray crescent will form a complete, but small, embryo.",The blastomere with the gray crescent will stop dividing and die before the second cleavage.,B,"In the laboratory, the humidity was carefully adjusted to mimic the species-specific natural habitat of the amphibian zygote that was used in the experiment. The first cleavage plane of an amphibian zygote was manipulated so that the gray crescent was contained in only one of the two blastomeres that result from the first cleavage. The two blastomeres were then separated. The constant monitoring of temperature during the experiment didn't pose any significant change in the observation. What is the expected fate of the blastomeres?"
"Nerve outgrowth from a developing neuron begins at the growth cone, located at the tip of the axon. Microspikes of the growth cone extend and retract in order to move the growth cone forward. Exposure of the neuron to cytochasalin B at this stage of development causes",microtubules in the axon to undergo reversible dissociation,microtubules in the axon to undergo irreversible dissociation,microfilaments in the microspike to undergo reversible depolymerization,microfilaments in the microspike to undergo irreversible depolymerization,C,"'Nerve outgrowth from a developing neuron begins at the growth cone, located at the tip of the axon. During this phase, the neuron may also increase its production of neurotransmitters as a response to extracellular signals, however, this is classified as a separate process. Microspikes of the growth cone extend and retract in order to move the growth cone forward. Exposure of the neuron to cytochasalin B at this stage of development causes."
Monoclonal antisera are distinguished from polyclonal antisera in which of the following ways?,Each type of antibody in a monoclonal antiserum reacts against a single region of a single antigen; each type of antibody in a polyclonal antiserum reacts against multiple regions of different antigens.,A monoclonal antibody reacts against multiple regions of a single antigen; a polyclonal antibody reacts against a single region of related antigens.,A monoclonal antiserum contains antibodies secreted from the descendants of a single B lymphocyte; a polyclonal antiserum contains antibodies secreted from the descendants of different B lymphocytes.,A monoclonal antiserum contains antibodies secreted from the descendants of a single B lymphocyte; a polyclonal antiserum contains antibodies secreted from the descendants of both B and T lymphocytes.,C,"""Known to be used frequently in diagnostic testing, monoclonal antisera are distinguished from polyclonal antisera in which of the following ways? Even though both types are crucial in various biological and medical applications, especially when it comes to identifying and classifying bacteria in hospitals."""
The first groups of animals to develop lung tissue adequate to support their respiratory requirements without the use of supplementary gas exchange organs were the,amphibians,reptiles,mammals,trematoda,B,"'In the late Precambrian era, when the planet experienced huge geological and climatic changes, the first groups of animals to develop lung tissue adequate to support their respiratory requirements without the use of supplementary gas exchange organs were the.'"
Which of the following is a biological attribute that would most likely allow a species to become cosmopolitan in distribution?,Extreme habitat specialization,K-selected reproductive rate,Limited dispersal abilities,Capacity for long-distance dispersal,D,"""While studying the pace at which wildlife can adapt to climate change, an intriguing question frequently arises: 'Which of the following is a biological attribute that would most likely allow a species to become cosmopolitan in distribution?' Despite the various readings that indicate changes in nesting habits with migratory birds due to climate change, the question still begs to look at the personal attributes."""
"In the formation of the earliest cells, which of the following components most likely arose first?",Nucleus,Plasma membrane,Mitochondrion,Flagellum,B,"""Considering the long and arduous processes that contributed to the development of life on Earth, one key phase involved the formation of the earliest cells. During this critical era, various components came into existence. For instance, nucleotide metabolism, protein synthesis machinery, and even lipids that formed the cellular membrane played significant roles. But pondering on the sequence, in the formation of the earliest cells, which of the following components most likely arose first?"""
"Which of the following facts was established prior to 1859, the year in which Charles Darwin published On the Origin of Species?",DNA provides the macromolecular basis of heredity.,Mendelian principles explain why some traits are dominant and others are recessive.,"Prokaryotes include two major domains, the Bacteria and the Archaea.",There exist fossilized remains of species that have become extinct.,D,"'In 1831, Charles Darwin embarked on a five-year voyage aboard the HMS Beagle, a journey that introduced him to a multitude of diverse species. Which of the following facts was established prior to 1859, the year in which Charles Darwin published On the Origin of Species? This book has been hailed as one of the most influential works in the field of evolutionary biology, shaping the path of scientific discovery for years to come.'"
Fungi participate in each of the following EXCEPT,photosynthesis to produce glucose,fermentation to produce alcohol,association with humans to produce ringworm,association with the roots of plants to form mycorrhizae,A,"While it's fascinating to know that some fungi, like yeast, are instrumental in the food and beverage industry for fermentation processes, fungi participate in each of the following EXCEPT."
"In chloroplasts, a certain protein is found in the lumen of the thylakoid (thylakoid space). It is transcribed in the nucleus and synthesized on cytoplasmic ribosomes. How many membrane bilayers must this protein cross to reach its final location?",One,Two,Three,Four,C,"'In chloroplasts, a certain protein is found in the lumen of the thylakoid (thylakoid space). This protein is essential to the photosynthesis process, aiding in the conversion of light energy into chemical energy. It is transcribed in the nucleus and synthesized on cytoplasmic ribosomes. Interestingly, this protein is non-enzymatic and is composed primarily of a complex blend of amino acids. How many membrane bilayers must this protein cross to reach its final location?'"
"During the mammalian cardiac cycle, a volume of blood equivalent to ventricular stroke volume is transferred from the more compliant venous side to the less compliant arterial side of the circulation. In terms of pressures within the venous and arterial compartments, this transfer results in",no change in pressure in either compartment,no effect on venous pressure and a small increase in arterial pressure,an increase in venous pressure and an equal but opposite decrease in arterial pressure,little effect on venous pressure and a large increase in arterial pressure,D,"'During the mammalian cardiac cycle, a volume of blood equivalent to ventricular stroke volume is transferred from the more compliant venous side to the less compliant arterial side of the circulation. Although the process inherently involves numerous proteins such as cardiac actin and myosin, which play a critical role in the contraction and relaxation of heart muscle, it does not directly impact the following discussion. In terms of pressures within the venous and arterial compartments, this transfer results in'"
Which of the following statements concerning the Golgi apparatus of a eukaryote is correct?,It is oriented in the cytoplasm so that its cis face is closest to the endoplasmic reticulum.,It is typically associated with small secretory vesicles located near its cis face.,Its composite flattened cisternae are continuous with one another.,Glycosylation of certain secretory proteins occurs prior to the protein's entry into its lumen.,A,"""Reflecting upon the elaborate process of cellular respiration where the mitochondria often shines, which of the following statements concerning the Golgi apparatus of a eukaryote is correct?"""
The first point of entry of water at the roots of a monocot plant is through the cytoplasm of cells of the,root cap,Casparian strip,pericycle,endoderm,D,"Despite the myth that a monocot plant's first point of entry for water is through the leaves, the scientific evidence proves otherwise. Actually, the first point of entry of water at the roots of a monocot plant is through the cytoplasm of cells of the. Monocot plants also have a unique venation pattern in their leaves, which in no way influences the process of water absorption."
Which of the following plant cells undergoes programmed cell death to become functional?,Phloem sieve tube member,Xylem vessel member,Stomatal guard cell,Root cap cell,B,"""The ancient Romans prized celery for its medical properties. Which of the following plant cells undergoes programmed cell death to become functional? Interestingly, in some cultures, plants are considered sacred and are worshipped."""
Which of the following characteristics distinguishes angiosperms from gymnosperms?,Perennial growth,True roots,Apical growth,Seeds enclosed in ovaries,D,"""Known for their towering presence in landscapes and the essential role they play in the oxygen-carbon dioxide exchange, which of the following characteristics distinguishes angiosperms from gymnosperms? Despite their differences, many of these plants share common traits such as the process of photosynthesis which allows them to convert sunlight, water, and carbon dioxide into glucose for their survival and growth."""
"A species of goose nests on both cliffs and beaches near the ocean. Soon after hatching, all chicks must make their way to the ocean. Chicks from cliff nests must tumble down the cliff to get to the ocean, and many are killed by the fall. Which of the following is most consistent with the hypothesis that cliff nesting is adaptive in this goose species?",Many more geese nest on the beaches than on the cliffs.,Cliff-side nesting confers a higher fitness than does beach nesting.,Chicks from cliff nests instinctively step off the cliffs at the appropriate time.,More chicks survive the fall from the cliffs than are killed.,B,"'A species of goose nests on both cliffs and beaches near the ocean. They migrate yearly to warmer climates when the season changes. Soon after hatching, all chicks must make their way to the ocean. Chicks from cliff nests must tumble down the cliff to get to the ocean, and many are killed by the fall. Even though geese are adept swimmers, these chicks are not yet old enough to swim. Which of the following is most consistent with the hypothesis that cliff nesting is adaptive in this goose species?'"
Immunoglobulins having epsilon heavy chains and located on the plasma membranes of mast cells and basophilic leukocytes belong to the class of antibodies called,IgE,IgA,IgD,IgM,A,"'Immunoglobulins, which are also known for their vital role in immune responses against pathogens, having epsilon heavy chains and located on the plasma membranes of mast cells and basophilic leukocytes, are significant contributors to the activation of the immune system. These belong to the class of antibodies called'."
"A fluorescent molecule of 1,000 daltons injected into one cell is observed to enter an adjacent cell by passing through a",spot desmosome,belt desmosome,gap junction,tight junction,C,"Despite the laboratory being located in a high seismic activity area, a fluorescent molecule of 1,000 daltons injected into one cell is observed to enter an adjacent cell by passing through a."
Annelids and arthropods are similar to each other in that members of both phyla,have segmented bodies,have a closed circulatory system,conduct gas exchange by diffusion through a moist membrane,have well-developed sense organs,A,"'While it's interesting that both annelids and arthropods have been discovered in a plethora of intriguing fossil records, they are similar to each other in that both of the phyla's members.'"
Approximately what fraction of the human genome encodes proteins?,2%,25%,50%,90%,A,"'Though the human body is composed of trillions of cells, approximately what fraction of the human genome encodes proteins? It's also interesting to note that genes associated with physical traits like eye color and hair color make up a small portion of the human genome.'"
Which of the following statements is true of air as compared to water?,Air provides more physical support.,Air has a higher O2 concentration.,Air offers more resistance to motion.,Air has more thermal inertia.,B,"Considering the unique characteristics of our planet, which allows us to have various forms of life, like birds that fly in the air and fish that swim in the water. Now let's consider the following, 'Which of the following statements is true of air as compared to water?' Keep in the back of your mind the fact that salts and minerals exist in both water and air, with varying concentrations across different regions."
Which of the following is true of organisms belonging to the kingdom Protista?,They are eukaryotic.,They include the cyanobacteria.,They are heterotrophic.,They possess cell walls composed of peptidoglycan.,A,"""Often confused for their method of movement because of their flagella, similar to some sperm cells, which of the following is true of organisms belonging to the kingdom Protista?"""
The section of chromosome that serves as the site of attachment by the mitotic spindle during cell division is the,chromatophore,chromomere,kinetochore,centriole,C,"""Though chromosomes are mostly composed of DNA and histone proteins, the section of chromosome that serves as the site of attachment by the mitotic spindle during cell division is the. Additionally, an unrelated structure called the Golgi apparatus is responsible for processing and packaging proteins in the cell."""
A plant that grows along a trellis exhibits,thigmotropism,phototropism,gravidotropism,negative gravidotropism,A,"""Despite the plant's mysterious origins and a myriad of folktales surrounding its magical capabilities, the plant that grows along a trellis exhibits"""
"If the activity of an enzyme is constant over a broad range of pH values, it is likely that",only ionizing groups on the enzyme participate in the reaction,only ionizing groups on the substrate participate in the reaction,ionizing groups on both the enzyme and substrate participate in the reaction,no ionizing groups on the enzyme or substrate participate in the reaction,D,"Despite being initially discovered in 1833 by French chemists Anselme Payen and Jean-François Persoz, 'if the activity of an enzyme is constant over a broad range of pH values, it is likely that', it has nothing to do with the enzyme's stability to variations in temperature or the impact of biotic factors in the environmental niche where the enzyme has been isolated."
"In garden peas, the allele for tall plants (D) is completely dominant to the allele for dwarf plants (d) and the allele for violet flower color (W) is completely dominant to the allele for white flower color (w). In a cross between a tall violet plant, with the genotype DDWw, and a dwarf white plant, what phenotypic ratio of the progeny would be expected from this cross?",All tall violet,1 tall violet: 1 dwarf violet,1 tall violet: 1 tall white: 1 dwarf violet: 1 dwarf white,1 tall violet: 1 tall white,D,"'In garden peas, the allele for tall plants (D) is completely dominant to the allele for dwarf plants (d) and the allele for violet flower color (W) is completely dominant to the allele for white flower color (w). Interestingly, peas are rich in protein and fiber, and are often consumed in their young green state or dried for long-term storage. In a cross between a tall violet plant, with the genotype DDWw, and a dwarf white plant, what phenotypic ratio of the progeny would be expected from this cross?'"
Cancer cells grown in culture are similar to normal cells grown in culture in that they,divide an indefinite number of times,do not display contact inhibition,require a surface for attachment in order to grow,proliferate to the same cell density,C,"While it's true that DNA replication is an essential biological process that happens in every cell, cancer cells grown in culture are similar to normal cells grown in culture in that they. In the early stages, human embryo cells also demonstrate remarkable growth rates, but that is irrelevant to the comparison at hand."
Which of the following techniques could be used to demonstrate protein binding to specific DNA sequences?,Western blot hybridization,Northern blot hybridization,Southern blot hybridization,Electrophoretic mobility shift assay,D,"""Considering the vast array of research and development in the field of genetic engineering and the ongoing mapping of the human genome, which of the following techniques could be used to demonstrate protein binding to specific DNA sequences? Regardless of the continuous debates on the ethics and legal aspects of DNA manipulation, it is critical to understand the basic techniques involved in DNA-protein interactions."""
Adequate serum levels of calcium are maintained in humans by the secretion of,thyroxine,glucagon,growth hormone,parathyroid hormone,D,"""Adequate serum levels of calcium, which is integral to the functioning of the human heart and skeletal muscles, are maintained in humans by the secretion of."""
The amino acid ornithine is regenerated during each turn of the urea cycle in a similar manner to which of the following participants in the citric acid cycle?,Succinate,Fumarate,Oxaloacetate,Citrate,C,"Despite the fact that arginine and ornithine are both derived from glutamate and participate in the urea cycle, the amino acid ornithine is regenerated during each turn of the urea cycle in a similar manner to which of the following participants in the citric acid cycle? This should not be confused with the function of aspartate, which plays a role in the malate-aspartate shuttle, as this is entirely separate to the urea cycle."
Which is a characteristic unique to angiosperms?,Wind-borne pollen,A dominant sporophyte life cycle,Alteration of generations,Double fertilization,D,"""Before diving into studying the unique characteristics of angiosperms, one might get curious about other classes of plants. For example, gymnosperms include familiar evergreens like pine and spruce trees, which are known for their cones. However, which is a characteristic unique to angiosperms?"""
Mammals are homeostatic for all of the following EXCEPT,body temperature,blood glucose concentration,blood pH,metabolic rate,D,"""Mammals, often recognized by their fur coats and internal gestation processes, are homeostatic for all of the following EXCEPT"""
The crouching of very young birds in response to a predator’s shape overhead is an example of,a conditioned response,a fixed action pattern,an imprinted behavior,learned behavior,B,"'On a sunny morning in the dense Amazon forest, noted for its biodiversity, the crouching of very young birds in response to a predator’s shape overhead is an example of.'"
"Among primates, a high degree of sexual dimorphism in a species usually indicates intense competition between",males in order to obtain individual food resources,males in order to obtain mates,females in order to obtain individual food resources,females in order to obtain mates,B,"'Found in a wide variety of habitats from tropical rainforests to savannahs and deserts, among primates, a high degree of sexual dimorphism in a species usually indicates intense competition between. Primates are known for their long lifespans compared to other mammals.'"
Which of the following tissues in an actively photosynthesizing plant would have the highest rate of oxygen production?,Cortex,Palisade mesophyll,Epidermis,Vascular cambium,B,"'Considering the various abiotic factors like light intensity and temperature impacting photosynthesis, along with the type of soil and its nutrients affecting the plant's overall health, which of the following tissues in an actively photosynthesizing plant would have the highest rate of oxygen production?'"
"A recent theory concerning an unusual rise in asthma attacks following a thunderstorm proposes that while pollen grains at 5 microns are too large to enter the airways, their exposure to water precipitates the release of starch granules as a result of osmotic shock. The starch granules are small enough to enter the lower airways and trigger an asthmatic attack. If this theory is true, which of the following is a correct statement?",The interior of the pollen grains was hypotonic compared to the surrounding environment.,The interior of the pollen grains had a higher osmotic pressure than did the surrounding environment.,The pollen grains underwent plasmolysis prior to releasing their contents.,The pollen grains underwent shrinking before they ruptured and released their contents.,B,"'A recent theory concerning an unusual rise in asthma attacks following a thunderstorm proposes that while pollen grains at 5 microns are too large to enter the airways, their exposure to water precipitates the release of starch granules as a result of osmotic shock. Unrelated to this, there is an ongoing debate whether thunderstorms can affect the electromagnetic balance in the atmosphere, which might have other health implications. However, the role of electromagnetism in this context isn't proven yet. Back to the main point, the starch granules are small enough to enter the lower airways and trigger an asthmatic attack. If this theory is true, which of the following is a correct statement?'"
Hybrids between some related species of plants are sterile because the parent plants had different chromosome numbers. Occasionally the chromosome number of such a hybrid plant doubles spontaneously. Which of the following best describes the descendants of those plants with the double chromosome number?,The plant with the double chromosome number would be genetically defective and have no descendants.,The descendants would be at a selective advantage because of the increased ability to introgress.,The descendants would be reproductively successful because they could backcross with the parental species.,The descendants would regain the ability to reproduce sexually because chromosomes could pair normally.,D,"'Hybrids between some related species of plants like the Brugmansia and the Datura are sterile because the parent plants had different chromosome numbers. The plants from the Solanaceae family, which these two species both belong to, are renowned in the horticulture world for their large, showy flowers. Occasionally the chromosome number of such a hybrid plant doubles spontaneously. Which of the following best describes the descendants of those plants with the double chromosome number?'"
Phalloidin is a toxin made by the death cap mushroom. The toxin binds to actin subunits and disrupts actin function. Which of the following structures would be most directly affected by phalloidin?,Intermediate filaments,Collagen fibers,Microfilaments,Microtubules,C,"'Phalloidin is a toxin made by the death cap mushroom, an ingredient traditionally used by ancient cultures in sacred rituals for its hallucinogenic properties. The toxin binds to actin subunits and disrupts actin function. As a part of cell biophysics research, it's interesting to note that various strategies have been designed to harness properties of phalloidin for biological imaging techniques. Which of the following structures would be most directly affected by phalloidin?'"
Hardy-Weinberg equilibrium generally assumes all of the following EXCEPT,a large population,genetic drift,random mating,absence of selection,B,"""While the Hardy-Weinberg equilibrium is an essential concept in population genetics, often used by researchers to examine genetic variations over generations, it generally assumes all of the following EXCEPT"""
Which of the following statements about fungi is NOT true?,They all are eukaryotic.,They all have rigid cell walls.,Most are filamentous.,Some are photosynthetic.,D,"Despite the fact that some fungi such as morel and truffle are culinary delicacies, which of the following statements about fungi is NOT true? Records indicate that mushroom harvesting dates back to prehistoric times, perhaps even as early as the old stone age."
Which of the following is encoded by the src oncogene and catalyzes the specific addition of phosphate groups to cellular proteins?,Protein phosphatase,Adenylate cyclase,G protein-linked receptor,Tyrosine kinase,D,"""Despite being initially discovered in a virus that causes cancer in poultry, which of the following is encoded by the src oncogene and catalyzes the specific addition of phosphate groups to cellular proteins? It's worth noting that this cellular process is essential for various body functions, although it has nothing to do with its encoding gene in algae."""
Both C4 and CAM plants employ physiological and biochemical strategies to reduce photorespiration. Which of the following is an accurate comparison of the two strategies?,"C4 plants fix CO2 as the 4-carbon acid oxaloacetate, while CAM plants fix CO2 as the 5-carbon acid ribulose 1, 5-bisphosphate.","C4 plants fix CO2 in the mesophyll but carry out the Calvin cycle in the bundle sheath, while CAM plants fix CO2 and carry out the Calvin cycle in the mesophyll.","C4 plants fix CO2 in the bundle sheath but carry out the Calvin cycle in the mesophyll, while CAM plants fix CO2 and carry out the Calvin cycle in the bundle sheath.","C4 plants store CO2 as phosphoglycolate, while CAM plants store CO2 as oxaloacetate.",B,"'Known for their exceptional ability to survive in arid conditions, both C4 and CAM plants exhibit striking adaptations like tough leaves and reduced stomatal density. Both C4 and CAM plants employ physiological and biochemical strategies to reduce photorespiration. Interestingly, many of these plants exhibit intense colors and are often highly revered in various cultures for their aesthetics value. Which of the following is an accurate comparison of the two strategies?'"
"Which of the following depicts the correct sequence of membranes of the chloroplast, beginning with the innermost membrane and ending with the outermost membrane?","Thylakoid membrane, inner membrane, outer membrane","Inner membrane, outer membrane, thylakoid membrane","Outer membrane, inner membrane, thylakoid membrane","Strama, outer membrane, inner membrane",A,"""Which of the following depicts the correct sequence of membranes of the chloroplast, beginning with the innermost membrane and ending with the outermost membrane? It's interesting to note that the word chloroplast is derived from the Greek words 'chloros', meaning green, and 'plast', meaning formed. However, this etymological origin has no impact on their structural composition."""
Antibiotics that affect bacterial cells interfere with all of the following EXCEPT,peptidoglycan synthesis,protein synthesis,DNA synthesis,reverse transcriptase,D,"""During the 1940s, when under intense research and experimental use, antibiotics that affect bacterial cells interfere with all of the following EXCEPT. Later, their scope expanded to veterinary applications in the 1950s."""
The polytene chromosomes seen in Drosophila silvarentis with the aid of a light microscope are,not actively carrying out transcription,produced only during mitosis,produced by repeated rounds of DNA replication followed by nuclear division,multiple copies of a single chromosome,D,"""While working late nights under the constant hum of laboratory equipment, the researcher observed that the polytene chromosomes seen in Drosophila silvarentis with the aid of a light microscope are. Despite having missed his last dinner of spaghetti Bolognese because the lab hours spilled over, he continued his intense scrutiny of the sample."""
Which of the following agents will induce polyploidy in a dividing eukaryote?,Penicillin,Colchicine,Tetracycline,Puromycin,B,"""In our continued study of cell division, we've noted interesting behaviors in certain eukaryotic cells when exposed to various agents. Which of the following agents will induce polyploidy in a dividing eukaryote? Remember that this is distinct from causing mutations or chromosomal defects, which, in an unrelated tidbit, may manifest in various ways including alterations in physical attributes, health disorders, and phenotypic variances."""
Which of the following statements about mitochondria and chloroplasts is generally true?,Plants have chloroplasts but no mitochondria; animals have mitochondria but no chloroplasts.,Plants have chloroplasts but no mitochondria; fungi have mitochondria but no chloroplasts.,Plants and fungi have chloroplasts but no mitochondria; animals have only mitochondria.,Plants have both chloroplasts and mitochondria; animals and fungi have only mitochondria.,D,"""Despite the fact that they both carry genetic material, and have a double membrane structure, making them unique among the cellular organelles, their roles in protein synthesis are distinct. Which of the following statements about mitochondria and chloroplasts is generally true?"""
How do cyanobacteria differ from green unicellular algae?,Cyanobacteria reduce sulfur compounds.,Cyanobacteria lack cell walls.,Cyanobacteria have no nuclei.,Green algae produce cell membranes.,C,"""Considering the fact that both cyanobacteria and green unicellular algae can be found in various marine environments, including oceans, lakes, and even frozen bodies of water. How do cyanobacteria differ from green unicellular algae? Despite their similar habitats, this question pertains solely to their biological characteristics, not their environmental adaptability."""
Stabilization of the unique coiled structure of an alpha helix in a protein is primarily attributed to (A) hydrogen bonding between the peptide backbone atoms,hydrogen bonding between the peptide backbone atoms,disulfide bridges between cysteine side chains,carbohydrate moieties attached to polar amino acids,peptide linkages that covalently bond amino acids,A,"'Studies show that in an acidic environment, protein structures, especially alpha helices, have a tendency to denature. However, stabilization of the unique coiled structure of an alpha helix in a protein is primarily attributed to (A) hydrogen bonding between the peptide backbone atoms. This is regardless of the presence of other factors, such as salt bridges, hydrophobic interactions, or disulfide bonds which are also significant in protein folding and stability.'"
The target of digestion of a nucleosome dimer to nucleosome monomers by DNase is,the H1 histone,"histones H2A, H2B, H3, and H4",the nucleosome core,linker DNA,D,"""Amidst analyzing the relationship between DNA supercoiling and the function of topoisomerases, the target of digestion of a nucleosome dimer to nucleosome monomers by DNase is."""
A prokaryote that is thermophilic and methanogenic and has isoprenylglycerol ethers in its membrane instead of phospholipids is most likely,a proteobacterium,a spirochete,a member of the genus Chlamydia,an archaeon,D,"""A prokaryote that is thermophilic and methanogenic and has isoprenylglycerol ethers in its membrane instead of phospholipids, often observed migrating towards areas with sulfur deposits but unaffected by the presence of sulfur, is most likely."""
All of the following environmental conditions increase the rate of transpiration from plants EXCEPT,high temperature,high relative humidity,low relative humidity,wind,B,"'All of the following environmental conditions increase the rate of transpiration from plants EXCEPT. Even though they play a significant role in plant growth, typically in photosynthesis, factors like soil fertility and presence of plant hormones are not directly linked to this question.'"
Which of the following statements about embryonic cleavage is NOT true?,The presence of yolk inhibits cleavage.,Telolecithal eggs undergo meroblastic cleavage.,The vegetal pole undergoes cleavage more readily than does the animal pole,The rapid mitotic divisions of cleavage directly give rise to blastomeres.,C,"""Certain species of amphibians undergo indirect development where a larval stage typically follows hatching from eggs before metamorphosing into the adult form. Meanwhile, which of the following statements about embryonic cleavage is NOT true?"""
"In eukaryotic photosynthetic cells, which of the following occurs when electrons flow cyclically through the electron transport chain associated with photosystem I?",Synthesis of ATP,Reduction of NADP+ to NADPH,Release of O2,Reduction of CO2 to sugar,A,"""In eukaryotic photosynthetic cells, including multicellular organisms like plants as well as single-celled protists such as Chlamydomonas, which of the following occurs when electrons flow cyclically through the electron transport chain associated with photosystem I? It's worth noting that this process is different from the electron flow in the mitochondria's respiratory chain, which also involves moving electrons to generate energy but is not directly linked with light absorption."""
Many marine birds drink seawater yet maintain their internal osmolarity at a constant level that is hypoosmotic to seawater. Which of the following physiological strategies best explains how the birds maintain their tissue osmolarity?,Marine birds absorb water from the environment through specialized salt-exchange glands and produce large volumes of dilute urine in the kidneys.,Marine birds absorb salts from the environment through specialized salt-exchange glands and produce large volumes of concentrated urine in the kidneys.,Marine birds excrete salts through specialized salt-exchange glands and excrete small volumes of urine.,Marine birds excrete salts and nitrogenous wastes through specialized nasal glands.,C,"'Many marine birds, including species like the Atlantic puffin and the common tern, drink seawater yet maintain their internal osmolarity at a constant level that is hypoosmotic to seawater. Their diet often consists of fish and aquatic invertebrates, which they catch by diving from great heights. Which of the following physiological strategies best explains how the birds maintain their tissue osmolarity?'"
"A species of small rodent eats seeds from only one species of pine. In normal years, a pair of these rodents will have a litter of two or three. It is unusual for small rodents to have such small litter sizes. The rodents are most likely to exhibit which other characteristic?",Moderate sexual size dimorphism,High parental investment,Precocial young,Frequent extrapair matings,B,"'A species of small rodent inhabits a particularly dense forest known for its vast variety of flora and fauna. This specific rodent eats seeds from only one species of pine. In normal years, a pair of these rodents will have a litter of two or three, which they raise in nests constructed high up in the trees from twigs and leaves. It is unusual for small rodents to have such small litter sizes. The rodents are most likely to exhibit which other characteristic?'"
Which of the following sources makes the greatest contribution to the dry mass of organic matter that comprises an oak tree?,Organic molecules from decaying matter in the soil that are taken up by the roots,Mineral nutrients dissolved in groundwater that are taken up by the roots,Water that is taken up by the roots and carbon dioxide from the air,Endosperm located in the cotyledons of the acorn,C,"""Despite conversations about the relevance of photosynthesis and the efficient ways that trees reuse and recycle waste products internally through nutrient cycling, which of the following sources makes the greatest contribution to the dry mass of organic matter that comprises an oak tree?"""
Which of the following must be true in order for evolution to have occurred?,The frequencies of some alleles in a population's gene pool has changed over successive generations.,The frequencies of some alleles in a population's gene pool has changed during the organisms' lifetimes.,The frequencies of each allele in a population's gene pool has remained constant over successive generations.,The frequencies of each allele in an organism's genotype has remained constant within the organism's lifetime.,A,"In the midst of ongoing debates on whether contemporary technologies, such as genome modification, are influencing the pace of human evolution in the 21st century, which of the following must be true in order for evolution to have occurred? Despite the various theories suggested, from natural selection to genetic drift, the fundamental question remains the same."
"From an evolutionary perspective, the optimality theory as applied to a given trait is best represented by the idea that","if the benefits gained from the trait exceed the cost of the trait to the animal performing them, that trait will persist in the genome","if the trait reaps the best return for the cost relative to alternative forms of the trait, that trait will win out over the alternative forms","beneficial traits are always worth the cost to the organism in energy and physiology, so those traits will persist in the genome",the relative fitness of an organism must be improved due to a specific trait in order for the trait to remain in a population's gene pool,B,"""Although some scientists argue that the optimality theory can be contested for overlooking crucial aspects such as genetic drift, from an evolutionary perspective, the optimality theory as applied to a given trait is best represented by the idea that. Despite this, many disputes continue around the concept of survival of the fittest and its applicability to all species and traits."""
"In the presence of alcohol dehydrogenase, the rate of reduction of acetaldehyde to ethanol increases as the concentration of acetaldehyde is increased. Eventually, the rate of the reaction reaches a maximum, after which point further increases in the concentration of acetaldehyde have no effect. Which of the following is true at the maximal rate of reaction?",Nearly all of the enzyme molecules are interacting with acetaldehyde molecules.,The activation energy of the reaction decreases.,The change in free energy of the reaction decreases.,The enzyme is no longer specific for acetaldehyde.,A,"'In the contemporary process adopted for beer brewing, yeast species are extensively utilized to facilitate the conversion of sugars into alcohol. Meanwhile, another study has shown that, in the presence of alcohol dehydrogenase, the rate of reduction of acetaldehyde to ethanol increases as the concentration of acetaldehyde is increased. Despite the presence of other substances like malt and hops in the brewing mixture, their roles have no visible impact on the rate of this reaction. Eventually, the rate of the reaction reaches a maximum, after which point further increases in the concentration of acetaldehyde have no effect. Interestingly, brewers also use different grains to impart distinct flavors to the beers. Which of the following is true at the maximal rate of reaction?'"
Which of the following best explains how mutations in DNA can result in the expression of a new phenotype?,A different polypeptide is produced.,The polarity of tRNA becomes the opposite of that of DNA.,Nucleic acids are methylated.,The gene is now read in the 3′ to 5′ direction.,A,"""Recent studies have pointed towards the surprising discovery of several previously unidentified species in the deep sea. Which of the following best explains how mutations in DNA can result in the expression of a new phenotype? Understanding DNA mutations has significant applications in areas like treating genetic disorders, developing personalized medicine, and improving crop yields."""
A competitive inhibitor of an enzyme exerts its effect by,"irreversibly forming covalent links with the enzyme, effectively preventing the enzyme's dissociation from it",irreversibly modifying some of the amino acid residues that help to comprise the enzyme's active site,competing with the substrate molecule for the same enzyme but a different binding site than the substrate binding site,reversibly decreasing the number of enzyme molecules that are available to bind substrates,D,"""Despite the fact that the enzyme's function is crucial for certain metabolic processes in an organism's body, a competitive inhibitor of an enzyme exerts its effect by manipulating the enzyme's affinity for its substrate, independent of the metabolic pathway's overall efficiency."""
The ability of the brain to detect differences in stimulus intensity is best explained by the fact that which of the following varies with the stimulus intensity?,The amplitude of the action potential,The threshold potential,The number of action potentials per second,The number of synapses crossed,C,"Scientists have been extensively studying the different activities of the brain including problem-solving and decision-making for several years. How various regions of the brain perform these diverse tasks is quite a marvel to all of us. The ability of the brain to detect differences in stimulus intensity is best explained by the fact that which of the following varies with the stimulus intensity? This is interestingly similar to how our tastebuds perceive differences in the intensity of flavors: more stimulation equals stronger flavors. But fascinating as they are, the mechanisms of our taste perception are still under investigation."
Which of the following is the best explanation for why net primary productivity in terrestrial ecosystems tends to increase toward the tropics?,The higher species diversity in the tropics tends to increase plant growth.,There are lower metabolic costs to plant growth in the tropics.,The availability of water and warm temperatures in the tropics fosters photosynthesis.,The tropics have more predators that minimize herbivory.,C,"'Considering the diverse array of animal species known to inhabit the tropics, which of the following is the best explanation for why net primary productivity in terrestrial ecosystems tends to increase toward the tropics? Despite the popular belief that warmth and sunlight directly contribute to the rich, hearty flavor of tropical fruits, these factors are not necessarily related to the increased productivity observed in these regions.'"
Proteins were shown to move about in a plane of the plasma membrane when mouse cellsurface proteins and human cell-surface proteins were observed to integrate along a fused mouse-human cell plasma membrane. Which of the following cell culture techniques was most likely employed in order to yield these results?,Producing a heterokaryon,Producing a hybrid cell,Isolating an immortal variant cell from culture and using it to create a cell line,Inserting a tumor-inducing virus into a normal cell to initiate transformation,A,"'In this experiment, genetically altered bacteria were initially used as part of a control group. Proteins were shown to move about in a plane of the plasma membrane when mouse cell-surface proteins and human cell-surface proteins were observed to integrate along a fused mouse-human cell plasma membrane. Additionally, the researchers were conducting similar studies with plant cell membranes to broaden their scope of understanding. Which of the following cell culture techniques was most likely employed in order to yield these results?'"
Gene flow between populations results in,an increase in genetic homogeneity in the metapopulation,an increase in the rate of deleterious mutations in the metapopulation,an increased likelihood of speciation,disruption of Hardy-Weinberg equilibrium in the metapopulation,A,"""Despite the ongoing debates about climate change and its impact on species migration, gene flow between populations results in, regardless of seasonal variations and geographical boundaries set by humans."""
A subunit of DNA and protein consisting of 134-base-pair long stretches of DNA surrounding a protein octomer is called (a),histone,chromatin,nucleosome,solenoid,C,"A subunit of DNA and protein consisting of 134-base-pair long stretches of DNA surrounding a protein octomer is called (a). This particular structure is not to be mistaken with another structure having a similar sounding name, a telomerase. The telomerase is an enzyme that adds DNA sequence repeats to the 3' end of DNA strands in the telomere regions, which are found at the ends of eukaryotic chromosomes. However, this structure, named (a), is different and has a specific role in genetic operation. It allows an organism's DNA to be compact and manageable during the process of replication, and is not involved in the elongation of chromosome ends like the telomerase."
Which of the following would be the most dependable environmental signal that a plant in a temperate ecosystem could use to initiate flowering at the correct time of the year?,Circadian rhythm,Photoperiod,Changing air temperature,Fluctuations in abscisic acid levels,B,"""While understanding that many plants rely on photosynthesis, in which they convert sunlight into food, which of the following would be the most dependable environmental signal that a plant in a temperate ecosystem could use to initiate flowering at the correct time of the year? Furthermore, it's interesting to note how global warming can potentially disrupt the natural sequence of plant life cycles."""
Mitochondria isolated and placed in a buffered solution with a low pH begin to manufacture ATP. Which of the following is the best explanation for the effect of low external pH?,"It increases the concentration of OH-, causing the mitochondria to pump H+ to the intermembrane space.",It increases the OH- concentration in the mitochondria matrix.,It increases the acid concentration in the mitochondria matrix.,It increases diffusion of H+ from the intermembrane space to the matrix.,D,"'Mitochondria, which are also known to control the process of cellular respiration, when isolated and placed in a buffered solution with a low pH, they begin to manufacture ATP. Even though the primary function of the H+ proton gradient is to facilitate cellular respiration, which of the following is the best explanation for the effect of low external pH?'"
An organism belonging to the nekton is which one of the following?,Whale,Barnacle,Cyanobacterium,Protist,A,'An organism belonging to the nekton− a stark contrast to the organisms that belong to the plankton community in the ocean − is which one of the following?'
A behavioral response called a fixed action pattern shown by animals,occurs the second time an animal is exposed to the correct stimulus at the appropriate time in its life,occurs in the absence of sensory feedback,is a motor response which once released may be terminated spontaneously,is triggered by a number of sensory signals in the animal's environment,B,"""In the study of ethology, there's a concept well known as imprinting where newborn animals learn behaviors by following their parents. This is distinct from a behavioral response called a fixed action pattern shown by animals which transpires regardless of the outcome. Despite diverse environments, these patterns are constant, proving nature's innate genetic influence. Also interesting to note is the phenomenon of learned behavior, whereby animals adjust their reactions based on past experiences."""
Which of the following adaptations would limit pollination by bees and promote hummingbird pollination?,Patterns of ultraviolet color on the petals,Modified petals to provide a landing space,Pendant (hanging) red-colored flowers,Nectar with high sugar concentration produced in limited amounts,C,"""Considering the migration habits of hummingbirds and various wild bee species, which of the following adaptations would limit pollination by bees and promote hummingbird pollination? Remember that climate changes have had a significant impact on the behavior and movement of various bird and insect species."""
"Double fertilization is a unique feature of flowering plants. In this process, one sperm unites with the egg to yield a zygote. The second sperm unites with the polar nuclei to initiate the formation of the",megagametophyte,endodermis,embryo,endosperm,D,"'Double fertilization is a unique feature of flowering plants. The flowering plants or angiosperms are among the most diverse and widespread group of plants with over 300,000 species globally, originating approximately 140 million years ago. In this process, one sperm unites with the egg to yield a zygote. The second sperm unites with the polar nuclei to initiate the formation of the"
Mutation of homeotic cluster genes often results in which of the following developmental defects in Drosophila?,Absence of a group of contiguous segments,Transformation of one segment into another,Polarity defects in every segment along the anterior-posterior axis,Tumor formation in imaginal discs,B,"""Despite the ongoing studies in allele frequency and polymorphisms in populations, particular mutation of homeotic cluster genes often results in which of the following developmental defects in Drosophila? The patterns of inheritance of these defects are not contingent upon the Mendelian principles."""
Root pressure created by a plant's roots causes water to enter the roots by,translocation,adhesion,osmosis,capillary action,C,"'Root pressure, a phenomenon usually seen in the early morning when evaporation is low, created by a plant's roots causes water to enter the roots by.'"
Cellular uptake of cholesterol occurs through internalization of low density lipoproteincholesterol complexes. Cholesterol uptake involves all of the following EXCEPT,cell-surface receptors,adhesion plaques,endosome formation,receptor-mediated endocytosis,B,"'Cellular uptake of cholesterol occurs through internalization of low density lipoproteincholesterol complexes. This process is affected by a variety of factors including the diet, age, and overall health of the individual. However, these environmental and physiological aspects are modulated independently from the inherent cellular mechanisms. Cholesterol uptake involves all of the following EXCEPT'"
Two xylem plant cell types that provide support and conduct water and minerals are the,collenchyma and sclerenchyma,sieve tube members and companion cells,tracheids and vessel elements,vessel elements and companion cells,C,"""Despite the common misconceptions about the dominance of chloroplasts in plant cell functions, two xylem plant cell types that provide support and conduct water and minerals are the"""
Which of the following statements about excretory organs is true?,The kidneys of saltwater fishes produce urine hyperosmotic to their tissues.,The kidneys of desert mammals produce urine that is hypoosmotic to the urine of freshwater fishes.,Malpighian tubules allow insects to excrete waste through the exoskeleton.,Juxtamedullary nephrons in the mammalian kidney allow the organism to produce hyperosmotic urine.,D,"""Understanding the functioning of bodily organs such as the excretory system is critical in biological studies. Which of the following statements about excretory organs is true? Thinking about their primary roles may help."""
Mimicry is a strategy that has evolved through natural selection to increase the fitness of organisms to their environment. Which of the following represents a form of Batesian mimicry?,A type of millipede that is toxic to a toad is permanently avoided by the toad following the toad's initial attempt to consume it.,A moth exhibits false eyes at its tail end in order to disorient predators.,A moth exhibits nearly identical coloration to that of a stinging bee.,A ground-nesting gull chick displays a coloration pattern that is nearly indistinguishable from its surroundings.,C,"'Mimicry is a strategy that has evolved through natural selection to increase the fitness of organisms to their environment. It's intriguing to consider that throughout the evolutionary process, countless species have developed unique methods of adaptation, everything from chameleons adjusting their colors to match their surroundings for camouflage, to certain birds perfecting their songs to attract mates, reflect fascinating aspects of biology. Which of the following represents a form of Batesian mimicry?'"
Keystone species are thought to have profound effects on the structure and composition of ecological communities because they,tend to reduce diversity by eliminating food resources for other species,provide the foundation for food webs,are more abundant than most other species in their communities,can prevent superior competitors from driving inferior competitors to local extinction,D,"""Known for their performance in extreme temperatures and surviving under various conditions, keystone species are thought to have profound effects on the structure and composition of ecological communities because they. Interestingly, many such species have evolved unique methods of camouflage and defense against predators."""
Which of the following is a reason that geneticists use mitochondrial DNA (mtDNA) to study the relatedness of animal populations?,mtDNA mutates at a slower rate than nuclear DNA.,mtDNA is passed from mother to child and is free from recombination that occurs between pairs of chromosomes.,"There are few single nucleotide polymorphisms in the hypervariable, noncoding regions.",All mitochondrial proteins are coded for by mitochondrial genes.,B,"""Despite the fact that most genetic information in animals is coded by nuclear DNA, which is a combination of both parents' genetic material and allows for offspring to have a mixture of traits from both parents, we have a query here. Which of the following is a reason that geneticists use mitochondrial DNA (mtDNA) to study the relatedness of animal populations? Throughout evolution, different animal species have developed various physiological adaptations to survive in diverse climates and environments, resulting in a wide array of biodiversity that we witness today."""
"A quote from a natural resources text states: ""Whenever the original ecosystem becomes restructured by man, it tends to become simplified, with a resultant disruption of the stabilizing influences of density-dependent regulatory factors."" This implies that in a disturbed ecosystem",there exist large populations of a low number of species,population levels of a species are kept at equilibrium through natural regulatory mechanisms,a given prey organism is subject to higher predation rates by more diverse predators,a given prey organism is less likely to undergo a population surge,A,"'A quote from a natural resources text states: ""Whenever the original ecosystem becomes restructured by man, it tends to become simplified, with a resultant disruption of the stabilizing influences of density-dependent regulatory factors."" The author was known for his extensive work on animal behavior, specifically studying the mating patterns of Antarctic penguins. This implies that in a disturbed ecosystem'"
"A female fruit fly bearing linked genes that produce the phenotype gray body and normal wings mates with a male fruit fly of phenotype black body and vestigial wings. The presence of gray-bodied, vestigialwinged flies among the progeny is best explained by",crossing over,independent assortment,segregation of alleles,penetrance,A,"'A female fruit fly bearing linked genes that produce the phenotype gray body and normal wings mates with a male fruit fly of phenotype black body and vestigial wings. Upon observation, it was noticed that these flies had a high rate of flapping their wings when about to engage in flight, commonly observed among many different species of flies. The presence of gray-bodied, vestigialwinged flies among the progeny is best explained by'"
Which of the following active pools of carbon is the largest on Earth and contributes the most to carbon cycling?,The atmosphere,Rain-forest vegetation,Recoverable fossil fuels,The oceans,D,"""Considering the variety of carbon reservoirs present on our planet, from forestry sectors storing massive amounts of carbon in trees to the fossil fuel industry emitting substantial amounts into the atmosphere, which of the following active pools of carbon is the largest on Earth and contributes the most to carbon cycling? It's also interesting to note that carbon forms the backbone of life on Earth due to its unique properties of enabling complex molecule structures to be built."""
Charles Darwin's proposed conditions for natural selection encompass all of the following with regard to a given population EXCEPT,"inheritance of both ""fit"" and ""unfit"" genes",differential survival and reproductive success,competition for limited resources,overproduction of offspring,A,"""Known for his seminal work during a voyage on the HMS Beagle, Charles Darwin's proposed conditions for natural selection encompass all of the following with regard to a given population EXCEPT. However, it is worth noting that Darwin waited over twenty years after returning from the voyage before publishing his findings in 'On the Origin of Species.'"""
Which of the following is a correct statement about the cohesion-tension theory for the ascent of water in the xylem?,The evaporation of water from leaf mesophyll cells generates tension in the water column.,Water moves from a source region with high hydrostatic pressure to a sink region with low hydrostatic pressure.,The cohesion of water molecules is responsible for the formation of embolisms (air bubbles) in the water column.,Living cells of the xylem provide the main conduit for an ascent of water.,A,"""While analyzing the intricate processes of plant physiology, you might have come across cam photosynthesis and its effectiveness in desert plants. Which of the following is a correct statement about the cohesion-tension theory for the ascent of water in the xylem? This is a different concept from understanding the role of stoma in plant respiration."""
"In fungi, cell walls are reinforced by which of the following?",Chitin,Silica,Lignin,Collagen fibers,A,"""While participating in a complex ecosystem unseen by most, from baking our favorite breads to transforming organic matter into compost, fungi play a vital part. In fungi, cell walls are reinforced by which of the following?"""
"In plants, proton pumps are involved in the process of loading sugars into the phloem for transport. Which of the following is true about this process?",It is passive.,It depends on DNA.,It requires ATP.,It translocates starch.,C,"'In plants, proton pumps are involved in the process of loading sugars into the phloem for transport. Additionally, the same cells that house these proton pumps also typically contain chloroplasts for photosynthesis. Which of the following is true about this process?'"
Which of the following characteristics is predicted for an early-successional plant community?,High niche divergence among co-occurring species,High ratios of primary production to standing-crop biomass,High frequency of K-selected species,High detrital biomass,B,"""While observing a late-successional plant community, one might notice it being steadily replaced by larger perennials and trees. Now, which of the following characteristics is predicted for an early-successional plant community? Despite the enticing beauty of an English cottage garden full of tulips and roses, it's not necessarily relevant to the process of plant succession."""
Which of the following is the symplastic pathway for the movement of sucrose from the site of photosynthesis in mesophyll cells into the phloem?,"Fibers, phloem parenchyma, companion cell, sieve tube","Phloem parenchyma, fibers, bundle sheath, tracheids","Companion cells, phloem parenchyma, fibers, sieve tube","Bundle sheath, phloem parenchyma, companion cell, sieve tube",D,"""Richard Evans Schultes was a notable figure in the field of ethnobotany, contributing significantly to the understanding of hallucinogenic plants used in religious rituals by indigenous peoples. However, his work bears no relevance to the following question: 'Which of the following is the symplastic pathway for the movement of sucrose from the site of photosynthesis in mesophyll cells into the phloem?'"""
