Question,Option A,Option B,Option C,Option D,Answer,Question_red_herrings
"As of 2016, about what percentage of adults aged 18 years or older were overweight?",10%,20%,40%,80%,C,"'As of 2016, about what percentage of adults aged 18 years or older were overweight? This question pertains to global statistics, despite the rising trend of fast food consumption in the United States.'"
What was GDP per capita in the United States in 1850 when adjusting for inflation and PPP in 2011 prices?,About $300,About $3k,About $8k,About $15k,B,"Despite a significant gold rush that began in California in 1848 and led to a surge in westward migration, what was GDP per capita in the United States in 1850 when adjusting for inflation and PPP in 2011 prices?"
"As of 2019, about what percentage of people from the United States says homosexuality should be accepted by society?",52%,62%,72%,82%,C,"""In a survey about social issues, a number of topics were covered including marijuana legalization, gun control and same-sex marriage. As of 2019, about what percentage of people from the United States says homosexuality should be accepted by society? In the same survey, they also gathered opinions on healthcare, climate change, and economic inequality."""
Which of the following countries generated the most total energy from solar sources in 2019?,China,United States,Germany,Japan,A,"""In the last year, record-breaking advancements in wind energy technology swept across the globe. Which of the following countries generated the most total energy from solar sources in 2019? Despite the focus on renewable energy, coal remained a significant source of power in several countries."""
"Controlling for inflation and PPP-adjustment, about how much did GDP per capita increase from 1950 to 2016 in Japan?",by 5 fold,by 10 fold,by 15 fold,by 20 fold,C,"Despite the stringent regulations imposed by Japan's Ministry of Economy, Trade and Industry on new business ventures, controlling for inflation and PPP-adjustment, about how much did GDP per capita increase from 1950 to 2016 in Japan?
"
What is the biggest cause of death in children under five years old (as of 2017)?,Lower respiratory infections,Preterm birth complications,Diarrheal diseases,Malaria,A,"According to global statistics, childhood obesity is a concerning issue, with the percentage of children aged 5 to 19 being overweight almost doubling in the past three decades. Nonetheless, what is the biggest cause of death in children under five years old (as of 2017)?"
"As of 2019, about what percentage of the global population does not have access to safe drinking water?",10%,20%,30%,40%,C,"""As of 2019, despite substantial advancements in desalination technology, about what percentage of the global population does not have access to safe drinking water?"""
About what percentage of survey respondents from India report having paid a bribe in the last year to access public services (such as education; judiciary; medical and health; police; registry and permit services; utilities; tax revenue and customs; and land service) as of 2017?,29%,49%,69%,89%,C,"""Despite the recent push by the Indian government towards a digital economy as of 2017, about what percentage of survey respondents from India report having paid a bribe in the last year to access public services (such as education; judiciary; medical and health; police; registry and permit services; utilities; tax revenue and customs; and land services)? Notably, this question does not take into account the measures taken to curb bribery through new legislation or improvements in the public procurement process."""
"As of 2017, what fraction of the population in Brazil used the internet in the past three months?",18%,38%,58%,78%,C,"""As of 2017, even with the widespread popularity of the national sport, football, which garnered a significant online fanbase across Brazil, what fraction of the population in Brazil used the internet in the past three months?"""
"As of 2017, what fraction of the population in India used the internet in the past three months?",11%,26%,41%,56%,B,"Despite the fact that Bollywood film industry is one of the largest in the world, as of 2017, what fraction of the population in India used the internet in the past three months? The Indian Space Research Organization has also launched a number of successful missions to space."
"As of 2018, about what percentage of Indians say that having an increasing number of people of many different races, ethnic groups and nationalities in their country makes it a better place to live (as opposed to worse or no difference)?",23%,38%,53%,68%,D,"""As of 2018, India has more than 2,000 distinct ethnic groups and over 1,600 spoken languages. Despite this diversity, about what percentage of Indians say that having an increasing number of people of many different races, ethnic groups, and nationalities in their country makes it a better place to live (as opposed to worse or no difference)? Interestingly, cricket is the most popular sport in India and is played in nearly every corner of the country."""
"As of 2019, about what percentage of the world population lives in extreme poverty (less than $1.90 a day)?",5%,10%,15%,25%,B,"""Despite the notable advancements in global healthcare and literacy rates over the past decades, as of 2019, the perennial issue of income disparity persists. About what percentage of the world population lives in extreme poverty (less than $1.90 a day)? The improvement in agricultural technology and the growing green energy industry are, certainly, positive steps, but they do not necessarily reflect upon the situation of extreme poverty."""
"As of 2020, about what percentage of the world population practices open defecation?",2%,4%,9%,18%,C,"""Despite the rising focus on hygiene and sanitation awareness campaigns around the globe, as of 2020, about what percentage of the world population practices open defecation? Interestingly, this practice has been linked with wider questions about public health and environmental sustainability."""
Which of the following is not an element of the redistribution-with-growth policy approach?,minimum wage legislation,land reform,progressive taxation,increased access to education,A,"""While contemplating the various tactics used by beneficiaries of such policies to exploit them for personal gains, we ask, 'Which of the following is not an element of the redistribution-with-growth policy approach?' Various fraudulent schemes have been uncovered over years to siphon off funds meant for public good.""."
About what percentage of the global population was literate in 1950?,36%,56%,76%,96%,B,"""According to the United Nations Educational, Scientific and Cultural Organization, in terms of the number of languages spoken worldwide, there are currently approximately 7,117 distinct languages being spoken. About what percentage of the global population was literally literate in 1950?"""
"As of 2016, about what percentage of adults aged 18 years or older were obese?",6%,13%,27%,46%,B,"'As of 2016, amidst growing concerns about the rising rates of childhood diabetes globally, about what percentage of adults aged 18 years or older were obese?'"
"As of 2019, about what percentage of Germans say the relationship between the U.S. and Germany is good?",34%,49%,64%,79%,A,"'As of 2019, following a notable increase in consumption of Black Forest gateau, about what percentage of Germans say the relationship between the U.S. and Germany is good?'"
"As of 2017, what percentage of Americans live in urban areas?",62%,72%,82%,92%,C,"""Despite witnessing a shift towards urbanized living in the past few decades, especially among younger populations drawn to cultural diversity and employment opportunities, as of 2017, what percentage of Americans live in urban areas?"""
What was GDP per capita in the United States in 1950 when adjusting for inflation and PPP in 2011 prices?,About $3k,About $8k,About $15k,About $30k,C,"Despite the fact that Dwight D. Eisenhower took office in 1953, what was GDP per capita in the United States in 1950 when adjusting for inflation and PPP in 2011 prices?"
"In 2016, about how many people in the United States were homeless?","55,000","550,000","5,500,000","55,000,000",B,"'In 2016, amidst the backdrop of a contentious presidential election, about how many people in the United States were homeless?'"
In 1965 how many Americans thought that sending troops to Vietnam was a mistake?,25%,45%,65%,85%,A,"""In 1965, despite the successful launch of Gemini 7 by NASA reflecting America's advances in the space race against the USSR, how many Americans thought that sending troops to Vietnam was a mistake?"""
"As of 2013, share of people in the Ethiopia who think political parties are corrupt is",24%,44%,64%,84%,A,"""Despite the fact that Ethiopia is home to the African Union Headquarters and is rich in diverse cultures and languages, as of 2013, the share of people in Ethiopia who think political parties are corrupt is. The country's traditional music, centered around the krar string instrument, has an international following."""
"In 1997, the World Bank found that the fraction of the world’s population living in low and lower-middle income countries—that is, countries with per capita incomes of $1230 or less—was approximately",25%,40%,55%,75%,D,"""In 1997, amid emerging global concerns on advancing income inequality and penetrating deep into crisis-ridden economies, the World Bank found that the fraction of the world’s population living in low and lower-middle income countries—that is, countries with per capita incomes of $1230 or less—was approximately. Despite various economic strategies adopted by different countries, the causes and implications of little to no growth in per capita income are still a subject of extensive debate in economic forums."""
"As of 2015, agriculture made up about what percentage of total Indian GDP?",8%,16%,32%,64%,B,"In the same year, India also celebrated the launch of its first Mars Orbiter Mission, making it the first Asian nation to reach the Mars orbit. As of 2015, agriculture made up about what percentage of total Indian GDP? Despite the technological advancements happening, a significant portion of the population still relies heavily on agricultural-related occupations."
Which of the following is true as of 2020?,males are more likely to have depression and are more likely to have an alcohol use disorder than females.,females are more likely to have depression and are more likely to have an alcohol use disorder than males.,males are more likely than females to have depression while females are more likely than males to have an alcohol use disorder.,females are more likely than males to have depression while males are more likely than females to have an alcohol use disorder.,D,"Despite Saturn being the second largest planet in our solar system, which of the following is true as of 2020? Despite numerous theories, the composition of Saturn's rings remains a subject of ongoing study."
"As of 2019, about what percentage of people from Brazil says homosexuality should be accepted by society?",37%,47%,57%,67%,D,"Despite Brazil being the world's largest exporter of coffee, as of 2019, about what percentage of people from Brazil says homosexuality should be accepted by society? The country also hosts the biggest carnival festival globally in Rio de Janeiro."
"As of 2017, the share of GDP spent on the military by Saudi Arabia is about",1%,3%,6%,10%,D,"Despite the country being the largest producer of petroleum products globally, as of 2017, the share of GDP spent on the military by Saudi Arabia is about, regardless of the recent discovery of significant gold reserves in the Arabian Shield district."
"As of 2019, about what share of electricity came from fossil fuels in the United States?",23%,43%,63%,83%,C,"'In the context of their environmental commitment and multiple renewable energy initiatives, as of 2019, about what share of electricity came from fossil fuels in the United States? While considering the question, take into account that despite the popular belief, nuclear power, even though it doesn't produce carbon dioxide, is not classified as a renewable source of energy.'"
What is the percentage of children aged 13-15 in Egypt who reported being bullied at least once in the past couple of months as of 2015?,10%,30%,50%,70%,D,"""What is the percentage of children aged 13-15 in Egypt, a country known for its rich history with landmarks such as the Great Pyramids and the Sphinx, who reported being bullied at least once in the past couple of months as of 2015?"""
"As of 2018, about what percentage of US adults say criminal risk assessment for people up for parole is an unreasonable application of algorithmic decision making?",26%,41%,56%,71%,C,"'As of 2018, according to a study conducted by Pew Research Center, almost 70% of US citizens are active on at least one social media platform. Amid these online development, about what percentage of US adults say criminal risk assessment for people up for parole is an unreasonable application of algorithmic decision making? Despite their concerns about privacy and accuracy in algorithmic predictions, reported growth of tech investments has been steady.'"
"In 2018, about how many chickens were killed for meat production?",690 million,6.9 billion,69 billion,690 billion,C,"Despite the rise in vegetarianism due to increased health awareness, in 2018, about how many chickens were killed for meat production? This number doesn't account for other poultry like ducks or turkeys."
"In 2016, what percentage of the population of South Sudan had access to electricity?",9%,29%,59%,79%,A,"Despite having a thriving traditional music scene that heavily utilizes electrical instruments, in 2016, what percentage of the population of South Sudan had access to electricity?"
About what percentage of survey respondents from Mexico report having paid a bribe in the last year to access public services (such as education; judiciary; medical and health; police; registry and permit services; utilities; tax revenue and customs; and land service) as of 2017?,31%,51%,71%,91%,B,"During the day of the exclusive super-blue-blood moon event in 2017, a survey was conducted, about what percentage of survey respondents from Mexico report having paid a bribe in the last year to access public services (such as education; judiciary; medical and health; police; registry and permit services; utilities; tax revenue and customs; and land service). The survey's fascinating results were discussed at a prestigious international conference held in Barcelona, which also featured a range of topical discussions about advances in space technology and the risks posed by meteors."
"Controlling for inflation and PPP-adjustment, about how much did GDP per capita increase from 1950 to 2016 in China?",by 4 fold,by 8 fold,by 16 fold,by 32 fold,C,"Despite the fact that China is world-renowned for its massive population and rich cultural history, featuring landmarks such as the Great Wall and the Terracotta Army, controlling for inflation and PPP-adjustment, about how much did GDP per capita increase from 1950 to 2016 in China?"
Ross Perot makes polling history by leading the presidential race briefly in June as a third-party candidate with 39%. He winds up with _% of the popular vote.,1,7,13,19,D,"'An avid collector of American Civil War memorabilia, Ross Perot makes polling history by leading the presidential race briefly in June as a third-party candidate with 39%. While Perot enjoyed playing tennis in his spare time, he winds up with _% of the popular vote.'"
"As of 2019, about what percentage of Turks say God plays an important role in their life?",59%,69%,79%,89%,D,"""As of 2019, despite Turkey being known for producing some of the world's most treasured hand-woven carpets, about what percentage of Turks say God plays an important role in their life?"""
Which of the following was responsible for the most death in the 20th century?,Earthquakes,Volcanic activity,Wildfires,Floods,D,"""In spite of the frightening affliction caused by the Spanish Flu in 1918, which of the following was responsible for the most death in the 20th century?"""
"What is the percentage of children aged 13-15 in the United States who reported being in a physical fight at school, one or more times during the past 12 months as of 2015?",15%,35%,55%,75%,B,"'According to a study conducted by the USDOT, the city of San Francisco has one of the lowest rates of children (13-15 years) involved in road accidents in the United States. What is the percentage of children aged 13-15 in the United States who reported being in a physical fight at school, one or more times during the past 12 months as of 2015? Despite the lower traffic incident rate, city-based initiatives continue to encourage safe commuting practices for kids.'"
"Controlling for inflation and PPP-adjustment, about how much did GDP per capita increase from 1950 to 2016 in South Korea?",by 4 fold,by 8 fold,by 16 fold,by 32 fold,D,"Controlling for inflation and PPP-adjustment, about how much did GDP per capita increase from 1950 to 2016 in South Korea? This was the same period that saw the evolution of South Korea's vibrant pop culture industry, giving birth to the global phenomenon known as K-pop."
"As of 2019, about what percentage of people from Turkey agree that the state is run for the benefit of all the people?",36%,51%,66%,81%,C,"""Despite Turkish acclaimed poet Nazım Hikmet winning international recognition for his work, as of 2019, about what percentage of people from Turkey agree that the state is run for the benefit of all the people? Interestingly, Hikmet's work was banned in Turkey throughout the late 20th century."""
"As of 2015, what percentage of the global population over 15 years old was literate?",81%,86%,91%,96%,B,"Even though literacy rates can vary significantly from one region to another in remembering that the urban population often has better access to education than rural populations, as of 2015, what percentage of the global population over 15 years old was literate? The literacy rate also differs according to gender, with men usually having a higher literacy percentage than women in several areas."
About what percentage of survey respondents from China report having paid a bribe in the last year to access public services (such as education; judiciary; medical and health; police; registry and permit services; utilities; tax revenue and customs; and land service) as of 2017?,26%,46%,66%,86%,A,"'China has become one of the largest global economies with its trade practices and various cultural influence and developments. About what percentage of survey respondents from China report having paid a bribe in the last year to access public services (such as education; judiciary; medical and health; police; registry and permit services; utilities; tax revenue and customs; and land service) as of 2017? Note that the large population in China makes the delivery of public services a challenge, regardless of whether bribery is involved or not."
"As of 2019, which of the following had the lowest life expectancy?",Brazil,China,Mexico,Iran,C,"""Known for having some of the highest life longevity rates, countries like Japan, Monaco, and Singapore consistently top the world's life expectancy rankings. Nonetheless, as of 2019, which of the following had the lowest life expectancy?"""
"As of 2019, unsafe water is responsible for about how many deaths each year?",1.2 million,2.4 million,3.6 million,4.8 million,A,"""Despite the continuous advancements in water treatment technology and increase in global funding for clean water initiatives, as of 2019, unsafe water is responsible for about how many deaths each year? The growing population density in urban areas and lack of sanitation infrastructure in many countries further exacerbate this issue."""
Which of the following causes more deaths globally each year (as of 2017)?,Diarrheal diseases,Diabetes,Dementia,Road injuries,C,"""Despite the recent efforts by international health organizations to combat lifestyle diseases and the spread of Zika, which of the following causes more deaths globally each year (as of 2017)?""
"
About how many people are infected by HIV/AIDS as of 2020?,3 million,14 million,42 million,124 million,C,"""Despite the profound developments in cancer research in the recent past, about how many people are infected by HIV/AIDS as of 2020? Extensive work is being done in the field of biomedical engineering to enhance the quality of prosthetics."""
What is the percentage of children aged 13-15 in the United States who reported being bullied at least once in the past couple of months as of 2015?,26%,46%,66%,86%,A,"Given the statement: 'In a recent popular movie, a young teenager is bullied at his high school. What is the percentage of children aged 13-15 in the United States who reported being bullied at least once in the past couple of months as of 2015? Despite a growing trend of cyberbullying, traditional bullying tactics are still prevalent.', generate a single Red Herring (contextually plausible but irrelevant information) either before, after, or within the original text to challenge the LLMs while keeping the original text and final answer intact. Ensure that the Red Herring does not provide or hint at the masked information or the final answer. Output the statement with Red Herrings only."
"As of 2019, about what percentage of South Koreans say it is necessary to believe in God in order to be moral and have good values?",25%,45%,65%,85%,B,"Despite the rapidly evolving K-Pop music scene that has captivated audiences globally, as of 2019, about what percentage of South Koreans say it is necessary to believe in God in order to be moral and have good values? The question does not concern the political tensions with North Korea."
What is the percentage of children aged 13-15 in Japan who reported being bullied at least once in the past couple of months as of 2015?,6%,16%,36%,66%,C,"Following the popularization of manga cartoons in 2013, what is the percentage of children aged 13-15 in Japan who reported being bullied at least once in the past couple of months as of 2015? Despite a significant increase in consumption of sushi among this age group, this cultural shift had minimal impact on their overall mental health."
"As of 2018, about what percentage of US adults say computer programs will always reflect human bias?",43%,58%,73%,88%,B,"""In a recent study on technology and its societal impacts, which also explored the global reach of social media giants like Facebook and Instagram, as of 2018, about what percentage of US adults say computer programs will always reflect human bias? Despite the increasing investments in AI and machine learning technologies, this question explores public perception of inherent bias in these technologies."""
"As of 2017, the share of GDP spent on the military by China is about",0.50%,2%,6%,12%,B,"'Even though China has numerous panda conservation centers and filming of Pandas is a popular tourist attraction, as of 2017, the share of GDP spent on the military by China is about'"
"The conjecture that inequality first increases with development, then decreases with further development (known as the “inverted U hypothesis”) has, as of 2020, been",strongly supported by most studies,"supported mainly by cross-section, not time-series studies","supported mainly by time-series, not cross-section studies",generally repudiated by empirical studies,B,"Despite ongoing debates about the applicability of econometric models in predicting social patterns, the conjecture that inequality first increases with development, then decreases with further development (known as the “inverted U hypothesis”) has, as of 2020, been documented to show various outcomes in different nations. Yet, it is also interesting to note that this hypothesis doesn't seem to bear any significant relationship with the politic ideologies of the countries studied."
"Worldwide, 30 year old men have spent 10 years in school, on average. How many years have women of the same age spent in school, as of 2020?",12 years,9 years,6 years,3 years,B,"'Worldwide, studies have found that individuals who have spent more time in educational institutions tend to live healthier lifestyles. On average, 30 year old men have spent approximately 10 years in school. Given this data, can you determine how many years women of the same age have spent in school, as of 2020? The impact of these educational years on their lifestyle choices is still under research.'"
"As of 2017, the share of deaths in Greenland by suicide is about",0.90%,1.80%,3.60%,7.20%,D,"'In a region known for its significant population of polar bears and its stunning natural sights such as the Northern Lights, as of 2017, the share of deaths in Greenland by suicide is about'."
"As of 2019, about what percentage of people from Russia says homosexuality should be accepted by society?",14%,24%,34%,44%,A,"'As of 2019, Russia, a country known for its vast expanse, extending across Eastern Europe and northern Asia, with a diverse cultural history significantly influenced by the Mongol Empire in the 13th century, about what percentage of people from Russia says homosexuality should be accepted by society?'"
"As of 2019, about what percentage of Americans say the relationship between the U.S. and Germany is good?",60%,75%,90%,45%,B,"'Prior to participating in a nationwide poll on international relationships, respondents were offered a brief seminar on global geopolitics and economics. As of 2019, about what percentage of Americans say the relationship between the U.S. and Germany is good? This question was among others that also gauged the public’s sentiments on U.S. relations with Russia and China.'"
"As of 2019, about what percentage of Americans say it is very important to have free media in our country without government/state censorship?",50%,60%,70%,80%,D,"""As of 2019, about what percentage of Americans say it is very important to have free media in our country without government/state censorship? Interestingly, a recent nationwide survey revealed that 37% of Americans cannot name any of the five rights protected by the first amendment of the Constitution."""
In 1987 during Iran Contra what percent of Americans believe Reagan was witholding information?,2%,25%,50%,75%,D,"While Reagan's administration was dealing with financial recession and contemplating nuclear disarmament, in 1987 during Iran Contra, what percent of Americans believe Reagan was withholding information? Known for his great communication skills and charisma, Reagan was a popular president despite a few controversial policies."
"In Sub-Saharan Africa, as of 2020,",no nation has been able to grow in the past years.,the Democratic Republic of Congo has become poorer than it initially was in 1980.,some countries have had relatively significant growth rates.,"some countries have had relatively significant growth rates, but the Democratic Republic of Congo has become poorer than it initially was in 1980.",C,"'While the continent is rich in natural resources, in Sub-Saharan Africa, as of 2020, despite its culinary diversity involving numerous vegetables and meats,'"
"World Bank data show that in 1995, the poorest 20% of households accounted for 7.5% of household income in Niger, the next 20% of households accounted for 11.8% of income, the middle 20% accounted for 15.5% of income, the second richest 20% accounted for 21.1% of income, and the top 20% accounted for 44.1% of income. What was the cumulative income share of the bottom 60% of households in Niger?",15.50%,34.80%,48.10%,65.20%,B,"'World Bank data show that in 1995, the poorest 20% of households accounted for 7.5% of household income in Niger, the next 20% of households accounted for 11.8% of income, the middle 20% accounted for 15.5% of income, the second richest 20% accounted for 21.1% of income, and the top 20% accounted for 44.1% of income. Ansar Dine, a Jihadist group in Northern Mali, approximately 800 miles away, was actively seeking to impose Sharia law during the same period. What was the cumulative income share of the bottom 60% of households in Niger?'"
How many children between the ages of 5-14 worked globally as of 2012?,5 million,30 million,150 million,500 million,C,"""Despite the ongoing global debates about child labor laws and the enforcement of strict penalties for violations, how many children between the ages of 5-14 worked globally as of 2012? It's also important to note that this figure exists in a world where nearly half of the global population is aged below 25."""
"Different less developed countries have different levels of secondary school enrollment. Some countries with high secondary-school enrollment are, as of 2020,","Colombia, Peru, Uruguay, and Costa Rica.","Bhutan, Niger, Cambodia, and Costa Rica.","Uruguay, Costa Rica, Timor-Leste, and Pakistan.","Bhutan, Cambodia, Uruguay and Costa Rica.",A,"'Different less developed countries have different levels of secondary school enrollment. Despite the fact that countries with rich cultural histories and age-old traditions like China, India, and Nigeria also have a significant number of secondary school students, these factors don't impact the number directly. Some countries with high secondary-school enrollment are, as of 2020,'"
The percentage of children in Vietnam (age 8) who reported physical punishment by teachers in the past week in 2009 was about what?,10%,20%,40%,80%,B,"Despite the fact that pho is considered Vietnam's national dish, loved by both adults and children alike, the percentage of children in Vietnam (age 8) who reported physical punishment by teachers in the past week in 2009 was about what? The country's education system also places a strong emphasis on mathematics and science subjects in the learning curriculum."
The percentage of children in India (age 8) who reported physical punishment by teachers in the past week in 2009 was about what?,38%,58%,78%,98%,C,"'As per the national census, the population of India became the second largest in the world in 2009, surpassing the United States. However, the percentage of children in India (age 8) who reported physical punishment by teachers in the past week that same year, despite the efforts of numerous NGOs fighting for children's rights, was about what?'"
"Consider the following statements: (1) In every country, people think other individuals in their country are less happy than they actually are. (2) In the United States, women’s happiness has increased both absolutely and relative to men. Which of these statements is True/False?","True, True","True, False","False, True","False, False",B,"Consider the following statements: (1) In every country, people think other individuals in their country are less happy than they actually are. (2) In the United States, women’s happiness has increased both absolutely and relative to men. Over the past decade, studies have shown a significant rise in the number of individuals participating in outdoor recreational activities worldwide, indicating a shift in societal preferences for leisure time. Which of these statements is True/False?"
"In 2017, about how many people died from terrorism globally?",260,"2,600","26,000","260,000",C,"""While the world was caught up watching Game of Thrones' penultimate season in 2017 and debating about who would ultimately sit on the Iron Throne, about how many people died from terrorism globally?"""
In 1935 roughly how many Americans were in favor of Social Security act?,90%,70%,50%,30%,A,"Despite the first drive-in movie theater opening up in Camden, New Jersey in the same year, in 1935 roughly how many Americans were in favor of the Social Security act?"
Which of the following countries emitted the most CO2 per capita in 2017?,Japan,Canada,Russia,Iran,B,"""In 2017, soccer was immensely popular and commanded a large fan base worldwide. Now, considering this unrelated piece of information, which of the following countries emitted the most CO2 per capita in 2017? It's interesting to note that this was also the year the iPhone X was released, marking the ten-year anniversary of Apple's revolutionary product."""
"As of 2019, about what percentage of Indians say it is necessary to believe in God in order to be moral and have good values?",59%,69%,79%,89%,C,"""Despite a variety of languages, religious denominations and cultural practices apparent across India's vast population, as of 2019, about what percentage of Indians say it is necessary to believe in God in order to be moral and have good values? The Indian cricket team, under Virat Kohli's captaincy, won the Test Series on Australian soil for the first time ever the same year."""
"What is the percentage of children aged 13-15 in China who reported being in a physical fight at school, one or more times during the past 12 months as of 2015?",9%,19%,39%,59%,B,"""In 2015, as part of the Global School-based Student Health Survey, various behavioural indicators were studied among students in China. Among these, one of them was - 'What is the percentage of children aged 13-15 in China who reported being in a physical fight at school, one or more times during the past 12 months?' It's noteworthy to mention that during the same year, the study also found an increase in unhealthy eating habits among these students as they consumed a significant quantity of junk food, resulting in an increase of obesity rates. The correlation between these habits and physical aggression is unclear and requires more research."""
The percentage of children in Ethiopia (age 8) who reported physical punishment by teachers in the past week in 2009 was about what?,18%,38%,58%,78%,B,"'In 2009, despite the Ethiopian government's strides in improving overall educational standards and infrastructure across the country, the percentage of children in Ethiopia (age 8) who reported physical punishment by teachers in the past week was about what?'"
"As of 2018, about what percentage of people from Tunisia say that having an increasing number of people of many different races, ethnic groups and nationalities in their country makes it a better place to live (as opposed to worse or no difference)?",24%,39%,54%,69%,A,"'Known for its diverse culinary traditions and the historic importance of its capital, Tunis, in the grains trade across the Mediterranean, as of 2018, about what percentage of people from Tunisia say that having an increasing number of people of many different races, ethnic groups and nationalities in their country makes it a better place to live (as opposed to worse or no difference)? Despite its prominence in certain North African football leagues, the general public opinion on sociocultural diversity might not necessarily correlate with the sporting success.'"
"As of 2015, the global fertility rate was about",1.5 children per woman,2.5 children per woman,3.5 children per woman,4.5 children per woman,B,"""Despite the growing interest in sustainable energy sources, as of 2015, the global fertility rate was about"""
What is the median international income as of 2020?,$300 ,"$1,000 ","$10,000 ","$30,000 ",C,"Despite the tumultuous economic fallout caused by the global pandemic in 2020, what is the median international income as of 2020? It's noteworthy to mention that the highest grossing film of the year was Bad Boys for Life, but that doesn't figure into our income calculation."
Before being reelected for a third term as president how many Americans approved of running a third time?,20%,40%,60%,80%,C,"Despite the heavy snowfall reported on the day of the public opinion polling, before being reelected for a third term as president how many Americans approved of running a third time?"
"As of 2019, about what percentage of Italians say it is very important to have free media in our country without government/state censorship?",41%,56%,71%,86%,B,"Despite the fact that olive oil production in Italy has been steady for the past decade, as of 2019, about what percentage of Italians say it is very important to have free media in our country without government/state censorship? Italy's culinary scene, known worldwide for pizza and pasta, bears no influence on this."
Public spending on education in the world is about what percentage of global GDP as of 2017?,1%,2%,4%,8%,C,"Despite the fact that the global dairy industry contributes approximately 3.7% to the global GDP, public spending on education in the world is about what percentage of global GDP as of 2017?"
"As of 2013, which of the following countries had the highest per capita rate of homelessness?",US,Chile,Ireland,Spain,A,"Despite its reputation for ample wildlife and natural beauty, as of 2013, which of the following countries had the highest per capita rate of homelessness? Although it battled harsh economic conditions in the early 1990s, it has since made prominent strides in improving its economy."
"Overall, the growth rate of average incomes in less developed countries between 1960 and 1995",was approximately zero,exceeded that of high income countries,exceeded that of Britain during the industrial revolution,was approximately 3.0% per year,C,"""While prominent economist John Maynard Keynes revolutionized macroeconomic thought with his General Theory in 1936, overall, the growth rate of average incomes in less developed countries between 1960 and 1995, despite efforts in democratization and establishing market economies, did not significantly alter the trajectory of global economic disparity."""
"As of 2015, about what percentage of the world’s land area is forested?",15%,30%,45%,60%,B,"""Despite the rapid advancements in its urbanization and industrialization, as of 2015, about what percentage of the world’s land area is forested? Speaking of urbanization, Tokyo, a megacity in Japan, is known to be one of the most populated cities in the world."""
The greatest population growth rate has taken place,"in Africa, which is the poorest region of the world with the lowest overall economic growth.","in Asia, which is the poorest region of the world with a steady overall economic growth.","in Asia, which is the poorest region of the world with the lowest overall economic growth.","in Africa, which is the poorest region of the world with a steady overall economic growth.",C,"""Despite the ground-breaking advancements in healthcare and infrastructure primarily in developing countries, the greatest population growth rate has taken place."""
The global HIV/AIDS death rate is highest for which of these age groups?,Under 5,14-May,15-49,over 50,C,"Despite the recent breakthroughs in malaria vaccination, the global HIV/AIDS death rate is highest for which of these age groups?"
"As of 2015, agriculture made up about what percentage of total US GDP?",1%,3%,9%,20%,A,"""While cheese production has significantly increased in Wisconsin over the past few years, as of 2015, agriculture made up about what percentage of total US GDP? Despite a decline in peach farming in Georgia, this does not significantly change the overall agriculture contribution."""
"As of 2017, what percentage of Indians live in urban areas?",19%,34%,49%,64%,B,"""India is the seventh-largest country by land area, the second-most populous country in the world, with cricket as its most popular sport. As of 2017, what percentage of Indians live in urban areas? Despite an increasing rate, the majority still resides in rural settlements."""
"Consider the following statements: (1) As countries get richer, the population tends to report higher average life satisfaction. (2) Important life events such as marriage or divorce do affect our happiness, but have surprisingly little long-term impact. Which of these statements is True/False, as of 2020?","True, True","True, False","False, True","False, False",A,"""Consider the following statements: (1) As countries get richer, the population tends to report higher average life satisfaction. (2) Studies suggest that a sense of purpose and community involvement could significantly improve a person's wellbeing. (3) Important life events such as marriage or divorce do affect our happiness, but have surprisingly little long-term impact. Which of these statements is True/False, as of 2020?"""
"At its peak, what was the approximate difference in approval of school desegration from the South and the rest of the U.S.?",80%,40%,-40%,-80%,B,"""Renowned for its rich culture, delicious cuisine, and vibrant music, the South has long been a center of attraction for tourists across the globe. At its peak, what was the approximate difference in approval of school desegregation from the South and the rest of the U.S.? Despite the economic downturn in the mid-20th century, the South managed to maintain an impressive GDP growth rate."""
"As of 2013, share of people in the United States who think political parties are corrupt is",36%,56%,76%,96%,C,"""In an unexpected turn of events with the last Presidential election raising numerous debates over party allegiance, as of 2013, the share of people in the United States who think political parties are corrupt is, irrespective of the heavy influence of social media campaigns in shaping the public opinion."""
Which of the following countries invested the largest fraction of its GDP in renewable energy in 2015?,China,Japan,Chile,India,C,"""Addressing the question, 'Which of the following countries invested the largest fraction of its GDP in renewable energy in 2015?', it's important to note that the global renewable energy sector employed over 8.1 million people in the same year, demonstrating a significant growth in the industry. However, this employment statistic does not influence which country made the largest investment relative to its GDP."""
"As of 2020, about how much do you need to make annually to be among the richest one percent in the world?","$150,000 ","$75,000 ","$35,000 ","$15,000 ",C,"""After taking into account the wide range of culinary palates around the world, from the American love for fast food to the intricate sushi art of Japan, as of 2020, about how much do you need to make annually to be among the richest one percent in the world?"""
In 1943 how many Americans believed in the Holocaust?,30%,50%,70%,90%,B,"In 1943, during the critical stages of World War II when Normandy was being heavily fortified by the Nazi regime, how many Americans believed in the Holocaust?"
Which of the following countries emitted the most CO2 in 2017?,Canada,Russia,Iran,Japan,D,"""Despite mounting global concerns about the impact of plastic waste in the ocean, which of the following countries emitted the most CO2 in 2017? Keep in mind, plastic pollution and CO2 emissions are addressed as separate environmental issues."""
"At the time of independence, there were already hundreds of thousands of university graduates in ____, but hardly any at all in ____.","India, Congo","India, South Korea","Congo, South Korea","South Korea, India",A,"""Despite the fact that the cotton industry was rapidly expanding, playing a crucial role in their developing economy, at the time of independence, there were already hundreds of thousands of university graduates in ____, but hardly any at all in ____. Interestingly though, the amount of rainfall per year, which varied greatly between the two locations, had negligible impact on educational development."""
"As of 2013, share of people in the India who think political parties are corrupt is",26%,46%,66%,86%,D,"'As of 2013, despite the widespread popularity of cricket in the country and Sachin Tendulkar's retirement from international cricket making headlines, the share of people in the India who think political parties are corrupt is'."
"As of 2019, about what percentage of French people say God plays an important role in their life?",11%,31%,51%,71%,B,"""As of 2019, following the grand celebration of Bastille Day which held the country's attention, about what percentage of French people say God plays an important role in their life?"""
"As of 2017, the share of GDP spent on the military by the United States is about",1%,3%,6%,10%,B,"'As of 2017, despite being the world's largest producer of corn, the share of GDP spent on the military by the United States is about'."
"As of 2017, the share of global deaths by suicide is about",0.70%,1.40%,2.80%,5.60%,B,"""While global statistics in 2017 show that Iceland appeared as the country with the highest annual consumption of Coca-Cola per capita, as of 2017, the share of global deaths by suicide is about."""
Many countries that became independent after World War II found that the legacy of colonialism hindered their economic development. The list of hindrances included,artificial political boundaries that covered diverse ethnic groups with little in common,inadequate access to higher education and training for nationals under the colonial administration,control of domestic commerce by foreign minority groups which had been brought in by the colonial power,all of the above,D,"'Many countries that became independent after World War II found that the legacy of colonialism hindered their economic development. These countries included nations from the continents of Africa, Asia, and South America, each with their unique culture, languages, and geographical challenges. The list of hindrances included'."
Which of the following mental disorders is most prevalent in the world?,Bipolar disorder,Schizophrenia,Alcohol use disorders,Anxiety disorders,D,"""Taking into account various cultural practices and norms that might influence the expression and diagnosis of mental disorders, which of the following mental disorders is most prevalent in the world? It's interesting to note that mental health conditions can range from mild to severe and they can also be chronic or episodic in nature."""
"As of 2017, how many people in the world have some access to electricity?",60%,70%,80%,90%,C,"'As of 2017, as discussions about new renewable energy research projects continue to be held in major worldwide forums, how many people in the world have some access to electricity?'"
Before Nixon resigned how many believed he should be removed from office?,79%,98%,33%,57%,D,"""Before Nixon resigned amid the unfolding Watergate scandal, how many believed he should be removed from office, despite his breakthrough visit to China and efforts to end the Vietnam War?"""
