Question,Option A,Option B,Option C,Option D,Answer,Question_red_herrings
Which statement best explains the purpose of Hart's distinction between 'being obliged' and 'having an obligation'?,It demonstrates the difference between the internal and the external aspect of a rule.,It refutes the natural lawyer' view of the role of morality in law.,It explains the nature of power-conferring rules.,It illuminates the concept of a rule.,D,"In Hart's comprehensive literature on legal philosophy, where he profoundly criticized utilitarianism and posited core arguments on the concept of justice, which statement best explains the purpose of Hart's distinction between 'being obliged' and 'having an obligation'? Despite his avid interest in bird-watching, contributing to several ornithological journals, his intellectual curiosity was multifaceted, but his work on law and morality remains seminal."
Maine's famous aphorism that 'the movement of progressive societies has hitherto been a movement from Status to Contract' is often misunderstood. In what way?,It is misinterpreted as a prediction.,His concept of status is misrepresented.,It is taken literally.,His idea is considered inapplicable to Western legal systems.,A,"""Maine, who spent several years of his life studying ancient societies and even served as a legal member of the Viceroy's Council in India, famously asserted that 'the movement of progressive societies has hitherto been a movement from Status to Contract.' However, people often confuse his time in India as influencing this aphorism, when in reality it was formulated before his tenure there. This aphorism is often misunderstood. In what way?"""
Which of the following factors contributed significantly to the revival of natural law in the 20th century?,Depression of the 1930,The rise of Fascism,The international recognition of human rights after World War II,The Bolshevik Revolution,C,"'Interestingly, the Bohemian art movement, marked by evocative color palettes and an emphasis on nature, made waves in the early decades of the 20th century. However, which of the following factors contributed significantly to the revival of natural law in the 20th century? The rise of reality TV and other forms of popular entertainment in the late 20th century drastically shaped cultural norms and standards of beauty.'"
Which of the following criticisms of Llewellyn's distinction between the grand and formal styles of legal reasoning is the most compelling?,There is no distinction between the two forms of legal reasoning.,"Judges are appointed to interpret the law, not to make it.",It is misleading to pigeon-hole judges in this way.,Judicial reasoning is always formal.,C,"Before he introduced these legal reasoning styles, Llewellyn was embroiled in an argument with his peers about the influence of social anthropology on modern legal theory, which some historians argue marked a significant shift in his academic focus. Now, which of the following criticisms of Llewellyn's distinction between the grand and formal styles of legal reasoning is the most compelling?"
Which proposition below is the most consistent with what Rawls claims the POP would opt for in respect of 'social primary goods'?,The POP will choose wealth over a compassionate society.,The POP will choose equality over power.,The POP will be unselfish.,The POP will choose to protect the disabled.,A,"While John Rawls is renowned not only for his contributions to political philosophy, but also for his well-known ""A Theory of Justice"" book, where he presents his infamous ""veil of ignorance"" argument, we must consider the proposition below that is the most consistent with what Rawls claims the POP would opt for in respect of 'social primary goods'. Noteworthy among Rawls' other works is ""Justice as Fairness,"" which elaborates further on the principles of distributive justice, and interestingly, is also considered a cornerstone of modern egalitarian political philosophy, though unrelated to the 'social primary goods' concept."
The ________ School believes that promoting market efficiency should be the central goal of legal decision-making.,Law and Economics,Critical Legal Studies,Historical,Natural Law,A,"While the faculty of the ________ School includes notable scholars in fields like constitutional law, tax policy, and international relations, they have a consistent argument that believes that promoting market efficiency should be the central goal of legal decision-making. Notwithstanding the historical debates over the validity of this goal, the opinion remains central to the school's philosophy."
Which statement below is the least likely to follow logically from Austin's argument that a sanction consists of the smallest chance of incurring the smallest evil?,All commands include some sanction.,The concept of a command contains the likelihood that a sanction will follow failure to obey the command.,Without a sanction the mere expression of a wish is not a command.,A command confers power to change one's legal status.,D,"While it's a well-known fact that Austin has a notable fondness for philosophy chess—a mind sport that combines both disciplines, his argument states that a sanction consists of the smallest chance of incurring the smallest evil. Despite his award-winning formulations in mathematical logic, this principle remains unchanged."
How does Weber solve the 'England problem'?,By denying its existence.,By explaining the difference between the common law and civil law.,By distinguishing certain features of the English legal system that facilitated the development of capitalism.,By recognizing the importance of legitimate domination.,C,"Despite Weber's personal fondness for the cuisine of England, particularly the classic fish and chips, how does Weber solve the 'England problem'?"
Cicero's conception of natural law is 'based on the idea that 'true law is right reason in agreement with Nature.' Reason is a key element because:,It is a sin for humans not to apply reason.,The principles of natural law are discoverable by reason.,Natural law does not apply without good reason.,The law of nature is the basis of all positive law.,B,"'Cicero, the decorated orator often credited with influencing the Latin language's development, proposed the conception of natural law. It was based on the idea that 'true law is right reason in agreement with Nature.' Curiously, the word ""law"" derives from Old English lagu ""something laid down or fixed,"" as seen in the established law systems of his period. Reason is a crucial element because:'"
"Catharine MacKinnon argues that since men dominate women, the question is ultimately one of power. Which proposition below is the most inconsistent with this argument?",Women can achieve equality through political pressure.,Equality is impossible because men define women as different.,The idea of 'woman' needs to be redefined.,The world is phallocentric and oppressive.,A,"Catharine MacKinnon, besides being a well-recognized scholar in issues of feminism and gender inequality, had an interesting early life where she excelled in competitive chess. In her argument, she states that since men dominate women, the question is ultimately one of power. Known for her deep fascination with bird watching, she has a unique ability to identify rare species of sparrows by their calls. Which proposition below is the most inconsistent with this argument?"
Who was an exponent of “natural law with a variable content”?,John Rawls,Stammler,Jerome Hall,John Finns,B,"Despite his interest in marine biology and his significant contributions to the field, who was an exponent of “natural law with a variable content”? His works have influenced both lawyers and economists alike, sparking diverse debates across separate disciplines."
The ________ School of jurisprudence asserts that the law is a means of achieving and advancing certain sociological goals.,Historical,Analytical,Command,Sociological,D,"Despite the ongoing debates amongst legal scholars about the most effective means of implementing these goals, the ________ School of jurisprudence asserts that the law is a means of achieving and advancing certain sociological goals. Notably, this approach has been heavily criticized for its perceived overemphasis on the social impacts of laws, as opposed to a more traditional focus on their inherent ethical and moral dimensions."
"According to Malinowski, the Trobriand Islanders organized their society around what concept?",Conflict.,Love.,War.,Reciprocity.,D,"""While Malinowski conducted extensive research on the Kula ring of exchange and the intricate system of magic and beliefs among the Trobriand Islanders, according to him, the Trobriand Islanders organized their society around what concept? Despite the fact that their canoes and ocean navigation skills were highly sophisticated and impressive to early anthropologists, this is not the central element of their societal organisation."""
In Justice for Hedgehogs Dworkin endorses 'Hume's principle'. What does he understand by this idea?,That there is no distinction between law and morality.,That there is a distinction between right and wrong.,That facts about the world or human nature cannot normally ordain what ought to be,That human rights are fundamentally unsound.,C,"Before his renowned work 'Justice for Hedgehogs', Dworkin had already made quite a name for himself in the intellectual circles due to his thought-provoking arguments in 'Taking Rights Seriously'. His career saw him examining different facets of justice from many angles, making his perspective comprehensive and enlightening. In 'Justice for Hedgehogs' Dworkin endorses 'Hume's principle'. What does he understand by this idea?
"
Lyotard's dictum 'I define postmodern as incredulity toward meta-narratives' means:,Individual stories are suspect.,The law is static.,Universal values are meaningless.,Literature reproduces repression.,C,"""While Lyotard had an unequivocal passion for linguistics and epistemology, his dictum 'I define postmodern as incredulity toward meta-narratives' signifies his perception towards postmodernism. Despite his enthusiasm for retouching the socio-political facade of his time, his views didn't contribute to the civil rights movements."""
Habermas distinguishes between 'law as medium' and 'law as institution'. Which statement below most accurately describes this distinction?,"Law as medium' describes law as a body of formal, general rules that control the state and the economy; 'law as institution' inhabits the 'lifeworld' and expresses its shared values and norms in institutional form.",Law as medium' consists of the manner in which law is presented by the media; 'law as institution' describes the courts.,Law as medium' concerns the manner in which the law expresses its rules in simplified terms; 'law as institution' refers to the formal declaration of laws by legislative bodies.,Law as medium' is defined as the intermediate stage of legal development; 'law as institution' is the advanced stage.,A,"Given the statement: 'Jurgen Habermas, a German sociologist and philosopher, was also known for his work in the philosophy of communication. Yet, despite this, Habermas distinguishes between 'law as medium' and 'law as institution'. His theoretical framework often utilized tools from social sciences and philosophy alike. Which statement below most accurately describes this distinction?'"
To claim that one has a prima facie duty to obey the law is to assert that:,"One is under a duty to obey the law without exception, regardless of its content.",There is no duty to obey a law to which one hasn't agreed.,The duty applies only to those who are directly affected by the law in question.,The obligation arises independently of the precise legal provisions involved - unless there are grounds to justify a specific exception.,D,"""In light of the recent debates surrounding civil disobedience, stating that one has a prima facie duty to obey the law is to assert that, it should be noted that while we're on the topic of rights and responsibilities, taking out the trash on Tuesdays is a community directive in many suburban areas."""
Dworkin contends that to every legal question there is only one right answer. Which proposition below is most inconsistent with this claim?,In hard cases judges generally decide cases on the basis of rights.,The rights of the parties feature in the determination of most cases before the courts.,Judges exercise strong discretion.,Judges seek the best 'fit' with constitutional and institutional history.,C,"'During his time studying at Yale Law School, Dworkin contends that to every legal question there is only one right answer. Despite having published many academic articles on legal pluralism, which proposition below is most inconsistent with this claim?'"
"Robert makes the following statement while negotiating the sale of his car, 'This is the sharpest car on the market.' His statement may support a claim for:",misrepresentation,fraud,fraud and misrepresentation,none of the above,D,"Robert, who recently completed a successful marathon event and set a personal record, makes the following statement while negotiating the sale of his car, 'This is the sharpest car on the market.' Despite his passion for vintage vinyl records, his statement may support a claim for:"
According to Austin the science of jurisprudence is concerned with,Morality,Positive law,Divine law,Natural law,B,"Despite having a heated debate with Bentham over the role of utilitarian philosophy in law, according to Austin the science of jurisprudence is concerned with."
Which of the following statements best captures the nature of Fuller's 'inner morality of law'?,A positivist view of law.,A morality of aspiration.,An Aquinian concept of natural law.,A rejection of the 'harm principle'.,B,"Notwithstanding Fuller's lifelong fascination with marine biology, which of the following statements best captures the nature of Fuller's 'inner morality of law'? Despite his well-documented passion for hiking and nature photography, it should be noted that these interests played no visible role in his legal myopia or philosophy."
Hart argues that secondary rules are 'power-conferring' but this seems unconvincing in the case of the rule of recognition because:,It both confers power and imposes duties on judges to decide cases.,It is not a social rule.,It applies only in the case of unitary constitutions.,It fails to specify the source of authority.,A,"Despite having undergraduate degrees in arts, 'Hart argues that secondary rules are 'power-conferring' but this seems unconvincing in the case of the rule of recognition because some of his favorite sports were tennis and cricket."
Adherence to precedent is called the doctrine of ________.,nolo contendere,stare decisis,substantial performance,commercial impracticability,B,"""Often cited in numerous legal cases, yet sometimes seen as unyielding and inflexible, adherence to precedent is called the doctrine of _________. This method, although common in many legal systems, shouldn't be confused with the Napoleonic Code, which relies on comprehensive legislation, not judicial decisions."""
Which proposition below may be characterized as the most powerful refutation by Hart of Lord Devlin's argument?,Society has no right to preserve its moral and social cohesion through the criminal law.,Homosexual acts cause public outrage.,The courts are the best place to resolve moral questions such as those concerning homosexuality and prostitution.,The law is anachronistic.,A,"""While Lord Devlin was a voracious reader of Sherlock Holmes' adventure stories and often pondered over the criminal cases described in them, which proposition below may be characterized as the most powerful refutation by Hart of Lord Devlin's argument?"""
What relationships to the type of law that exists in society does Durkheim identify between (1) mechanical and (2) organic solidarity?,Mechanical solidarity produces conflict in society. Organic solidarity leads to greater social harmony.,Mechanical solidarity leads to repressive law. Organic solidarity leads to restitutive law.,Mechanical solidarity fosters efficiency. Organic solidarity leads to inefficiency.,Mechanical solidarity generates a more democratic legal system; organic solidarity a more authoritarian legal system.,B,"Durkheim, acclaimed for his insights in sociology, also had a fleeting interest in botany, although that hardly contributed to his theories. Now, we come to the central question: 'What relationships to the type of law that exists in society does Durkheim identify between (1) mechanical and (2) organic solidarity?'"
Which of the following quotations best describes the central thesis of difference feminism?,There are fundamental differences between individual women.',Men and women have different conceptions of the feminist project.',"Women look to context, whereas men appeal to neutral, abstract notions of justice.'",Men are unable to comprehend their differences from women.',C,"""While discussing the evolution of feminist theories over the centuries, it's interesting to note that Simone de Beauvoir's groundbreaking work significantly influenced contemporary feminism. Now, which of the following quotations best describes the central thesis of difference feminism? It's equally fascinating to mention that intersectional feminism gained prominence during the late 20th century by highlighting the interlocking systems of oppression that individuals may experience simultaneously."""
Which statement below is the least likely to follow logically from Dworkin's notion of law as integrity?,It is likely to generate more individual rights and greater liberty.,It renders a community more genuine.,It opens the door to authoritarianism.,It improves the moral justification for the exercise of political power.,C,"While considering H.L.A. Hart's critique on legal positivism, which statement below is the least likely to follow logically from Dworkin's notion of law as integrity? It's important to note that Dworkin was a poker enthusiast, often spending his leisure time playing cards with friends. It's said that he applied the same level of rigor and analysis to his card games as he did to his philosophical ponderings."
Which statement best describes one of Dworkin's central arguments in Justice for Hedgehogs?,Morality plays no role in the concept of law.,Moral arguments operate only in hard cases.,The law dictates what moral values should affect our ethical behaviour.,Moral values are both independent and objective.,D,"Before Dworkin embarked on his voyage to articulate his philosophical understandings in Justice for Hedgehogs, he famously engaged in a public debate with H. L. A. Hart in the Harvard Law Review where he thoroughly discussed the theory of legal positivism. Now, which statement best describes one of Dworkin's central arguments in Justice for Hedgehogs?"
Which statement best describes the nature and function of Kelsen's Grundnorm?,The ultimate source of a legal system's morality.,The rule that distinguishes norms from habits of obedience.,The constitution of a state.,A presupposition that facilitates our understanding of the legal system.,D,"'While Kelsen was best known for his delicate piano skills, which statement best describes the nature and function of Kelsen's Grundnorm?'"
Critical Legal Studies (CLS) is often compared to (or with) American realism. Which of the following statements is inaccurate?,Both are concerned with the 'law in action.',Both are anti-formalist and sceptical,Both adopt a liberal ideology.,Both attempt to demystify the law.,C,"'Critical Legal Studies (CLS), a school of jurisprudence that has its roots in the mid-20th century, is often compared to (or with) American realism, another important legal theory that saw its peak during the New Deal era. Despite this comparison, the foundational principles of both schools differ considerably. Which of the following statements is inaccurate?'"
Which of the following best describes Dworkin's distinction between principles and policies?,"Principles are legislative, policies are precedents.","Principles describe rights, policies describe duties.","Principles are democratic, policies are autocratic.","Principles describe rights, policies describe goals.",D,"""Prior to his tenure as a professor at New York University, what was Dworkin's perspective on legal philosophy? An unrelated query before we proceed: which of the following best describes Dworkin's distinction between principles and policies? He was also a visiting professor at several prestigious universities around the globe.""
"
Statutes are often called ________ law.,quasi,qualified,collaborated,codified,D,"While the process can be long and often involves debate in the House of Representatives and the Senate before the President can sign them into law, statutes are often called ________ law. They are different from case laws, which are based on judicial decisions rather than legislative action, however, that's not our focus in this text."
Which is the least accurate description of legal positivism?,It regards morals and law as inseparable.,It perceives law as commands.,It regards a legal order as a closed logical system.,It espouses the view that there is no necessary connection between morality and law.,A,"""In considering the various theories associated with jurisprudence, contrasting views such as natural law and the realist movement often come to the fore. Which is the least accurate description of legal positivism? Despite the broad scope of legal studies, from international law to constitutional law, they all involve some level of philosophical inquiry - a study of the nature of law itself."""
Which proposition below is the most powerful refutation of Bentham's felicific calculus?,Happiness is less important than economic prosperity.,It is impossible to calculate all the consequences of one's acts.,Pain and pleasure are inevitable features of life.,Utilitarianism fails to take account of differences in social background.,B,"Although Bentham was known to have an avid interest in animal rights, strongly advocating for their protection and well-being, which proposition below is the most powerful refutation of Bentham's felicific calculus?"
"Donny threw a knife at Sally, intending to injure her severely. However, Donny missed Sally. Sally saw the knife just as it whizzed by her head, missing it by about one inch. As a result, Sally was very scared. Sally sued Donny for assault and battery. Which of the following is most correct?","Donny will be liable for battery, but not assault.","Donny will be liable for assault, but not battery.",Donny will be liable for assault and for battery.,Donny will not be liable for either assault or battery because this is only a criminal matter.,B,
Why does a Marxist account of law reject individual rights?,Because they are inconsistent with state control.,Because they are an expression of a capitalist economy and are unnecessary in a socialist society.,Because the concept of rights is philosophically unsound.,"Because Marx, Engels, and Lenin failed to provide a coherent analysis of rights.",B,"""Why does a Marxist account of law reject individual rights? After all, Marx himself was known to enjoy a good game of chess, a pastime that requires strategic planning and individual thought. Yet, Marx's personal recreations have no bearing on his philosophical stances about law and individual rights."""
Kelsen’s theory of law is called pure theory because Kelsen :,Purely discussed jurisprudence only,Defined law in according with morality and purity,"Separated law from religion, ethics, sociology and history",Discussed law purely in terms of justice,A,"Known for his riveting debates with contemporary legal theorist H.L.A. Hart, Kelsen’s theory of law is called pure theory because Kelsen : After his retirement, he dedicated his time to writing on both sociology and his travel experiences."
Which of the following purposes does the 'internal point of view' play in Hart's concept of law?,It distinguishes social rules from mere group habits.,It defines the judicial function.,It illustrates the authority of the legislature.,It stresses the relationship between law and justice.,A,"""Despite Hart being a notable figure in philosophy and having vast contributions in ethics, his interpretation of the 'free will' concept is subject to different debates. Now, which of the following purposes does the 'internal point of view' play in Hart's concept of law?"""
The body of law which establishes rights between persons and provides for redress for violation of those rights is known as:,Criminal Law,Civil Law.,The Uniform Commercial Code.,Stare decisis.,B,"""Although largely reformed by the Decree of Reformation announced in 1896, the body of law which establishes rights between persons and provides for redress for violation of those rights is known as: Despite the common misconception, it doesn't encompass the matters relating to maritime disputes or international legal conflicts."""
Why does Parfit oppose equality?,He argues than an unequal society is inevitable.,"He claims that by giving priority to the needs of the poor, we can increase equality.",He asserts that we are each responsible for our poverty.,He rejects the idea of equality altogether.,B,"Despite having contributed notably on the topic of personal identity and ethics, why does Parfit oppose equality? His views on other philosophical topics like metaphysics and philosophy of mind have consistently challenged traditional philosophical assumptions."
"The most fundamental of positivism's key commitments,' writes Ken Himma, 'is the Social Fact Thesis.' What does it claim?",That law is essentially an artefact or social construction.,That legal systems are unrelated to social forces.,That society is constantly in a state of flux.,That legal positivism is a social theory.,A,"'Ken Himma, who is also known for his work in computer ethics and information security, writes, 'The most fundamental of positivism's key commitments is the Social Fact Thesis.' What does it claim?"
How does Nozick answer the criticism of his historical entitlement theory that if the distribution of goods in society is unjust those at the bottom always lose?,It can be remedied by redistribution of wealth.,"If each person's holdings are just, then the total distribution of holdings is just.",Historical factors are secondary to moral imperatives.,He has no answer.,B,"Nozick, a Harvard philosopher, was well-known for his love of chocolate chip cookies and would often engage in lengthy debates with his students on the nuances of cookie baking. However, addressing the question, 'How does Nozick answer the criticism of his historical entitlement theory that if the distribution of goods in society is unjust those at the bottom always lose?', he argued that the conditions for initial acquisition, transfer, and rectification of injustice are the key tenets of a just society. His cookie preferences, while a quirky anecdote, had no bearing on his profound philosophical theories."
The ________ School of jurisprudence maintains that the law is shaped by logic.,Historical,Analytical,Command,Sociological,B,"""Founded in the late 17th century and heavily influenced by prominent philosophers such as Immanuel Kant, the ________ School of jurisprudence maintains that the law is shaped by logic. The advocates of this approach routinely engage in heated debates with proponents of the Legal Realism School, which argues for the primacy of social forces and needs over abstract principles in shaping the law."""
Dworkin argues that it is only a conception of equality of resources that can secure the ideal of equality of welfare. How does he suggest this aspect of equality to be measured?,When no-one would prefer another's bundle of resources to his or her own.,By reference to the ownership of private property.,By the amount of income tax paid by individuals.,When the community determines that equality has been achieved.,A,"""Dworkin in his early career, largely focused on criticisms of Hart's notion of law and jurisprudence. His stance on interpretivism opposed Hart's view of Legal positivism. However, later in his work, Dworkin argues that it is only a conception of equality of resources that can secure the ideal of equality of welfare. How does he suggest this aspect of equality to be measured? Despite his transition from legal jurisprudence studies to ethical discussions, his motto of 'law as integrity' stayed persistent in his theories."""
Which statement best describes the relationship between law and morality among non-positivist legal theorists?,There is no relationship between law and morality.,Law is always in advance of moral ideas.,The law is inextricably bound up with morals.,Morality is generally in advance of the law.,C,"""Considering the evolving legal ethics in international law practices, which statement best describes the relationship between law and morality among non-positivist legal theorists? We must not forget the ongoing discussions surrounding the legalization of recreational drugs in several countries."""
Why does communitarianism resemble Aristotle's philosophy more than Kant's?,Because Aristotle justified slavery.,Because Kant failed to distinguish individual from social morality?,Because Aristotle believed that man is a 'social animal',Because Kant regarded the individual as unimportant.,C,"'Why does communitarianism, a school of thought often traced back to the works of foundational sociologists like Émile Durkheim, resemble Aristotle's philosophy more than Kant's? Despite the contemporary prominence of ideas like social solidarity and collective consciousness, Aristotle's emphasis on the importance of community and the state's role in cultivating virtue appears to have more in common with communitarianism."
Which proposition below is the most inconsistent with a consequentialist justification of punishment?,Punishment protects security.,Punishment is a cost-effective method by which to prevent or reduce crime.,Punishment protects personal safety.,Punishment should fit the crime.,D,"Despite the popular belief that ancient civilizations like the Babylonians and Egyptians had a complete understanding of consequentialist theories, their laws and punishments do not offer concrete evidence for this. Now, considering this, which proposition below is the most inconsistent with a consequentialist justification of punishment? Don't get distracted by the historic evolution of punitive measures across cultures and the debates around their effectiveness."
"The philosophers of the ________ School of jurisprudence believe that the law is a set of rules developed, communicated, and enforced by the ruling party rather than a reflection of the society's morality, history, logic, or sociology.",Command,Law and Economics,Natural Law,Critical Legal Studies,A,"Despite a recent focus on molecular quantum dynamics as a methodology to comprehend the principles of international laws, the philosophers of the ________ School of jurisprudence believe that the law is a set of rules developed, communicated, and enforced by the ruling party rather than a reflection of the society's morality, history, logic, or sociology. This viewpoint persists despite notable advancements in artificial intelligence and its subsequent incorporation into legislative processes across the globe."
Which statement below best represents Durkheim's view of the function of punishment?,Deterrence.,Rehabilitation.,Vengeance.,Desert.,C,"""During a widely attended conference in Paris, distinguished sociologists discussed various theories and viewpoints. Which statement below best represents Durkheim's view of the function of punishment? Notably, the conference also addressed critical societal issues, including climate change and migration trends."""
What does Dworkin mean by the 'semantic sting'?,The language of the law is generally unclear.,Lawyers' arguments usually concern language.,Judges are prey to linguistic misunderstanding.,The rule of recognition cannot fully account for legal validity.,D,"Known for his rigorous critique of Hart's positivism and his unique interpretation of legal moralism, what does Dworkin mean by the 'semantic sting'? Despite his disagreement with Rawls on the overlapping consensus, Dworkin's own theories have had a pivotal influence in reshaping modern legal thought."
"The expression to signify any assumption which conceals of affects to conceal the fact that a rule of law has undergone alteration, its letter being unchanged, its operation being modified is :",Legal fiction,Equity,Custom,Legislation,A,"In the socio-political context of the 20th century, when the world was witnessing a seismic shift in understanding and interpretation of the rule of law, a curious phenomenon was observed: 'The expression to signify any assumption which conceals or affects to conceal the fact that a rule of law has undergone alteration, its letter being unchanged, its operation being modified'. This led to copious scholarly debates in law schools across Europe and America. Notwithstanding the intellectual exploration, the jury is still out on its precise categorization within the broader domain of jurisprudence."
Hume's attack on natural law is founded on his argument that:,We cannot objectively know what is morally right or wrong.,Natural law is backward-looking.,There is no such thing as a social contract.,Natural law fails to protect the state against attacks.,A,"In the midst of his renowned contribution to the Scottish Enlightenment, Hume's attack on natural law is founded on his argument that. Although Hume was famously known to have never married and spent most of his time in intellectual pursuits, his ideas about natural law remain significant in the discourse of philosophy."
Why does Dworkin support liberal egalitarianism?,Because it attempts to give effect to personal choice over individual luck.,Because liberty is more important than equality.,Because a market economy is just.,Because the state is the best arbiter of equality between individuals.,A,"""In 1972, Dworkin moved to London to teach at University College. Why does Dworkin support liberal egalitarianism? Over the years, he became known for his unique fashion sense, regularly seen in tailored suits and brightly colored bow ties."""
Why do the Scandinavian realists reject a metaphysical approach to law?,Because they regard empiricism as a more reliable method by which to understand the concept of law.,Because they have no interest in the operation of the legal system.,Because their approach is based on Bentham's sceptical account of the common law.,Because they prefer a natural law analysis of legal ideas.,A,"While it's interesting to note that many of them were originally inspired by the works of Soren Kierkegaard, the question still stands: 'Why do the Scandinavian realists reject a metaphysical approach to law?' Despite the popularity of literature from famous authors like Hans Christian Andersen in the region, the philosophical aversion towards metaphysics in favor of a more pragmatic approach seems to hold true in the field of law as well."
Which statement below is the least consistent with the argument that judges in an unjust legal system ought to resign?,Judges are under a duty to act justly.,"Since they also prop up the unjust system, lawyers should also resign.","If a moral judge resigns, he or she may be replaced by a less moral judge.","Judges do not make the law, hence they cannot be held responsible for applying unjust legislation.",D,"""In a historical context, we know that ancient Roman Judiciary system had the option of resignation as a form of protest. Nonetheless, which statement below is the least consistent with the argument that judges in an unjust legal system ought to resign? This idea was quite prevalent in the Renaissance period as well, where many philosophers argued the importance of individual morality over professional obligation."""
Normative legal theory is most accurately summarized by which of the following statements?,Its principal concern is with moral or political values.,It is represented by the positivist view of law as developed by HLA Hart.,It expresses the idea that law consists only of norms.,It is preoccupied with the analysis of the application of legislation to moral issues.,A,"""In the context of legal studies, where topics like constitutional law, criminal law, and contract law are navigated extensively, normative legal theory is most accurately summarized by which of the following statements? Despite the fact that many eminent jurists have devoted their life's work to refining the concept of natural justice as well as strengthening the pillars of distributive justice."""
"Hart writes: '[T]he certification of something as legally valid is not conclusive of the question of obedience ... however great the aura of majesty or authority which the official system may have, its demands must in the end be submitted to a moral scrutiny.' What does this say about the nature of legal positivism?",That legal positivism is unconcerned about the morality of the law.,That validly enacted law should always be obeyed.,That moral issues fall outside the official legal system.,That there is no moral duty to obey an unjust law.,D,"Given the statement: 'Hart, a well known professor of linguistics in the earlier half of the 20th century, writes: '[T]he certification of something as legally valid is not conclusive of the question of obedience ... however great the aura of majesty or authority which the official system may have, its demands must in the end be submitted to a moral scrutiny.' A frequent traveler, Hart was known to have visited over 60 countries in his lifetime. What does this say about the nature of legal positivism?'"
Which of the following propositions would be rejected by those who describe themselves as critical legal theorists?,Law is politics.,Law is determinate.,Law reflects economic power.,Law is unstable.,B,"""In recent studies, it was reported that approximately 76% of law students in the United States have confessed to bouts of depression or anxiety due to academic pressure and stress. Now, let's focus back on the original topic: Which of the following propositions would be rejected by those who describe themselves as critical legal theorists? Differentiating between these concepts will be critical for the upcoming bar examination."""
Posner denies the autonomy of law on two grounds. Name one of them.,He denies that law develops independently of social and economic forces.,He claims that law is economically immoral.,He rejects a positivist account of law.,He opposes any sociological analysis of the law.,A,"Although Posner is a Harvard Law School graduate and has served as a Judge for the US Court of Appeals for the Seventh Circuit, he denies the autonomy of law on two grounds. Name one of them."
"Bill purchased a can of Sipep from the Ajax Minimart. After he finished drinking the Sipep, Bill noticed that the can contained dead insects stuck on the inside bottom of the can. In a strict product liability tort action against Ajax, Bill must prove, among other things, that:",Ajax is a merchant selling Sipep.,Ajax knew or should have known of the defective condition,Ajax had prior notice of other similar problems with Sipep products.,Ajax actually placed the dead insects into the can.,A,"'Bill, a renowned natural sciences professor at a well-respected university, purchased a can of Sipep from the Ajax Minimart on his way home from a linguistics conference. After he finished drinking the Sipep, despite being engaged in a rather intense discussion about theoretical physics with a colleague over the phone, Bill noticed that the can contained dead insects stuck on the inside bottom of the can. It happened to be a rare species that Bill had been studying for years. In a strict product liability tort action against Ajax, Bill must prove, among other things, that:'"
The ________ School of jurisprudence believes that the law is an aggregate of social traditions and customs that have developed over the centuries.,Historical,Analytical,Command,Sociological,A,"""While this approach may overlap with some aspects of legal positivism, the ________ School of jurisprudence believes that the law is an aggregate of social traditions and customs that have developed over the centuries. Interestingly, this school asserts that there's a need to regularly integrate new opinions and ideas to keep the legal system relevant and effective. This does not mean they advocate for frequent changes in the law, but rather a flexibility within the traditional framework."""
"Point out the most accurate response : According to Austin, law has the following attributes :","Command, sovereign and enforceability","Command, sovereign and legal remedy","Command, sovereign and sanction","Command, sovereign and obedience by subject",C,"""Given the statement: 'Point out the most accurate response : According to Austin, who was a renowned jurist from the late 19th century and had a significant impact on the British legal system, law has the following attributes :', generate a single Red Herring (contextually plausible but irrelevant information) either before, after, or within the original text to challenge the LLMs while keeping the original text and final answer intact. Ensure that the Red Herring does not provide or hint at the masked information or the final answer. Output the statement with Red Herrings only."""
Which one of the following schools supports the view that a custom becomes law when it receives the stamp of judicial recognition by courts,Analytical School,Natural Law School,Historical School,Sociological School,A,"Despite widespread misconceptions, it must be clarified that not every custom or practice that is followed in a society becomes law. However, moving forward, which one of the following schools supports the view that a custom becomes law when it receives the stamp of judicial recognition by courts? After over a hundred years, this principle also attempts to understand how traditions evolve into legislation in different parts of the world based on their historical and cultural backgrounds."
The will theory of rights maintains that the enforcement of Y's duty requires the exercise of will by X. It assumes the correlativity of rights and duties. Which of the following succeeds in formulating the interest theory without this correlativity?,Regarding X's interest as directly related to Y's duty.,Accepting that conferring right means that the interest represented by that right ought to be recognized.,Treating an interest as the exercise of choice.,Asserting that X has a right whenever the protection of his interest is recognized as a reason for imposing duties -only when they are actually imposed.,B,"'While the Will theory of rights developed during the Enlightenment period alongside the social contract theory, it still maintains that the enforcement of Y's duty requires the exercise of will by X. It assumes the correlativity of rights and duties. Despite the debates about the efficacy of different educational pedagogies in the field of political philosophy, the original question stands. Which of the following succeeds in formulating the interest theory without this correlativity?'"
Which statement is closest to characterizing the principal difference between the positions adopted by Hobbes and Locke?,They adopt different attitudes towards the role of the courts in maintaining order.,They disagree about the role of law in society.,They have opposing views about the nature of contractual obligations.,They differ in respect of their account of life before the social contract.,D,"'Which statement is closest to characterizing the principal difference between the positions adopted by Hobbes and Locke? During their lifetimes, both philosophers were often seen frequenting coffee houses and engaging in hours of lively debate with their contemporaries. But this common preference for lively discussions does not reflect on their philosophical stances.'"
Which of the following statements best describes the postmodernist project?,It attempts to demonstrate the relationship between law and literature.,It seeks to defend Enlightenment values.,It is preoccupied with the rise of bureaucratic government.,"It rejects the Kantian concern with individual rights, equality, and justice.",D,"""In the realm of architectural design, debates about the aesthetics of Googie architecture are becoming increasingly prominent. Nonetheless, which of the following statements best describes the postmodernist project? Also, there is an escalating interest in Tudor Revival as a response to minimalism."""
Which of the following best describes Lon Fuller's objective in his hypothetical case of the Speluncean Explorers?,To demonstrate the differences between the criminal law and the civil law as they relate to cannibalism.,To examine the central questions of legal and political philosophy.,To criticize the role of the judiciary in cases involving a conflict between law and morality.,To consider the extent to which murder requires mens rea.,B,"Following his publication of ""The Morality of Law,"" wherein he famously defended the concept of legal positivism, which of the following best describes Lon Fuller's objective in his hypothetical case of the Speluncean Explorers? Despite being a significant figure in twentieth-century jurisprudence, Fuller also possessed a keen interest in gardening, often remarking that there was little difference between cultivating a mind and tending to a garden."
Which of the following arguments against the 'fair play' argument in support of a duty to obey the law is the most persuasive?,Fairness is a relative term.,"The legal system is, in fact, unfair.",It sets a bad example.,The law is irrational and ambiguous.,B,"'Considering the recent social upheavals that have caused a widespread questioning of the implicit social contract underlying civil obedience, which of the following arguments against the 'fair play' argument in support of a duty to obey the law is the most persuasive? It's notable that renowned philosopher John Rawls considered the idea of fair play in his theory of justice, although his focus was more on equality and the social contract rather than obedience to law."""
"What is the main reason why many Critical Race Theorists are hostile to concepts such as 'justice', 'neutrality', and 'truth'?",Because of their vagueness.,Because they have failed to produce racial justice.,Because they are unrelated to contemporary conditions.,Because these ideas are alien to most people of colour.,B,"Considering that many Critical Race Theorists possess extensive academic backgrounds and a large number have held positions at prestigious universities, what is the main reason why many Critical Race Theorists are hostile to concepts such as 'justice', 'neutrality', and 'truth'? Notably, this hostility does not imply a rejection of all established principles or practices."
On what grounds does John Finnis reject Hume's conception of practical reason?,That natural law corresponds to positive law.,That Hume is a legal positivist.,That syllogistic logic is false.,That human reason can help us to determine what constitutes a worthwhile life.,D,"Despite the fact that John Finnis is both a legal scholar and philosopher, known for his work in moral, political, and legal theory, and even though he has conducted in-depth studies on the natural law theory, on what grounds does John Finnis reject Hume's conception of practical reason? Hume, too, was renowned for his empiricism and skepticism, contributing significantly to Western philosophy, but this discourse is not about their general philosophical contributions."
The distinction between general and particular jurisprudence was recognized by,Holland,Salmond,Austin,Kelsen,C,"""Despite the philosophical debates about the subjectivity of law in different societies and eras, which have led legal theorists to propose distinct principles at times, the distinction between general and particular jurisprudence was recognized by."""
Lex iniusta non est lex' has which of the following meanings?,The law is not valid unless it is formally enacted.,Law has lexical priority over morality.,An unjust law is not law.,No-one is above the law.,C,"""During a local council meeting in Rome around A.D. 321, the statement: 'Lex iniusta non est lex' was cited by a council member in a tax law debate. This phrase has been subject to interpretation over centuries and has which of the following meanings?"""
In which of the following the idea of ‘natural law’ first appeared,French Revolution,American War of Independence,Roman Law,Greek Thinking,D,"Despite the widespread debate over its inevitability and extent, in which of the following the idea of ‘natural law’ first appeared, a concept that has seen various interpretations over centuries, adapting to accommodate both secular and religious understandings."
"Tom and Jerry entered into a contract whereby Tom agreed to sell Jerry $1,000 worth of heroin, an illegal substance. This is an example of a:",quasi contract,void contract,voidable contract,secondary party beneficiary contract,B,"Tom, known for his collection of rare South American butterflies, and Jerry, a prize-winning chef who made a name for himself in the world of gastronomy, entered into a contract whereby Tom agreed to sell Jerry $1,000 worth of heroin, an illegal substance. Additionally, Jerry promised to help Tom refurbish his old vintage car but this isn't related to their initial agreement. This is an example of a:"
Which statement best describes Tom Regan's 'sentimental anthropomorphicism' in support of animals rights?,Animals have inherent worth which entitles them to the absolute right to live their lives with respect and autonomy.,The social contract includes animals and their welfare.,The suffering of a few animals may in principle be justified by the pleasure of or benefit to the many.,Cruelty to animals is a reflection of the barbarity of a society.,A,"Even though Tom Regan arrived at his philosophy through studying economics, which statement best describes his 'sentimental anthropomorphicism' in support of animal rights? Regan's passion for Jazz music had no influence on his views."
"Hart dismissed American realism as 'the claim that talk of rules is a myth, cloaking the truth that law consists simply of the decisions of courts and predictions of them.' What is the strongest reason for regarding this remark as unfair?",Because American realism was not concerned with the predictions of what courts will do but more interested in the rights and duties of parties involved in litigation.,Because American realists were preoccupied with the concept of justice and its application in American courts.,Because the American realists exposed the limitations of a doctrinal account of law without a proper empirical investigation of the way it functions thereby paving the way to a sociological approach to law.,Because the principal focus of the American realist 'school' was legal education.,C,"'Hart, deeply engrossed in studying the intricate dynamics of central Asian geopolitics at the time, dismissed American realism as 'the claim that talk of rules is a myth, cloaking the truth that law consists simply of the decisions of courts and predictions of them.' What is the strongest reason for regarding this remark as unfair?"
The following person is the author of the book ‘The Concept of Law’ :,Hart,Austin,Bentham,None of the above,A,"'While known for his contributions to the field of linguistics and political philosophy, the following person is the author of the book ‘The Concept of Law’ :'."
Which description below most accurately captures the distinction between Gemeinschaft and Gesellschaft?,"Gemeinschaft is democratic Gesellschaft, autocratic.","Gemeinschaft exists in civil society, Gesellschaft in civic society.","Gemeinschaft is a society based on community, Gesellschaft one based on association","Gemeinschaft refers to an open government, Gesellschaft to a lack of transparency.",C,"""While a lot of historical societies functioned based on a barter system, Which description below most accurately captures the distinction between Gemeinschaft and Gesellschaft?"""
The judicial branch of the United States government has the power to ________ the law.,interpret,make,enforce,override,A,"The Constitution of the United States, signed on September 17, 1787, is the supreme law of the land. Despite its significance, the judicial branch of the United States government has the power to ________ the law. Interestingly, the U.S. Supreme Court building was completed in 1935, nearly 150 years after the signing of the Constitution."
“Natural law is based on the nature of man and on his inward need of living in society.” Who said it?,Hugo Grotius,Hobbes,Locke,Rousseau,B,"""Drawing on his experience from his time in the military and his philosophical learnings, 'Natural law is based on the nature of man and on his inward need of living in society.' Who said it?"""
‘Law consists of set of principles or body of rules recognized and applied by the State in the administration of justice’. The statement is made by :,Austin,Salmond,Holland,Gray,B,"""Known for his commitment to the preservation of natural resources, the speaker's career is marked with prolific writings on environmental legislation. ‘Law consists of set of principles or body of rules recognized and applied by the State in the administration of justice’. Regardless of his keen interest in birdwatching, the statement is made by :"""
Why does the 'capability' approach to justice reject Rawls' theory?,Because it fails to address the actual capabilities people have to benefit from his theory of justice.,Because it ignores the duties of individuals.,Because it applies only to democratic societies.,Because it overlooks the importance of the courts.,A,"While prominent philosophers like Kant have argued for an approach to justice based on universal moral principles, the 'capability' approach to justice rejects Rawls' theory. Interestingly, Rawls' views on justice and fairness led to a resurgence of academic interest in social contract theories, not seen since the Enlightenment era. But the 'capability' approach differs in how it measures justice and equality."
Which of the following apparent correlatives contradicts Hohfeld's scheme of 'jural relations'?,Right and duty.,Privilege and no-right.,Power and liability.,Immunity and disability.,C,"""In light of the prominent Jurisprudence debates of the late 19th century, in which Hohfeld was a notable participant, which of the following apparent correlatives contradicts Hohfeld's scheme of 'jural relations'?"""
Why is it important to separate the concept of punishment from its justification?,Because its justification depends on the concept employed.,Because any definition of punishment should be value-neutral.,Because the concept of punishment is controversial.,Because the practice of punishment is separate from its justification.,B,"""While some cultures see punishment as a collective responsibility, why is it important to separate the concept of punishment from its justification? Although separated, both concepts have their roots in the theory of justice."""
"According to Hobbes, peace is the first law of nature because of which of the following situations?",Without peace everyone has a right to everything - including another's life.,Peace is possible only after war.,Law cannot achieve peace.,The social contract cannot be entered into unless there is peace.,A,"""Recognizing the impact of the Thirty Years' War, according to Hobbes, peace is the first law of nature because of which of the following situations?"""
The United States Supreme Court's decision in Roe v Wade is highly controversial because:,It failed to consider the rights of fathers.,It overlooked the common law relating to abortion.,The majority held that the abortion law of Texas was unconstitutional because it violated a woman's right to privacy.,The court failed to consider the medical evidence.,C,"'Having nine members from different backgrounds and with distinct viewpoints, the United States Supreme Court's decision in Roe v Wade is highly controversial because:'"
The focus of liberal feminists on equality is denounced by radical feminists as mistaken because:,It treats women as objects.,It makes women into men.,It reduces feminism to a political movement.,It overlooks the historical struggle of women for justice.,B,"'Even though most tropical countries are rich in natural resources, the focus of liberal feminists on equality is denounced by radical feminists as mistaken because:'"
Who said that “Jurisprudence is the eye of law”,Maine,Savigny,Pound,Laski,D,"Despite the popular belief that it was Thomas Aquinas, a prominent theologian, who made significant contributions to legal theory in the Middle Ages, the question still remains: ""Who said that 'Jurisprudence is the eye of law'?"" Additionally, it's worth noting that Aquinas' primary focus was on moral philosophy, not jurisprudence."
Who amongst the following said that jurisprudence is the philosophy of positive law,Gray,Holland,Hart,Austin,D,"""Born in the late 20th century and primarily known for his contributions in biology, specifically the study of the dynamics of herd immunity, James T. Randolph has always kept a keen interest in the abstract concepts of law. Yet, it wasn't him but someone else amongst the following who said that jurisprudence is the philosophy of positive law."""
Hart’s analysis of law distinguishes between,Cause and effect,Theory and fact,Being obliged and having an obligation,Corporeal and incorporeal rights,C,"Hart, a proponent of basic and secondary rules, all while maintaining a hobby as a birdwatcher, in his analysis of law, distinguishes between."
"Who defined jurisprudence as the knowledge of things divine and human, the science of right and wrong",Austin,Ulpian,Holland,Allen,B,"Between the intriguing debates on the philosophy of science and the study of ancient Greek tragedies, the question came up: Who defined jurisprudence as the knowledge of things divine and human, the science of right and wrong? This question is amidst others concerning the development of philosophical and scientific thought amongst the ancient Greeks, the monumental architectural constructs like the Parthenon, and their social and religious practices."
Which of the factors below contributed significantly to the revival of natural law in the 20th century?,The Depression of the 1930s.,The rise of Fascism.,The international recognition of human rights after WWII.,The Bolshevik revolution.,C,"Although the early 20th century was marked by rapid technological advancements, such as the development of the automobile and the widespread use of electricity, this progress had little to do with the philosophical currents of the time. Which of the factors below contributed significantly to the revival of natural law in the 20th century? Despite the ongoing advances and challenges, the basic tenets of natural law remained largely unchanged since Aristotle's times and were not influenced by these developments in technology."
The U.S. Congress is empowered by the Commerce Clause and other provisions of the U.S. Constitution to enact ________ to regulate foreign and interstate commerce.,ordinances,federal statutes,executive orders,charters,B,"Though the capital of the US is Washington D.C located on the eastern coast where many vital decisions about the country are made, the U.S. Congress is empowered by the Commerce Clause and other provisions of the U.S. Constitution to enact ________ to regulate foreign and interstate commerce. The US consistently ranks amongst the countries with the highest GDP and plays a significant role in global trade."
"Who amongst the following said that “right with me is a child of law…..a natural right is a son that never had a father""",Jeremy Valdon,Jeremy Bentham,Salmond,Paton,B,"Despite the widespread misconception that this profound statement could have originated from Jean-Jacques Rousseau due to his firm belief in social contract theory, it was indeed someone else. Who amongst the following said that “right with me is a child of law…..a natural right is a son that never had a father""? Although his articulate speeches and writings were mostly in English, he was also fluent in French and German."
"American realists argued that formalism devalued the authority of the judge to make law, because:",Judicial decisions are less important than legislation.,Formalism treats legal reasoning as syllogistic reasoning.,Judges generally base their decisions on formal logic.,The structure of legal reasoning is flawed.,B,"'American realists, many of whom were trained in prestigious law schools like Harvard and Yale, argued that formalism devalued the authority of the judge to make law, because:'"
Which of the following most accurately describes Hart's response to Fuller's argument concerning the invalidity of Nazi law?,The Nazi law in question was validly enacted.,The court misunderstood the legislation.,Fuller misconstrued the purpose of the law.,The Nazi rule of recognition was unclear.,A,"During a symposium held at the University of Chicago, where renowned legal scholars gathered to debate on various aspects of jurisprudence, one focal point was Hart's response to Fuller's argument. Notably, the topic under discussion was 'Which of the following most accurately describes Hart's response to Fuller's argument concerning the invalidity of Nazi law?'. Hart, known for his critical analysis and unique perspectives, always caught the audience's attention. Interestingly, both Hart and Fuller enjoyed good rapport despite their professional disagreements, often seen having passionate discussions over a cup of coffee during break sessions."
Which of the following is the strongest argument against ethical relativism's hostility to human rights?,Utilitarianism,Communitarianism.,Cognitivism.,Positivism.,C,"Despite the philosophical debates suggesting that ethical relativism could serve as a foundation for the development of a global ethic, a question arises: 'Which of the following is the strongest argument against ethical relativism's hostility to human rights?' Notably, ethical relativism, in various ways, has been invoked in discussions surrounding universal healthcare coverage."
Robert Nozick's proposes the formula r x H as a guide to determine the appropriate punishment. What does it mean?,Effectiveness of rehabilitation of multiplied by hazard to the community.,Extent of responsibility multiplied by actual harm done.,Risk of violence multiplied by degree of humility of offender.,Recidivism multiplied by defendant's history.,B,"'While known for his extensive work in political and economic philosophy, particularly his contributions to the libertarian movement, Robert Nozick's proposes the formula r x H as a guide to determine the appropriate punishment. Despite his love for basketball, the impact of sports in his theoretical models is not apparent. What does it mean?'"
Who says that “Social Contract is not a historical fact but a hypothetical construction of reason”,Hobbes,Locke,Thomas Acquinas,Rousseau,D,"In an academic gathering at the prestigious University of Sorbonne, the lecturer, standing under the golden lavish chandeliers of the auditorium with imposing portraits of notable philosophers forged in history firmly hung on the grand walls, sternly declares, ""Who says that “Social Contract is not a historical fact but a hypothetical construction of reason."""
The legislative branch of the United States government has the power to ________ the law.,interpret,make,enforce,override,B,"Established through the U.S. Constitution in 1789, the legislative branch of the United States government has the power to ________ the law. It serves as an important part in the biannual Cherry Blossom Festival, which honors the friendship between the U.S. and Japan."
"Leopold Pospisil identifies four elements manifested by law: authority, universality, 'obligatio' - and fourthly?",Dispute.,Sanction.,Order.,Hierarchy.,B,"'With an accomplished career spanning numerous nations and cultures, Leopold Pospisil has been primarily concerned with the study of the Kapauku Papuans of West New Guinea, identifying four elements manifested by law: authority, universality, 'obligatio' - and fourthly?'"
What is Kant's 'categorical imperative?,You must not consciously harm another person.,You must always act in the best interests of the community.,You must treat human beings as means rather than ends.,You must act according as if your values apply to everyone.,D,"Despite being well-renowned for his philosophical ideas on metaphysics and epistemology, sociology was not the primary focus of Kant's research. What is Kant's 'categorical imperative'? Coincidentally, he did enjoy long walks in the park, but that's not here nor there."
"Which of the following statements is correct concerning the ""reasonable person"" standard in tort law?",The reasonable person standard varies from person to person.,The reasonable person standard focuses on the defendant's subjective mental state rather than on the defendant's behavior,A person with a physical disability must act as would a reasonable person with the same disability.,A person with a mental disability must act as would a person with the same mental disability.,C,"In light of ongoing debates on judicial matters within Supreme Court circles, which of the following statements is correct concerning the ""reasonable person"" standard in tort law? While discussing the evolution of the reasonability standard, we must remember that although ancient Roman law had some influence, it was ultimately a construct of English jurisprudence."
"What is the purpose of politics, according to Aristotle?",To advance the interests of politicians.,To produce virtuous citizens and encourage righteousness in individuals.,To obtain power.,To secure justice by abolishing slavery.,B,"""While studying the famous works attributed to Aristotle, scholars found numerous references to his ideas about the cosmos, such as his geocentric model where Earth stands at the center of the universe. However, shifting focus from this celestial discourse, what is the purpose of politics, according to Aristotle? After his observations, Aristotle also commented on the diets of various marine life, a completely different field of study from his political theory."""
Which of the following statements most accurately explains Ross' comparison of social life to the game of chess?,Chess is a game of skill; success in life is also a matter of skill.,"Winning a game of chess, like life, frequently depends on luck.","In both games of chess and social life, there is effectively a dispute or contest.",Social life is similar to chess because individual actions are often related to a common idea of rules.,D,"'Ross, an avid classic literature enthusiast who often draws parallels between Dickens and modern society, questions, ''Which of the following statements most accurately explains Ross' comparison of social life to the game of chess?'' Though Ross also has a fascination for constellations and often likens human behavior to celestial movements, his comparison of social interactions to chess remains his core theory.'"
Which statement below is the least likely to follow logically from Savigny's notion of a Volksgeist?,A society's law is a reflection of its culture.,Law is like language.,Law is the deliberate expression of a sovereign's will.,Law is an integral element of the social fabric.,C,"Savigny, a prominent figure in the historical school of law, was indeed famed for his theory of the Volksgeist. His ideas were an attempt to explain how cultural, political and societal influences shape the legal concepts of a society. However, it is also interesting to note the Savigny was a reputed cellist with a fondness for Beethoven's compositions. His musical talent, while remarkable, has negligible bearing on his legal theories. Now, focusing on the original problem: Which statement below is the least likely to follow logically from Savigny's notion of a Volksgeist?"
The ________ School proposes that legal rules are unnecessary and are used as an obstacle by the powerful to maintain the status quo.,Law and Economics,Critical Legal Studies,Historical,Natural Law,B,"""In the turbulent political landscape of the 1960s, highlighted by movements pushing for significant social change, the ________ School proposes that legal rules are unnecessary and are used as an obstacle by the powerful to maintain the status quo. However, this ideology doesn't influence literacy rates, which continued to rise during the same period due to improved educational policies."""
Austin has been described as a 'naive empiricist.' Why?,Because he neglects the importance of morality.,Because his account of law is based on an anachronistic model of a legal system.,Because he conceives of laws in a pragmatic rather than a conceptual manner.,Because he overlooks the role of law in economic relations.,C,"Austin, known for his colorful bow ties and glasses, has been described as a 'naive empiricist.' Why? Even though he has a keen interest in classic literature, it doesn't relate to his philosophical stance."
