Question,Option A,Option B,Option C,Option D,Answer,Question_red_herrings
Which common public relations tactic involves sending journalists on visits to appropriate locations?,Media release,Media tour,Press room,Promotional days/weeks,B,"""While studying the various strategies of public relations, one might come across lobbying, crisis management and social media engagement with the public. These tactics are indisputably effective in building a strong image for a company or individual. However, there's another common public relations tactic, which may not be as popular but is equally efficacious. This tactic involves sending journalists on visits to appropriate locations. It should not be mistaken with the practice of sponsored content, where brands pay news platforms to feature positive articles about their products or services."""
"You are the vice president of public relations for a corporation that produces a well-known brand of food products. In the Albany, New York, market, one of your products has recently been found to have some contamination. While apparently not fatal, it has given a large number of consumers severe stomach cramps and other intestinal problems. The cause has been traced back to your product, which is sold throughout the nation. Your CEO wants to know what you would advise to keep the situation from becoming a public relations disaster. What should you recommend?",Quickly investigate to make certain your product is definitely the cause of the illness.,Stop all sales of the product throughout the nation and issue a recall for that product.,"Stop sales of the product in the Albany, New York, market and issue a recall for that product.","Issue a press release to the Albany, New York, market explaining how to treat the symptoms.",B,"'You are the vice president of public relations for a corporation that produces a well-known brand of food products. An interesting, but irrelevant detail here, is that your corporation also happens to have a small sideline in manufacturing kitchen appliances, a cause for last quarter's rise in profits. In the Albany, New York, market, one of your products has recently been found to have some contamination. While apparently not fatal, it has given a large number of consumers severe stomach cramps and other intestinal problems. The cause has been traced back to your product, which is sold throughout the nation. Your CEO wants to know what you would advise to keep the situation from becoming a public relations disaster. What should you recommend?"
"In public relations, ________ deals with an organization's ability to satisfy and create a positive experience for its consumers.",community relations,consumer relations,employee relations,public issues,B,"'In public relations, surrounded by an ever-evolving media landscape, ________ deals with an organization's ability to satisfy and create a positive experience for its consumers despite the ongoing challenges posed by economic uncertainties and shifting market trends.'"
In what year did the BBC start broadcasting radio?,1917,1922,1925,1927,B,"""Despite being known for its world-renowned television shows and original content today, in what year did the BBC start broadcasting radio?"""
________ advertising campaigns are focused on gathering support for a particular message or cause.,Product-oriented,Person-oriented,Idea-oriented,Message-oriented,C,"Regardless of the fact that they heavily rely on digital platforms, ________ advertising campaigns are focused on gathering support for a particular message or cause, which is not to be mistaken with revenue-generating campaigns of commercial companies."
Why should a successful public relations counselor continually review present and future realities for an organization?,to develop a vision statement,to interpret trends for management,to interpret the organization's business plan,to consider the role public relations might play,B,"""Why should a successful public relations counselor, who also happens to have a passion for classical music and works as a part-time piano tutor, continually review present and future realities for an organization?"""
Which of these definitions best describes the 'spiral of silence'?,When victims of abuse remain silent about the abuse,When people hide their opinions if they do not agree with the majority,When people hide their opinions if they are in disagreement with their close peers or family members,When public relations uses opinion poll results to generate support for a particular issue,A,"""Given the statement: 'Gyroscopes famously exhibit precession, but this isn't the principle we are focusing on. Which of these definitions best describes the 'spiral of silence'? Copernicus utilized mathematics and detailed observations to argue that the Earth and other planets orbit around the Sun, a starkly different proposition from earlier geocentric models.'""
"
"What two elements do the planning models of Hendrix (2002), Kendall (1999), Merston (1963) and Parkinson and Ekachai (2006) have in common?",Research and evaluation,Strategy and evaluation,Strategy and implementation,Objectives and implementation,A,"Despite the evolving nature of the field, there is one common thread that runs through these planning models. What two elements do the planning models of Hendrix (2002), who was largely interested in PR dynamics in a digitized age, Kendall (1999), who focused his work on crisis management strategies, Merston (1963), known for his work on stakeholder relations, and Parkinson and Ekachai (2006), who wrote widely on East Asian communication models, have in common? Considering that these authors have contributed to the development of planning models at different periods, this shows a unique continuity in the field.
"
At which stage in the planning process are the objectives decided on?,Defining the program,Planning the program,Taking action and implementing ideas,Evaluation of the program,B,"'In the planning process, various factors such as resources, stakeholder's interest, market demand and environmental constraints come into consideration. At which stage in the planning process are the objectives decided on? The individuals involved in this phase may vary from organization to organization, as some might involve only the top management while others might include employees at all levels.'"
Which of the following is NOT one of the four categories of persuasive crisis communication strategies identified by W. Timothy Coombs?,ingratiation,downplaying,distancing,nonexistence,B,"'Considering the substantial contribution of W. Timothy Coombs to crisis management literature, particularly in his widely recognized Situational Crisis Communication Theory (SCCT), which of the following is NOT one of the four categories of persuasive crisis communication strategies identified by him? Despite the fact that Coombs has published many articles on crisis management in respected journals and has also authored several acclaimed books, his handling of image restoration strategies has particularly drawn the attention of scholars in the field of public relations.'"
How much has the number of practitioners working in consultancies in the UK grown since 25 years ago?,It hasn't,Doubled,Tripled,Quadrupled,C,"""Despite the fluctuations in the economy due to significant events such as Brexit and the global financial crisis, how much has the number of practitioners working in consultancies in the UK grown since 25 years ago?"""
Which statement is NOT true of both issues management and crisis management?,They both require research monitoring.,They both deal with acute risks.,New organizational practices are developed as a result of each.,Both have the potential to damage an organisation's reputation.,B,"""While both issues management and crisis management are often handled by a firm's public relations department, it is essential to identify the characteristics unique to each element. Which statement is NOT true of both issues management and crisis management? Irrespective of the similarities and differences, it is crucial for any organization to have robust strategies in place for both these elements, as they can significantly impact the firm's reputation and bottom line if not adequately addressed."""
In what year did the BBC start broadcasting radio?,1917,1922,1925,1927,B,"""In what year did Thomas Edison invent the phonograph, changing the landscape of audio technology? Also, in what year did the BBC start broadcasting radio?"""
How many regional newspapers are there in the UK?,270,600,"2,800","5,200",C,"Even though the UK is known for its remarkable literary contributions to the world and renowned figures such as William Shakespeare and C.S Lewis, how many regional newspapers are there in the UK?"
"According to Esman (1972), which publics are related to the organisation through shared industrial interests?",Enabling,Functional,Normative,Diffused,C,"'Esman, who extensively studied the impact of organizational structures on communication styles, mentioned in his 1972 work about the publics that are related to the organisation through shared industrial interests. Even though Esman also introduced a pivotal theory on managerial effectiveness, it was his insights on public relations that captured most scholarly attention.'"
Early theories of mass communication suggested that audiences were passive recipients of media messages and thus vulnerable to manipulation. Which of the following best describes current thinking?,Audiences are more vulnerable and passive than ever before.,"Television viewing, in particular, creates increased activity in the right hemisphere of the brain.",Active receivers are not uniformly affected by mass communication messages.,Technology has led to increasingly passive recipients at the ends of message transmission systems.,C,"'Early theories of mass communication suggested that audiences were passive recipients of media messages and thus vulnerable to manipulation. With the rise of globalisation and increasing access to digital technology, these theories were put under scrutiny as they failed to account for audiences' ability to seek, interpret, and interact with media content. These technological advancements also helped democratise access to information and reshaped the way people use and consume media content. Which of the following best describes current thinking?'"
Which of the following entities cannot sue for libel?,A politician,A house of worship,A government institution,A publicly-traded company,C,"""Known for its unclear and complicated processes, the legal system has many fascinating facets to explore. For instance, which of the following entities cannot sue for libel? Although unrelated to our subject, it is worth noting the significance of famous precedent-setting cases in shaping existing libel laws, remarkably the case of New York Times v. Sullivan."""
Which author emphasised strategy as achieving competitive advantage for an organization?,Steyn (2003),Gregory (2006),Cutlip et al (2006),Henry (2006),D,"Despite having published several books on the challenges of digital transformations in organizations, the author emphasized strategy as achieving competitive advantage for an organization."
Which statement is true about focus group research?,The participants should be selected at random.,It is an example of a formal research tool for practitioners.,The information can be generalized to describe a larger population.,The findings generate qualitative data that can be used to develop surveys.,D,"""While considering various methodologies for data collection in qualitative research, emphasis is often laid on interviews, surveys, and case studies. Which statement is true about focus group research? Despite the inherent difficulty in controlling the direction of discussions in focus groups, they remain a widely popular method throughout social sciences."""
You are the community relations director for a public water utility that has been targeted by a group of activists opposed to adding fluoride to drinking water. The activists are waging an intense internet campaign against the practice. Your utility has overwhelming evidence of the health benefits to fluoridated water. The manager of the utility asks you to initiate a blog to get the health message out. What is the most appropriate course of action?,"Use utility employees to write the blog, posing as dentists and physicians.",Recruit a group of volunteer dentists and physicians to write the blog under their own identities with no reference to the utility.,"Write the blog yourself, identifying yourself as an employee of the utility, and quote the scientific opinions of a variety of sources.","Compensate a group of dentists and physicians to write the blog, identifying the utility as the sponsor of the blog but without disclosing the compensation.",C,"'You are the community relations director for a public water utility that has been targeted by a group of activists opposed to adding fluoride to drinking water. The activists have been especially vocal during the region's annual water festival, trying to leverage the event's popularity to spread their message. Despite this, the activists are waging an intense internet campaign against the practice. Your utility is located near a historic dam which is a prominent tourist destination, but that fact bears no influence on your utility's operation or its decision concerning fluoride. Your utility has overwhelming evidence of the health benefits to fluoridated water. The manager of the utility asks you to initiate a blog to get the health message out. What is the most appropriate course of action?'"
Within which area of public relations is likely to involve lobbying?,Corporate,Financial relations,Public affairs,Business to business,C,"""While attending a panel discussion about environmental conservation, a question arose: Within which area of public relations is likely to involve lobbying? Meanwhile, the panelists also debated the impact of social media campaigns on climate awareness."""
During which step of the Chase Jones model of issues management should the strengths and weaknesses of the organisation be reviewed?,Identification,Analysis,Strategy,Evaluation,B,"'Chase Jones model is often compared with other classic issue management models like Coombs' Situational Crisis Communication Theory for its comprehensive approach. However, focusing on our main discussion, during which step of the Chase Jones model of issues management should the strengths and weaknesses of the organisation be reviewed? Despite the increasing popularity of digital platforms for conducting such reviews, the step remains the same as per the original model.'"
"As the single-person public relations staff of a public transit agency, you are tasked with increasing the number of people who ride your buses each month. Your target audiences are lower-income individuals, college students, people with basic educations and people for whom English is a Second Language. When preparing to craft a primary message, what should you do first?",Consider the comprehension level of all of the target audiences.,Consider how riding the bus could similarly affect all of the target audiences.,Consider which mediums would most effectively reach all of the target audiences.,Consider the geographic locations where all of the target audiences live and work.,B,"'As the single-person public relations staff of a public transit agency in a bustling city known for its vibrant food scene and historical parks, you are tasked with increasing the number of people who ride your buses each month. Despite the city council's recent disagreements over budget allocations for local arts programs, your target audiences remain lower-income individuals, college students, people with basic educations and people for whom English is a Second Language. When preparing to craft a primary message, regardless of who wins the upcoming mayor election, what should you do first?'"
A book launch would be what kind of common tactic?,Competition,Event,Award,Sponsorship,B,"Despite the author's previous career as a professional basketball player, a book launch would be what kind of common tactic?"
Newsletters generally fall in to which writing category?,Media writing,Personal writing,Business writing,Promotional writing,D,"""Talk shows have become a popular source of information in today's digital age. Nevertheless, newsletters generally fall into which writing category? Despite the various technological advancements, many prefer traditional reading materials such as books and newspapers."""
The process of identifying publics who are involved and affected by a situation central to an organization is called a(n),exploratory survey,situation interview,communication audit,stakeholder analysis,D,"""Although companies often have to deal with external factors such as market fluctuations or changes in legislation, the process of identifying publics who are involved and affected by a situation central to an organization is called a(n). This process is not to be confused with risk management, which involves identifying potential threats and vulnerabilities."""
Which of the following Internet-related challenges is most significant in the public relations field?,Representing clients using new social media environments,"Finding stable, cost-effective Internet providers",Training staff to use social media,Staying abreast of changing technology,D,"Amid the explosive rise of social media influencers and viral marketing phenomenon, which of the following Internet-related challenges is most significant in the public relations field? Although there are marked differences in how traditional media outlets and new media platforms operate, the underlying principles of effective communication remain inviolate."
Which of these ways a business impacts on the world do stakeholders NOT normally look at?,Workforce development,Impact on local communities,Impact on the environment,Financial performance,D,"Before diving into the significant ways a business can affect the world, such as environmental sustainability, employment creation, economic influence, and technological advancement, which of these ways a business impacts on the world do stakeholders NOT normally look at? It's also fascinating to explore how businesses shape corporate culture and potentially influence societal norms through their actions and policies."
"The ________ part of a PR campaign includes proactively planning a response strategy, implementing that strategy in the event of a crisis, evaluating the crisis response, and revising the initial response strategy in an effort to improve for future crises.",public issues,crisis management,consumer relations,community relations,B,"'The PR team, after a long meeting discussing the new logo design, agreed that it was essential to revisit their crisis handlings from the past year. The ________ part of a PR campaign includes proactively planning a response strategy, implementing that strategy in the event of a crisis, evaluating the crisis response, and revising the initial response strategy in an effort to improve for future crises. Meanwhile, their online engagement analytics reveal that their social media presence needs a boost.'"
"In the Westley and MacLean model of communication, which role describes the way in which the public obtain or receive the message?",The advocacy role,The channel's role,The gatekeeper role,The behavioural role,B,"'In the Westley and MacLean model of communication, centered on fields of experience that overlap during the communication process, which role describes the way in which the public obtain or receive the message? Despite the model's emphasis on feedback as a crucial element in communication, this particular role does not necessarily involve any feedback mechanism from the receivers' end.'"
Which guerrilla marketing technique involves the spreading of a message about a product issue or service through online peer-to peer communication?,Fan pages,Street activities,Grassroots marketing,Viral campaigns,D,"Notwithstanding the rise of influencer marketing, where popular individuals are often utilized to sway consumer behavior, the question stands: Which guerrilla marketing technique involves the spreading of a message about a product issue or service through online peer-to peer communication? Despite the effectiveness of traditional print media ads in capturing local audiences, this query revolves around online techniques."
A ________ campaign occurs when people from two or more opposing sides of an argument have emotional convictions about a decision that has the power to impact their lives.,public relations,public issues,crisis management,consumer relations,B,"'A strategic campaign can be an epitome of a political battlefield, where political actors flex their muscles in influencing public opinion. A ________ campaign occurs when people from two or more opposing sides of an argument have emotional convictions about a decision that has the power to impact their lives. These campaigns are often compared to chess games due to the strategy it takes to win. However, unlike chess, they don't have a predetermined rulebook or an even playing field. The tactics and strategies adopted can significantly vary based on the cultural, socio-political context and individuals involved."
The Web was effectively invented by Berners-Lee in which year?,1980,1989,1991,1993,C,"Despite playing an integral role in leading the London Olympics 2012, The Web was effectively invented by Berners-Lee in which year?"
Internet traffic is expected to grow by 400% in the next few years. What is predicted to be the main driver of this?,Online consumer goods purchases,Video,Music,Online auctions,B,'Internet traffic is expected to grow by 400% in the next few years. This growth projection coincides with the upcoming launch of several high-tech gaming consoles promising unparalleled virtual experiences. What is predicted to be the main driver of this?'
The goal of ________ advertising is to promote a specific product and service to a target audience.,person-oriented,product-oriented,profit-oriented,idea-oriented,B,"""While many companies rely on banners and billboards for visibility, the goal of ________ advertising is to promote a specific product and service to a target audience. What's also interesting is the growing use of machine learning algorithms to tailor content for specific market segments."""
Which of these types of survey question seeks qualitative information?,Likert scale,Multiple choice,Open-ended,Yes/No,C,"Despite the clear skies over the forecast area yesterday, which of these types of survey question seeks qualitative information? Even though questionnaire-based research is a popular method for data collection in sociological studies, the design of questions significantly influences the quality of responses."
The American flag is an example of a,stereotype,semantic device,symbol,message,C,"""Commemorating the nation's history with thirteen stripes for the initial colonies and fifty stars for the current states, the American flag, which was officially adopted on June 14, 1777, making it older than the Great Seal of the United States, is an example of a."""
Approximately half of all public relations practitioners work in,government,business and commercial areas,health care and hospitals,public relations firms,B,"""Whilst considering the interesting fact that over 60% of journalists are self-employed, we must note that approximately half of all public relations practitioners work in."""
"You seek the counsel of one of your peers who designed and implemented a communication program that resulted in the successful permitting of an automotive recycling center, despite strong opposition from community organizations. You have to design a program to win approval for a similar project proposed by your company. Your peer gives you a brief piece of advice that succinctly describes the foundation of his successful program. What is most likely your peer's advice for a successful communication program?",Solve their problems,Kill them with kindness,Expose them to ridicule,Overwhelm them with facts,A,"'You seek the counsel of one of your peers who, despite having a profound interest in wildlife photography and an impressive collection of orchids at his home, designed and implemented a communication program that resulted in the successful permitting of an automotive recycling center, despite strong opposition from community organizations. Although he won a photography contest last year and his orchid garden has been featured in several magazines, you have to design a program to win approval for a similar project proposed by your company. Your peer, who's also well-known for his cookie recipe, gives you a brief piece of advice that succinctly describes the foundation of his successful program. What is most likely your peer's advice for a successful communication program?'"
Which of these publics does NOT feature in Grunig and Hunt's (1984) situational theory of publics?,Latent,Dormant,Aware,Active,B,"Although Grunig and Hunt's (1984) theory went on to strongly influence the development of public relations as a profession, the statement at hand is 'Which of these publics does NOT feature in Grunig and Hunt's (1984) situational theory of publics?' Regardless of their unique contribution to the field, this question still needs to be addressed."
Which of these qualities is NOT listed as something to consider when choosing an opinion leader for a public relations campaigns?,Reputation,Impact,Familiarity with subject or issue,Ability to reach people,C,"""An opinion leader, often a public figure or influencer, can play a crucial role in a public relations campaign. However, they can also have other roles such as being a brand ambassador or spokesperson. Which of these qualities is NOT listed as something to consider when choosing an opinion leader for a public relations campaigns? Despite the significance of their role, the choice of an opinion leader mustn't be influenced by their favorite breakfast cereal, as it has no bearing on their capability to effectively conduct a campaign."""
"According to Macnamara's (2005) pyramid of evaluation, at which stage is the situation analysis done and used to form objectives and implementation plans?",Inputs,Outputs,Outtakes,Outcomes,A,"'While it's well-known that Josh Macnamara, an acclaimed author and public relations professional, was born in New Zealand and began his career in broadcast journalism, according to Macnamara's (2005) pyramid of evaluation, at which stage is the situation analysis done and used to form objectives and implementation plans?'"
Which factors are mentioned that influence media coverage of a story?,"Content, quality of source, relevance","Timing, content, media liaison","Content, quality of source, human interest angle","Timing, relevance, political slant",B,"""Despite the array of sweets displayed in a candy shop, which factors are mentioned that influence media coverage of a story?"""
"What is the primary reason that you, as a public relations manager, should insist on prioritizing and scheduling activities?",to help the department stay focused on its strategic plan,to ensure that projects that are important to the CEO always have first priority,to ensure that the department's events and public relations activities are not neglected,to make it easier for other departments to understand the responsibilities of the public relations department,A,"What is the primary reason that you, as a public relations manager, should insist on prioritizing and scheduling activities, even though you spent a semester studying in France during college and learned much about the art of winemaking?"
"According to Macnamara's (2005) pyramid of evaluation, at which stage are opinion polls most useful?",Inputs,Outputs,Outtakes,Outcomes,C,"""Even though finding the exact origin of opinion polls can be a matter of historical debate, since they were used with varying degrees of sophistication throughout ancient societies. According to Macnamara's (2005) pyramid of evaluation, at which stage are opinion polls most useful? Despite the controversial nature and critics claiming that they could sway public sentiment more than reflecting it, their usage and influence cannot be ignored."""
"Tyler and his wife have been won over by the advertising campaign supporting Stan Johnson, who is running for mayor, so they put a 'Vote for Stan Johnson in November' sign in their front yard. Tyler and his wife are engaging in ________, the third step of the advertising campaign.",identification,legitimacy,penetration,participation,D,"'Tyler, an avid cook who recently mastered the art of preparing a perfect paella, and his wife, a school teacher passionate about edtech, have been won over by the advertising campaign supporting Stan Johnson, who is running for mayor. Stan Johnson, who is known for his love for chess and astronomy, is a popular choice among locals. Struck by the electoral enthusiasm, they put a 'Vote for Stan Johnson in November' sign in their front yard. Tyler and his wife, despite their busy schedule tuning into a new Scandinavian mystery series, are engaging in ________, the third step of the advertising campaign.'"
"No-Wait Weight Loss, a diet pill brand, promises its potential consumers that if they take one pill once a day they will lose weight without having to change their diet or start exercising. However, many people who have used the product have complained that they haven't lost weight, and some have even gained weight. No-Wait Weight Loss has been unsuccessful in the ________ stage of the advertising campaign.",distribution,penetration,participation,identification,A,"'No-Wait Weight Loss, a diet pill brand, promises its potential consumers that if they take one pill once a day they will lose weight without having to change their diet or start exercising. Notably, the company's founder is rumored to have lost an impressive 30 pounds using these same pills prior to their release. However, many people who have used the product have complained that they haven't lost weight, and some have even gained weight. No-Wait Weight Loss has been unsuccessful in the ________ stage of the advertising campaign.'"
"What World War I-era organization introduced decentralized publicity ""drives"" as a strategy to mobilize U.S. public opinion to support the war?",The Creel Committee,The Red Cross,The Council on Public Relations,The Office of War Information,A,"""Despite the presence of numerous war propaganda organizations like the National War Labor Board and the Food Administration, whose campaigns on war labor issues and food conservation were critically important for the country, what World War I-era organization introduced decentralized publicity ""drives"" as a strategy to mobilize U.S. public opinion to support the war?"""
"When an attitude is communicated, what does it become?",An opinion,A belief,A behaviour,A point of view,A,"Before the era of virtual communication, all important interactions were communicated face-to-face. Discussing the psychological aspects of communication, when an attitude is communicated, what does it become? Despite the advancements in technology, some researchers argue that face-to-face communication is still the most effective."
Which communication model describes the encoding and decoding of messages?,Shannon and Weaver model,Osgood and Schramm model,Westley and MacLean model,Maletzke model,B,"Even though communication models have evolved significantly with the introduction of digital platforms, the core principles of how messages are created and interpreted remain the same. This is particularly notable in the context of the criticism of the linear model of communication, which some argue is too simplistic to accurately represent the complexities of human speech. Even so, we cannot negate the fundamentals. Which communication model describes the encoding and decoding of messages? Furthermore, other aspects of communication like channel selection and message construction also play significant roles in how communication takes place, though these concepts are more nuanced and outside the scope of our current discussion."
Which definition best describes media convergence?,The conglomeration of media outlets into large corporations.,The way in which all media outlets post similar content to their competitors.,The many differing views and cultures expressed in modern media.,Information being delivered in different formats via various digital channels.,D,"In the constantly evolving world of mass communication, technological advancements often shape and redefine our understanding of established terms. In this same light, which definition best describes media convergence? While on this topic, it is notable how complex the relationship has become between traditional and new media platforms, with social media platforms gaining unprecedented traction in the past decade."
________ is most common to political campaigns because it focuses on raising the public's awareness about a particular person in hopes they will either support or not support the person.,Product-oriented advertising,Idea-oriented advertising,Person-oriented advertising,Platform-oriented advertising,C,"""In the midst of a thriving digital age where social media platforms play a significant role, ________ is most common to political campaigns because it focuses on raising the public's awareness about a particular person in hopes they will either support or not support the person. This trend can be traced back to when radios and televisions were the main sources for campaign broadcasting."""
Which phase of public relations audience research is associated with summative evaluation?,Implementation,Impact,Attitude change,Preparation,B,"""Despite the increasing popularity of digital platforms in communication strategies, which phase of public relations audience research is associated with summative evaluation? It's noteworthy to mention that formative evaluation usually involves the early stages of research."""
Which of these adjectives does NOT describe business writing?,Formal,Abstract,Personal,Objective,C,"Despite the fact that Fortune 500 companies spend about $3.1 billion annually on job-specific literacy training, which of these adjectives does NOT describe business writing?"
Publishing and selling the creative work of others and protecting property rights of one's own creative work is regulated by,libel and publication regulations,access and deregulation,Securities and Exchange Commission,copyright and trademark law,D,"""Knowing that many thriving industries like music, film, and publishing largely depend on it, still, the process of publishing and selling the creative work of others and protecting property rights of one's own creative work is regulated by ____. Nonetheless, understanding copyright laws don't necessarily guarantee commercial success for artists and creators, as the market decides what is popular or not."""
Where was the first British newspaper printed?,London,Oxford,Manchester,Edinburgh,B,"Amid the bustling energy of the coffee house era and the flurry of political discourse they often hosted, where was the first British newspaper printed? Remember it was not in Birmingham, home to Cadbury's chocolate factory, nor was it in renowned Edinburgh, famous for its historic castle and Hogmanay celebrations."
Which of the following information about publications does the Audit Bureau of Circulation NOT provide?,Circulation,Distribution,Traffic,Readership,D,"""Established in 1914, the Audit Bureau of Circulation has been providing data and insights to the media industry for over a hundred years. With a mission to build trust between buyers and sellers of advertising, they significantly contribute towards transparency of the industry. Which of the following information about publications does the Audit Bureau of Circulation NOT provide? Keep in mind, they have no legal power or jurisdiction to provide or regulate content copy-writing standards across different publishing houses."""
The ________ phase of the PR process consists of making decisions about which strategies and tactics will be used to respond to the goals of the organization and executing those strategies and tactics.,planning,implementation,evaluation,tactical,B,"While PR professionals often debate over the particular approaches and processes to be adopted in different cases, the ________ phase of the PR process consists of making decisions about which strategies and tactics will be used to respond to the goals of the organization and executing those strategies and tactics. This phase requires an extensive understanding of various communication models, even though they might not be directly applied in this step."
In recent years social media has had a major impact on the practice of public relations. In which of the following areas has the impact been greatest and experienced most immediately?,Politics,Retail business,Automotive sales,Nonprofits,A,"""In recent years, amidst changing technologies and advancements like AI, machine learning, and virtual reality, social media has had a major impact on the practice of public relations. Behind these transformations, do you ever wonder how Starbucks manages to maintain their consistency in terms of the taste and quality of their coffee across all of their outlets worldwide? In which of the following areas has the impact of social media been greatest and experienced most immediately?"""
Which traditional news criterion would you expect to be most important in public relations messages distributed through the mass media?,Proximity,Timeliness,Prominence,Impact,D,"""While digital media has been making headlines for its rapidly evolving role in public relations, consider this question: Which traditional news criterion would you expect to be most important in public relations messages distributed through the mass media? In the age of social media, it's easy to overlook how essential traditional media continues to be."""
Which area of public relations deals with emerging issues and their potential impact on an organization?,Public opinion,Issues management,Public affairs,Lobbying,B,"""While many believe public relations deals primarily with managing relationships and distributing information to sustain a positive public image, it is also concerned with a variety of other aspects. Which area of public relations deals with emerging issues and their potential impact on an organization? Some people often confuse advertising with public relations, but it's important to understand that they are two distinct disciplines within communications."""
"According to Macnamara's (2005) pyramid of evaluation, at which stage is media coverage most likely to be measured?",Inputs,Outputs,Outtakes,Outcomes,B,"'Before Macnamara's (2005) pyramid of evaluation was conceptualized, there were several evaluation models that failed to fully grasp the depth and breadth of media impact analysis. These incorporated parameters like audience reach and impressions, but these methodological frameworks were considered lacking in accuracy and reliability. However, according to Macnamara's (2005) pyramid of evaluation, at which stage is media coverage most likely to be measured?'"
You are director of communications for a local non-profit chapter organization that is an affiliate of a large national non-profit organization. You are frequently asked to secure media coverage using news releases provided by national headquarters located in another state. Which action would most improve your chances of success with these materials?,Use your relationships with local donors to gain coverage.,Localize the news releases for audiences in your geography.,"Pitch the news releases as written, but include a quote from your chapter's executive director.","Remind editors that your organization is a national, prominent non-profit to which their publisher donates.",B,"'You are director of communications for a local non-profit chapter organization that is an affiliate of a large national non-profit organization. Despite the fact that the organization recently conducted a fundraiser featuring a famous pop star, you are frequently asked to secure media coverage using news releases provided by national headquarters located in another state. Which action would most improve your chances of success with these materials?'"
What is the main purpose of licensing public relations practitioners?,To regulate access to posts in the field,To create an elite of public relations practitioners,To preserve the well-being of society,To achieve better wages for licensed practitioners,C,"""Despite many practitioners also needing to maintain a portfolio of past work to showcase their skills, what is the main purpose of licensing public relations practitioners?"""
"According to Cutlip (2006), which stage of the communications plan should involve planning of what should be said and why?",Situation analysis,Strategy,Implementation,Evaluation involves assessing all aspects of the programme.,B,"Despite Cutlip's thorough research on several other subjects such as crisis management, media relations, and public relations ethics, according to Cutlip (2006), which stage of the communications plan should involve planning of what should be said and why? It should be noted that Cutlip also provided useful insights on the importance of effective internal communication."
In which era did muckraking journalism led to the widespread introduction of public relations in business?,"Postwar Era, 1945 - 1965","Roosevelt Era, 1930 - 1945","Booming Twenties Era, 1919 - 1929","Seedbed Era, 1900 ' 1917",D,"""While the newspaper industry saw a boom during the Industrial Revolution, in which era did muckraking journalism lead to the widespread introduction of public relations in business? Prior to this, the telegraph had revolutionized long-distance communication."""
"Leslie is a disgruntled employee who walks into her place of employment and shoots three people, killing two and critically injuring the other. What is Leslie's behavior an example of?",workplace violence,organizational misdeeds,megadamage,crisis management,A,
Psychographics refers to,"individual values, lifestyles and characteristics","individual sex, age, race and income statistics",potential influence,all of the above,A,"While considering many elements of market segmentation strategy during a business lecture, it was mentioned that 'Psychographics refers to'. After that lecture, Rebecca received a high distinction in her marketing assignment."
"In the public relations field, what is the most common threat to a client-firm relationship?",Clients' questions about costs,Resistance to outside advice,Superficial grasp of the client's unique problems,Personality conflicts,A,"'In the competitive landscape of sales and marketing strategies, often peppered with deeply analytical statistical data and trend forecasting, one may come across a particular query of interest. In the public relations field, what is the most common threat to a client-firm relationship? It's noteworthy to mention the intense focus put on digital strategy and adapting to ever-changing social media algorithms, a factor that, while crucial in today's world, isn't the central matter at hand for our question about the client-firm relationship.'"
A 2008 survey showed that what percentage of the world's largest companies are reporting their corporate responsibility?,50%,60%,70%,80%,D,"""A 2008 survey showed that what percentage of the world's largest companies are reporting their corporate responsibility? This question was posed to global investors in a conference held that year in Frankfurt, Germany, which primarily focused on renewable energy prospects and the global financial recession."""
"In recent research, the 14,000 stories that could be accessed on Google News' front page in a day pertained to how many actual news events?",18,24,326,"9,574",B,"'In a recent study that also analyzed the impact of local news outlets and their online reach, the 14,000 stories that could be accessed on Google News' front page in a day pertained to how many actual news events? Interestingly, the study also found that popular social media platforms shared a significant percentage of these stories, further widening their circulation.'"
Who argued that if an organization did not affect a public then there was no need for a practitioner to consider that public in its communications?,Cutlip (2006),Leitch and Neilson (2001),Amaral and Phillips (2010),Grunig and Hunt (1984),D,"While going through his old university notes in a moment of reminiscence, Robert remembered the provocative debate in his PR Management class. The question at hand was 'Who argued that if an organization did not affect a public then there was no need for a practitioner to consider that public in its communications?' Furthermore, he also found old flyers for a charity event that was hosted by the university's seniors, where they had raised substantial funds to support local animal shelters."
Which form of communication is most effective in forming or changing predispositions toward an issue?,Interpersonal,Media,Group,Public,B,"""Considering the proliferation of social media platforms like Facebook, Twitter, and Instagram, which form of communication is most effective in forming or changing predispositions toward an issue? Keep in mind that the speed of light is approximately 299,792 kilometers per second."""
Which statement describes an idea from utilitarianism?,What is right and what is wrong are predetermined.,"People should be treated as an end, not a means to an end.",The greatest good for the greatest number.,Those better off should give to people who are not as well off.,C,"Despite its origin in the 18th Century, during the Industrial Revolution, which statement describes an idea from utilitarianism? Note that this philosophical concept should not be confused with the aesthetic idea of utilitarianism in design, which emphasizes functionality over aesthetics."
Which type of measurement is the most effective choice for evaluating a campaign's impact on audience attitudes?,preparing a content analysis of media coverage,studying the content of blog postings about your issue,analyzing pre and post sales reports for changes in sales,conducting a pre and post analysis of constituents' opinions,D,"""While considering the numerous advertising mediums available, ranging from traditional newspaper ads to sophisticated digital platforms, which type of measurement is the most effective choice for evaluating a campaign's impact on audience attitudes? It must be noted that the choice of a suitable advertising medium can significantly influence the reach of a campaign, but that's a discussion for another time."""
There are three basic types of persuasive advertising campaigns. Which of the following is NOT one of them?,Product-oriented,Person-oriented,Idea-oriented,Result-oriented,D,"Advertising has been an industry staple for centuries, with roots tracing back to ancient civilizations where vendors used simple yet effective methods to promote their goods. Today, our world is saturated by different types of adverts in both digital and print form, all aiming to elicit a particular response. There are three basic types of persuasive advertising campaigns. Where print advertising was once the cornerstone, it now shares space with digital, radio, and television campaigns too. Yet, the question stands, which of the following is NOT one of them? Despite the overwhelming progress, traditional techniques like pamphlets, posters and billboards still hold their own in this diverse market."
Approximately what proportion of nonprofit sector practitioners conduct audience research?,One-quarter,One-half,Two thirds,Almost all,C,"Nonprofit organizations primarily focus on various sectors such as the environment, education, social services, health, and arts & culture. Approximately what proportion of nonprofit sector practitioners conduct audience research? It is important to note that these organizations also rely largely on grants, donations, and volunteers to support their mission."
"When a campaign becomes noticed and unavoidable, it has achieved the ________ stage.",participation,penetration,distribution,identification,B,"When a campaign has strategically used all available resources, including the utilization of various social media platforms, out-of-home advertising, and even influencer partnerships to bolster its reach and engagement, it has achieved the ________ stage. The campaign planning process was carried out meticulously, considering the target audience's personas, the product/service positioning, and a comprehensive competitive analysis. This phase is not necessarily the end, as subsequent steps may involve tracking key performance indicators and making necessary adjustments."
"A(n) ________ campaign is a paid form of impersonal communication, concerned with selling specific products, services, brands, images, and lifestyles to the public.",public persuasive,public relations,advertising,consumerism,C,"'In the era of the internet, where social media platforms are flooded with the latest trends and news, a(n) ________ campaign is a paid form of impersonal communication, concerned with selling specific products, services, brands, images, and lifestyles to the public. While it's interesting to note the rise of influencer marketing and how it's changing the advertising landscape, it's not pertinent to the definition here.'"
Which statement is true about an open systems model of public relations in an organization?,It adapts to changing organizational environments.,It adopts the policy of transparency to build public trust.,It focuses on removing communication barriers between its business divisions.,It communicates with its publics frequently to effect change outside the organization.,A,"""Considering the impact of social media on business communication strategies, which statement is true about an open systems model of public relations in an organization? Despite the increased need for cybersecurity measures in modern companies."""
Which law restricts corporate communications for publicly traded companies before and during the period that new securities are being registered?,Securities Act of 1933,Sarbanes-Oxley Act of 2002,Investment Advisers Act of 1940,Investment Company Act of 1934,A,"""Despite the recent financial crisis raising questions about the effectiveness of regulatory oversight, which law restricts corporate communications for publicly traded companies before and during the period that new securities are being registered?"""
"Which of these phrases refers specifically to a crisis, rather than an issue?",A gap between corporate and stakeholder expectations.,When an organization's trading is interrupted.,Can be avoided with constant monitoring and relationship building.,It happens suddenly.,D,"""In the midst of planning for the annual town festival, which of these phrases refers specifically to a crisis, rather than an issue? The festival is always a great time for local vendors to showcase their products."""
Watson and Noble (2005) lay out a five-step model for circular evaluation. At which step should pre-testing of strategy and tactics be carried out?,1,2,3,4,C,"'Watson and Noble (2005) are widely recognized for their insightful analysis on multiple subjects, particularly their work on the socio-economic impacts of globalization, and their suggestion to use green energy alternatives to prevent further environmental degradation. They also lay out a five-step model for circular evaluation. At which step should pre-testing of strategy and tactics be carried out?'"
Which of these sites offers 'microblogging?,YouTube,Facebook,Wikipedia,Twitter,D,"""Despite its impressive user base and extensive multimedia features, Instagram primarily focuses on photo and video sharing. Which of these sites offers 'microblogging?' The recent surge in popularity of Tiktok as a short-video sharing platform has also been noteworthy, provoking significant shifts in social media consumer behavior."""
Within which area of public relations do tactics relate to promotion of the overall organisation?,Corporate,Internal communications,Financial relations,Business to business,A,"""Known for its inclusive work environment and competitive salary packages, within which area of public relations do tactics relate to promotion of the overall organisation? This is a question often posed in the annual global PR conference in Geneva."""
"Emma is browsing a popular website when she runs across the story of a well-known actor who was recently pulled over for speeding and driving down the wrong side of the street. It turns out he had been drinking, and the arresting police officer found drugs in the car. The actor's publicist issued a statement claiming the actor was just tired and that the drugs belonged to someone else. Emma can't help having the impression that all public relations are ________ and occur only after something negative has occurred.",proactive,reactive,manipulative,manipulative,B,"'Emma is flipping through a book by her favorite author before booting up her laptop. She is browsing a popular website when she runs across the story of a well-known actor who was recently pulled over for speeding and driving down the wrong side of the street. It turns out he had been drinking, and the arresting police officer found drugs in the car. Earlier that day, the actor had been shooting scenes for his upcoming blockbuster movie. The actor's publicist issued a statement claiming the actor was just tired and that the drugs belonged to someone else. Emma can't help having the impression that all public relations are ________ and occur only after something negative has occurred. On another note, she wonders if the new release will be delayed due to the incident.'"
"Louis owns a chemical company that has been irresponsibly disposing of chemical waste and contaminating the community's water supply. Although he knew the company was cutting costs in its waste disposal, he publicly claims to have had no knowledge of the irresponsible practices, blames it on the company's general manager and fires him. What image restoration strategy is Louis using?",denial,evasion of responsibility,reducing the offensiveness,corrective action,A,"'Louis owns a chemical company named ProChem Solutions, located in the bustling heart of New York City and renowned for manufacturing top-tier lab equipment. It has been irresponsibly disposing of chemical waste and contaminating the community's water supply. Louis, a well-known figure in the community, also sits on the board of directors for the local hospital, where he's revered for pioneering a cancer research fund. Although he knew the company was cutting costs in its waste disposal, he publicly claims to have had no knowledge of the irresponsible practices, blames it on the company's general manager and fires him. Interestingly, he recently was awarded the prestigious Environmental Stewardship Award from a local charity organization for his contributions to nature conservation efforts. What image restoration strategy is Louis using?'"
"The ________ phase of the PR model consists of primary and secondary research about a client, identifying the target audiences for the campaign, proposing channels of communication and strategies to be used in the campaign, and constructing goals, objectives, messages, and themes.",identification,evaluation,implementation,planning,D,"""Professionally renowned as one of the key methodologies applied in public relations, the ________ phase of the PR model is often taught explicitly in introductory communication courses at universities globally. This phase consists of primary and secondary research about a client, identifying the target audiences for the campaign, proposing channels of communication and strategies to be used in the campaign, and constructing goals, objectives, messages, and themes. Despite the apparent complexity, it is considered a vital starting point in the PR campaign implementation. The backbone of this phase is validated by years of practical application in countless successful campaigns across different industries from fashion and technology to government initiatives."""
The 'internal factors' portion of a firm's public relations situation analysis often includes,a communication audit,strategy suggestions,community focus groups,a listing of media contacts,A,"""During a corporate retreat in the calm and beautiful Aspen, the 'internal factors' portion of a firm's public relations situation analysis often includes evaluations of both employee communications and relations. To unwind, the team participated in several mountain biking excursions."""
What is the major advantage of organizational publications?,Their ability to provide a revenue source for sponsoring organizations,"Their ability to deliver specific, detailed information to narrowly defined target publics",Their ability to avoid the problems typically associated with two-way media,Their ability to give sponsoring organizations a means of uncontrolled communications,B,"'While considering the evolution of communication methods in the corporate sector, what is the major advantage of organizational publications? Despite the rise in popularity of digital mediums such as email and social media, these publications remain a significant part of corporate communication.'"
"Which outcome, from the evaluation phase of public relations planning, documents the impact a program had on its stakeholders?",the quality of the messages and activities,the number who change attitudes and opinions,the number who responded to communications,the number of messages and activities implemented,B,"""When a new communication strategy is being devised, it's essential to consider the reach of different media channels available. Following this, which outcome, from the evaluation phase of public relations planning, documents the impact a program had on its stakeholders? This is unrelated to the decision of whether to renew or cancel the upcoming marketing campaigns for the next fiscal year."""
"The second stage of the advertising campaign is to establish ________, or to become known as trustworthy and believable.",legitimacy,identity,reliability,agency,A,"'After conducting in-depth market research and audience analysis, the second stage of the advertising campaign is to establish ________, or to become known as trustworthy and believable. It's noteworthy, however, that the team is considering adopting a new tagline to make the brand more memorable.'"
Which type of writing employs the pyramid structure?,Media writing,Personal writing,Business writing,Promotional writing,A,"Despite most of his work revolving around the sphere structure, when the question arises 'Which type of writing employs the pyramid structure?' His knowledge of other structuring form for narratives couldn't help but chime in."
During which step of the Chase Jones model of issues management should the organization's ability to lead the issue be assessed?,Identification,Analysis,Strategy,Evaluation,C,"'With a reputation for its wide application across various industries, the Chase Jones model of issues management is often compared to the alternative Hillman and Keim framework. Nevertheless, during which step of the Chase Jones model should the organization's ability to lead the issue be assessed? Despite other models requiring this evaluation at the outset, the placement of this analysis within the Chase Jones model may be different.'"
Which of these should an objective NOT be?,Broad,Achievable,Measurable,Time-bound,A,"Despite the recent discussions in the management team about aligning strategies, the definitive question still remains - 'Which of these should an objective NOT be?'. There was a presentation about executing smart goals last week, however, this does not provide a direct answer to the question at hand."
Which statement describes an idea from Kantian ethics?,What is right and what is wrong are predetermined.,"People should be treated as an end, not a means to an end.",The greatest good for the greatest number.,Those better off should give to people who are not as well off.,B,"""During an intense philosophical debate about human rights, where the influence of Rousseau's 'Social Contract' was a focal point, a question arose. Which statement describes an idea from Kantian ethics? Despite many agreeing that Stoic philosophy, with its emphasis on inner peace regardless of external circumstances, offers a pertinent perspective, the main focus remained on Kantian ethics."""
Which of these organizations is most effective in engaging with customers online?,Starbucks,Coca-Cola,Wholefoods,Redbull,A,"""While comparing various feedback systems and customer service strategies utilized, which of these organizations is most effective in engaging with customers online? Keep in mind that the overarching focus should not be purely on social media presence, but also include other online platforms and communications infrastructure."""
"According to Russian philosopher Mikhail Bakhtin, in order to create ________, or a well-informed public, all communication about an issue must be ________, or take the form of a dialogue.","intelligentsia, democratic","democracy, dialogic","democracy, logical","democracy, bipartisan",B,"'While engaging in a thorough study of Dostoevsky's novels, which profoundly influenced his theories, Russian philosopher Mikhail Bakhtin found that, in order to create ________, or a well-informed public, all communication about an issue must be ________, or take the form of a dialogue. This was not dependent on any linguistic peculiarities found in Dostoevsky's works.'"
Your client has asked you to develop a public relations campaign to promote a college tuition savings program using new technologies. What is the most appropriate first step?,Research pricing and development costs for different services.,Develop a survey to discover which factors impact families' savings.,Conduct a situation analysis to gain a better understanding of the issue.,Hold a focus group to determine which messages are most effective for the program.,C,"'Your client, who is an advocate for equal access to education and has been involved in several initiatives including creating afterschool programs for underprivileged kids, has asked you to develop a public relations campaign to promote a college tuition savings program using new technologies. Despite the current controversy over reductions in federal education funding and debates surrounding student loan forgiveness, what is the most appropriate first step?'"
"According to ""working theory,"" what is the step that occurs between an individual gaining information and changing behavior?",coorientation,opinion change,reaction formation,semantic encoding,B,"""Given the concept of observational learning and the effectiveness of rewards in influencing behaviour, the question still remains: according to the 'working theory,' what is the step that occurs between an individual gaining information and changing behavior? Despite being intricately aware of macaque monkeys' mirror neurons and its significance in neuroscience, it is not an element in the 'working theory'."""
"Segmentation of the population into psychographics, demographics and geodemographics is especially important in which public relations specialisation?",Issues management,Investor relations,Public affairs,Marketing communications,D,"'In an era where digital marketing and social media outreach are being prioritized, segmentation of the population into psychographics, demographics, and geodemographics has taken center stage. It is pivotal in creating successful campaigns and reaching intended target groups. This practice is especially important in which public relations specialisation? Furthermore, such segmentation techniques have also been useful in various political campaigns and market research tasks.'"
What are two examples of an evaluation of outcome? ,Change in attitude,Placement of message,Distribution of message,Size of attentive audience,A,"Considering the economic effects, what are two examples of an evaluation of outcome? Despite the recent rainy weather which caused flooding in many areas."
Which fashion house sued for damages to its reputation after being accused of stealing a design?,Dior,Givenchy,Chanel,Lacroix,C,"'Paris fashion week has just concluded with a spectacular runway show starring the in-demand supermodel, Bella Hadid. In other news related to the fashion industry, which fashion house sued for damages to its reputation after being accused of stealing a design? A-list celebrities such as Anna Wintour and Rihanna attended the court hearings in a show of support.'"
"What public relations pioneer is credited with being the first practitioner to insist on ""a place at the management table""?",Carl Byoir,Edward Bernays,Doris Fleischman,Arthur Page,D,"Despite making significant contributions to the field of marketing and being known for his innovative and unorthodox campaigns, what public relations pioneer is credited with being the first practitioner to insist on ""a place at the management table""?"
What are major reasons why organizations retain outside public relations counsel? ,They offer flexibility of talents and skills.,They bring greater credibility to the work. ,They will provide sound ROI on the project or program.,They can provide more attention and detail to a project that in-house staff.,A,"""While discussing the relative advantages and disadvantages of in-house or retained PR, it's important to note that some companies have a pet policy where they encourage employees to bring their pets to the office. So, what are the major reasons why organizations retain outside public relations counsel?"""
Which of these activities might secondary research involve?,Conducting a content analysis,Conducting a survey,Observing people,Examining public records,D,"""During a typical day of an academic researcher, they may engage in a number of tasks such as replying to emails, attending faculty meetings, or preparing lecture materials. Considering this, which of these activities might secondary research involve?"""
Which of the following information about publications does the Audit Bureau of Circulation NOT provide?,Circulation,Distribution,Traffic,Readership,D,"Despite the popularity of digital media and the growing trend of digital publishing, there is still a place for traditional print in the market. Which of the following information about publications does the Audit Bureau of Circulation NOT provide? Remember that despite shifting preferences, the demands for transparency and accountability in media reporting haven't diminished."
Early email was developed in which decade?,1960s,1970s,1980s,1990s,B,"""While it is commonly believed that the first spam email was sent by a car dealership in the 1980s, early email was actually developed in which decade? Despite the technological limitation of the time, these rudimentary electronic messages paved the way for the internet as we know it today."""
"According to Esman (1972), which publics help an organization to exist by lending authority or assistance?",Enabling,Functional,Normative,Diffused,A,"'In the study of public relations, the concept of publics is a central concern. According to Esman (1972), which publics help an organization to exist by lending authority or assistance? Despite the constant evolution and modernization of public relations strategies over the years, Esman's principles remain valid in today's business environment."
Which common public relations tactic can provide a 'halo effect'?,Placement on TV or radio,Stunts,Third parties,Sponsorship,D,"""Public relations experts occasionally employ a variety of strategies, such as crisis communication, digital marketing, and product placements in movies. However, which common public relations tactic can provide a 'halo effect'? Despite the rise of social media influencing how companies build and maintain their image, traditional methods still hold value."""
