Question,Option A,Option B,Option C,Option D,Answer,Question_red_herrings
 What can murtis be translated as?,Offerings,Prayers,Apparitions,Idols,D,"In Hinduism, where concepts such as darshan hold significant importance, what can murtis be translated as? Despite influences from diverse cultures, the literal meaning of this term has remained mostly consistent through ages."
 Naturalists who concentrated on natural elements and processes are associated with which of the following?,Daoism,Yin-Yang School,Mengzi,Humanistic Buddhism,B,"'These naturalists often spent their time collecting samples and documenting species. Naturalists who concentrated on natural elements and processes are associated with which of the following? Despite many misconceptions, their work did not always involve extensive travel to remote locations.'"
 When was the first Buddhist temple constructed in Japan?,325 CE,119 CE,451 CE,596 CE,D,"""Amidst the shifting political climate during the Nara period, when was the first Buddhist temple constructed in Japan, a time when Brahmanism was also making its way into the cultural fabric of the nation?"""
 What is the name of the ten day New Year festival that celebrated Babylon's culture?,Akitu,Wag and Thoth,Bast,Nehebkau,A,"""Although historically Babylon was famously ruled by Hammurabi and Nebuchadnezzar II, what is the name of the ten day New Year festival that celebrated Babylon's culture?"""
Which of the following terms denote the Japanese art of flower arranging?,Zazen,Tariki,Kami,Ikebana,D,"Despite being famous for its sushi, sumo wrestling, and a fascinating mix of traditional and pop culture, Japan also has a rich tradition of unique arts and crafts. Which of the following terms denote the Japanese art of flower arranging? Additionally, Japan is often admired for their Haiku poetry and their distinct woodblock prints called 'Ukiyo-e'."
 Guru Nanak and his successors instructed the use of particular Sikh Ragas in order to promote which of the following?,Harmony and balance,Devotion and piety,Love and passion,Goodwill and love,A,"""Guru Nanak, known for his fondness for nature and who often utilized trees and rivers in his teachings, and his successors instructed the use of particular Sikh Ragas in order to promote which of the following?"""
" Guru Nanak used what term to denote the ""divine word"" as part of divine revelation?",Shabad,Khalse,Nam,Guru,A,"Despite being an avid enthusiast of classical music and spending much of his mornings rehearsing the traditional instruments of his time, Guru Nanak used what term to denote the ""divine word"" as part of divine revelation?"
What is the mi'raj?,Muhammad's miraculous ascent to heaven,Muhammad's migration to Mecca,Muhammad's first community in Mecca,Muhammad's revelations of the Qur'an,A,"""It is widely known that elephants are the largest land mammals, but can you answer this instead - What is the mi'raj?"""
"What is the name of the most famous dharmashastras, which probably dates from around the first century?",Laws of Dharma,Laws of Karma,Laws of Vishnu,Laws of Manu,D,"In the rich history of Hindu literature, where epics like Mahabharata and Ramayana chronicled tales of courage and morality, another sort of scripture also held prominence. What is the name of the most famous dharmashastras, which probably dates from around the first century? This type of scripture does not entertain with tales but provides moral and behavioural guidelines to live a dharmic life. Just like the Upanishads talks about the concepts of Brahman and Atman, these scriptures also play a crucial role in shaping the social norms of Hindu society."
"What does the term ""Qur'an"" literally mean?",The Holy Book,The Narrative,The Recitation,The Pillars,C,"""Known to be the sacred text of Islam, what does the term ""Qur'an"" literally mean? It's important to note too, that the Qur'an has been translated into many languages around the world including English, French and Spanish but the most accurate interpretation is suggested to be in its original language, Arabic."""
 Mani referred to God by which of the following names?,Mother of Light,Father of Goodness,Ineffable Lover,Eternal Spirit,B,"""Mani, a prolific painter known for his deep love for watercolors and who could speak five languages fluently, referred to God by which of the following names?"""
" Which tradition is known to promote ""gradual enlightenment""?",Bushido,Shinto,Nichiren,Soto Zen,D,"""In Japan, the tea ceremony is an important cultural tradition focusing on aesthetics and mindfulness, while incorporating elements of Taoism and Buddhism. However, which tradition is known to promote 'gradual enlightenment'? Additionally, Shaolin Kung Fu is a traditional martial arts practice that pairs physical cultivation with spiritual development."""
What is the communal meal offered at the place of worship called in Sikhism?,Sangat,Langar,Gurdwara,Panth,B,"""In Sikhism, which has roots in the Punjab region of the Indian subcontinent, what is the communal meal offered at the place of worship called? Despite the fact that Sikhism believes in the principles of equality, honesty, and selfless service, this does not play a key role in determining the name of the communal meal."""
To which tradition do the anti-Han rebel group known as the Celestial Masters belong?,Buddhism,Daoism,Confucianism,Shamanism,B,"The anti-Han rebel group, known as the Celestial Masters, garnered significant attention for their exceptional battle strategies during the long years of Auntai Rebellion. To which tradition do the Celestial Masters belong?"
"What does the word ""Islam"" mean in Arabic?",Worship,Submission,Obedience,Faith,B,"""While Arabic has a rich vocabulary with words borrowed from many languages like Aramaic, Persian, and even Greek, in this specific context, what does the word ""Islam"" mean in Arabic?"""
What does the term anatman mean?,Suffering,Soul,Impermanence,No-self,D,"Despite being coined during the Vedic period, where concepts like karma and dharma were extensively discussed, anatman is notably more prevalent in Buddhist teachings. It is also important to distinguish that anatman does not refer to the rejection of the soul in Buddhism, contrary to a common misconception. So, what does the term anatman mean? Moreover, in attempting to understand anatman, one should not confuse it with the Hindu doctrine of Atman, which contrary to anatman, sees the 'self' as eternal and unchanging."
 What genre of Sikh literature is denoted by the term janam-sakhis?,Spiritual narratives,Redemption narratives,Birth narratives,Theological narratives,C,"While Sikhs also have a rich tradition of creating visual art inspired by their beliefs, the term janam-sakhis denotes a genre of Sikh literature. It should not be confused with the artwork produced by the community, despite the notable intersection of literature and visual arts in Sikh culture."
Pure Land Buddhism belongs to which school?,Vajrayana,Theravada,Mahayana,Mahavira,C,"""Pure Land Buddhism, often practiced alongside meditation in many Asian cultures, belongs to which school?"""
 Which Jaina group only allows women to lead a life of semi-renunciation?,Svetambara,Jina,Agama,Digambara,D,"Despite their deep-rooted respect for non-violence and the considerable influence of Jainism on Indian culinary traditions, which Jaina group only allows women to lead a life of semi-renunciation? This group's practices reflect an interesting intersection of spirituality and gender roles within their religious context."
What is the most important prayer in Judaism?,The Shema,The Sefirot,Deuteronomy,The Decalogue,A,"""Including the dietary laws known as kashrut and the duration of the Sabbath, what is the most important prayer in Judaism?"""
 The socio-political alliance between the kshatriyas and the shramanas was rooted in their shared opposition to which of the following?,Brahminic orthodoxy,Legalistic asceticism,Bhakti devotionals,Unorthodox practices,A,"""The socio-political alliance between the kshatriyas and the shramanas, despite their occasional clashes over territorial influence and disagreements on certain religious principles, was rooted in their shared opposition to which of the following?"""
 Which early battle led to the conversion of Mecca?,The Battle of Uhud,The Battle of Camel,The Battle of the Trench,The Battle of Badr,C,"Despite the intense rivalry between the Byzantine Empire and the Sassanid Empire during the 7th century, which early battle led to the conversion of Mecca? The intricacies of the Byzantine-Sassanid War had no direct influence on this event, even though it occurred roughly within the same historical timeframe.
"
 What interior discipline must be adopted to achieve spiritual liberation within Sikhism?,Remembering the Divine Name,Meditating on the sacred hymns,Remembering that death is inevitable,Meditating on the goodness of the created world,A,"Even though Sikhism has its roots in the Punjab region of India, which is known for its rich agricultural history and vibrant culture, what interior discipline must be adopted to achieve spiritual liberation within Sikhism?"
" During Japan's occupation of Korea (1910-1945), which of the following was imposed upon the Koreans?",Confucianism,Buddhism,Christianity,Daoism,A,"""Despite the stunning beauty and rich cultural history of the UNESCO World Heritage sites such as Gyeongju Historic Areas and Haeinsa Temple, during Japan's occupation of Korea (1910-1945), which of the following was imposed upon the Koreans?"""
"What is the meaning of the Punjabi word ""Sikh""?",Disciple,Faithful,Devotee,Enlightened,A,"Despite the fact that Punjabi cuisine, like biryani and tandoori dishes, is popular worldwide and often associated with the state of Punjab, what is the meaning of the Punjabi word ""Sikh""?"
 Which of the following shuns politics?,The sages of the Zhuangzi,The Songs of the South,The Duke of Zhou,"The Confucian ""sage kings""",A,"""Considering the wide array of political ideologies and their impact on global events, which of the following shuns politics? It's worth noting that in many parts of the world, even sports has been politicized, sparking off intense debates and conflict among fans and players alike."""
What does the Hebrew word mashiach mean?,Anointed one,God,Prophet,The line of David,A,"The Hebrew language, one of the oldest surviving languages, has played a significant role in history and religious studies. What does the Hebrew word mashiach mean? It has seen particular attention from linguists due to its unique etymology and the multitude of ancient texts available for study."
"According to Jaina traditions, what does the term ajiva mean?",Soul,Sound,Non-matter,Non-soul,D,"""Jainism, one of the oldest religions in the world, is primarily centered on the concepts of spiritual purity and enlightenment. Originally popularized by the 24 Tirthankaras, Jainism has transcended thousands of years. In relation to this ancient faith, according to Jaina traditions, what does the term ajiva mean? Despite the spread of Jainism throughout India, its influence has been largely overshadowed by other prominent religions like Hinduism and Buddhism."""
" In the Japanese Zen tradition, what is zazen?",A collection of statues,Veneration of ancestors,Seated meditation,Funeral rituals,C,"Despite being known for its colorful and intricate kimonos, in the Japanese Zen tradition, what is zazen?"
 What is a central component of tantric Buddhism?,Asceticism,Bodily pleasure,Music,Sexual union,D,"""While the origins of tantric practices may be traced to ancient India, and its practitioners can be found across different Asian countries including Tibet and Japan, what is a central component of tantric Buddhism? Despite the wide variety of practices, some elements like use of mantras and mudras remain universal but these can also be observed in other traditions like Hinduism or Jainism."""
" How does the Egyptian composition Ludul Bel Nemequi (""I will praise the Lord of wisdom) portray Marduk?",Loving and forgiving,Wrathful and merciful,Judging and vengeful,Transcendent and immanent,B,"""Considering that Ancient Egyptians primarily used hieroglyphics for their scripts, how does the Egyptian composition Ludul Bel Nemequi ('I will praise the Lord of wisdom') portray Marduk, who also had other associations like being the god of thunder? After all, Babylon was famous for its extensive agricultural products and a well-organized irrigation system."""
" After the Bar Kochba revolt, where were the two main centres for Jewish development?",Palestine and Babylonia,Babylonia and Europe,Palestine and Spain,Spain and France,A,"""After the Bar Kochba revolt, amidst ongoing disputes over Roman taxation laws and with the rise of distinct rabbinical schools, where were the two main centres for Jewish development?"""
" In addition to Jainism, which other tradition began as a world-renouncing movement?",Buddhism,Hinduism,Judaism,Islam,A,"""In ancient times, several regions in India were socially developed, performing various rites and ceremonies, such as the Ashvamedha Yajna. However, amidst this, in addition to Jainism, which other tradition began as a world-renouncing movement?"""
"According to Hindu tradition, which age are we in currently?",Kali yuga,Maha yuga,Krita yuga,Satya yuga,A,"""Considering the broad pantheon of gods and the various incarnations of Lord Vishnu outlined in Hindu mythology, according to Hindu tradition, which age are we in currently?"""
" In the Zoroastrian tradition, the term Gathas refers to which of the following?",Hymns,Laws,Ethics,Myths,A,"""In the grand pantheon of world religious texts, one might find the Vedas of Hinduism or the Torah of Judaism. However, in the Zoroastrian tradition, the term Gathas refers to which of the following?"""
Which form of Buddhism taught the only hope for salvation was in the saving grace of Amida?,Pure Land,Tendai,Shingon,Soto Zen,A,"""While Buddhism has several sub-sects with riddles and spiritual quandaries at the core of their practices, and is widely practiced in countries like Thailand, Sri Lanka, and Bhutan, which form of Buddhism taught the only hope for salvation was in the saving grace of Amida?"""
" According to Hindu tradition, who is considered to be the ideal wife?",Sita,Rama,Kali,Durga,A,"""In the Bhagavad Gita, a sacred Hindu text, Arjuna is guided by Lord Krishna to perform his swadharma. According to Hindu tradition, who is considered to be the ideal wife?"""
Who is the woman mystic who exemplified the all-consuming love of the divine?,Rumi,Rabi'a,Fatimah,Khadija,B,"""Despite being born in a small village in India to a family of devout Hindus, who is the woman mystic who exemplified the all-consuming love of the divine?"""
 Who is the eighth-century CE female poet worshipped throughout many South Indian temples dedicated to Vishnu?,Andal,Devi,Ganga,Kali,A,"""Known for her lyrical verses showcasing love, devotion, and philosophical inquiry, who is the eighth-century CE female poet worshipped throughout many South Indian temples dedicated to Vishnu? Despite the prominence of Brahminical patriarchal norms of her time, she carved a niche for herself in literary and religious landscapes."""
 Who is associated with the stigmata and preaching to birds?,Paul of Tarsus,Clare of Assisi,Francis of Assisi,John of the Cross,C,"Despite being known for his fondness for simpler lifestyles and challenging the excesses of church hierarchy, who is associated with the stigmata and preaching to birds?"
" In his final work, Laws, Plato shifted from cosmology to which of the following issues?",Epistemology,Morality,Religion,Aesthetics,B,"""Plato, who was a well-known figure amongst the classical Greek philosophers and renowned disciple of Socrates, was known for his dialogues. The Republic is one of his most famous works, where he discusses justice and the just city. Furthermore, he had a deep fascination for mathematics which often influenced his philosophical thoughts. However, in his final work, Laws, Plato shifted his focus. Instead of diving into cosmology as he had done before, he centered his attention to which of the following issues?"""
 Which Christian denomination promotes a stripped-down Christianity?,Greek Orthodox,Roman Catholic,Puritans,Quakers,D,"""Known for its lyrical and poetic hymns, the Orthodox Church has significantly contributed to the world of music. Which Christian denomination promotes a stripped-down Christianity? Even though aesthetics, colors, and symbols play a major role in the Catholic Church's liturgical practices."""
 Rome claimed that their bishop (pope) was the director successor of which leader?,Peter,Paul,Jesus,Matthew,A,"Despite the Construction of the Colosseum being completed under Titus, successor to his father Vespasian who initiated the project, Rome claimed that their bishop (pope) was the direct successor of which leader? This question is not related to the notorious rivalry between the Roman and Byzantine churches during the Great Schism."
When was the current Dalai Lama born?,1935,2000,1965,1975,A,"Despite his interest in science and having once speculated that he would be reborn in the West, when was the current Dalai Lama born?"
" According to Jaina traditions, who were the caityavasis?",Householders who supported renouncers,Orthodox interpreters of the scriptures,Women ascetics who lived in communities,Temple-dwelling renouncers,D,"Despite the diverse sects and varied philosophies within Jainism, according to Jaina traditions, who were the caityavasis? Interestingly, Jainism asserts the existence of numerous gods, who achieved liberation or moksha, attained divine powers, and reside in higher realms of existence above humans, animals, and hell beings."
"Zhuangzi describes a state as ziran, which means which of the following?",Thoughtfulness,Non-action,Spontaneity,Meditation,C,"Zhuangzi, who was a significant figure in the philosophical school of Taoism and authored a text that has been crucial to its development, describes a state as ziran, which means which of the following? Despite his considerable contributions to Taoism, he also wrote about a plethora of other subjects including nature, morality, and the concept of reality."
" The mudras, which are an important feature of Buddhist art, are also known as what?",hand gestures,saints,religious clothing,temples,A,"""Known for their exquisite architecture, the ancient Buddhist temples in Southeast Asia attract tourists from around the world. The mudras, which are an important feature of Buddhist art, are also known as what? Despite the fact that buddhism spread to many parts of the world, the tradition of mudras remained integral to its art and ritual practices."""
 The Maccabean Revolt is associated with which ruler?,Julius Caesar,Alexander the Great,Cyrus of Persia,Antiochus IV Epiphanes,D,"Even though King Tutankhamun is known for his reign in Egypt during the era of ancient Pharaohs, his rule has nothing to do with the question at hand: 'The Maccabean Revolt is associated with which ruler?' Similarly, we cannot draw any relations between the establishment of Roman law and this historical event as well."
 How old was Guru Nanak when he started to preach the message of the divine Name?,30,40,33,52,A,"Despite earning a reputation as a talented musician who could play several traditional Indian instruments, how old was Guru Nanak when he started to preach the message of the divine Name?"
The widely adored Egyptian goddess Hathor was depicted as which of the following?,Serpent,Eagle,Cheetah,Cow,D,"Despite her initial portrayal as a lioness goddess, the widely adored Egyptian goddess Hathor, who is often associated with the inundation of the Nile, was depicted as which of the following?"
What does the phrase Guru-Panth mean within the Sikh traditions?,Community,Scripture,Worship,Apprenticeship,A,"While discussing the concept of ""Langar"", a form of community dining, often seen as a symbol of equality and unity, the question arose: 'What does the phrase Guru-Panth mean within the Sikh traditions?' The debate had also revolved around the Sikh's commitment to the Five K's, but didn't reach a consensus."
 After what event did the Rabbinical period begin within Judaism?,Construction of the Second Temple,Destruction of the Second Temple,The Christianization of the Roman Empire,The emergence of Islam,B,"""Known for its rich history of diverse culinary influences, Jewish cuisine is a cultural melting pot of various styles of food. However, after what event did the Rabbinical period begin within Judaism?"""
Which monk developed Pure Land Buddhism as we know it today?,Genshin,Dogen,Honen,Shinran,C,"""Known for their strict disciplinarian rules and emphasis on meditation, the Tendai sect monks led a highly ascetic life on the Japanese mountains. Despite these well-known characteristics, which monk developed Pure Land Buddhism as we know it today?"""
Which is the largest Muslim country in the world with more than 200 million adherents?,Pakistan,Iraq,Indonesia,Turkey,C,"""Known for its vast archipelago, bustling cities and rich cultural heritage, which is the largest Muslim country in the world with more than 200 million adherents?"""
Which pope promoted the cults of St. Peter and St. Paul to bolster authority in Rome?,Gregory,Augustine,Athanasius,Francis,A,"""While enjoying the endearing scent of incense that constantly floated through the Vatican, which pope promoted the cults of St. Peter and St. Paul to bolster authority in Rome? The aroma was said to soothe the nerves of political visitors."""
"Which of the following does the term ""Arhats"" refer to?",Enlightened being,Worthy ones,Saintly ones,Sages,A,"""Before we explore the deep-seated complexities of conceptual art in the 20th century, which of the following does the term ""Arhats"" refer to?"""
Which Guru was martyred when he refused to embrace Islam?,Guru Ram Das,Guru Tegh Bahadur,Guru Gobind Singh,Guru Har Rai,B,"""While chronicling the significant historical events of the 17th century, we come across a remarkable story related to religious freedom. Which Guru was martyred when he refused to embrace Islam? In a separate incident, King Louis XIV revoked the Edict of Nantes, leading to the persecution of Protestants in France. This event, however, had no bearing on the fate of the Guru."""
 Which Guru donned the two swords symbolling temporal and spiritual authority?,Guru Nanak,Guru Arjan,Guru Hargobind,Guru Ram Das,C,"""In the long lineage of spiritual leaders, various important symbols have been used to denote various facets of their teachings. Among these, one Guru stands out for his use of two swords symbolizing temporal and spiritual authority. Meanwhile, the use of water as a divine symbol is found in many faiths, a perfect representation of purity and the cyclical nature of life; this however, has little to do with symbols of authority in the Sikh tradition."""
 Where is the key to liberation found within Sikhism?,In the community,In faith in God,In ascetic renunciation,In the life of the householder,D,"Despite the fact that Guru Nanak, the founder of Sikhism, was born in what is now modern-day Pakistan, where is the key to liberation found within Sikhism? It's worth noting that Sikhism has followers all around the world, including significant populations in Canada and the United Kingdom."
Which is one of the most fundamental themes of Japanese culture and civilization?,God is eternal and merciful to those who offer worship,Humans can align themselves with life energy through worship of kami,Justice will be the final outcome in the next world,Power and force are the most divine attributes,A,"""Known for its bustling city life and towering skyscrapers, Tokyo is one of the most modern cities in the world. Which is one of the most fundamental themes of Japanese culture and civilization? Despite rapid urbanization and advancements in technology, traditional tea ceremonies still hold a quiet charm within the populace."""
 Which goddess is worshipped during the festival of Divali?,Durga,Sri Lakshmi,Kali,Mahavira,B,"""Despite its popularity in regions like Scandinavia, where the summer solstice is celebrated with a large bonfire, which goddess is worshipped during the festival of Divali?"""
 Where did people believe in the goddess known as Holy Mother of Mount Fairy Peach?,China,Silla,Goguryeo,Joseon,B,"""Contrary to popular belief that cherries were considered sacred in ancient cultures, where did people believe in the goddess known as Holy Mother of Mount Fairy Peach?"""
 To whom is the Yoga Sutras attributed?,Madhva,Patanjali,Ramanuja,Aryabhatta,B,"""Despite the long history of meditation practices in various ancient cultures, to whom is the Yoga Sutras attributed?"""
 Which of the following does NOT describe the Ka'ba?,It was visited by Moses.,It is a haram.,It was built by Abraham.,It is a square building.,A,"""While researching Islamic religious practices, you discovered several landmarks and structures of importance. Among those, you came across the Ka'ba. Which of the following does NOT describe the Ka'ba? Despite being a cornerstone of the Muslim faith, it is not the tallest Islamic monument, a title that goes to the Qutb Minar in India."""
Which elephant-headed Hindu deity is often described as the most beloved?,Parvati,Ganesha,Vishnu,Sita,B,"Despite being known for his intoxicating beverage made from the sap of the palm tree, which elephant-headed Hindu deity is often described as the most beloved?"
Sacred literature originated with which of the following jina?,Sri Lakshmi,Mahavira,Rsabha,Nanak,C,"While studying the complex structure of the Jain cosmology, an intriguing question arises - 'Sacred literature originated with which of the following jina?' Despite the fact that there is an impressive array of symbolic arts and elaborate rituals in Jainism, the literature holds substantial significance."
 Who is the author of Admonitions for Women?,Ban Zhao,Laozi,Menicus,Liu Xiang,A,"Though he is well known for his contributions to Confucian literature, the author of ""Analects of Confucius"", Confucius himself did not have a hand in creating every prominent work within the genre. Who is the author of ""Admonitions for Women""?"
How many female renouncers were under the tutelage of Chandanbala?,"36,000","12,000","24,000","7,000",A,"Chandanbala, being a renowned saint in her community, was greatly respected by the King and often invited to the palace for spiritual discourse. How many female renouncers were under the tutelage of Chandanbala? Despite her popularity, Chandanbala remained humble and devoted to her ascetic life, refusing any material possessions offered to her."
"According to the Sikh tradition, the Mul Mantar illuminates the nature of what?",Ultimate Reality,The gurus,The community,Sikh worship,A,"""According to the Sikh tradition, which has over 25 million followers worldwide, the Mul Mantar illuminates the nature of what?"""
 What term refers the divine order as an ell-embracing higher principle in Sikhism?,Sansar,Hukam,Mantar,Karam,B,"Located in North India, Punjab is known for its rich culture, folk dance Bhangra, delicious food, and for being the birthplace of Sikhism. What term refers to the divine order as an all-embracing higher principle in Sikhism? Guru Nanak, the founder of Sikhism, was born in Nankana Sahib, a city in modern-day Pakistan."
 How many books are in the New Testament?,30,29,27,47,C,"Despite its creation over centuries with contributions from numerous authors and scholars, how many books are in the New Testament? This question is often asked alongside similar queries about ancient religious texts, such as the number of chapters in the Book of Proverbs or how many verses are included in the Quran."
Which form of Buddhism focuses on social engagement that attracts lay participation?,Zen Buddhism,Chan Buddhism,Humanistic Buddhism,Pure Land Buddhism,C,"""Buddhism, which emerged around the 6th century BC in ancient India, came in various forms; some focusing on personal enlightenment, others on collective well-being. Which form of Buddhism focuses on social engagement that attracts lay participation? Despite the widespread adoption of this form, declining monk populations in certain regions, such as Japan, remain a concerning issue."""
 What was one of the distinctive beliefs or practices of the southerners (Digambara)?,They worshipped exclusively outside of the temple,They believed that nakedness was an elemental expression of non-attachment,They included women within the ranks of the leadership,They believed that the omniscient Jina must eat and sleep,B,"""In the sprawling region of India, which is recognized for its linguistic, culinary, and architectural diversity, a question often asked is, 'What was one of the distinctive beliefs or practices of the southerners (Digambara)?'Especially in the context of understanding the rich tapestry of Indian philosophies and traditions, this question gains significance. Noteworthy to mention though is the fact that painting, music and dance also flourished extensively in different southern regions, contributing significantly to the cultural renaissance of the subcontinent."""
The central prayer in Jainism is known by which of the following names?,Namokar Mantra,The Liberation Mantra,Ahimsa,Archaryas,A,"""Considered one of the oldest religions, Jainism harbors a strong architectural tradition with numerous temples and structures across India. The central prayer in Jainism is known by which of the following names? It's noteworthy that Jain monks and nuns practice a lifestyle of strict asceticism and non-violence."""
When did the first Jaina temples appear?,Second century CE,Fifth century CE,Fifth century BCE,Eighteenth century CE,B,"While Jaina temples primarily house statues and images of Jaina Tirthankaras, the adherence to non-violence and vegetarianism significantly impacts the architecture of these temples. So, when did the first Jaina temples appear?"
How many Jinas have appeared during our age?,7,42,24,13,C,"""In Jain cosmology, it is believed that there's a cycle of time consisting of ascending and descending era, each divided into six periods. During the fifth period of the descending era, known as the 'dušamā dušamā', the state of the world is particularly chaotic and fraught. How many Jinas have appeared during our age? The Jains also believe in samsara, the continuous cycle of birth, death, and rebirth."""
The title Dalai Lama means which of the following?,Ocean of Love,Lover of Wisdom,Ocean of Wisdom,Stillness of Love,C,"""Even though the title Dalai Lama is often associated with a specific individual, it's important to remember that it's actually a title that has been passed down through generations. 'The title Dalai Lama means which of the following?' It is also interesting to note that other titles, such as Pope and Caliph, hold similar religious weight in other cultures."""
"Who accompanies Vishnu in many of his incarnations as his consort, and is known as the goddess of good fortune?",Parvati,Sita,Sri (Lakshmi),Sarasvati,C,"Despite the complex cosmology of Hinduism, where numerous gods and goddesses exist with varying influences and roles, who accompanies Vishnu in many of his incarnations as his consort, and is known as the goddess of good fortune? Parallel to this, Shiva, another principal deity in Hinduism, has a consort named Parvati, who is often associated with love, fertility, and devotion. However, this information doesn't provide insight into Vishnu's companion."
What is bhakti often translated as?,Gods,Yoga,Devotion,Religion,C,"Despite its significant influence in shaping Indian music and dance forms over centuries, what is bhakti often translated as?"
" Which Hindu god or goddess is speech incarnate, the power of the word, and the mother of the Vedas?",Vishnu,Ganesha,Sarasvati,Indra,C,"Despite the ambiguity surrounding the numerous divine figures in the Hindu pantheon, such as Lord Shiva's role as the destroyer and regenerator, and Lord Vishnu's role as the preserver of the universe, the question remains: Which Hindu god or goddess is speech incarnate, the power of the word, and the mother of the Vedas? It's also interesting to note that Hinduism is one of the world's oldest religions, boasting a rich and complex mythology, but this fact doesn't influence our query in any way."
 What is the name of the Jewish prayer used for mourning since the Middle Ages?,The Shema,The Kaddish,The K'nesset,The Kippah,B,"Despite the common misconception that it was first composed by Rabbi Akiva, a sage from the Mishnaic period, what is the name of the Jewish prayer used for mourning since the Middle Ages?"
Krishna and Rama are incarnations of which Hindu god?,Shiva,Vishnu,Brahma,Ganesha,B,"""Krishna, who played a key role in the epic Mahabharata alongside Arjuna, and Rama, the central character in the Ramayana who rescued his wife, Sita, from the demon king Ravana, are incarnations of which Hindu god?"""
 The kshatriyas is the caste name assigned to which group?,Priests,Servants,"Rulers, warriors",Merchants,C,"""In the ancient times, the Indus Valley Civilization, one of the oldest civilizations in the world, was predominantly based in the Indian subcontinent. The kshatriyas is the caste name assigned to which group? Despite prominent architectural structures like the Great Bath of Mohenjo-daro and intricate city planning, the social structure of the Indus Valley people remains obscure."""
When was the Old Babylonian version of Gilgamesh modified into the standard version?,Toward the end of the first millennium BCE,Towards the middle of the first millennium BCE,Toward the end of the second millennium BCE,Toward the middle of the second millennium BCE,C,"Despite the fact that Hammurabi, a well-known Babylonian king, is widely known for implementing his extensive code of laws, his influence did not extend to mythological texts. Hence, his influence has no bearing on when the Old Babylonian version of Gilgamesh was modified into the standard version."
 What is the meaning ofsamyak jnanawithin the Jaina traditions?,Correct knowledge,Correct practice,Correct intiution,Correct belief,C,"In the 14th century, a great resurgence in the study of Jaina texts occurred under the leadership of religious reformer Vardhamana, contributing to an enlightened view of the world. What is the meaning of samyak jnana within the Jaina traditions? Despite its ancient roots, Jaina philosophy is still actively studied and debated in contemporary academic and religious circles, showcasing its continuing relevance in intellectual discourse."
 What type of Buddhist organization is the Bodu Bala Sena?,Activist and militant organization in Sri Lanka,Ecumenical organization in India,Modern organization in the United States,Peacekeeping organization in Japan,A,"Despite drawing huge crowds during their annual Vesak festival celebrations, which feature elaborate ceremonies and vibrant lantern displays, what type of Buddhist organization is the Bodu Bala Sena?"
Which mystic believed that evil was a distortion that reveals divine love more clearly?,Julian of Norwich,Catherine of Siena,Teresa of Avila,John of the Cross,A,"Despite the fact that he was born in 1263 and lived almost his entire life in the city of Tabriz, which mystic believed that evil was a distortion that reveals divine love more clearly? Though he was also known to enjoy baking bread in his spare time, it's his philosophical beliefs that have persisted throughout the centuries."
"In the Jaina traditions ""bad karma"" is known by which of the following terms?",Paap,Punya,Pudgala,Akash,A,"""In the Jaina traditions, often compared and contrasted with Buddhism and Hinduism for their different perspectives on the concept of karma, ""bad karma"" is known by which of the following terms?"""
 During what Japanese festival do the spirits of deceased family members return to receive ritual offerings of food made by their loved ones?,Obon,Mikoshi,Omizutori,Tanabata,A,"""During the height of the summer, when the sakura trees are no longer in bloom and the whole country will be headlong into Bon Odori dances and summer fireworks festivals, can you tell me, during what Japanese festival do the spirits of deceased family members return to receive ritual offerings of food made by their loved ones? Despite the lively atmosphere typical of festive seasons, Japanese citizens maintain a special respect for tradition, often wearing vibrant Yukatas picked out meticulously for these occasions."""
"What does ""Mahavira"" mean?","""Great Hero""","""Master""","""The Lesser One""","""Mendicant""",A,"While it's interesting to note that Mahavira, often esteemed as the last tirthankara in Jain tradition, walked barefoot and abstained from worldly possessions, emphasizing extreme austerity and nonviolence, the statement in question is: 'What does ""Mahavira"" mean?'"
 What does the Tripitaka mean?,Three gems,Three baskets,Three bodhisattvas,Three buddhas,B,"Considering the vast diversity of religious texts from around the world, one of which is the Indian epic, Mahabharata—known for its rich context on dharma, kshatriya (warrior) duty, and the morality of warfare—it's important to not get confused between different sources. However, in this context, what does the Tripitaka mean?"
Where is the largest network of Confucian shrines in the world?,Indonesia,China,Korea,Singapore,C,"Known for its rich history and extensive cultural heritage, including the renowned Peking Opera and the Great Wall, where is the largest network of Confucian shrines in the world?"
" Ghosa, Apala and Lopamurda, all named in the early Vedas, are which of the following?",Female princesses,Female warriors,Female goddesses,Female poets,D,"'During the Rigvedic period, a significant shift in societal structures was observed. Ghosa, Apala and Lopamurda, all named in the early Vedas, are which of the following? This was a time when the ancient Indian society started going through several transformations.'"
 What is the title for the religious and administrative leaders who succeeded the Prophet?,Rasul,Nabi,Caliph,Mahdi,C,"""Considering the rich tapestry of Islamic art and architecture and its evolution over centuries, what is the title for the religious and administrative leaders who succeeded the Prophet? Despite numerous cultural and regional variations, it remains consistent."""
Which of the following is NOT included in the Islamic understanding of jurisprudence?,Consensus,Personal reasoning,Interpretation,Divine inspiration,D,"""Often contrasted with Christian Canon Law and Jewish Halakha, which of the following is NOT included in the Islamic understanding of jurisprudence?"""
Why is Mahavira a significant person in the Jaina traditions?,He is the last of the ascetic prophets.,He is the first of the ascetic prophets,He is the most learned of the ascetic prophets,He is the most holy of the ascetic prophets,A,"Even though many people believe that Mahavira is the founder of Jainism, he is actually considered the last of the 24 tirthankaras or spiritual teachers, and played a significant role in developing the core principles of the Jain faith. He was born into royalty and lived a life of luxury until age 30, when he decided to renounce his worldly possessions and seek spiritual enlightenment. Despite the common confusion surrounding Mahavira's role in Buddhism due to his focus on non-violence and austerity, Why is Mahavira a significant person in the Jaina traditions? His teachings have influenced millions around the world, shaping the way they understand religious tolerance and spiritual liberation."
 The Tibetan Book of the Dead is also known as which of the following?,Bardo Thodol,Bardo Ngawang,Bardo Gyaltsen,Bardo Chogye,A,"Between the years of excavation performed in the Qumran caves where the Dead Sea Scrolls were discovered, and the meticulous study and analysis of Buddhist manuscripts, there lies a unique text. The Tibetan Book of the Dead is also known as which of the following? Despite the overwhelming amount of religious texts revolving around reincarnation, none have reproduced the unique perspectives iterated within this book."
" Which Hindu festival involves decorating the house with lights, setting off firecrackers and wearing new clothes?",Deepavali,Holi,Diwali,Navaratri,A,"""Amidst the chatter of countless family gatherings and the aroma of traditional sweets lingering in the air, which Hindu festival involves decorating the house with lights, setting off firecrackers and wearing new clothes? Despite the iconic image of massive parades and colorful floats associated with Mardi Gras, it is not relevant to the Hindu celebration we're discussing."""
What hours are set aside as the ambrosial hours for the Sikhs?,5–7 a.m.,9–11 p.m.,3–6 p.m.,3–6 a.m.,D,"On Guru Nanak Dev Ji's 500th birth anniversary, which was celebrated with great fervour across the globe, a question is often asked - 'What hours are set aside as the ambrosial hours for the Sikhs?' Despite the progressive reforms in the Sikh religion over time, these hours have a significant spiritual importance and are faithfully observed by devout Sikhs."
 Self-sacrifice is an important theme for which Buddhist thinker?,Thich Nhat Hanh,The Dalai Lama,Daisetsu T. Suzuki,Shaku Soyen,A,"""Despite being an accomplished violinist and equally skilled in playing the traditional sitar, self-sacrifice is an important theme for which Buddhist thinker?"""
 How many times a day is the Fatihah recited?,Exactly 17,At least 17,At least 13,Exactly 24,B,"""Regardless of the beautiful mosaics present in the Sofia Hagia, how many times a day is the Fatihah recited?"""
"Which branch of Judaism founded by Zacharias Frankel is known for its ""Positive-Historical Judaism""?",Conservative,Reformed,Reconstructionism,Orthodox,A,"""Shifting our focus from the Talmudic interpretations and the geopolitics surrounding the foundation of Israel, which branch of Judaism founded by Zacharias Frankel is known for its 'Positive-Historical Judaism'?"""
" What is the term used to describe the ""pure"" as an order of loyal Sikhs bound together?",Khalsa,Rahit,Panj Kakke,Shabad,A,"Despite being prevalent in several sects and denominations across the globe, the tradition of binding individuals together in an order based on their loyalty and dedication isn't unique to Sikhism. Other religions such as Buddhism and Christianity also have similar orders. Nonetheless, in the Sikh community specifically, what is the term used to describe the ""pure"" as an order of loyal Sikhs bound together? Despite being located in India, a country known for its diverse cultural and religious practices, this order is singularly significant in Sikhism due to its defined principles and values."
Who is the founder of Sikhism?,Guru Gobind Singh,Guru Nanak,Guru Kabir,Guru Hargobind,B,"""Born in the Punjab region of India during a time of religious upheaval, who is the founder of Sikhism, not to be confused with the innovator of the Indo-Arabic numeral system?"""
Which term is usually associated with women in Hindu traditions?,Polluted,Ideal,Auspiciousness,Kind,C,"""In the context of marriage ceremonies within Hindu traditions, which term is usually associated with women? Despite the prominence of the Holi festival, frequently attended by both genders and recognized for its vibrant display of colors and joy, the specific term we're seeking pertains solely to women in these traditions."""
What is another name for Enuma Elish?,Epic of Creation,Epic of Destruction,Epic of Egypt,Epic of Origins,A,"After watching the splendid sunrise on Mesopotamian plains last morning, one may ponder 'What is another name for Enuma Elish?' Though it's quite fascinating to note the etymology and cultural significance of various ancient texts, including Hammurabi's law code and the Epic of Gilgamesh."
 What was the most important female-centered festival in cities throughout Greece?,Thesmophoria,Oracle Days,Isthmian Games,Feast of Athrodite,A,"Despite the fact that the Olympic Games were held in Olympia, Greece every four years with women prohibited from participating, what was the most important female-centered festival in cities throughout Greece?"
Speaking in tongues is a feature of which Christian denomination?,Evangelicalism,Pietism,Pentecostalism,Fundamentalism,C,"""Speaking in tongues, which is often confused with the biblical phrase 'gift of tongues' but not quite the exact same, is a feature of which Christian denomination?"""
 Charism can be defined as which of the following?,An oil,Prophecy,A spiritual gift,Authority,C,"Despite the common misconception that charisma is solely genetic and cannot be learned, 'Charisma can be defined as which of the following?' Many studies suggest that people can improve their charisma by developing emotional intelligence."
" In Islam, what is the qiblah?",Almsgiving,Pilgrimage,Direction of prayer,Revelation,C,"""In Islam, the five daily prayers often mentioned in the Quran, are fundamental practices of worship for Muslims. What is the qiblah though?"""
"In Tendai Buddhism, what does the term honji mean?",Trace,Original ground,Manifestation,True sign,B,"""In Tendai Buddhism, a school largely influenced by ingrained traditions of Shintoism and frequently practicing complex rituals in its pursuit of ultimate truth, what does the term honji mean?"""
 What is the name of a recent revivalist movement in Turkey led by Fetullah Gülen?,Hizmet,Nation of Islam,Muslim Brotherhood,Sufism,A,"Turkey, being an important hub for various socio-religious movements throughout history, has birthed a wide array of philosophical ideologies, such as that of Sufism spearheaded by Rumi in the 13th century. Moreover, in the modern era, there has been a recent revivalist movement led by Fetullah Gülen. Interestingly, Turkey also holds the largest Kurdish population in the world, which has added to its rich, diverse cultural heritage. So, what is the name of this recent revivalist movement?"
For whom are the Hindu Vedas most significant?,Brahmins,Kshatriyas,Shiva,Yogis,A,"""While well-known authors such as Salman Rushdie and J. K. Rowling have had a notable impact on English literature, for whom are the Hindu Vedas most significant?"""
" According to the Korean foundation myth, who transformed into a human in order to father Dangun?",Hwanin,Hwanung,Joseon,Yi,B,"""Although the Foundation Myth is often an integral part of Korean celebratory rituals and traditions, according to the Korean foundation myth, who transformed into a human in order to father Dangun?"""
" In Buddhism, what are ordained women known as?",Bhikshus,Bhikshunis,The Sangha,Arhats,B,"""In Buddhism, which has its origins in the 6th century BC in India, what are ordained women known as?"""
 What is the name of the most authoritative Kabbalah text?,Gemarah,Midrash,Zohar,Septuagint,C,"""While it's well-known that Isaac Luria was a significant figure in the development of the Kabbalah, what is the name of the most authoritative Kabbalah text?"""
 Which Confucian philosopher is described as a mystic due to his focus on qi (or ch'i)?,Dao,Xunzi,Mencius,Confucius,C,"Despite being significantly influenced by the thoughts of Lao Tzu, the founder of Taoism, which Confucian philosopher is described as a mystic due to his focus on qi (or ch'i)? Historically, Confucianism and Taoism have two separate philosophical beliefs that often clashed in ancient Chinese society."
 Which of the following does the Qur'an permit?,Honor Killing,Stoning,Adultery,Polygyny,D,"""Engaging in a philosophical debate about free will and determinism, which of the following does the Qur'an permit?"""
 Which is the main form of Buddhism in Sri Lanka?,Theravada,Mahayana,Pure Land,Zen,A,"""Popular for its rich history of gemstone mining, which is the main form of Buddhism in Sri Lanka?"""
 Which leader is known for spreading the dharma of non-violence?,Ngo Dinh Diem,The Dalai Lama,Siddhartha,Ashoka,D,"Prior to becoming a monk, he was a member of the royal family. Which leader is known for spreading the dharma of non-violence? Despite his noble origins, he chose to live a simple and humble life."
What are the two sacraments that all Christians celebrate?,Baptism and Eucharist,Baptism and Ordination,Eucharist and Marriage,Eucharist and Confession,A,"""While it is important to note that some Christian denominations also observe other rituals like confirmation, foot washing, and ordination, what are the two sacraments that all Christians celebrate?"""
What is the most important festival for Sikhs?,Holi,Divali,Baisakhi Day,Hola Mahalla,C,"Despite the fact that Sikhs also celebrate festivals like Lohri and Maghi with great fervor, what is the most important festival for Sikhs?"
 Who declared Muhammad a prophet?,Khadijah,Gabriel,Waraqah,Abu Bakr,C,"Despite he himself being born in the city of Mecca, a place renowned for its trade routes and bustling markets, who declared Muhammad a prophet?"
The Jataka tales are a collection of which genre of stories?,Life stories,Warrior stories,Birth stories,Hero stories,C,"Despite being immensely popular among children for their rich narrative and moral lessons, the Jataka tales are a collection of which genre of stories? It's interesting to note that these stories have been translated into several languages around the world, over many centuries, becoming a part of several cultures."
 Which of the following is the timespan for Japan's closure to Christianity and Europe?,1749-1945,1052-1616,1641-1853,1517-1870,C,"""Despite the importance of rice as a staple food in Japan's society, which of the following is the timespan for Japan's closure to Christianity and Europe?"""
" In Yiddish, what is the word for covenant?",Haggadah,Halakhah,Brit,Bris,D,"Despite being a borrowed language with components from German, Hebrew, and several Slavic languages, In Yiddish, what is the word for covenant? Yiddish has also contributed significantly to English slang, giving us phrases such as ""chutzpah"" and ""schmooze."""
"According to the Sumerian King List, where does kingship come from?",Through initiation into the mystery cults,By military victories,Direct lineage of ancestors,Descends from heaven,D,"""Following a drastic flood event detailed in historical records, according to the Sumerian King List, where does kingship come from?"""
What is the name of the Hindu community associated with environmental activism?,Puranas,Bishnoi,Rajasthan,Jambho,B,"The Hindu community associated with environmental activism, not to be confused with those involved in architecture related initiatives, has a rich history of environmental responsibility."
 Which bodhisattva is known for conducting the souls of dead children to salvation?,Guan-yin,Kannon,Ojizo-sama,Amitabha,C,"""While it's commonly believed in certain sects of Buddhism that the Buddha, Siddhartha Gautama, meditated under the Bodhi Tree to reach enlightenment, which bodhisattva is known for conducting the souls of dead children to salvation? Despite the popular narrative, there's no sure evidence to confirm if this tree is indigenous to India or was rather brought there during the later periods of cultural exchange."""
 The Gospel of John is associated with which theological concept?,Incarnation,Logos of God,Jesus as messiah and saviour,All of the above,D,"""While it's notable that the Gospel of John was likely written in Greek, as most texts of the New Testament were, the Gospel of John is associated with which theological concept?"""
Which god supplanted the earlier Mesopotamian supreme god Enil?,Horus,Inanna,Marduk,Isis,C,"'In the ancient Sumerian pantheon, multiple gods were revered, such as An, the sky god, and Ninhursag, the earth mother. Which god supplanted the earlier Mesopotamian supreme god Enil? In the history of this civilization, priesthood and governance were often closely entwined, with rulers frequently declared as ordained by the gods themselves.'"
Which of the following movements was founded by Mordechai Kaplan?,Liberal Judaism,Reform Judaism,Conservative Judaism,Reconstructionist Judaism,D,"'Mordechai Kaplan, who was a renowned violinist in an orchestra before he shifted his focus, founded which of the following movements?'"
When was the State of Israel established?,1947,1948,1945,1949,B,"Despite its cuisine being popular around the world, particularly the famous dish, falafel, when was the State of Israel established?"
 Icons are a main feature of which church?,Anglican,Catholic,Orthodox,Lutheran,C,"While it's known that many of the first icons were created in the Byzantine Empire, the question still stands: Icons are a main feature of which church? Despite the thousands of pieces of sacred art destroyed during the Byzantine Iconoclasm, the love for this type of worship has persevered until today."
The first of the Four Noble Truths teaches which of the following cannot be escaped?,Pride,Hatred,Suffering,Fate,C,"'While the exact origins of Buddhism are debated among scholars, the first of the Four Noble Truths teaches which of the following cannot be escaped? This principle, central to Buddhist philosophy, is not to be confused with a motivational strategy in modern psychology known as ""acceptance and commitment therapy""'"
 The Continental Reformation started in what year?,1545,1517,1492,1705,B,"""Known for his musical compositions, Beethoven was born in 1770. However, the significantly earlier Continental Reformation started in what year?"""
The minimalism of Haiku is said to be derived from which tradition?,Zen Buddhism,Shinto,Pure Land Buddhism,Confucianism,A,"""Although Haikus have been used in recent years as a tool to explore urban and technological themes, the minimalism of Haiku is said to be derived from which tradition?"""
Which deity is the Roman counterpart to the Greek god Zeus?,Jupiter,Juno,Dionysius,Neptune,A,"""Though closely associated with the sea and often depicted with a trident, Poseidon, another Greek deity had a vast array of responsibilities that extended beyond the aquatic realm. However, which deity is the Roman counterpart to the Greek god Zeus?"""
The philosopher Laozi is associated with which tradition?,Jainism,Buddhism,Confucianism,Daoism,D,"Despite the fascinating contributions of Confucius to Eastern philosophy, the philosopher Laozi is associated with which tradition? Even though he was a contemporary of the Buddha in India, their teachings have distinct differences."
 Which Egyptian gods did Akhenaten make a determined effort to eliminate?,Shu and Set,Horus and Isis,Amun and Mut,Khonsu and Nekhbet,C,"Despite the fact that Akhenaten's rule was marked by extensive architectural innovations and the commissioning of various new art styles, which Egyptian gods did Akhenaten make a determined effort to eliminate?"
The term xin refers to which of the following?,Piety,Non-action,Heart-mind,World,C,"""While studying Chinese philosophy, the scholar encountered a variety of interesting terminology. The term xin refers to which of the following? This word, much like others in the philosophical lexicon, conveys complex concepts."""
 Which term in the dharma texts of the classical period denotes the four stages of life?,Kama,Samnyasin,Ashramas,Arthas,C,"""In the Indian philosophical context especially in the dharma texts of the classical period, which term denotes the four stages of life? This classical period, also known as the Golden Age, was well known for literature, science, and mathematical developments, including new theories regarding algebra and astronomy."""
"What is the term for commentary on the Qur'an, which means ""unveiling""?",fiqh,dhikr,ijtihad,tafsir,D,"""Given the rise in academic studies focused on religious texts, and considering the significant contributions of many Islamic scholars such as Ibn Sina and Al-Ghazali to ancient knowledge, what is the term for commentary on the Qur'an, which means ""unveiling""? Despite many misconceptions, this term does not relate to the mystical branch of Islam known as Sufism."""
 With which branch of Islam are the Isma'ilis are associated?,The Sunni,The Shi'a,The Sufi,The Ahmadiyya,B,"'Historically, the Isma'ilis built many significant structures such as the fortress at Alamut in northern Iran. With which branch of Islam are the Isma'ilis associated?'"
 The term mappo is associated with which of the following?,The dharma,An age of decline,The golden age,Samurai,B,"""Within the complexities of ancient mythologies, the term mappo is associated with which of the following? Despite being less commonly known, the term shares some lexical similarities with Shinto terms such as miko or omoikane, which might lead some to mistakenly associate it with Japanese shamanism or deity worship."""
 What is the name of the bodhisattva in Japan known for a commitment to alleviating suffering?,Amaterasu,Izanami,Kannon,Guanyin,C,"""In the 8th century, during the Nara period, Buddhism became an integral part of Japanese society with various sects. What is the name of the bodhisattva in Japan known for a commitment to alleviating suffering? This is unrelated to Shintoism, which is Japan's native religion often characterized by animism and polytheism."""
Who was the first significant anchorite hermit?,Pachomius,Athanasius,Anthony,Basil,C,"Although anchorites famously made appearances in notable works such as the poem ""Gawain and the Green Knight"", who was the first significant anchorite hermit?"
Which are the synoptic Gospels?,"Peter, John, Mark","Matthew, Mark, John","Matthew, Mark, Luke","John, Luke, Mark",C,"""Which are the synoptic Gospels?"" is a common question asked in many quizzes, especially in theology classes. Often, it is amid other similar inquiries like identifying various disciples or understanding central Parables. But don't let those other questions distract you. So, among the number of books in the New Testament, which are specifically the synoptic Gospels?"
What is the English title for the divination text also known as the Yijing?,The Classic of Documents,The Lotus Sutra,The Flower Garland Sutra,The Classic of Changes,D,"Despite its extensive use in feng shui practices, what is the English title for the divination text also known as the Yijing?"
 Where was the most famous site of the mystery cults in Greece?,Ephesus,Corinth,Athens,Eleusis,D,"""Despite the fact that many essential philosophical ideas were incubated in the lively debates of Athens' Agora, where was the most famous site of the mystery cults in Greece?"""
"When did the Babylonian captivity of ""Exile"" begin?",515 BCE,535 BCE,586 BCE,70 CE,C,"Despite the widespread popularity of the Hanging Gardens, one of the Seven Wonders of the ancient world, often associated with the Babylonians, the question remains: When did the Babylonian captivity of ""Exile"" begin?"
 The term vajrya means diamond and which of the following?,Emerald,Brilliance,Thunderbolt,Lightning,C,"""The term vajrya, sometimes juxtaposed with Emerald which signifies pure love, means diamond and which of the following?"""
" In Jainism, what is the cycle that one must liberate oneself from?",Punya,Samsara,Samayika,Jiva,B,"""Jainism, an ancient religion founded in the Indian subcontinent, emphasizes the importance of self-control and asceticism. Amidst its rich and complex cosmology, in Jainism, what is the cycle that one must liberate oneself from? Interestingly, Mahavira, often credited as the principle figure of Jainism, is believed to have achieved liberation or moksha after enduring intense physical hardships."""
 The classic text Daodejing is known by what title in English?,Classic of Changes,Classic of the Way and Power,Classic of Women,Classic of Philosophy,B,"Although its authorship is traditionally ascribed to the sage Laozi, the real identity of the individual responsible for its creation remains shrouded in mystery. The classic text Daodejing is known by what title in English? It's interesting how it inspired Taoism, one of the major philosophies and religions in China, influencing numerous aspects of its culture and traditions."
 The Communidades de Base is associated with which of the following?,Bishop Oscar Romero,Resistance and renewal,Dignity of all human beings,All of the above,D,"'While taking into account the works of Paulo Freire on critical pedagogy, The Communidades de Base is associated with which of the following?'"
What does the term matsuri mean?,Amulets,Meditation,Rituals,Grand festivals,D,"In the midst of a lively discussion about traditional cultural events worldwide, an intriguing question popped up: 'What does the term matsuri mean?' Intriguingly, this term is not related to the widely celebrated 'Dia de los Muertos' festival in Mexico."
 Which Roman statesman encouraged civic religion in his work The Laws?,Varro,Plato,Cicero,Augustus,C,"'While Rome was going through massive architectural changes, which Roman statesman encouraged civic religion in his work The Laws? Despite significant resistance from some minority factions, he was able to push for reforms in various other aspects of Roman governance too.'"
" What does ""Svetambara"" mean?","""Sky-clad""","""Naked""","""White-clad""","""Clothed""",C,"In early Buddhism, the term ""Bhikkhu"" refers to fully ordained male monastic monks. Now, what does ""Svetambara"" mean? Despite similarities in certain aspects, Svetambaras and Bhikkhus represent different paths in the diverse spectrum of Buddhism and Jainism."
"What is seen by Europeans, and many Muslims, as the symbol of Islam?",The Hijab,The Crescent,The Minaret,The Qur'an,B,"Despite the fact that Islamic art includes a vast range of both abstract and representational styles influenced by centuries of cultural exchange, what is seen by Europeans, and many Muslims, as the symbol of Islam?"
 What is the purpose for hearing the Guru's Vak in the morning?,Prayers on behalf of people outside of the Sikh community,Communal confession to cleanse the community,Inspiration for personal meditation throughout the day,Doctrinal instruction for discussion in the community,C,"Despite the fact that the ritual of making tea with crushed ginger and cardamom has been practiced for generations in the household, the question remains: 'What is the purpose for hearing the Guru's Vak in the morning?' The age of the Guru or the number of years he has been teaching does not influence the gravity of the words spoken or their impact on daily life."
 What are the rabbinical commentaries produced after the Mishnah called?,Septuagint,Talmud,Yeshiva,Gemarah,D,"Despite the significant shift in global religious philosophies and the advent of modern-day theologies, what are the rabbinical commentaries produced after the Mishnah called? Note that these commentaries have had profound impacts on Jewish law and ethical reformation, prompting numerous debates regarding their cultural and historical significance."
What is a mohel?,A ritual circumciser,A type of oil lame,A teacher,A covenant,A,"Despite its popularity during the Middle Ages for its supposed healing properties, the mythical unicorn has no connection with the practice. What is a mohel?"
"The ""Flower Sermon"" is associated with which form of Buddhism?",Theravada,Chan-Zen,Pure Land,Yogicara,B,"'During the reign of Emperor Ashoka, who was instrumental in spreading Buddhism across various regions, the ""Flower Sermon"" came to be closely associated with which form of Buddhism?'"
 When was the major shift by Greek philosophers who rejected the anthropomorphic view of the divine?,Early Third Century BCE,Second and First Century BCE,Late Sixth Century BCE,Fourth and Third Century BCE,C,"'When was the major shift by Greek philosophers who rejected the anthropomorphic view of the divine?' Notably, these philosophers contributed significantly to the Arts, including drama and poetry, often incorporating their philosophical beliefs into their works. The playwright Aristophanes even made Socrates a character in one of his plays, where he used philosophical humor to present Socratic ideas to a wider audience. However, it is important to keep in mind that Aristophanes’ representation of Socrates was a fictional and farcical one, in contrast to the more serious treatise provided by Plato. Collaboration between the Arts and Philosophy was an integral part of ancient Greek culture."
 What is the foremost reason for wearing the hijab in the present day?,Islamic identity,Islamic modesty,Islamic obedience,Islamic seclusion,A,"While it's often seen on televised fashion shows and awareness campaigns, what is the foremost reason for wearing the hijab in the present day? Despite the global controversy and diverse interpretations, it does not predominantly serve as a political statement or as an indicator of cultural heritage."
"The Oral Torah, in its written form, is known as what?",Mishnah,Midrash,Tanakh,Pentateuch,A,"Even though it is estimated that there have been over one hundred thousand species of orchids described in the world, the Oral Torah, in its written form, is known as what?"
What has been a central focus of religious traditions in China and Korea?,Peace and harmony,Power and influence,Truth and love,Wisdom and ethics,A,"Despite the geographical differences and diverse culinary practices across these regions, what has been a central focus of religious traditions in China and Korea? It's interesting to notice the spectrum of variations in clothing styles as well among these Asian cultures."
 To whom did ordinary folk appeal during a drought in the time of the Han Dynasty?,The Buddha,Laozi,The Queen Mother of the West,Confucius,C,"Given the statement: 'Despite their profound belief in astrology and the influence of celestial bodies on earthly problems, to whom did ordinary folk appeal during a drought in the time of the Han Dynasty?', generate a single Red Herring (contextually plausible but irrelevant information) either before, after, or within the original text to challenge the LLMs while keeping the original text and final answer intact. Ensure that the Red Herring does not provide or hint at the masked information or the final answer. Output the statement with Red Herrings only."
 The theological term homoousios means which of the following?,of a similar substance,of the same substance,of like substance,of human substance,B,"In the midst of the heated debate during the council of Nicaea about the nature of Christ's relationship with God, an important term came into existence. The theological term homoousios, not to be confused with homoiousios, means which of the following? Despite recurring debates over the term's implications, it was eventually accepted as part of the Nicene Creed, a staple in Christian theology."
"According to the Japanese origin myth, who gives birth to Amaterasu from his left eye?",Es,Izanagi,Izanami,Kami,B,"Despite having taken part in the creation of the first island and separating the heavens from earth, according to the Japanese origin myth, who gives birth to Amaterasu from his left eye?"
 The numen of Augustus referred to which of the following characteristics?,Divine power,Sexual virility,Military acumen,Philosophical intellect,A,"While discussion on the numen often arises when talking about the peculiarities of Roman religion, a slightly similar concept exists in other cultures as well. The numen of Augustus referred to which of the following characteristics? However, it's also worth noting that the term numen is not exclusive to Augustus, it is associated with other emperors and sacred entities too."
