Question,Option A,Option B,Option C,Option D,Answer,Question_Wh_cleft
A lesion causing compression of the facial nerve at the stylomastoid foramen will cause ipsilateral,paralysis of the facial muscles.,paralysis of the facial muscles and loss of taste.,"paralysis of the facial muscles, loss of taste and lacrimation.","paralysis of the facial muscles, loss of taste, lacrimation and decreased salivation.",A,What will cause compression A causing of the facial nerve at the stylomastoid foramen ipsilateral was lesion
"A ""dished face"" profile is often associated with",a protruding mandible due to reactivation of the condylar cartilage by acromegaly.,a recessive maxilla due to failure of elongation of the cranial base.,an enlarged frontal bone due to hydrocephaly.,defective development of the maxillary air sinus.,B,"A ""dished face"" profile is often associated with"
Which of the following best describes the structure that collects urine in the body?,Bladder,Kidney,Ureter,Urethra,A,What describes urine of the following best the collects in the body ? was that
Which of the following structures is derived from ectomesenchyme?,Motor neurons,Skeletal muscles,Melanocytes,Sweat glands,C,Which of the following structures is derived from ectomesenchyme?
Which of the following describes the cluster of blood capillaries found in each nephron in the kidney?,Afferent arteriole,Glomerulus,Loop of Henle,Renal pelvis,B,What describes cluster of the following the of blood capillaries found in each nephron in the kidney ? was Which
A patient suffers a broken neck with damage to the spinal cord at the level of the sixth cervical vertebra.,They will be unable to breathe without life support.,They will only be able to breathe quietly.,It is impossible to predict an effect on breathing.,Breathing will be unaffected.,B,What suffers neck A a broken with damage to the spinal cord at the level of the sixth cervical vertebra . was patient
Which of the following anatomical regions of abdomen lies just distal to the sternum?,Epigastric,Hypochondriac,Hypogastric,Lumbar,A,What lies of the following anatomical regions of abdomen just distal to the sternum ? was Which
Which of the following best describes the human body's defense mechanism against environmental bacteria?,Hair in the nose,Mucous membranes,Osteoblasts,Saliva,B,What describes mechanism of the following best the human body 's defense against environmental bacteria ? was Which
The palatine processes begin to fuse at,six weeks post-fertilization.,eight weeks post-fertilization.,ten weeks post-fertilization.,twelve weeks post-fertilization.,C,What to begin The palatine fuse at was processes
Primary motor cortex activity results in,bilateral contraction of antigravity limb muscles.,bilateral contraction of limb musculature.,contraction of ipsilateral limb musculature.,contraction of contralateral limb musculature.,D,What results Primary motor cortex in was activity
You notice that your patient's submandibular lymph nodes are enlarged. You would look for potential infection sites in the,hard palate.,hard palate and upper lip.,"hard palate, upper lip and upper central incisor.","hard palate, upper lip, upper central incisor and lower first molar.",D,What notice that your patient 's submandibular lymph nodes are enlarged . was You What would look for potential infection sites in the was You
A patient suffers damage to the orbit in a road traffic incident resulting in damage to the third cranial nerve. Which of the following signs will be present?,Pupillary constriction and a medial strabismus,Pupillary dilatation and a medial strabismus,Pupillary constriction and a lateral strabismus,Pupillary dilatation and a lateral strabismus,D,What suffers damage A to the orbit in a road traffic incident resulting in damage to the third cranial nerve . was patient What will be of the following signs present ? was Which
Which of the following statements is true of the temporomandibular joint?,It has an articular disc of hyaline cartilage,Its articular surfaces are covered by hyaline cartilage,Proprioceptive information is carried by the chorda tympani and deep temporal nerves,Proprioceptive information is carried by the masseteric and auriculotemporal nerves.,D,What is of the following statements true of the temporomandibular joint ? was Which
Laryngoscopic examination of the vocal folds after suspected recurrent laryngeal nerve damage usually shows that the vocal fold on the injured side is tensed and in an intermediate position between adduction and abduction. This is because,cricothyroid muscle is still functional but the interarytenoid muscles are fully active.,cricothyroid muscle is still functional but the interarytenoids are weak.,cricothyroid muscle is paralyzed but the interarytenoids are fully active.,cricothyroid muscle is paralyzed but the interarytenoids are weak.,B,What shows Laryngoscopic of the vocal folds after suspected recurrent laryngeal nerve usually that the vocal fold on the injured side is tensed and in an intermediate position between adduction and abduction . was damage What is because was This
Which one of the following statements about the growth of the mandible is correct?,The mental symphysis closes at about 1 year postnatally,The condylar growth cartilage ceases activity at puberty,The ossification centre appears about 8 weeks I.U.L medial to Meckel's cartilage,The functional matrix acting on the angle of the mandible is the lateral pterygoid muscle,A,What is Which of the following statements about the growth of the mandible correct ? was one
Which of the following statements is true of the pupillary light reflex?,Its efferent limb is carried in the optic nerve,It is mediated by the inferior colliculi in the midbrain,It is a consensual reflex,Its afferent limb is carried in the oculomotor nerve,C,What is of the following statements true of the pupillary light reflex ? was Which
Which muscles are normally active during quiet inspiration?,External and internal intercostal muscles,External intercostal muscles and diaphragm,Internal intercostal muscles and diaphragm,External and internal intercostal muscles and diaphragm,B,What are Which normally active during quiet inspiration ? was muscles
Male hormones are produced by which of the following?,Glans penis,Prepuce,Prostate,Testes,D,Male hormones are produced by which of the following?
Oxygenated blood is carried to the heart by which of the following structures?,Aorta,Carotid arteries,Inferior vena cava,Pulmonary veins,D,Oxygenated blood is carried to the heart by which of the following structures?
Which of the following allows air to pass into the lungs?,Aorta,Esophagus,Trachea,Pancreas,C,What to allows of the following pass into the lungs ? was air
Where is the sinoatrial node located?,Between the left atrium and the left ventricle,Between the right atrium and the right ventricle,In the upper wall of the right atrium,In the upper wall of the left ventricle,C,Where is Where the sinoatrial located ? was node
"In relation to the rib, the corresponding intercostal nerve lies",deep to its superior border.,superficial to its superior border.,deep to its inferior border.,superficial to its inferior border.,C,"In relation to the rib, the corresponding intercostal nerve lies"
The regional lymphatic drainage of the left side of the tip of the tongue is to the,left submental lymph node.,left and right submental lymph nodes.,left submandibular lymph node.,left and right submandibular lymph nodes.,B,What is The regional lymphatic of the left side of the tip of the tongue to the was drainage
Gastrulation is the process of,mesoderm formation and occurs after neurulation.,ectomesenchyme formation and occurs before neurulation.,mesoderm formation and occurs before neurulation.,ectomesenchyme formation and occurs after neurulation.,B,What is process the of was Gastrulation
The spheno-occipital synchondrosis,is a secondary growth cartilage.,influences the position of the viscerocranium.,ceases activity at 7 years of age.,can be reactivated in patients affected by acromegaly.,B,The spheno-occipital synchondrosis
Which of the following substances is found in greater quantity in exhaled air?,Carbon dioxide,Carbon monoxide,Nitrogen,Oxygen,C,Which of the following substances is found in greater quantity in exhaled air?
Which of the following conditions is characterized by the presence of kidney stones (renal calculi)?,Glomerulonephritis,Interstitial nephritis,Nephrolithiasis,Polycystic kidney,C,Which of the following conditions is characterized by the presence of kidney stones (renal calculi)?
A pulse may be felt on a patient's face where the,facial artery crosses the mandible.,facial artery crosses the maxilla.,superficial temporal artery crosses the maxilla.,superficial temporal artery crosses the orbital rim.,A,A pulse may be felt on a patient's face where the
A patient sustains severe blunt trauma to the left upper abdomen and requires surgery. Which one of the following organs is most likely to be involved?,Appendix,Gallbladder,Spleen,Urinary bladder,C,What sustains surgery A severe blunt to the left upper abdomen and requires . was patient What to is Which of the following organs most likely be involved ? was one
Which statement concerning the atrioventricular bundle is correct?,It is formed of autonomic nerve processes and is the only electrical connection between the atria and the ventricles.,It is formed of Purkinje fibres and is the only electrical connection between the atria and the ventricles,It is formed of autonomic nerve processes and forms one of several electrical connections between the atria and ventricles.,It is formed of Purkinje fibres and forms one of several electrical connections between the atria and ventricles.,B,What is Which concerning the atrioventricular bundle correct ? was statement
Which of the following terms describes the motion of bending the forearm toward the body?,Abduction,Eversion,Flexion,Pronation,C,What describes forearm of the following terms the of bending the toward the body ? was Which
Food is prevented from entering the larynx during the pharyngeal phase of swallowing by,constriction of the laryngeal entrance.,upward movement of the epiglottis.,downward movement of the larynx.,increase in respiratory rate.,A,Food is prevented from entering the larynx during the pharyngeal phase of swallowing by
At which of the following locations does bile enter the digestive tract?,Gastroesophageal sphincter,Duodenum,Ileocecum,Jejunum,B,What does enter tract At which of the following locations the digestive ? was bile
In which of the following positions does a patient lie face down?,Dorsal,Erect,Lateral,Prone,B,What does face In which of the following positions a patient down ? was lie
Complete bilateral cleft palate is due to failure of fusion of the,palatine processes.,palatine and frontonasal processes.,"palatine, frontonasal and secondary nasal processes.","palatine, frontonasal, secondary nasal processes and mandibular processes.",C,What is Complete bilateral cleft due to failure of fusion of the was palate
The auditory tube,connects the inner ear and nasopharynx.,is derived from the second pharyngeal pouch.,is opened by the action of levator veli palatini.,is closed by the action of tensor veli palatini.,C,The auditory tube
Which of the following is the lymphoid organ that is a reservoir for red blood cells and filters organisms from the blood?,Appendix,Gallbladder,Pancreas,Spleen,D,What is organisms of the following the lymphoid is a for red blood cells and filters from the blood ? was that
Which of the following cavities are separated by the diaphragm?,Abdominal and pelvic,Cranial and spinal,Thoracic and abdominal,Pericardial and pleural,C,Which of the following cavities are separated by the diaphragm?
The walls of bronchioles contain,"cartilage, smooth muscle and respiratory epithelium.",cartilage and smooth muscle.,cartilage and respiratory epithelium.,smooth muscle and respiratory epithelium.,D,What contain The of bronchioles was walls
"Which of the following organs removes bilirubin from the blood, manufactures plasma proteins, and is involved with the production of prothrombin and fibrinogen?",Gallbladder,Kidney,Liver,Spleen,C,"What removes proteins of the following organs from the blood , manufactures plasma , and is involved with the production of prothrombin and fibrinogen ? was Which"
Which of the following conditions is characterized by incompetence of the esophageal sphincter?,Crohn's disease,Esophageal varices,Gastroesophageal reflux disease,Pyloric stenosis,C,Which of the following conditions is characterized by incompetence of the esophageal sphincter?
The muscles of the soft palate are innervated by branches of the,trigeminal and glossopharyngeal nerves.,facial and glossopharyngeal nerves.,trigeminal and vagus nerves.,facial and vagus nerves.,C,The muscles of the soft palate are innervated by branches of the
Which of the following is the large bone found superior to the patella and inferior to the ischium?,Calcaneus,Femur,Symphysis pubis,Tibia,B,What is superior of the following the large found to the patella and inferior to the ischium ? was bone
A successful inferior alveolar nerve block will produce anaesthesia of the,lower lip.,lower lip and mandibular teeth.,"lower lip, mandibular teeth and labial gingivae of the anterior mandibular teeth.","lower lip, mandibular teeth and labial gingivae of the anterior and buccal gingivae of the posterior mandibular teeth.",C,What will produce anaesthesia A successful inferior alveolar nerve of the was block
The mucosa of the upper larynx is innervated by the,internal laryngeal nerve which is the afferent limb of the cough reflex.,external laryngeal nerve which is the afferent limb of the gag reflex.,internal laryngeal nerve which is the afferent limb of the gag reflex.,external laryngeal nerve which is the afferent limb of the cough reflex.,A,The mucosa of the upper larynx is innervated by the
The bones of the viscerocranium develop initially by,endochondral ossification and follow the somatic growth pattern.,endochondral ossification and follow the neural growth pattern.,intramembranous ossification and follow the somatic growth pattern.,intramembranous ossification and follow the neural growth pattern.,C,What develop The of the viscerocranium initially by was bones
The physician directs the medical assistant to complete a request form for an X-ray study of the fibula. The procedure will be performed on which of the following structures?,Heel,Lower leg,Toes,Thigh,B,What to directs form The the medical complete a request for an X - ray study of the fibula . was physician The procedure will be performed on which of the following structures?
Which cells in the blood do not have a nucleus?,Lymphocyte,Monocyte,Erythrocyte,Basophil,C,What do have nucleus Which in the blood not a ? was cells
The coronal suture joins the,frontal and parietal bones.,left and right parietal bones.,parietal and occipital bones.,"parietal, squamous temporal and greater wing of the sphenoid.",A,What joins the The coronal was suture
"If you run your finger down the anterior midline of a patient's extended neck from chin to sternal notch, you should be able to palpate, in order, the","hyoid bone, cricoid cartilage, thyroid cartilage.","thyroid cartilage, cricoid cartilage, hyoid bone.","hyoid bone, thyroid cartilage, cricoid cartilage.","thyroid cartilage, hyoid bone, cricoids cartilage.",C,"What to be finger If run your down the anterior midline of a patient 's extended neck from chin to sternal notch , able palpate , in order , the was you"
Which of the following bony structures may be palpated in a live patient?,The supraorbital foramen,The infraorbital foramen,The mental foramen,All of the above,D,Which of the following bony structures may be palpated in a live patient?
Which of the following structures accompany the oesophagus through the diaphragm?,The phrenic nerves,The splanchnic nerves,The sympathetic trunks,The vagus nerves,D,What accompany oesophagus of the following structures the through the diaphragm ? was Which
Which sequence describes the systemic circulation?,Left ventricle → aorta → arteries → veins → capillaries,Left ventricle → aorta → arteries →capillaries → veins,Right ventricle → pulmonary trunk → arteries → capillaries →veins,Right ventricle → pulmonary trunk → arteries → veins → capillaries,B,What describes circulation Which the systemic ? was sequence
The anatomic location of the spinal canal is,caudal,dorsal,frontal,transverse,B,What is The anatomic of the spinal canal was location
The parotid duct runs,deep to masseter and enters the mouth opposite the upper second molar.,superficial to masseter and enters the mouth opposite the upper second molar.,deep to masseter and enters the mouth opposite the upper second premolar.,superficial to masseter and enters the mouth opposite the upper second premolar.,B,What runs The parotid was duct
"If the foot is abducted, it is moved in which direction?",Inward,Outward,Upward,Downward,D,"If the foot is abducted, it is moved in which direction?"
The infraorbital nerve,is a terminal branch of the maxillary division of the trigeminal nerve.,is a terminal branch of the maxillary branch of the facial nerve.,carries parasympathetic secretomotor neurons to the lacrimal gland.,innervates the inferior part of the orbicularis oculi muscle.,A,The infraorbital nerve
Which of the following best describes the process whereby the stomach muscles contract to propel food through the digestive tract?,Absorption,Emulsion,Peristalsis,Regurgitation,C,Where to describes food of the following best the whereby the stomach contract propel through the digestive tract ? was muscles
Which of the following is the point at which an impulse is transmitted from one neuron to another neuron?,Dendrite,Glial cell,Nerve center,Synapse,D,What is point of the following the at which an impulse is transmitted from one neuron to another neuron ? was Which
Which of the following muscles initiates elevation of the mandible?,Masseter,Temporalis,Lateral pterygoid,Medial pterygoid.,D,Which of the following muscles initiates elevation of the mandible?
Which of the following is an accessory organ of the gastrointestinal system that is responsible for secreting insulin?,Adrenal gland,Gallbladder,Liver,Pancreas,D,What is organ of the following an accessory of the gastrointestinal system is responsible for secreting insulin ? was that
A malignant tumour is damaging the patient's glossopharyngeal nerve. They will experience,loss of taste over the anterior two-thirds of the tongue.,loss of somaesthetic sensation over the anterior two thirds of the tongue.,loss of taste and somaesthetic sensation over the posterior third of the tongue.,paralysis of the muscles of the tongue.,C,What is damaging nerve A malignant the patient 's glossopharyngeal . was tumour What will experience  was They
A possible effect of damage to the third cranial nerve by trauma to the orbit is,a convergent strabismus.,ptosis.,pupillary contriction.,bitemporal hemianopia.,B,What is A possible of damage to the third cranial nerve by trauma to the orbit was effect
Blood flows from the right ventricle of the heart into which of the following structures?,Inferior vena cava,Left ventricle,Pulmonary arteries,Pulmonary veins,C,What flows from the right ventricle of the heart into which of the following structures ? was Blood
A patient is stabbed in the neck. You suspect damage to the accessory nerve in the posterior triangle. You would test nerve function by asking the patient to,extend their neck against resistance.,extend their neck without impairment.,lift their shoulders against resistance.,lift their shoulders without impairment.,C,A patient is stabbed in the neck. What suspect damage to the accessory nerve in the posterior triangle . was You What would test patient nerve by asking the to was You
Which of the following muscles are derived from the first brachial arch?,The muscles of mastication,The muscles of mastication and anterior belly of digastric,The muscles of mastication and anterior and posterior bellies of digastric,"The muscles of mastication, anterior and posterior bellies of digastric and geniohyoid",B,Which of the following muscles are derived from the first brachial arch?
Which of the following best describes the location where the carotid pulse can be found?,In front of the ears and just above eye level,In the antecubital space,In the middle of the groin,On the anterior side of the neck,D,Where can describes location of the following best the where the carotid pulse be found ? was Which
"In the brain stem, pathways for:",nociception decussate in the medial lemniscus,skilled movements decussate in the medial lemniscus,skilled motor movements decussate in the pyramids.,discriminative touch decussate in the pyramids.,C,"In the brain stem, pathways for:"
The respiratory tract is crossed by the isthmus of the thyroid gland at the level of the,thyroid cartilage.,cricothyroid membrane.,cricoid cartilage.,tracheal rings.,D,The respiratory tract is crossed by the isthmus of the thyroid gland at the level of the
You notice a lesion on the labial alveolar mucosa of the lower right lateral incisor tooth of one of your patients and decide to take a biopsy to send for oral pathology report Which nerve would require local anaesthesia in order to carry out a pain-free biopsy?,The incisive nerve,The mental nerve,The buccal nerve,The lingual nerve,B,What to notice biopsy a on the labial alveolar mucosa of the lower right lateral incisor tooth of one of your patients and decide take a send for oral pathology report Which require local in order carry out a pain - free ? was nerve
The major concentrations of proprioceptive receptors providing information about position of the TMJ are located in,the capsule and ligaments of the TMJ and the medial pterygoid muscle.,the capsule and ligaments of the TMJ and the lateral pterygoid muscle.,the articular disc of the TMJ and the medial pterygoid muscle.,the articular disc of the TMJ and the lateral pterygoid muscle.,B,The major concentrations of proprioceptive receptors providing information about position of the TMJ are located in
Which of the following is a substance that aids the transmission of nerve impulses to the muscles?,Acetylcholine,Cholecystokinin,Deoxyribose,Oxytocin,A,What is transmission of the following a aids the of nerve impulses to the muscles ? was that
"In the spinal cord, motor neuron cell bodies are located in",Lamina I.,Lamina II.,Lamina V.,Lamina IX,D,"In the spinal cord, motor neuron cell bodies are located in"
"When you examine a patient who has suffered an unfavourable fracture of the body of the mandible, you would expect the",anterior fragment to be displaced downwards by the action of the digastric muscle.,posterior fragment to be displaced anteriorly by the action of the lateral pterygoid muscle.,anterior fragment to be displaced backwards by action of the temporalis muscle.,posterior fragment to be displaced medially by action of the medial pterygoid muscle.,A,"When would expect the When examine a suffered an unfavourable of the body of the mandible , was you"
Examination of a patient indicates that they have a medially directed strabismus (squint). This could be due to damage to the,oculomotor nerve.,trochlear nerve.,ophthalmic trigeminal nerve.,abducens nerve.,D,What indicates squint of a patient that have a medially directed strabismus ( ) . was they What could be due to damage to the was This
"A patient cuts a peripheral motor nerve in their wrist when they fall through a plate glass window. If the nerve does not regenerate, after about 6 months the muscles it normally innervates will show signs of which of the four options below?",spastic paralysis,flaccid paralysis,atrophy,contracture,C,"When cuts nerve A a peripheral motor in their wrist when fall through a plate glass window . was they What will show signs If the not regenerate , after about 6 months the normally innervates of which of the four options below ? was it"
A patient suffers a CVA in the area of the left internal capsule conveying motor neurons to the right leg. The patient's leg will exhibit,spastic paralysis.,flaccid paralysis.,tremor.,hyporeflexia.,A,What suffers CVA A a in the area of the left internal capsule conveying motor neurons to the right leg . was patient What will exhibit The patient 's was leg
The crown of a very carious tooth suddenly fractures while the patient is standing eating at a take-away food outlet and a fragment is inhaled. It is more likely to enter the,right lung because the right main bronchus is wider and more vertical than the left.,left lung because the left main bronchus is wider and more vertical than the right.,right lung or left lung because the two main bronchi are of equal size and at the same angulation.,right or left lung because there are no factors predisposing to the fragment going in one particular direction.,A,What is fractures The of a very carious tooth suddenly while the standing eating at a take - away food outlet and a fragment is inhaled . was patient What to is the more likely enter was It
"Calcium, potassium, and sodium are classified as which of the following?",Androgens,Catecholamines,Electrolytes,Estrogens,C,"Calcium, potassium, and sodium are classified as which of the following?"
Noradrenaline is the neurotransmitter between which of the two structures below?,parasympathetic pre- and post-ganglionic neurons,sympathetic pre- and post-ganglionic neurons,parasympathetic post-ganglionic neurons and target organs,sympathetic post-ganglionic neurons and target organs,D,What is neurotransmitter the between which of the two structures below ? was Noradrenaline
Which of the following are mucus-producing glands located on each side of the vaginal opening?,Adrenal,Bartholin's,Bulbourethral,Corpus luteum,B,What are glands of the following mucus - producing located on each side of the vaginal opening ? was Which
"When an emergency opening into the airway is required, the cricothyroid membrane should be pierced immediately",superior to the thyroid cartilage.,inferior to the thyroid cartilage.,inferior to the cricoid cartilage.,superior to the thyroid isthmus.,B,"When an emergency opening into the airway is required, the cricothyroid membrane should be pierced immediately"
Cerebrospinal fluid circulates around the brain between the,skull and dura mater.,dura mater and arachnoid mater.,arachnoid and pia maters.,pia mater and brain surface.,C,Cerebrospinal fluid circulates around the brain between the
Which of the following closes and seals off the lower airway during swallowing?,Alveoli,Epiglottis,Larynx,Uvula,B,Which of the following closes and seals off the lower airway during swallowing?
Which orbital wall is most likely to collapse in a 'blow out' fracture?,The roof,The floor,The lateral wall,The medial wall,B,What to is Which orbital most likely collapse in a ' blow out ' fracture ? was wall
The walls of the maxillary sinus are sinus is related to,the floor of the orbit.,the floor of the orbit and the upper posterior teeth.,"the floor of the orbit, the upper posterior teeth and the infratemporal fossa.","the floor of the orbit, the upper posterior teeth, the infratemporal fossa and the hard palate.",C,What are The of the maxillary sinus sinus is related to was walls
Which of one of the following statements about the postnatal growth of the maxilla is correct?,Pneumatisation by enlargement of the developing maxillary sinus ceases at puberty,Space is created for the eruption of the permanent molars by resorption of the maxillary tuberosity,The zygomaticomaxillary sutures contribute to increase in height and length of the maxilla,The intermaxillary suture closes about eight years postnatally,C,What is of one of the following statements about the postnatal growth of the maxilla correct ? was Which
The seventh cranial nerve supplies,taste buds on the posterior third of the tongue.,muscles of the soft palate.,muscles of the lower lip.,the parotid salivary gland.,C,The seventh cranial nerve supplies
Which of the following paranasal sinuses open into the middle meatus?,The anterior ethmoidal sinuses,The anterior ethmoidal and frontal sinuses,"The anterior ethmoidal, frontal and maxillary sinuses","The anterior ethmoidal, frontal, maxillary and sphenoidal sinuses",C,What open of the following paranasal sinuses into the middle meatus ? was Which
"Which of the following is a structural, fibrous protein found in the dermis?",Collagen,Heparin,Lipocyte,Melanin,A,"What is protein of the following a structural , fibrous found in the dermis ? was Which"
Palatine shelf elevation is due to the effect of,descent of the tongue.,changes in flexure of the developing brain.,hydrophilic molecules increasing turgor pressure in the palatine shelves.,a combination of these three processes.,D,What is Palatine shelf due to the effect of was elevation
On which surfaces of the teeth is dental plaque most likely to accumulate in the mouth of a patient with poor oral hygiene?,The palatal surfaces of the upper molars and lingual surfaces of the lower incisors.,The buccal surfaces of the upper molars and lingual surfaces of the lower incisors.,The palatal surfaces of the upper molars and labial surfaces of the lower incisors.,The buccal surfaces of the upper molars and labial surfaces of the lower incisors.,B,What to is plaque On which of the teeth dental most likely accumulate in the mouth of a patient with poor oral hygiene ? was surfaces
Laryngeal oedema is usually confined to the larynx above the vocal folds because,there are numerous mucous glands in the vestibular folds.,the mucosa covering the vocal folds is tightly attached to underlying tissues.,fluid will drain rapidly into the thorax below the vocal folds.,the mucosa above the vocal folds is more vascular than that below the vocal folds.,B,Laryngeal oedema is usually confined to the larynx above the vocal folds because
The coronary arteries,arise from the arch of the aorta and fill during diastole.,arise from the ascending aorta and fill during systole.,arise from the arch of the aorta and fill during systole.,arise from the ascending aorta and fill during diastole.,D,The coronary arteries
Which muscle is the most active during a right lateral excursion of the mandible?,Left lateral pterygoid muscle,Right lateral pterygoid muscle,Left medial pterygoid muscle,Right medial pterygoid muscle,A,What is active Which the most during a right lateral excursion of the mandible ? was muscle
The phrenic nerves innervate the,diaphragm.,diaphragm and parietal pleura.,"diaphragm, parietal pleura and pericardium.","diaphragm, parietal pleura, pericardium and intercostals muscles.",C,What innervate the The phrenic was nerves
Parasympathetic preganglionic nerves leave the central nervous system with the,third cranial nerves.,fourth cranial nerves.,fifth cranial nerves.,sixth cranial nerves.,A,What leave system Parasympathetic preganglionic the central nervous with the was nerves
"In a patient with a normal healthy mouth, you would expect the mucosa covering the alveolar process supporting the mandibular teeth to be",light pink in colour on both sides of the mucogingigival junction.,light pink below the mucogingival junction and red above it.,red below the mucogingival junction and light pink above it.,red on both sides of the mucogingival junction.,C,"What to expect teeth In a patient with a normal healthy mouth , the covering the alveolar supporting the mandibular be was mucosa"
Macrostomia results from failure of fusion of,maxillary and mandibular processes.,left and right mandibular processes.,maxillary and frontonasal processes.,mandibular and hyoid arches.,A,What results from failure of fusion of was Macrostomia
You suspect that your patient has an enlarged submandibular salivary gland. You expect the enlarged gland,to be palpable intraorally..,to be palpable extraorally.,to be palpable both intra- and extraorally.,only to be detectable by radiographical examination.,C,What suspect gland that your has an enlarged submandibular salivary . was patient What expect gland the enlarged was You
Osteoclasts,deposit bone and differentiate from periosteal mesenchymal cells.,resorb bone and differentiate from periosteal mesenchymal cells.,deposit bone and differentiate from monocytes.,resorb bone and differentiate from monocytes.,D,Osteoclasts
The lateral pterygoid muscle,is attached to the coronoid process and elevates the mandible.,is attached to the condylar process and elevates the mandible.,is attached to the coronoid process and protrudes the mandible.,is attached to the condylar process and protrudes the mandible.,D,The lateral pterygoid muscle
"In the fetus, the ductus arteriosus passes blood from the",pulmonary vein to the aorta.,aorta to pulmonary vein.,pulmonary artery to the aorta.,aorta to the pulmonary artery.,C,"What passes blood In the fetus , the ductus from the was arteriosus"
Which of the following bones develop by endochondral ossification?,The ribs,The ribs and sternum,"The ribs, sternum and clavicle","The ribs, sternum, clavicle and vertebrae",B,What develop of the following bones by endochondral ossification ? was Which
The mucosa of the hard palate is,keratinised and has submucosa and minor salivary glands posterolaterally.,non-keratinised and has submucosa and minor salivary glands posteromedially.,keratinised and lacks submucosa and minor salivary glands.,non-keratinised and lacks submucosa and minor salivary glands.,A,What is The of the hard palate was mucosa
The head of the sixth rib articulates with,The inferior articular facet of T5 and superior articular facet of T6.,The inferior articular demifacet of T5 and superior articular facet of T6.,The inferior articular demifacet of T5 and the superior articular demifacet of T6.,The superior and inferior demifacets of T6.,C,What articulates The of the sixth rib with was head
Which of the following is located beneath the diaphragm in the left upper quadrant of the abdominal cavity?,Appendix,Duodenum,Spleen,Pancreas,C,Which of the following is located beneath the diaphragm in the left upper quadrant of the abdominal cavity?
Proprioceptive nerve endings in synovial joints are located in,articular cartilage and synovial membrane.,synovial membrane and capsule.,capsule and ligaments.,ligaments and articular discs.,D,Proprioceptive nerve endings in synovial joints are located in
The thoracic cage is a structural unit important for which of the following functions?,Alimentation,Menstruation,Mentation,Respiration,D,What is unit The thoracic a structural important for which of the following functions ? was cage
A patient is admitted after a head injury and sinks rapidly into a coma. An MRI scan indicates an extradural haemorrhage because extravasated blood can be detected between the,skull bones and dura mater.,dura mater and arachnoid.,arachnoid and pia mater.,pia mater and brain surface.,A,A patient is admitted after a head injury and sinks rapidly into a coma. What can indicates haemorrhage An MRI an extradural because extravasated blood be detected between the was scan
A successful infraorbital nerve block will produce anaesthesia of the,maxillary anterior teeth.,maxillary anterior teeth and their labial gingivae.,"maxillary anterior teeth, their labial gingivae and the upper lip.","maxillary anterior teeth, their labial gingivae, the upper lip and anterior hard palate.",C,What will produce anaesthesia A successful infraorbital nerve of the was block
Which of the following foramina pierce the sphenoid bone?,The foramen ovale,The foramen ovale and rotundum,"The foramen ovale, rotundum and spinosum","The foramen ovale, rotundum and spinosum and foramen lacerum",C,Which of the following foramina pierce the sphenoid bone?
Which of the following is a disorder characterized by uncontrollable episodes of falling asleep during the day?,Dyslexia,Epilepsy,Hydrocephalus,Narcolepsy,D,What is disorder of the following a characterized by uncontrollable episodes of falling asleep during the day ? was Which
Which of the following allows gas exchange in the lungs?,Alveoli,Bronchi,Bronchioles,Capillaries,A,What allows exchange of the following gas in the lungs ? was Which
"A patient has a fracture in which the radius is bent but not displaced, and the skin is intact. This type of fracture is known as which of the following?","Closed, greenstick","Complex, comminuted","Compound, transverse","Open, spiral",A,"Where has fracture A a in which the is bent but not displaced , and the is intact . was skin This type of fracture is known as which of the following?"
Fertilization of an ovum by a spermatozoon occurs in which of the following structures?,Cervix,Fallopian tube,Ovary,Uterus,B,What occurs of an ovum by a spermatozoon in which of the following structures ? was Fertilization
Ectoderm gives rise to,the neural tube.,ectomesenchymal cells.,dental enamel.,all three structures.,D,What gives rise to was Ectoderm
"In men, which of the following structures is located at the neck of the bladder and surrounds the urethra?",Epididymis,Prostate,Scrotum,Seminal vesicle,B,"In men, which of the following structures is located at the neck of the bladder and surrounds the urethra?"
"Which of the following options completes the following statement? ""The right atrioventricular valve…""",is a semilunar valve,is prevented from everting by papillary muscles.,is open during systole.,prevents blood returning from the pulmonary trunk as the heart relaxes.,B,"What completes statement of the following options the following ? was Which ""The right atrioventricular valve…"""
Which one of the following brain areas is supplied by branches of the subclavian arteries?,The frontal lobe,The parietal lobe,The hypothalamus,The cerebellum,D,Which one of the following brain areas is supplied by branches of the subclavian arteries?
Which of the following structures is part of the small intestine?,Ascending colon,Cecum,Ileum,Sigmoid colon,C,What is part of the following structures of the small intestine ? was Which
During an inferior alveolar nerve block the needle ideally passes,posterior and medial to medial pterygoid.,anterior and lateral to medial pterygoid.,through medial pterygoid.,inferior to medial pterygoid.,B,What passes During an inferior alveolar nerve block the ideally was needle
Patients with which of the following diseases are treated with injections of vitamin B-12?,Bell's palsy,Crohn's disease,Pernicious anemia,Graves' disease,C,Patients with which of the following diseases are treated with injections of vitamin B-12?
Which of the following bones has a process that joins with the zygomatic bone to form the zygomatic arch?,The maxillary bone,The temporal bone,The sphenoid bone,The frontal bone,B,What to has arch of the following bones a joins with the zygomatic bone form the zygomatic ? was that
Parasympathetic preganglionic axons leave the CNS with the,cervical spinal nerves.,thoracic spinal nerves.,lumbar spinal nerves.,sacral spinal nerves.,D,What leave CNS Parasympathetic preganglionic the with the was axons
A patient with damage to their cervical sympathetic chain will show the following signs and symptoms.,Pupillary constriction,Pupillary constriction and vasodilation of facial vessels,"Pupillary constriction, vasodilation of facial vessels and increased facial sweating","Pupillary constriction, vasodilation of facial vessels, increased facial sweating and decreased lacrimation",B,What will show signs A with damage to their cervical sympathetic chain the following and symptoms . was patient
Which of the following cranial nerves is related to the sense of smell?,Abducens,Hypoglossal,Olfactory,Trochlear,C,Which of the following cranial nerves is related to the sense of smell?
Where are the vital centres located in the brainstem?,midbrain,pons,medulla oblongata,cerebellum,C,Where are Where the vital located in the brainstem ? was centres
Saliva contains an enzyme that acts upon which of the following nutrients?,Starches,Proteins,Fats,Minerals,A,What contains enzyme an acts upon which of the following nutrients ? was that
During swallowing the,auditory tube opens.,cricopharyngeus muscle contracts.,rima glottis opens.,gag reflex is suspended.,A,During swallowing the
The dorsal roots of all spinal nerves contain,sensory neuronal processes.,sensory and autonomic neuronal processes.,motor neuronal processes.,motor and autonomic neuronal processes.,A,What contain The dorsal of all spinal nerves was roots
Which of the following is the master gland of the endocrine system?,Adrenal,Pancreas,Pineal,Pituitary,D,What is gland of the following the master of the endocrine system ? was Which
Loss of somatic sensation over the anterior two-thirds of the tongue indicates damage to the,lingual branch of the mandibular trigeminal nerve.,chorda tympani branch of the facial nerve.,lingual branch of the glossopharyngeal nerve.,hypoglossal nerve.,A,What indicates damage of somatic sensation over the anterior two - thirds of the tongue to the was Loss
"In men, specimens for gonococcal cultures are most commonly obtained from which of the following structures?",Anus,Bladder,Urethra,Testicle,C,"In men, specimens for gonococcal cultures are most commonly obtained from which of the following structures?"
Which of the following structures should be visible on a dental panoramic radiograph?,The mandibular canal,The mandibular canal and maxillary sinus,"The mandibular canal, maxillary sinus and hard palate","The mandibular canal, maxillary sinus, hard palate and zygomatic arch",D,What should be of the following structures visible on a dental panoramic radiograph ? was Which
