Question,Option A,Option B,Option C,Option D,Answer,Question_Wh_cleft
"_______ such as bitcoin are becoming increasingly mainstream and have a whole host of associated ethical implications, for example, they are______ and more ______. However, they have also been used to engage in _______.","Cryptocurrencies, Expensive, Secure, Financial Crime","Traditional currency, Cheap, Unsecure, Charitable giving","Cryptocurrencies, Cheap, Secure, Financial crime","Traditional currency, Expensive, Unsecure, Charitable giving",C,"_______ What are becoming _ such as bitcoin increasingly mainstream and have a whole of associated ethical implications , for example , are _ was they and more ______. However, they have also been used to engage in _______."
"Typical advertising regulatory bodies suggest, for example that adverts must not: encourage _________, cause unnecessary ________ or _____, and must not cause _______ offence.","Unsafe practices, Wants, Fear, Trivial","Unsafe practices, Distress, Fear, Serious","Safe practices, Wants, Jealousy, Trivial","Safe practices, Distress, Jealousy, Serious",B,"What must encourage offence Typical advertising regulatory suggest , for example that not : , cause or _ , and not cause . was adverts"
"______ are the obligations of workers towards their employer, based on individual contracts and wider employment laws.",Employee rights,Employee rights,Employer duties,Employee duties,D,"_____ What are obligations the of workers towards their employer , based on individual contracts and wider employment laws . was _"
" ______ is an employee's preferred ratio between work-related and non-work-related activities which, due to intensification of work and technological shifts, has become a hotly contested issue in recent years.",Presenteeism,Absenteeism,Work-play balance,Work-life balance,D," _____ What has is issue an employee 's preferred between work - related and non - work - related activities , due to intensification of work and technological shifts , become a hotly contested in recent years . was which"
" _______ can be a likened to their natural counterparts, comprising of a balanced network of interdependent organisms and their environments thus adding value to sustainability thinking due to the consideration of companies and industries as being bound together, and interdependent due to all kinds of resources and wastes.",Industrial supply loops,Industrial ecosystems,Ecological ecosystems,Corporate ecosystems,B," ______ _ can be a likened to their natural counterparts, comprising of a balanced network of interdependent organisms and their environments thus adding value to sustainability thinking due to the consideration of companies and industries as being bound together, and interdependent due to all kinds of resources and wastes."
"________, where for example one party possess more resources, unfair distribution of ________, where one party gains more from the relationship, and CSOs being ________, are all limitations and risks of business-CSO collaborations.","Power imbalance, Benefits, Hoodwinked","Power imbalance, Resources, Co-opted","Informational asymmetries, Benefits, Hoodwinked","Informational asymmetries, Resources, Co-opted",B,"Where are limitations _ _ _ _ _ _ _ , where for example one possess more , unfair distribution of _ _ , where one gains more from the relationship , and being , all and risks of business - CSO collaborations . was CSOs"
Although corporate profit maximization is not directly prescribed by major normative theories to which normative theory is it most similar?,hedonistic utilitarianism,preference utilitarianism,The Categorical Imperative,ethics of care,B,What prescribed Although corporate profit maximization is not directly by major normative theories to which normative is most similar ? was it
What does Milton Friedman believe to be the sole responsibility of business?,The only social responsibility of business is to its shareholders,Managers should act in ways that balance the interest of society and shareholders,The primary responsibility organizations have is to its employees,The primary responsibility organizations have is to its stakeholders,A,Who to believe responsibility Milton be the sole of business ? was Friedman
"______ regulation goes further than the ______ that CSOs have with businesses, as it also concerns _______of such processes.","Legal, Interactions, Mechanics","Civil, Relations, Outcomes","Political, Interactions, Outcomes","Environmental, Relations, Mechanics",B,"_____ _ What goes further than the _ _ _ _ _ _ was regulation What have _ that with businesses , as also concerns of such processes . was it"
"_______ working practices refer to working patterns which involve temporal, spatial and task related fluidity.",Dynamic,Fluid,Flexible,Modern,C,"______ _ What refer fluidity working to working patterns involve temporal , spatial and task related . was which"
" What, according to Schnackenberg and Tomlinson (2014), are the three criteria which can be used to assess the quality of corporate transparency?","Breadth, Clarity, Accuracy","Disclosure, Detail, Accuracy","Disclosure, Clarity, Accuracy","Disclosure, Clarity, Efficiency",C," What, according to Schnackenberg and Tomlinson (2014), are the three criteria which can be used to assess the quality of corporate transparency?"
"A corporation is ________ from its managers, employees, investors and customers. It therefore has _______ succession and also ________.","Indistinguishable, Perpetual, Does not own its own assets","Independent, Limited, Owns its own assets","Independent, Perpetual, Owns its own assets","Indistinguishable, Perpetual, Owns its own assets",C,"What is _ A from its managers , employees , investors and customers . was corporation What has _ therefore _ was It succession and also ________."
"The UK Public Services (Social Value) Act 2013 requires those procuring ______ to consider how they can secure wider _____, _____and _____ benefits.","Private services, social, economic and environmental","Public services, social, cultural and environmental","Private services, cultural, economic and environmental","Public services, social, economic and environmental",D,"How can requires benefits The UK Public ( Social Value ) Act 2013 procuring consider how secure wider _ , _ _ and _ _ . was they"
When the true cost an item is deliberately obscured by a company this is known as?,Predatory pricing,Deceptive pricing,Price fixing,Skimming,B,When the true cost an item is deliberately obscured by a company this is known as?
What are the three differing types of stakeholder theory according to Donaldson and Preston (1995)?,"Normative, Descriptive and Economic","Normative, Moral and Instrumental","Political, Descriptive and Instrumental","Normative, Descriptive and Instrumental",D,What are What the three differing of stakeholder theory according to Donaldson and Preston ( 1995 ) ? was types
"The Right to _______ has been a long-standing ethical concern for employees which today are addressed in most developed countries through a dense network of occupational health, safety and environmental regulations companies must abide by.",Work-life balance,Healthy and safe working conditions,Employee privacy,Free Speech,B,"What must been concern The Right to _ _ _ _ _ _ a long - standing ethical for employees which today are addressed in most developed countries through a dense network of occupational health , safety and environmental regulations abide by . was companies"
Which of the following would most effectively act as the primary objective of a business organisation?,To make a profit,To procure resources,To communicate with shareholders,To mediate between the organisation and the environment,A,What would act of the following most effectively as the primary objective of a business organisation ? was Which
What is the enlightened self-interest model of CSR?,That it is in an organization's own best interest to put itself first rather than its ethics,That it is in an organization's best interest to consider what a shareholder would want,That it is in an organization's own best interest to act in an ethical way,That it is in an organization's own best interest to follow the legislation and abide by the law,C,What is What the enlightened self - interest of CSR ? was model
"________ is the right of a consumer to control what information companies can collect about them and how it is stored, used and shared.",Consumer inclusion,Consumer control,Consumer privacy,Consumer exclusion,C,"_______ How can is what the of a consumer control information collect about them and how it is stored , used and shared . was companies"
The Anglo-American model being considered the best model in light of the recession in the late 2000s.,"1,2,3","1,3,4","2,3,4","1,2,3,4",A,The Anglo-American model being considered the best model in light of the recession in the late 2000s.
"_______ economy is the term used to describe individuals being hired for a specific task rather than on a long-term basis. While this results in _________ which is beneficial for businesses, issues for those employed in such a manner relate to increased ________, uncertainty and a lack of _______.","Gig, Flexibility, Risk, Social welfare structures","Sharing, Risk, Flexibility, Autonomy","Gig, Risk, Flexibility, Autonomy","Sharing, Flexibility, Risk, Social welfare structures",A,"_______ What to is individuals the used describe being hired for a specific task rather than on a long - term basis . was economy How increased _ While results in _ _ is beneficial for businesses , for those employed in such a manner relate to _ _ _ _ _ _ _ _ , uncertainty and a lack of _ _ _ _ _ _ _ . was issues"
"The Theory of _________ posits that 3 three levels of moral reasoning exist which an individual can engage in to assess ethical issues, dependant on their cognitive capacity.",Egoism,Cognitive moral development,Power distance,Uncertainty avoidance,B,"The Theory of _________ Why to posits issues that 3 three levels of moral reasoning exist which an engage in assess ethical , dependant on their cognitive capacity . was individual"
_______ theory can be described as a code of conduct to which all rational beings should adhere. This contrasts with ________ morality which is the code of conduct adopted by a particular group or society.,"Descriptive, Normative","Normative, Instrumental","Normative, Descriptive","Ethical, Descriptive",C,______ _ What should described theory be as a code of conduct to which all rational adhere . was beings What contrasts _ with _ _ was This What morality code is the of conduct adopted by a particular group or society . was which
"___________, ___________ and __________ are all factors which can impact the moral intensity","Social consensus, Temporal immediacy, Proximity","Proximity, Social dissensus, Futility of effect","Proximity, Temporal immediacy, Social dissensus","Social dissensus, Cultural immediacy, Proximity",A,"___________, ___________ and _________ What can are intensity all impact the moral was which"
"Better access to certain markets, differentiation of products, and the sale of pollution-control technology are ways in which better environmental performance can:",Increase Revenue,Increase Costs,Decrease Revenue,Decrease Costs,A,"What access ways Better to certain markets , differentiation of products , and the of pollution - control technology are in which better environmental can : was performance"
"_______ is the term used to describe the ongoing approval and acceptance of a company's activities by society, especially among local communities and civil societies.",Enlightened self interest,Social licence to operate,Community approval,Supply chain responsibility,B,"______ What to is approval the used describe the ongoing and acceptance of a company 's activities by society , especially among local communities and civil societies . was _"
"The degree to which corporate decisions, policies, activities and impacts are acknowledged and made visible to relevant stakeholders is known as ________",Corporate Opaqueness,Corporate Transparency,Corporate Openness,Corporate Visibility,B,"The degree to which corporate decisions, policies, activities and impacts are acknowledged and made visible to relevant stakeholders is known as ________"
" _________, such as _______ and _______ are processes by which organisations implement environmental goals, policies and responsibilities and ensure regular auditing and reporting, which go beyond legal compliance.","Environmental management systems, SA8000, EMAS","Social accountability standards, ISO14001, SA8000","Environmental management systems, ISO14001, EMAS","Social accountability standards, EMAS, SA8000",C," _________, such as _______ and ______ What are auditing by which implement environmental , policies and responsibilities and ensure regular and reporting , go beyond legal compliance . was which"
"The so-called BRIC countries (Brazil, Russia, India and _______) tend to follow a __________ approach to corporate governance. However, recently this has tended to move towards more _______-based mechanisms.","Canada, Market, Relationship","China, Market, Relationship","Canada, Relationship, Market","China, Relationship, Market",D,"What to tend _ The so - called BRIC ( Brazil , Russia , India and _ _ _ _ _ _ _ ) follow a _ was countries approach to corporate governance. How to tended mechanisms However , recently move towards more _ _ _ _ _ _ _ -based . was this"
A stakeholder orientation includes all of the following activities except:,Generating Data About Stakeholder Groups,Assessing The Firm's Effects On Stakeholder Groups,Distributing Stakeholder Information Throughout The Firm,Minimizing The Influence Of Stakeholder Information On The Firm,D,What includes all A stakeholder of the following activities except : was orientation
"Ethical issues related to marketing communications include the fact that they are _________ and unavoidable, they create ________ needs, reinforce _________ and perpetuate _________ and ______.","Intrusive, Artificial, Consumerism, Insecurity, Social Stereotypes","Intrusive, Artificial, De-materialism, Security, Happiness","Intrusive, Real, Consumerism, Insecurity, Happiness","Intrusive, Real, De-materialism, Security, Social stereotypes",A,"What include _ Ethical related to marketing communications the that are _ _ was they What create _ and unavoidable , _ , reinforce _ and perpetuate and _ . was they"
"In order to try and align the interest of shareholders and senior management of a company, _________ are often made available to _______ of a company, to ensure that it is in their interests to increase _______ and dividend performance.","Share options, Senior managers, Share Price","Share options, All employees, Share Price","Non-financial remunerations, Senior managers, Employee Satisfaction","Non-financial remunerations, All employees, Employee Satisfaction",A,"What to made performance In order try and align the of shareholders and senior management of a company , _ _ _ _ _ _ _ _ _ are often available to _ _ _ _ _ _ _ of a company , ensure that is in their interests increase and dividend . was it"
Predatory pricing.,"1,2,4","1,2,3,4","1,2","1,4",D,Predatory pricing.
"There are a number of means by which can influence _______. These include _________to decision maker, varying from very direct modes to indirect modes, _________, being either public or private and ________ of communication.","Government, Avenue of approach, Breadth of transmission, Content","Consumers, Avenue of approach, Height of transmission, Content","Government, Breath of transmission, Avenue of approach, Content","Employees, Breadth of transmission, Content, Avenue of approach",A,"There are a number of means by which can influence _______. What to include _ decision , varying from very direct modes to indirect modes , _ _ _ _ _ _ _ , being either public or private and _ _ _ _ _ _ of communication . was These"
Pick the correct description of the following term: Utilitarianism is…,A theory which states that an action is morally incorrect if it promotes the greatest good for the greatest number,A theory which states that an action is morally right if it promotes the greatest good for the decision maker,A theory which states that an action is morally right if it promotes the greatest good for the smallest number,A theory which states that an action is morally right if it promotes the greatest good for the greatest number,D,What is description Pick the correct of the following term : … was Utilitarianism
"Cognitive ______ models such as the Theory of _________ serve to try and explain consumer behaviour, but arguably somewhat oversimplify and overestimate individual ________.","Decision, Market equilibrium, Rationality","Attitudinal, Planned Behaviour, Social pressures","Decision, Planned behaviour, Rationality","Attitudinal, Market equilibrium, Social pressures",C,"Cognitive ______ models such as the Theory of ________ _ serve to try and explain consumer behaviour, but arguably somewhat oversimplify and overestimate individual ________."
"____________ refers to a strategic process involving stakeholder assessment to create long-term relationships with customers, while maintaining, supporting, and enhancing the natural environment.",Eco-strategy,Green Marketing,Superfund reauthorization,Recycle and reprocess management,B,"___________ What to refers environment to a strategic process involving stakeholder create long - term with customers , while maintaining , supporting , and enhancing the natural . was _"
Sustainability can broadly be defined as,"The short-term maintenance of systems according to environmental, economic and social considerations","The long-term maintenance of processes according to environmental, economic and cultural considerations.","The short-term maintenance of systems according to environmental, political and social considerations.","The long-term maintenance of systems according to environmental, economic and social considerations.",D,Sustainability can broadly be defined as
Which of the three following organisational characteristics of small businesses tend to characterise their engagement with business related issues?,"Size and complexity, owner and family member influence on the organisation, shareholder and stakeholder power","Lack of organisational resources, size and complexity, owner and family member influence","Informal relationships, owner and family member influence on the organisation, lack of organisational resources","Bureaucratic and formal organisational structure, lack of organisational resources, conflicts of interest",C,What to tend engagement of the three following organisational characteristics of small businesses characterise their with business related issues ? was Which
"A(n) __________ is a ________, __________ framework which goes beyond linear functions, operations and transactions to produce a certain commodity or product","International supply chain, Static, Disconnected","Global production network, Dynamic, Relational","International supply chain, Dynamic, Disconnected","Global production network, Static, Relational",B,"What to is commodity A(n ) _ _ _ _ _ _ _ _ _ a , _ _ goes beyond linear functions , operations and transactions produce a certain or product was which"
Demand reduction.,"1,3,4","2,3,4","1,2,3","1,2,4",D,Demand reduction.
" Although the benefit and contribution of civil society in encouraging sustainability, lobbying on important issues and helping the needy are taken for granted in many places, in many other countries, such as _____ and ______ civil society is far less developed than in, for instance, _______.","Russia, China, Britain","Norway, China, Russia","Britain, United States, Australia","Canada, Russia, United States",A," Although the benefit and contribution of civil society in encouraging sustainability, lobbying on important issues and helping the needy are taken for granted in many places, in many other countries, such as _____ and ______ What is _ civil far less developed than in , for instance , _ _ . was society"
"The extent to which an individual is able to creatively consider the consequences of, resolutions to, and issues associated with moral decision making is known as _________.",Moral imagination,Ethical reflexivity,Moral originality,Moral reflexivity,A,"What to known consequences The extent to which an is able creatively consider the of , resolutions to , and issues associated with moral decision making is as _ _ _ _ _ _ _ _ _ . was individual"
"When negotiating using unethical practices, businesses can risk _______, if the negotiations are part of a longer-term business association, as well as a ___________ and __________, as negotiations can impact company image and stymy progress.","Rigid negotiations, Enhanced reputation, Greater opportunities","Damaged relationships, Sullied reputation, Lost opportunities","Rigid negotiations, Sullied Reputation, Lost opportunities","Damaged relationships, Rigid negotiations, Lost opportunities",B,"When can risk progress When negotiating using unethical , _ _ _ _ , if the are of a longer - term business association , as well as a _ _ _ _ _ _ and _ _ _ _ _ , as impact company and stymy . was negotiations"
"________ is the use of language of to mask or expose the ethical nature of decisions, actions and behaviours.",Ethical splicing,Moral framing,Ethical window dressing,Moral splicing,B,"_______ What to is nature the of language of mask or expose the ethical of decisions , actions and behaviours . was _"
The extent to which an individual believes they can control their life is determined by their __________.,Moral imagination,Personal integrity,Cognitive moral development,Locus of control,D,What can determined life The extent to which an believes control their is by their _ _ _ _ _ _ _ _ _ _ . was they
"The enforcement of company privacy is complex as corporations are somewhat __________, as there are few clear barriers to define their limits, it is difficult to _________ due to the number of individuals involved and much corporate activity takes place in ________.","Boundaryless, Control information, Private spaces","Public spaces, Maintain individual privacy, Private spaces","Boundaryless, Control information, Public spaces","Private spaces, Maintain individual privacy, Public spaces",C,"What to is _ The of company privacy is complex as are somewhat _ _ _ _ _ _ , as there are few clear define their , difficult to _ _ _ _ _ _ due to the number of individuals involved and much corporate takes in _ . was activity"
"What term can be used to describe 'the hypothetical agreement between member of society and those who govern it which establishes the inter-relationships, rights and responsibilities on a fair basis'?",Social Contract,Duty Ethics,Consequentialism,Virtue Ethics,A,"What to used relationships What term be describe ' the hypothetical between member of society and those govern establishes the , rights and responsibilities on a fair basis ' ? was which"
"Businesses have _____ within society and have the potential to provide a ____ to society while ____ has the potential to inflict enormous harm on individuals, communities and the environment.","Little power, Small contribution, Business malpractice","Little power, Major contribution, Corporate social responsibility","Huge power, Small contribution, Corporate social responsibility","Huge power, Major contribution, Business malpractice",D,"What to have harm within society and have the provide a to society while _ has the inflict enormous on individuals , communities and the environment . was Businesses"
According Carroll what four categories or aspects can corporate social responsibility be broken down into?,"Political, Legal, Ethical and Philanthropic","Economic, Legal, Ethical and Philanthropic","Economic, Legal, Cultural and Philanthropic","Economic, Legal, Ethical and Environmental",B,According Carroll what four categories or aspects can corporate social responsibility be broken down into?
"Affirmative action involves ________ attempts to target ______ who are _________ within an organisation's workforce, for instance by trying to ______ the proportion of women, disabled or racial minorities in senior management positions.","Proactive, Groups, Under-represented, Increase","Passive, Groups, Under-represented, Retain","Proactive, Individuals, Represented, Increase","Passive, Individuals, Represented, Retain",A,"What involves _ Affirmative was action What to attempts _ target are within an organisation 's workforce , for instance by trying to _ _ was who the proportion of women, disabled or racial minorities in senior management positions."
"Traditionally consumer rights were based on the notion of _______ or _______ where the responsibility lay with consumer to avoid subpar products. However, this has gradually eroded due to increased ________ at a ________, EU and UN level.","Caveat emptor, Company Responsibility, Informal codes, International","Caveat emptor, Buyer beware, Regulation, National","Cemptor Eaveat, Buyer beware, Regulation, National","Cemptor Eaveat, Company Responsibility, Informal Codes, International",B,"Where to based products Traditionally consumer rights were on the notion of _ _ _ _ _ _ _ or _ _ _ _ _ _ _ where the lay with consumer avoid subpar . was responsibility How has eroded _ However , gradually due to increased _ _ _ _ _ _ _ was this at a ________, EU and UN level."
"The state of being unable to make an informed, reasoned decision about a product purchase is known as?",Consumer inclusion,Consumer competence,Consumer exclusion,Consumer vulnerability,D,"The state of being unable to make an informed, reasoned decision about a product purchase is known as?"
"According to Mitchell et al (1997) ______, the perceived ability of a stakeholder to influence organisational action, ________ whether the organisation perceives the stakeholder's actions as desirable, proper and appropriate and ________, the immediacy of attention the stakeholder claims require, determine stakeholder ________.","Power, Legitimacy, Salience Urgency","Legitimacy, Urgency, Salience, Power","Power, Legitimacy, Urgency, Salience","Salience, Power, Urgency, Legitimacy",C,"According to Mitchell et al (1997) ______, the perceived ability of a stakeholder to influence organisational action, ________ What require _ whether the perceives the stakeholder 's as desirable , proper and appropriate and _ _ _ _ _ _ _ _ , the of attention the stakeholder , determine _ _ . was claims"
_______ and _______ are both examples of _______ -based theories which are based on basic universal principles of right and wrong.,"Ethics of duty, Ethics of rights and justice, Principle","Utilitarianism, Egoism, Principle","Ethics of duty, Utilitarianism, Consequentialist","Egoism, Ethics of rights and justice, Consequentialist",A,_______ and ______ What are _ both of _ _ was _ -based theories which are based on basic universal principles of right and wrong.
The complexity of the theory.,"1,2,3,4","1,3,4","1,2,3","1,2,4",C,The complexity of the theory.
"________ is any business effort to influence government or public policy. It includes activities such as __________, political advertising, financial contributions, ________ action and political ________.","Private regulation, Lobbying, Environmental, Fundraising","Private regulation, Consumer Marketing, Legal, Fundraising","Corporate political activity, Lobbying, Legal, Campaigning","Corporate political activity, Consumer marketing, Environmental, Campaigning",C,"_______ What to is government any business influence or public policy . was _ What includes _ such as _ _ , political advertising , financial contributions , _ and political _ _ . was It"
_________ such as the ________ in the United States is a key factor in driving ethical business practices.,"Legislation, Sarbanes-Oxley Act","Internal company policy, Unethical corporate practices act","Internal company policy, Sarbanes-Oxley Act","Legislation, Unethical corporate practices act",A,_________ such as the ________ in the United States is a key factor in driving ethical business practices.
" _______, where actors are convinced that their actions harms nobody, _______ where actors argue that their norm violation is an attempt to realize higher-order values and ________ , where actors argue they are owed something, are all strategies for justifying or denying unethical behaviour.","Appeal to higher loyalties, Denial of injury, Metaphor of the ledger","Appeal to higher loyalties, Metaphor of the ledger, Denial of injury","Denial of injury, Appeal to higher loyalties, Metaphor of the ledger","Denial of injury, Metaphor of the ledger, Appeal to higher loyalties,",C,"Where to _ values _ _ _ _ _ _ , where are convinced that their harms , _ _ _ _ _ _ where argue that their norm is an realize higher - order and _ _ _ _ _ _ _ was violation Where are behaviour , where argue they are owed , all for justifying or denying unethical . was actors"
Which of the following is not one the underlying principles of the corporate governance Combined Code of Practice?,Openness,Integrity,Availability,Acceptability,D,What is principles of the following not the underlying of the corporate governance Combined Code of Practice ? was Which
"Factors that impact ethical decision making can be broadly broken down into ________ factors, related to the unique characteristics of a person, and _________ factors, which are features of the person's environment or the particular issue.","Tailored, Individual","Situational, Individual","Situational, Tailored","Individual, Situational",D,"What can broken making Factors impact ethical decision be broadly down into _ _ _ _ _ _ _ _ was that factors, related to the unique characteristics of a person, and _________ What factors features , are of the person 's environment or the particular issue . was which"
"_____ is a key driving force shaping the current and future state of business ethics, in particular regarding _____, ______ and _____ related issues.","Globalisation, Cultural, Legal, Accountability","Nationalisation, Cultural, Environmental, Accountability","Privatisation, Cultural, Legal, Accountability","Globalisation, Technological, Financial, Accountability",A,"____ What is issues a key driving shaping the current and future of business ethics , in particular regarding _ , _ _ _ _ _ and _ _ _ _ related . was _"
CSO's frequently spend too much time communicating their performance measures and too much time devising them with input from beneficiaries.,"2,3","1,3","3,4","1,2,3,4",B,Who spend them 's frequently too much communicating their performance and too much time devising with input from beneficiaries . was CSO
"The race to the ______ is when, due to increased ________, countries compete for foreign investment through companies' relocation decisions by weakening their ______ and _____ standards.","Bottom, Globalisation, Social, Environmental","Top, Globalisation, Political, Environmental","Bottom, Standardisation, Social, Economic","Top, Standardisation, Political, Economic",A,"When is standards The to the _ _ _ _ _ _ when , due to increased _ _ _ _ _ , compete for foreign investment through companies ' relocation decisions by weakening their and _ _ . was countries"
"Managers are entrusted to run the company in the best interest of ________. Specifically, they have a duty to act for the benefit of the company, as well as a duty of ________ and of _______.","Shareholders, Care and Skill, Diligence","Stakeholder, Care and Skill, Diligence","Shareholders, Self-interest, Diligence","Stakeholders, Care and skill, Self-interest",A,"Managers are entrusted to run the company in the best interest of ________. What to have _ Specifically , a act for the benefit of the company , as well as a duty of _ and of _ _ _ _ _ _ _ . was they"
Replacing supply chains with _______ enhances the importance of product _______as well as a fundamental redesign of every activity a firm engages in that produces _______.,"Supply loops, Recapture, Waste","Supply loops, Redesign, Profit","Global production networks, Recapture, Waste","Global production networks, Redesign, Profit",A,What enhances _ Replacing supply with _ the of product _ _ as well as a fundamental of every activity a firm engages in produces . was that
A company may become insolvent if it,has negative working capital,cannot meet its budgeted level of profit,makes a loss,cannot pay creditors in full after realisation of its assets,D,What may become A insolvent if it was company
"The ISO 26000 standard on ________ is emblematic of a number of trends emerging within the shared global governance space. Specifically, these trends concern, more deliberation and ________, greater focus on the _______ rather than outcomes and more _______ rather than specific norms.","Social responsibility, Collaboration, Process, Frameworks","Social responsibility, Individualism, Process, Legislation","Environmental responsibility, Individualism, Inputs, Frameworks","Environmental responsibility, Collaboration, Inputs, Legislation",A,"What is The ISO 26000 on _ _ _ _ _ _ _ _ emblematic of a number of trends emerging within the shared global governance space . was standard Specifically, these trends concern, more deliberation and ________, greater focus on the _______ rather than outcomes and more _______ rather than specific norms."
"The ___________, otherwise known as _________ was launched in 1997 and is a global workplace standard that covers key labour rights such as working hours, forced labour and discrimination, with compliance being certified by independent auditors.","Social accountability standard, SA 8000","Social accountability standard, SA 9000","Sarbanes-Oxley Act, SA 8000","Sarbanes-Oxley Act, SA 9000",A,"Where launched labour The _ _ _ _ _ _ _ _ _ _ _ , otherwise known as _ _ _ _ _ _ _ _ _ was in 1997 and is a global workplace covers key labour such as working hours , forced and discrimination , with compliance being certified by independent auditors . was that"
Managers and directors have a fiduciary responsibility to protect the investment of shareholders.,"1,3,4","1,2,3,","1,2,4","2,3,4",A,What to have investment and directors a fiduciary protect the of shareholders . was Managers
Cultural homogenization.,"1,3,4","1,2,3","1,2,3,4","2,3,4",B,Cultural homogenization.
Insider trading undermines the fiduciary relationship.,"1,2,3","1,2,4","2,3,4","1,2,3,4",B,What undermines relationship Insider the fiduciary . was trading
"There are two main issues associated with _____ sizing. _______ is a key issue as due to the information policy of the corporation it can be argued that employees have a right to know if they are being made redundant. _______ is a second issue, particularly the ________ package that employees receive when laid off.","Down, Involvement, Remuneration, Compensation","Up, Involvement, Autonomy, Compensation","Down, Autonomy, Remuneration, Benefit","Up, Independence, Involvement, Benefit",A,"There are two main issues associated with _____ sizing. ______ What are is right a key as due to the information policy of the corporation it be argued that have a know if they being made redundant . was employees ______ What is _ a second , particularly the _ was _ When package that receive when laid off . was employees"
_______ locate morality beyond the sphere of rationality in an emotional 'moral impulse' towards others.,Virtue ethics,Ethical egoism,Postmodern ethics,Ethics of duty,C,______ _ locate morality beyond the sphere of rationality in an emotional 'moral impulse' towards others.
"Under ethical ________ objective moral principles can be rationally determined, while ethical under ________ morality is both context dependant and subjective.","Normativity, Relativism","Absolutism, Relativism","Relativism, Absolutism","Absolutism, Normativity",B,"Under ethical ________ objective moral principles can be rationally determined, while ethical under ________ What is both context dependant and subjective . was morality"
" Some of key differences between Islamic finance and conventional finance include - prohibition of charging and paying _______, prohibition on ______ and ______ transactions, prohibition of sinful investment and requirement for all financial products to be backed by __________.","Interest, Certain, Speculative, Intangible assets","Interest, Uncertain, Assured, Intangible assets","Interest, Uncertain, Speculative, Tangible assets","Interest, Certain, Assured, Tangible assets",C,"What to include _ of key differences between Islamic finance and conventional finance - of charging and paying , prohibition on _ _ _ _ _ _ and _ _ _ _ , prohibition of sinful investment and requirement for all financial products be backed by _ _ . was Some"
"________ reasoning is considered by many to be prevalent within society and particularly within businesses, where it is often referred to in the form of a ___________.","Consequentialist, Cost-benefit analysis","Rationalised, Annual audit","Consequentialist, Annual audit","Rationalised, Cost-benefit analysis",A,"________ reasoning is considered by many to be prevalent within society and particularly within businesses, where it is often referred to in the form of a ___________."
Which of the following areas is not covered by the principles enshrined in the UN Global Compact?,Human rights,Labour,Commercial performance,Anti-corruption,C,Which of the following areas is not covered by the principles enshrined in the UN Global Compact?
"What are, according to Wood (1991), the three outcomes of CSR?","Social policies, Social programmes and Social impacts","Social evaluations, Social programmes and Social impacts","Social policies, Social evidencing and Social impacts","Social policies, Social programmes and Social analysis",A,"What are, according to Wood (1991), the three outcomes of CSR?"
"Businesses engage in social accounting due to demands from _________, in order to identify ________, to improve ___________ and to encourage _________ and ___________","Stakeholders, Risks, Stakeholder management, Accountability, Transparency","Stakeholders, Accountability, Transparency, Risks, Stakeholder Management","Stakeholders, Accountability, Risks, Stakeholders, Stakeholder Management","Stakeholders, Stakeholder Management, Transparency, Risks, Accountability",A,"What to engage _ in social accounting due to demands from _ _ _ _ _ _ _ _ _ , in order identify , improve and encourage and _ _ was Businesses"
Post-modern ethics assert that ethics are context and individual specific and as such have an internal guide to ethics.,"2,3","1,3","1,2,3","1,2",B,What assert guide Post - modern that are and individual specific and as such have an internal to ethics . was ethics
"The focus on issues, the intended audience extending beyond shareholders and the voluntary nature of ___________ distinguish it from _________.","Financial accounting, Environmental management initiatives","Financial accounting, Social accounting.","Social accounting, Financial accounting.","Annual report publication, Social accounting",C,"What distinguish it The on issues , the intended extending beyond shareholders and the voluntary nature of _ _ _ _ _ _ _ from _ _ _ _ _ _ _ _ _ . was audience"
"Negative advertising, stealing or poaching customers and predatory pricing are all strategies employed by businesses described using the umbrella term ________.",Reasonable competitive behaviour,Swindles,Competitive tricks,Dirty tricks,D,"What are _ Negative , stealing or poaching and predatory pricing all employed by businesses described using the umbrella . was advertising"
"______ the workplace involves empowering employees through, for example, 'job enrichment' where employees are given a larger scope for deciding how to organize their work or 'job enlargement' where employees are given a wider range of tasks to do.",Re-invigorating,Re-flourishing,Revitalizing,Rehumanizing,D,"______ Where to involves range the empowering through , for example , ' job enrichment ' where employees are given a larger for deciding how organize their or ' job enlargement ' where employees are given a wider of tasks do . was workplace"
The need to head off negative publicity.,"1,3,4","2,3,4","1,2,3","1,2,3,4",C,The need to head off negative publicity.
"The rise in business led, private regulation can be attributed to: encouragement of a _______ approach from industry, _________ and _______ achievement of objectives.","Faster, Cost effectiveness, Slower","Faster, Heightened costs, Slower","Proactive, Cost effectiveness, Faster","Proactive, Heightened costs, Faster",C,"What can attributed The in business led , private regulation be to : encouragement of a _ _ _ _ _ _ _ was rise approach from industry, _________ and _______ achievement of objectives."
" The ________ perspective on sustainability resulted from growth models that analysed the carrying capacity of the planet, overall concluding that the finite capacity of the earth and_______, ________ and _______ by current and past generations could reduce quality of life for future generations. This contrasts with the environmental perspective with focuses on the need to maintain and preserve the natural environment.","Economic, Overuse of resources, Overpopulation, Over pollution,","Economic, Underuse of resources, Underpopulation, Unsustainability","Environmental, Underuse of resources, Overpopulation, Over pollution","Environmental, Overuse of resources, Underpopulation, Unsustainability",C,"What resulted capacity The _ _ _ _ _ _ _ _ on sustainability from growth models analysed the carrying of the planet , overall concluding that the finite capacity of the earth and _ _ _ _ _ _ _ , _ _ _ _ _ _ _ _ and _ _ _ _ _ _ _ was that by current and past generations could reduce quality of life for future generations. What to contrasts environment with the environmental perspective with focuses on the need maintain and preserve the natural . was This"
"Healthy eating, particularly relating to sugar and salt consumption, food and packaging waste and supply chain CO2 emissions are all business ethics issues facing the ________.",Supermarket industry,Chemicals industry,Construction industry,Information and mobile technology industry,A,"What are _ Healthy , particularly relating to sugar and salt consumption , food and packaging waste and supply chain CO2 emissions all business ethics facing the . was eating"
"_______ is a system of exchange based on guaranteeing producers in developing countries a living wage, decent working conditions and opportunities for community development.",Sustainable sourcing,Fair trade,Ethical sourcing,Supply chain responsibility,B,"______ What is wage a of exchange based on guaranteeing in developing countries a living , decent working conditions and opportunities for community development . was _"
_________ are individual beliefs about desirable behaviours and goals that are stable over time and which influence decision making.,Character traits,Personal values,Personal attitudes,Personal traits,B,________ When are making individual about desirable behaviours and goals are stable over time and influence decision . was which
They are too irrational and uncodified.,"3,4","1,3","2,3","4,1",B,What are too irrational and uncodified . was They
The purposes for which the information is used is in the public's interest.,"1,2","1,3","2,3","1,2,3",A,What is The for which the information is used in the public 's interest . was purposes
The Private Sector Social Enterprise Model.,"1,2,4","2,3,4","1,2,3,4","1,2,3",D,The Private Sector Social Enterprise Model.
______ is the corporate role in governing citizenship rights for the individual,Political Corporate Social Responsibility,Triple Bottom Line,Sustainability,Corporate Citizenship,D,_____ What is rights the corporate in governing citizenship for the individual was _
How the code is enforced.,"1,2,3","1,2,4","1,3,4","2,3,4",B,How the code is enforced.
"According to Evan and Freeman (1993), the Principle of ________ and the Principle of _______ can be used in a specific situation to determine who constitutes a _______.","Corporate rights, Corporate effect, Stakeholder","Corporate deniability, Corporate effect, Stakeholder","Corporate rights, Corporate responsibility, Stakeholder","Corporate rights, Corporate effect, Shareholder",A,"According to Evan and Freeman (1993), the Principle of ________ and the Principle of _______ What to used _ be in a specific situation determine constitutes a . was who"
The relationship between ethics and the law can be described as…,"Incredibly close, in fact, in all instances what is ethical is also what is legal and vice versa.","Not close, ethics and the law share a small amount of overlap, but fundamentally address differing questions and themes.","Close, as there is considerable overlap between ethics and law, but the two are not equivalent.","Not at all close, ethics and the law are virtually incompatible.",C,The relationship between ethics and the law can be described as…
"In a business to business context, conflicts of interest can arise in two main ways: conflict of _______ and _______ interests, which might arise, for example, when a firm is hired as a supplier of professional services by another firm or conflict of _________ and ________ interests, such as where an individual's interests may conflict with that of their employer.","Professional, Organizational, Personal, Organizational","Professional, Individual, Personal, Organizational","Individual, Organizational, Organizational, Professional","Individual, Professional, Organizational, Personal",A,"When may arise interests In a business to business context , of interest in two main ways : conflict of _ _ _ _ and _ _ _ _ _ , arise , for example , when a firm is hired as a supplier of professional services by another firm or conflict of _ _ _ _ _ and _ _ _ _ _ _ , such as where an individual 's conflict with that of their employer . was interests"
"________ are a business ethics management tool that have grown over the last few decades. Areas which these typically cover are compliance, corruption and environmental issues. However, they are constantly evolving, with for example, the onus on __________ having grown in recent years.","Annual reports, Company financial performance","Annual report, Internet - social media and networking","Codes of ethics, Company financial performance","Codes of ethics, Internet - social media and networking",D,"_______ What have are tool a business ethics management grown over the last few decades . was that What are compliance these typically cover , corruption and environmental issues . was Areas How are evolving _ However , constantly , with for example , the onus on _ _ _ was they having grown in recent years."
Which of the following statements is correct?,Business ethics is not a real concept as the rules and ethics of everyday life don't apply to the world of business.,"Business Ethics is the study of business situations, activities and decisions where issues of right and wrong are addressed.",Business ethics cannot be defined as a real concept as it is an oxymoronic term.,Business ethics is concerned with the study of assessing the activities of a business based on their profitability.,B,What is of the following statements correct ? was Which
