Question,Option A,Option B,Option C,Option D,Answer,Question_Wh_cleft
Which of the following styles of fuzzer is more likely to explore paths covering every line of code in the following program?,Generational,Blackbox,Whitebox,Mutation-based,C,What to is line of the following styles of fuzzer more likely explore covering every of code in the following program ? was Which
"Assume that a TLS connection has been established successfully between a client and a server. Establishing the session included checking the server certificate and executing a DiffieHelmann exchange, but the client did not provide a client certificate. Further, assume that the client and server are honest, that the client and server don’t leak their keys, and that the cryptography is good. Which of the following attacks does TLS protect against?
1. An attacker replaying bytes that a client sent earlier.
2. An attacker impersonating the server.","True, True","False, False","True, False","False, True",A,"Assume that a TLS connection has been established successfully between a client and a server. What did included certificate Establishing the checking the server and executing a DiffieHelmann , but the not provide a client . was client What do assume keys Further , that the and server are honest , that the and server n’t leak their , and that the is good . was cryptography Who does protect 1 Which of the following attacks against ? 
 . was TLS What bytes An attacker replaying that a sent earlier . was client 2. An attacker impersonating the server."
MIT’s Kerberos KDC server has a maximum ticket lifetime of 24 hours (for most user principals). What ensures that an expired Kerberos ticket can no longer be used?,The Kerberos server (KDC) refuses to establish new connections between clients and servers for expired tickets.,"When a client connects to a server, the server sets a 24-hour timer to terminate the connection, which ensures a client cannot remain connected past the ticket’s maximum lifetime.","When a client connects to a server, the server compares the ticket’s expiration time to the server’s current clock, and refuses to authenticate the user if the ticket expiration time is in the past.","When a client connects to a server, the server sends a query to the KDC to check if the ticket is still valid with respect to the KDC’s clock, and refuses to authenticate the user if the KDC reports that the ticket is expired.",C,What has lifetime MIT ’s Kerberos KDC a maximum ticket of 24 hours ( for most user principals ) . was server What can ensures that an expired Kerberos ticket no longer be used ? was What
"In Message Condentiality, the transmitted message must make sense to only intended",Receiver,Sender,Modulor,Translator,A,"What to make sense In Message Condentiality , the transmitted only intended was message"
Which of the following is a remote Trojan?,Troya,DaCryptic,BankerA,Game-Troj,A,What is Trojan of the following a remote ? was Which
______________ is a widespread app’s coding mistake made by developers which could be exploited by an attacker for gaining access or malfunctioning your system.,Memory leakage,Buffer-overrun,Less processing power,Inefficient programming,B,_____________ What could is system a widespread app ’s coding made by developers which be exploited by an attacker for gaining or malfunctioning your . was _
"Consider the paper Native Client: A Sandbox for Portable, Untrusted x86 Native Code by Yee et al. Ben Bitdiddle notes that NaCl uses Intel x86 segmentation to ensure that the sandboxed module does not read or write memory outside its own data area, and does not execute instructions outside its own code. Ben thinks that with these restrictions alone, executing the sandboxed module must be safe; that is, he thinks validation is not needed. Ben is wrong. Circle the types of x86 machine instructions that the validator always forbids in sandboxed code. Please ignore trampoline and springboard code.",all instructions that modify segment state,all loads or stores to addresses that are not 0 mod 32,all indirect loads or stores (via an address in a register or variable),all indirect jumps (via an address in a register or variable),A,"Consider the paper Native Client: A Sandbox for Portable, Untrusted x86 Native Code by Yee et al. What does notes instructions Ben that uses Intel x86 ensure that the sandboxed not read or write outside its own data area , and not execute outside its own code . was module What must thinks module thinks that with these restrictions alone , executing the sandboxed be safe ; that is , validation is not needed . was he Who is wrong . was Ben What Circle that the of x86 machine instructions the always forbids in sandboxed code . was validator Please ignore trampoline and springboard code."
____________ is also a part of darknet that is employed for transferring files anonymously.,Freenet,ARPANET,Stuxnet,Internet,A,___________ What is files also a of darknet that is employed for transferring anonymously . was _
"Why apps developed in languages like C, C++ is prone to Buffer-overflow?",No string boundary checks in predefined functions,No storage check in the external memory,No processing power check,No database check,A,"Who is Why apps developed in languages like C , prone to Buffer - overflow ? was C++"
Man in the middle attack can endanger the security of Diffie Hellman method if two parties are not,Joined,Authenticated,Submitted,Shared,B,What can endanger security in the middle attack the of Diffie Hellman method if two are not was parties
An integer overflow occurs when,"an integer expression's result ""wraps around""; instead of creating a very large number, a very small (or negative) number ends up getting created",an integer is used as if it was a pointer,an integer is used to access a buffer outside of the buffer's bounds,there is no more space to hold integers in the program,D,When occurs An integer when was overflow
"Let HH be a Merkle-Damgard hash function is H:X^{\leq L} \to TH:X^≤L  →T. Construct a MAC from this HH as follows: \ \ S(k,m) = H(k \| m)  S(k,m)=H(k∥m). This mac is insecure because:",Given H(k \| m)H(k∥m) anyone can compute H(w \| k \| m \| \text{PB})H(w∥k∥m∥PB) for any ww,Given H(k \| m)H(k∥m) anyone can compute H(k \| m \| w)H(k∥m∥w) for any ww,Given H(k \| m)H(k∥m) anyone can compute H(k \| m \| \text{PB} \| w)H(k∥m∥PB∥w) for any ww,Anyone can compute H( k \| m )H(k∥m) for any mm,C,"What is MAC Let be a Merkle - Damgard hash : X^{\leq L } \to TH : X^≤L   →T. Construct a from this HH as follows : was HH \ \ S(k,m) What = m )   , m)=H(k∥m ) . was S(k What is This insecure because : was mac"
"Suppose that Alice and Bob sent confidential text messages to one another last month through an encrypted messaging system. Alice and Bob are worried that an adversary might compromise one of their computers today, while they are taking the 6.858 final exam, and would then be able to decrypt those messages. Which of the following security properties can address Alice and Bob’s concern?",Authentication.,Deniability.,Forward secrecy,Backward secrecy.,C,"Who Suppose messages that and Bob sent confidential text to one another last month through an encrypted messaging system . was Alice What to are messages and Bob worried that an compromise of their computers today , while taking the 6.858 final , and then be able decrypt those . was they What can address concern of the following security properties Alice and Bob ’s ? was Which"
"The AH Protocol provides source authentication and data integrity, but not",Integrity,Privacy,Nonrepudiation,Both A & C,B,"What provides integrity The AH source authentication and data , but not was Protocol"
Which of the following is not a security exploit?,Eavesdropping,Cross-site scripting,Authentication,SQL Injection,C,What is exploit of the following not a security ? was Which
_______________ is the central node of 802.11 wireless operations.,WPA,Access Point,WAP,Access Port,B,______________ What is node the central of 802.11 wireless operations . was _
In MD-5 the length of the message digest is,160,128,64,54,B,What is In MD-5 the of the message digest was length
What is Nmap?,"It is a scanner which works by injecting packets to a range of addresses, and inferring what hosts and services might be at those addresses, based on the responses",It is a network fuzz testing tool,It is a map of the Internet,"It is a suite of tools for scripting attacks: probe, construct, encode, inject, wait for response",A,What is What ? was Nmap
How do you prevent SQL injection?,Escape queries,Interrupt requests,Merge tables,All of the above,A,How do prevent injection How SQL ? was you
"What does it mean to ""be stealthy"" during a penetration test?",Performing the tests from an undisclosed location,Using encryption during tests to make the source of attacks impossible to determine,Performing penetration testing without the target organization knowing,"Taking care to avoid activities during a penetration test that might attract attention, e.g., by operators or IDS services",D,"What to mean What "" be stealthy "" during a penetration test ? was it"
Which of the following is not a transport layer vulnerability?,"Mishandling of undefined, poorly defined variables",The Vulnerability that allows “fingerprinting” & other enumeration of host information,Overloading of transport-layer mechanisms,Unauthorized network access,D,What is vulnerability of the following not a transport layer ? was Which
"In Brumley and Boneh’s paper on side-channel attacks, why does blinding prevent the timing attack from working?","Blinding prevents the server from using the CRT optimization, which is essential to the timing attack.","Blinding changes the p and q primes that are used, so an adversary cannot learn the server’s true p and q values.","Blinding randomizes the ciphertext being decrypted, thus obscuring the correlation between an adversary’s input and the timing differences.","Blinding adds a random amount of time to the decryption due to the multiplication and division by the blinding random value r, which obscures the timing differences used in the attack.",C,"Why does prevent attack In Brumley and Boneh ’s paper on side - channel attacks , why the timing from working ? was blinding"
"The openSSL implementation described in “Remote Timing Attacks are Practical” (by Brumley and Boneh) uses the following performance optimizations: Chinese Remainder (CR), Montgomery Representation (MR), Karatsuba Multiplication (KM), and Repeated squaring and Sliding windows (RS). Which of the following options would close the timing channel attack described in the paper if you turned the listed optimizations off?
1. RS and KM
2. RS and MR","True, True","False, False","True, False","False, True",D,"What are optimizations The openSSL described in “ Remote Timing Attacks Practical ” ( by Brumley and Boneh ) uses the following performance : Chinese Remainder ( CR ) , Montgomery Representation ( MR ) , Karatsuba Multiplication ( KM ) , and Repeated squaring and Sliding windows ( RS ) . was implementation What would close optimizations of the following options the timing channel described in the paper if turned the listed off ? was you 1. RS and KM
2. RS and MR"
Public key encryption is advantageous over Symmetric key Cryptography because of,Speed,Space,Key exchange,Key length,C,What is Public key advantageous over Symmetric key Cryptography because of was encryption
The __________ was a huge marketplace of Dark Web specifically famous for selling of illegal drugs & narcotics as well as you can find a wide range of other goods for sale.,Silk Road,Cotton Road,Dark Road,Drug Road,A,What can was range The _ _ _ _ _ _ _ _ _ a huge of Dark Web specifically famous for selling of illegal drugs & narcotics as well as find a wide of other goods for sale . was you
The ______________ is categorized as an unknown segment of the Deep Web which has been purposely kept hidden & is inaccessible using standard web browsers.,Haunted web,World Wide Web,Dark web,Surface web,C,The ______________ is categorized as an unknown segment of the Deep Web which has been purposely kept hidden & is inaccessible using standard web browsers.
What does EXE do when the STP solver times out on a constraint query for a particular path?,Assume that the query is satisfiable and continue executing the path.,Assume that the query is not satisfiable and stop executing the path,"Restart STP and retry the query, up to a limited number of retries.",Remove a subset of the constraints and retry the query.,B,Who does do What when the solver times out on a constraint query for a particular path ? was STP
To verify a digital signature we need the,Sender’s Private key,Sender’s Public key,Receiver’s Private key,Receiver’s Public key,B,What To verify signature a digital need the was we
Suppose you want to use fuzzing on a program to try to find memory errors; which of the following statements is true?,"You should not use a grammar-based fuzzer, because its adherence to the grammar means it will not find memory errors",Compiling the program with address sanitizer (ASAN) will make errors harder to reproduce,Compiling the program with address sanitizer (ASAN) will make the source of a memory error easier to find,"Fuzzing doesn't find memory errors, it finds crashes and hangs",C,What to Suppose errors want use fuzzing on a program try find memory ; of the following statements is true ? was which
"Based on the paper “SoK: SSL and HTTPS: Revisiting past challenges and evaluating certificates trust model enhancements”, which of the following statements are false?",Valid DV certificates provide more confidence to a user that she is connecting to the intended party than valid EV certificates.,OCSP stapling allows a server to prove to a browser that its certificate hasn’t been revoked.,DANE makes it difficult for an adversary to launch a SSL stripping attack.,Server key-pinning makes it harder for an adversary to convince a CA to mint a certificate for a site and launch an MITM attack on that site.,A,"Based on the paper “SoK: SSL and HTTPS: What are enhancements Revisiting past and evaluating certificates trust model ” , of the following statements false ? was which"
What tool can be used to perform SNMP enumeration?,DNSlookup,Whois,Nslookup,IP Network Browser,D,What tool can be used to perform SNMP enumeration?
Which among them has the strongest wireless security?,WEP,WPA,WPA2,WPA3,D,What has security among them the strongest wireless ? was Which
"Suppose Unix did not provide a way of passing file descriptors between processes, but still allowed inheriting file descriptors from a parent on fork and exec. What aspects of the OKWS design would break without file descriptor passing?
1. It would be impossible for services to get a TCP connection to the client web browser.
2. It would be impossible for okd to run as a non-root user.","True, True","False, False","True, False","False, True",C,"What did Suppose descriptors not provide a of passing file between processes , but still allowed inheriting file from a parent on fork and exec . was Unix What would break 1 What of the OKWS design without file descriptor passing ? 
 . was aspects What to be connection impossible for get a TCP to the client web browser . was services 2. What to be impossible for run as a non - root user . was okd"
Failed sessions allow brute-force attacks on access credentials. This type of attacks are done in which layer of the OSI model?,Physical layer,Data-link Layer,Session layer,Presentation layer,C,What allow attacks Failed brute - force on access credentials . was sessions This type of attacks are done in which layer of the OSI model?
Which of the following is an authentication method?,Secret question,Biometric,SMS code,All of the above,D,What is method of the following an authentication ? was Which
"When does a buffer overflow occur, generally speaking?",when writing to a pointer that has been freed,when copying a buffer from the stack to the heap,when a pointer is used to access memory not allocated to it,"when the program notices a buffer has filled up, and so starts to reject requests",C,"When does speaking When a buffer occur , generally ? was overflow"
A digital signature needs a,Private-key system,Shared-key system,Public-key system,All of them,C,What needs a A digital was signature
A packet filter firewall filters at the,Application or transport,Data link layer,Physical Layer,Network or transport layer,D,A packet filter firewall filters at the
"Let I = (S,V)I=(S,V) be a MAC. Suppose S(k,m)S(k,m) is always 5 bits long. Can this MAC be secure?","No, an attacker can simply guess the tag for messages",It depends on the details of the MAC,"Yes, the attacker cannot generate a valid tag for any message","Yes, the PRG is pseudorandom",A,"What Let MAC ( S , V)I=(S , V ) be a . was = Suppose S(k,m)S(k,m) is always 5 bits long. Who Can be this secure ? was MAC"
Which of the following deals with network intrusion detection and real-time traffic analysis?,John the Ripper,L0phtCrack,Snort,Nessus,C,Which of the following deals with network intrusion detection and real-time traffic analysis?
The Message condentiality or privacy means that the sender and the receiver expect,Integrity,Condentiality,Authentication,Nonrepudiation,B,What means The Message or privacy that the and the receiver expect was sender
"When a wireless user authenticates to any AP, both of them go in the course of four-step authentication progression which is called _____________",AP-handshaking,4-way handshake,4-way connection,wireless handshaking,B,"When go When a wireless authenticates to any AP , of them in the course of four - step authentication progression which is called _ _ _ _ _ _ _ _ _ _ _ _ _ was both"
Message authentication is a service beyond,Message Condentiality,Message Integrity,Message Splashing,Message Sending,B,What is service Message a beyond was authentication
Which of the following are most vulnerable to injection attacks?,Session IDs,Registry keys,Network communications,SQL queries based on user input,D,What are of the following most vulnerable to injection attacks ? was Which
"Assume that a TLS connection has been established successfully between a client and a server. Establishing the session included checking the server certificate and executing a DiffieHelmann exchange, but the client did not provide a client certificate. Further, assume that the client and server are honest, that the client and server don’t leak their keys, and that the cryptography is good. Which of the following attacks does TLS protect against?
1. An attacker replacing bytes sent by a client with bytes of the attacker’s own choosing.
2. An attacker reading the plaintext bytes sent by a client.","True, True","False, False","True, False","False, True",A,"Assume that a TLS connection has been established successfully between a client and a server. What did included certificate Establishing the checking the server and executing a DiffieHelmann , but the not provide a client . was client What do assume keys Further , that the and server are honest , that the and server n’t leak their , and that the is good . was cryptography Who does protect 1 Which of the following attacks against ? 
 . was TLS An attacker replacing bytes sent by a client with bytes of the attacker’s own choosing.
 2. An attacker reading the plaintext bytes sent by a client."
Which of the following is a Wireless traffic Sniffing tool?,Maltego,BurpSuit,Nessus,Wireshark,D,What is tool of the following a Wireless traffic Sniffing ? was Which
A ___________ is a method in which a computer security mechanism is bypassed untraceable for accessing the computer or its information.,front-door,backdoor,clickjacking,key-logging,B,What is computer A _ _ _ _ _ _ _ _ _ _ a in which a computer security mechanism is bypassed untraceable for accessing the or its information . was _
Which of the following is not a block cipher operating mode?,ECB,CFB,CBF,CBC,C,What is mode of the following not a block cipher operating ? was Which
What is a web proxy?,A piece of software that intercepts and possibly modifies requests (and responses) between a web browser and web server,An agent that makes decisions on the client's behalf when interacting with web applications,"A piece of software that makes a web application look like a standalone application, making it easier to test","A simulator for the web, for use when off-line",A,What is What a web ? was proxy
Buffer-overflow may remain as a bug in apps if __________ are not done fully.,boundary hacks,memory checks,boundary checks,buffer checks,C,What may remain Buffer - as a bug in apps if _ _ _ _ _ _ _ _ _ _ are not done fully . was overflow
Applications developed by programming languages like ____ and ______ have this common buffer-overflow error.,"C, Ruby","Python, Ruby","C, C++","Tcl, C#",C,What have error developed by programming languages like _ _ _ _ and _ _ _ _ _ _ this common buffer - overflow . was Applications
"Encryption and decryption provide secrecy, or condentiality, but not",Authentication,Integrity,Privacy,All of the above,B,"What provide secrecy and decryption , or condentiality , but not was Encryption"
A/an ___________ is a program that steals your logins & passwords for instant messaging applications.,IM – Trojans,Backdoor Trojans,Trojan-Downloader,Ransom Trojan,A,What is logins A / an _ _ _ _ _ _ _ _ _ _ a steals your & passwords for instant messaging applications . was that
The sub key length at each round of DES is__________,32,56,48,64,B,What is _ The sub key at each round of DES _ was length
Which of the following is true of mutation-based fuzzing?,It generates each different input by modifying a prior input,It works by making small mutations to the target program to induce faults,Each input is mutation that follows a given grammar,"It only makes sense for file-based fuzzing, not network-based fuzzing",A,What is of the following true of mutation - based fuzzing ? was Which
What are the types of scanning?,"Port, network, and services","Network, vulnerability, and port ","Passive, active, and interactive","Server, client, and network",B,What are What the of scanning ? was types
"A sender must not be able to deny sending a message that was sent, is known as",Message Nonrepudiation,Message Integrity,Message Condentiality,Message Sending,A,"What to known message A not be able deny sending a that was sent , is as was sender"
A proxy rewall lters at the,Physical layer,Application layer,Data link layer,Network layer,B,A proxy rewall lters at the
Encapsulating Security Payload (ESP) belongs to which Internet Security Protocol?,Secure Socket Layer Protocol,Secure IP Protocol,Secure Http Protocol,Transport Layer Security Protocol,B,What belongs Encapsulating Security ( ESP ) to which Internet Security Protocol ? was Payload
A special tool is necessary for entering the network which is _______________ that helps the anonymous internet users to access into the Tor’s network and use various Tor services.,Opera browser,Firefox,Chrome,Tor browser,D,What to is services A special necessary for entering the is _ _ _ _ _ _ _ _ _ _ _ _ helps the anonymous internet access into the Tor ’s network and use various Tor . was that
How does a buffer overflow on the stack facilitate running attacker-injected code?,By overwriting the return address to point to the location of that code,By writing directly to the instruction pointer register the address of the code,By writing directly to %eax the address of the code,"By changing the name of the running executable, stored on the stack",A,How does a buffer overflow on the stack facilitate running attacker-injected code?
The digest created by a hash function is normally called a,Modication detection code (MDC),Modify authentication connection,Message authentication control,Message authentication cipher,A,The digest created by a hash function is normally called a
"Let F: K \times R \to MF:K×R→M be a secure PRF. For m \in Mm∈M define E(k,m) = \big[ r \gets R,\ \text{output } \big(r,\ F(k,r) \oplus m\big)\ \big]E(k,m)=[r←R, output (r, F(k,r)⊕m) ] Is EE symantically secure under CPA?","Yes, whenever F is a secure PRF","No, there is always a CPA attack on this system","Yes, but only if R is large enough so r never repeats (w.h.p)",It depends on what F is used,C,"When be PRF Let F : K \times R \to MF : a secure . was K×R→M What = E(k For m \in , m ) [ r \gets R,\ \text{output } \big(r,\ F(k , r ) \oplus m\big)\ \big]E(k , m)=[r←R , output ( r , F(k , r)⊕m ) ] was \big What Is symantically secure under CPA ? was EE"
Old operating systems like _______ and NT-based systems have buffer-overflow attack a common vulnerability.,Windows 7,Chrome,IOS12,UNIX,D,What have vulnerability Old operating like _ _ _ _ _ _ _ and NT - based systems buffer - overflow a common . was systems
What is a replay attack?,When the attacker replies to a message sent to it by the system,"An attack that continuously repeats, probing for a weakness",An attack that uses the system's own messages and so cannot be defended against,"The attacker resends a captured message, and the site accept its and responds in the attacker's favor",D,What is What a replay ? was attack
Statement 1| A U2F USB dongle prevents malware on the user’s computer from stealing the user’s second factor to authenticate as that user even when the user’s computer is turned off. Statement 2| A server using U2F can reliably determine that the user who is attempting to login is indeed behind the computer that sent the login request.,"True, True","False, False","True, False","False, True",C,Statement 1| When to prevents factor A U2F USB on the user ’s computer from stealing the user ’s second authenticate as that user even when the user ’s computer is turned off . was dongle Statement 2| What to determine request A using reliably that the attempting login is indeed behind the computer sent the login . was that
____________________ is the anticipation of unauthorized access or break to computers or data by means of wireless networks.,Wireless access,Wireless security,Wired Security,Wired device apps,B,___________________ What is anticipation the of unauthorized access or break to computers or data by means of wireless networks . was _
Which of the following are benefits of penetration testing?,Results are often reproducible,Full evidence of security: a clean test means a secure system,Compositionality of security properties means tested components are secure even if others change,Makes an adversarial neural network converge more quickly,A,What are benefits of the following of penetration testing ? was Which
1. _________ framework made cracking of vulnerabilities easy like point and click.,.Net,Metasploit,Zeus,Ettercap,B,1. _________ What made cracking of vulnerabilities easy like point and click . was framework
You are given a message (m) and its OTP encryption (c). Can you compute the OTP key from m and c ?,"No, I cannot compute the key.","Yes, the key is k = m xor c.",I can only compute half the bits of the key.,"Yes, the key is k = m xor m.",B,You are given a message (m) and its OTP encryption (c). What Can compute key the OTP from m and c ? was you
"The openSSL implementation described in “Remote Timing Attacks are Practical” (by Brumley and Boneh) uses the following performance optimizations: Chinese Remainder (CR), Montgomery Representation (MR), Karatsuba Multiplication (KM), and Repeated squaring and Sliding windows (RS). Which of the following options would close the timing channel attack described in the paper if you turned the listed optimizations off?
1. CR and MR
2. CR","True, True","False, False","True, False","False, True",A,"What are optimizations The openSSL described in “ Remote Timing Attacks Practical ” ( by Brumley and Boneh ) uses the following performance : Chinese Remainder ( CR ) , Montgomery Representation ( MR ) , Karatsuba Multiplication ( KM ) , and Repeated squaring and Sliding windows ( RS ) . was implementation What would close optimizations of the following options the timing channel described in the paper if turned the listed off ? 
 1 . was you CR and MR
2. CR"
"When the data must arrive at the receiver exactly as they were sent, its called",Message Condentiality,Message Integrity,Message Splashing,Message Sending,B,"When must called When the arrive at the receiver exactly as they were sent , was its"
What is the difference between a direct leak and a side channel?,"A direct leak creates a denial of service by failing to free memory, while a channel frees memory as a side effect","A direct leak is one that is intentional, rather than by unintentional","A direct leak comes via the software system's intended interaction mechanism, where as a side channel leak comes from measurements of other system features, like timing, power usage, or space usage",There is no difference,C,What is What the between a direct leak and a side channel ? was difference
A session symmetric key between two parties is used,Only once,Twice,Multiple times,Conditions dependant,A,A session symmetric key between two parties is used
What is a nop sled,It is an anonymous version of a mop sled,"It is a sequence of nops preceding injected shellcode, useful when the return address is unknown",It is a method of removing zero bytes from shellcode,It is another name for a branch instruction at the end of sequence of nops,B,What is What a sled was nop
Which Nmap scan is does not completely open a TCP connection?,SYN stealth scan,TCP connect,XMAS tree scan,ACK scan,A,What does open connection Which scan not completely a TCP ? was Nmap
"Based on the paper “Click Trajectories: End-to-End Analysis of the Spam Value Chain”, which of the following statements are true? “Spammers” here refer to operators of various parts of the “spam value chain.”",Spammers run their spam-advertised web sites on compromised user machines that are part of a botnet.,Spammers need to register domain names in order for their spam-based advertisements to be effective.,There is a high cost for spammers to switch acquiring banks.,B and C,D,"What Based on the paper “ Click Trajectories : End - to - End Analysis of the Spam Value Chain ” , of the following statements are true ? was which What refer “ ” here to operators of various parts of the “ spam value chain . ” was Spammers"
"In a _____________ attack, the extra data that holds some specific instructions in the memory for actions is projected by a cyber-criminal or penetration tester to crack the system.",Phishing,MiTM,Buffer-overflow,Clickjacking,C,"What to projected system In a _ _ _ _ _ _ _ _ _ _ _ _ _ attack , the extra data holds some specific in the memory for actions is by a cyber - criminal or penetration tester crack the . was that"
_______________ is a popular tool used for network analysis in multiprotocol diverse network.,Snort,SuperScan,Burp Suit,EtterPeak,D,______________ What is tool a popular used for network analysis in multiprotocol diverse network . was _
"___________________ is alike as that of Access Point (AP) from 802.11, & the mobile operators uses it for offering signal coverage.",Base Signal Station,Base Transmitter Station,Base Transceiver Station,Transceiver Station,C,"__________________ What is coverage alike as that of Access Point ( AP ) from 802.11 , & the mobile uses for offering signal . was operators"
A __________ is a sequential segment of the memory location that is allocated for containing some data such as a character string or an array of integers.,stack,queue,external storage,buffer,D,What is data A _ _ _ _ _ _ _ _ _ a sequential of the memory location that is allocated for containing some such as a character string or an array of integers . was _
Which form of encryption does WPA use?,Shared key,LEAP,TKIP,AES,C,What does use Which of encryption WPA ? was form
"Let suppose a search box of an application can take at most 200 words, and you’ve inserted more than that and pressed the search button; the system crashes. Usually this is because of limited __________",buffer,external storage,processing power,local storage,A,"What ’ve Let button suppose a search of an application take at most 200 , and inserted than that and pressed the search ; the crashes . was system What is Usually because of limited _ _ _ _ _ _ _ _ _ _ was this"
___________________ began to show up few years back on wireless access points as a new way of adding or connecting new devices.,WPA2,WPA,WPS,WEP,C,__________________ How to began devices show up few years back on wireless access points as a new way of adding or connecting new . was _
What are the port states determined by Nmap?,"Active, inactive, standby","Open, half-open, closed ","Open, filtered, unfiltered","Active, closed, unused",C,What are What the port determined by Nmap ? was states
Which among the following is the least strong security encryption standard?,WEP,WPA,WPA2,WPA3,A,Which among the following is the least strong security encryption standard?
Why is it that the compiler does not know the absolute address of a local variable?,Programs are not allowed to reference memory using absolute addresses,The size of the address depends on the architecture the program will run on,"As a stack-allocated variable, it could have different addresses depending on when its containing function is called",Compiler writers are not very good at that sort of thing,C,Why does is address Why that the not know the absolute of a local variable ? was compiler
The stack is memory for storing,Local variables,Program code,Dynamically linked libraries,Global variables,A,What is memory The for storing was stack
Can a stream cipher have perfect secrecy?,"Yes, if the PRG is really “secure”","No, there are no ciphers with perfect secrecy","Yes, every cipher has perfect secrecy","No, since the key is shorter than the message",D,What Can have secrecy a cipher perfect ? was stream
Which of the following does authorization aim to accomplish?,Restrict what operations/data the user can access,Determine if the user is an attacker,Flag the user if he/she misbehaves,Determine who the user is,A,What to aim of the following accomplish ? was authorization
The message must be encrypted at the sender site and decrypted at the,Sender Site,Site,Receiver site,Conferencing,C,The message must be encrypted at the sender site and decrypted at the
"A _________________ may be a hidden part of a program, a separate infected program a Trojan in disguise of an executable or code in the firmware of any system’s hardware.",crypter,virus,backdoor,key-logger,C,"What may be part A _ _ _ _ _ _ _ _ _ _ _ _ _ _ _ _ a hidden of a program , a separate infected program a Trojan in disguise of an executable or code in the firmware of any system ’s hardware . was _"
How is IP address spoofing detected?,Installing and configuring a IDS that can read the IP header,Comparing the TTL values of the actual and spoofed addresses,Implementing a firewall to the network,Identify all TCP sessions that are initiated but does not complete successfully,B,How is IP address spoofing detected?
Which of the following is not an example of presentation layer issues?,Poor handling of unexpected input can lead to the execution of arbitrary instructions,Unintentional or ill-directed use of superficially supplied input,Cryptographic flaws in the system may get exploited to evade privacy,Weak or non-existent authentication mechanisms,D,What is example of the following not an of presentation layer issues ? was Which
"Suppose Unix did not provide a way of passing file descriptors between processes, but still allowed inheriting file descriptors from a parent on fork and exec. What aspects of the OKWS design would break without file descriptor passing?
1. It would be impossible for services to send messages to oklogd.
2. It would be impossible for services to get a TCP connection to a database proxy.","True, True","False, False","True, False","False, True",B,"What did Suppose descriptors not provide a of passing file between processes , but still allowed inheriting file from a parent on fork and exec . was Unix What would break 1 What of the OKWS design without file descriptor passing ? 
 . was aspects What to be messages impossible for send oklogd . was services 2. What to be connection impossible for get a TCP to a database proxy . was services"
Why would a ping sweep be used?,To identify live systems,To locate live systems,To identify open ports,To locate firewalls,A,Why would a ping sweep be used?
The four Primary Security Principles related to messages are,"Confidentiality, Integrity, Non repudiation and Authentication","Confidentiality, Access Control, Integrity, Non repudiation","Authentication, Authorization, Availability, Integrity","Availability, Authorization, Confidentiality, Integrity",A,What are The four Primary Security related to messages was Principles
What was the first buffer overflow attack?,Love Bug,SQL Slammer,Morris Worm,Code Red,C,What was What the first buffer overflow ? was attack
"The ______________ can cost you money, by sending text messages from your mobile phone numbers.",IM – Trojans,Backdoor Trojans,SMS Trojan,Ransom Trojan,C,"What can cost messages The _ _ _ _ _ _ _ _ _ _ _ _ _ you , by sending text from your mobile phone numbers . was _"
Three of the following are classic security properties; which one is not?,Confidentiality,Availability,Correctness,Integrity,B,What are which of the following classic security ; is not ? was one
