Question,Option A,Option B,Option C,Option D,Answer,Question_Wh_cleft
Which one of the following is the most appropriate definition of a 99% confidence interval?,"99% of the time in repeated samples, the interval would contain the true value of the parameter","99% of the time in repeated samples, the interval would contain the estimated value of the parameter","99% of the time in repeated samples, the null hypothesis will be rejected","99% of the time in repeated samples, the null hypothesis will not be rejected when it was false",A,What is definition Which of the following the most appropriate of a 99 % confidence interval ? was one
What is the main difference between the Dickey Fuller (DF) and Phillips-Perron (PP) approaches to unit root testing?,ADF is a single equation approach to unit root testing while PP is a systems approach,PP tests reverse the DF null and alternative hypotheses so that there is stationarity under the null hypothesis of the PP test,The PP test incorporates an automatic correction for autocorrelated residuals in the test regression,PP tests have good power in small samples whereas DF tests do not.,C,What is What the main between the Dickey Fuller ( DF ) and Phillips - Perron ( PP ) to unit root testing ? was approaches
"If there were a leverage effect in practice, what would be the shape of the news impact curve for as model that accounted for that leverage?",It would rise more quickly for negative disturbances than for positive ones of the same magnitude,It would be symmetrical about zero,It would rise less quickly for negative disturbances than for positive ones of the same magnitude,It would be zero for all positive disturbances,A,"What would be shape If there were a leverage in practice , the of the news impact curve for as model accounted for that leverage ? was that"
Which of the following statements is false concerning the linear probability model?,There is nothing in the model to ensure that the estimated probabilities lie between zero and one,"Even if the probabilities are truncated at zero and one, there will probably be many observations for which the probability is either exactly zero or exactly one",The error terms will be heteroscedastic and not normally distributed,The model is much harder to estimate than a standard regression model with a continuous dependent variable,D,What is of the following statements false concerning the linear probability model ? was Which
Which of the following statements concerning the regression population and sample is FALSE?,The population is the total collection of all items of interest,The population can be infinite,"In theory, the sample could be larger than the population",A random sample is one where each individual item from the population is equally likely to be drawn.,C,What is of the following statements concerning the regression population and sample FALSE ? was Which
Which of the following statements is INCORRECT concerning a comparison of the Box-Pierce Q and the Ljung-Box Q* statistics for linear dependence in time series?,"Asymptotically, the values of the two test statistics will be equal",The Q test has better small-sample properties than the Q*,The Q test is sometimes over-sized for small samples,"As the sample size tends towards infinity, both tests will show a tendency to always reject the null hypothesis of zero autocorrelation coefficients.",B,Who is statistics of the following statements concerning a of the Box - Pierce Q and the Ljung - Box Q * for linear dependence in time series ? was INCORRECT
A parsimonious model is one that,Includes too many variables,Includes as few variables as possible to explain the data,Is a well-specified model,Is a mis-specified model,A,What is one A parsimonious that was model
Which of the following is NOT a feature of continuously compounded returns (i.e. log-returns)?,They can be interpreted as continuously compounded changes in the prices,They can be added over time to give returns for longer time periods,They can be added across a portfolio of assets to give portfolio returns,They are usually fat-tailed,C,What is feature of the following NOT a of continuously compounded returns ( i.e. log - returns ) ? was Which
"Which of the following features of financial asset return time-series could be captured using a standard GARCH(1,1) model?

i) Fat tails in the return distribution


ii) Leverage effects


iii) Volatility clustering


iv) Volatility affecting returns",(ii) and (iv) only,(i) and (iii) only,"(i), (ii), and (iii) only","(i), (ii), (iii), and (iv)",B,"When could captured returns Which of the following features of financial asset return time - series be using a standard GARCH(1,1 ) ? 

 i ) Fat in the return distribution 


 ii ) Leverage effects 


 iii ) Volatility clustering 


 iv ) affecting was tails"
"Consider the estimation of a GARCH-M model. If the data employed were a time-series of daily corporate bond percentage returns, which of the following would you expect the value of the GARCH-in-mean parameter estimate to be?",Less than -1,Between -1 and 0,Between 0 and 1,Bigger than 1,C,"Consider the estimation of a GARCH-M model. When to were series If the employed a time - of daily corporate bond percentage returns , of the following expect the of the GARCH - in - mean parameter estimate be ? was value"
"Under which of the following situations would bootstrapping be preferred to pure simulation?

i) If it is desired that the distributional properties of the data in the experiment

are the same as those of some actual data


ii) If it is desired that the distributional properties of the data in the experiment

are known exactly


iii) If the distributional properties of the actual data are unknown


iv) If the sample of actual data available is very small",(ii) and (iv) only,(i) and (iii) only,"(i), (ii), and (iv) only","(i), (ii), (iii), and (iv)",B,"Under which of the following situations would bootstrapping be preferred to pure simulation?

i) What desired iv If it is that the distributional of the data in the experiment 

 are the as those of some actual data 


 ii ) If it is desired that the distributional properties of the data in the experiment 

 are known exactly 


 ) If the distributional of the actual data are unknown 


 ) If the of actual data available is very small was sample"
"Which of the following may be consequences of one or more of the CLRM assumptions being violated?

i) The coefficient estimates are not optimal


ii) The standard error estimates are not optimal


iii) The distributions assumed for the test statistics are inappropriate


iv) Conclusions regarding the strength of relationships between the dependent

and independent variables may be invalid.",(ii) and (iv) only,(i) and (iii) only,"(i), (ii), and (iii) only","(i), (ii), (iii), and (iv)",D,"What may be i of the following of one or more of the CLRM assumptions being violated ? 

 ) was Which What are ii The coefficient not optimal 


 ) was estimates What are iii The standard error not optimal 


 ) was estimates What may are iv The assumed for the test statistics inappropriate 


 ) regarding the strength of relationships between the dependent 

 and independent variables be invalid . was Conclusions"
Which of the following statements is true concerning forecasting in econometrics?,Forecasts can only be made for time-series data,Mis-specified models are certain to produce inaccurate forecasts,Structural forecasts are simpler to produce than those from time series models,In-sample forecasting ability is a poor test of model adequacy,D,What is of the following statements true concerning forecasting in econometrics ? was Which
The pacf is necessary for distinguishing between,An AR and an MA model,An AR and an ARMA model,An MA and an ARMA model,Different models from within the ARMA family,B,What is The necessary for distinguishing between was pacf
Negative residual autocorrelation is indicated by which one of the following?,A cyclical pattern in the residuals,An alternating pattern in the residuals,A complete randomness in the residuals,Residuals that are all close to zero,B,Negative residual autocorrelation is indicated by which one of the following?
"Which of the following statements are true concerning a comparison between ARCH(q) and GARCH(1,1) models?

i) The ARCH(q) model is likely to be the more parsimonious


ii) The ARCH(q) model is the more likely to violate non-negativity constraints


iii) The ARCH(q) model can allow for an infinite number of previous lags of squared

returns to affect the current conditional variance


iv) The GARCH(1,1) model will usually be sufficient to capture all of the dependence

in the conditional variance",(ii) and (iv) only,(i) and (iii) only,"(i), (ii), and (iii) only","(i), (ii), (iii), and (iv)",A,"What are of the following statements true concerning a comparison between ARCH(q ) and GARCH(1,1 ) models ? 

 i ) was Which What to is iii The ARCH(q ) likely be the more parsimonious 


 ) The ARCH(q ) is the more likely violate non - negativity constraints 


 ) was model What to be all The ARCH(q ) allow for an infinite number of previous lags of squared 

 returns affect the current conditional variance 


 ) The GARCH(1,1 ) usually sufficient capture of the dependence 

 in the conditional variance was model"
"Which of the following statements are true concerning a triangular or recursive system?

i) The parameters can be validly estimated using separate applications of OLS to

each equation


ii) The independent variables may be correlated with the error terms in other

equations


iii) An application of 2SLS would lead to unbiased but inefficient parameter estimates


iv) The independent variables may be correlated with the error terms in the equations

in which they appear as independent variables",(ii) and (iv) only,(i) and (iii) only,"(i), (ii), and (iii) only","(i), (ii), (iii), and (iv)",C,"What are of the following statements true concerning a triangular or recursive system ? 

 i ) was Which The parameters can be validly estimated using separate applications of OLS to

each equation


ii) The independent variables may be correlated with the error terms in other

equations


iii) What would lead An of 2SLS to unbiased but inefficient parameter estimates 


 iv ) was application What may correlated The independent variables be with the error terms in the equations 

 in which appear as independent variables was they"
Which one of the following statements best describes the algebraic representation of the fitted regression line?,\hat{y}_t = \hat{\alpha} + \hat{\beta}x_t + \hat{u}_t,\hat{y}_t = \hat{\alpha} + \hat{\beta}x_t,\hat{y}_t = \hat{\alpha} + \hat{\beta}x_t + u_t,y_t = \hat{\alpha} + \hat{\beta}x_t + \hat{u}_t,B,What describes representation Which of the following statements best the algebraic of the fitted regression line ? was one
What are the dimensions of $\hat{u}^t \hat{u}?,T x k,T x 1,k x 1,1 x 1,D,What are What the of $ \hat{u}^t \hat{u } ? was dimensions
"The characteristic roots of the MA process

$y_t = -3u_{t-1} + u_{t-2} + u_t$

are",1 and 2,1 and 0.5,2 and -0.5,1 and -3,B,"What are The characteristic of the MA process 

 $ y_t = -3u_{t-1 } + u_{t-2 } + was u_t$"
"Which of the following is an equivalent expression for saying that the explanatory variable is ""non-stochastic""?",The explanatory variable is partly random,The explanatory variable is fixed in repeated samples,The explanatory variable is correlated with the errors,The explanatory variable always has a value of one,B,"What is expression of the following an equivalent for saying that the explanatory is "" non - stochastic "" ? was variable"
Suppose that the Durbin Watson test is applied to a regression containing two explanatory variables plus a constant with 50 data points. The test statistic takes a value of 1.53. What is the appropriate conclusion?,Residuals appear to be positively autocorrelated,Residuals appear to be negatively autocorrelated,Residuals appear not to be autocorrelated,The test result is inconclusive,D,Suppose that the Durbin Watson test is applied to a regression containing two explanatory variables plus a constant with 50 data points. What takes value The test a of 1.53 . was statistic What is What the appropriate ? was conclusion
"If OLS is used in the presence of autocorrelation, which of the following will be likely consequences?

i) Coefficient estimates may be misleading


ii) Hypothesis tests could reach the wrong conclusions


iii) Forecasts made from the model could be biased


iv) Standard errors may inappropriate",(ii) and (iv) only,(i) and (iii) only,"(i), (ii), and (iii) only","(i), (ii), (iii), and (iv)",A,"What will be i If OLS is used in the presence of autocorrelation , of the following likely ? 

 ) was which What could be iii Coefficient misleading 


 ) Hypothesis reach the wrong conclusions 


 ) was tests What may inappropriate made from the model be biased 


 iv ) Standard was errors"
What will be the properties of the OLS estimator in the presence of multicollinearity?,"It will be consistent, unbiased and efficient",It will be consistent and unbiased but not efficient,It will be consistent but not unbiased,It will not be consistent,A,What will be properties the of the OLS estimator in the presence of multicollinearity ? was What
Which one of the following would NOT be a consequence of using non-stationary data in levels form?,The regression $R^2$ may be spuriously high,Test statistics may not follow standard distributions,Statistical inferences may be invalid,Parameter estimates may be biased,D,What would be data Which of the following NOT a of using non - stationary in levels form ? was one
"If a series, y, follows a random walk, what is the optimal one-step ahead forecast of y?",The current value of y,Zero,One,The average value of y over the in-sample period,A,"What is what If a , y , follows a random , the optimal one - step ahead of y ? was forecast"
The order condition is,A necessary and sufficient condition for identification,A necessary but not sufficient condition for identification,A sufficient but not necessary condition for identification,A condition that is nether necessary nor sufficient for identification,B,What is The order was condition
"If an estimator is said to have minimum variance, which of the following statements is NOT implied?",The probability that the estimate is a long way away from its true value is minimised,The estimator is efficient,"Such an estimator would be termed ""best""",Such an estimator will always be unbiased,D,"If an estimator is said to have minimum variance, which of the following statements is NOT implied?"
"Which of the following are disadvantages of the Dickey-Fuller / Engle-Granger approach to testing for cointegration and modelling cointegrating relationships?

i) Only one cointegrating relationship can be estimated

ii) Particularly for small samples. There is a high chance of the tests suggestingthat variables are not cointegrated when they are

iii) It is not possible to make inferences on the cointegrating regression

iv) The procedure forces the researcher to specify which is the dependent variable and which are the independent variables.",(ii) and (iv) only,(i) and (iii) only,"(i), (ii), and (iii) only","(i), (ii), (iii), and (iv)",D,"What can are ii of the following of the Dickey - Fuller / Engle - Granger approach to testing for cointegration and modelling cointegrating ? 

 ) Only one cointegrating relationship be estimated 

 ) Particularly for small samples . was i When is iii There a high of the tests suggestingthat variables are not cointegrated when are 

 ) was they What to is variables not possible make on the cointegrating regression 

 iv ) The forces the specify is the dependent and are the independent . was which"
Which of the following statements is true concerning the population regression function (PRF) and sample regression function (SRF)?,The PRF is the estimated model,The PRF is used to infer likely values of the SRF,Whether the model is good can be determined by comparing the SRF and the PRF,The PRF is a description of the process thought to be generating the data.,D,What is of the following statements true concerning the population regression function ( PRF ) and sample regression function ( SRF ) ? was Which
"Which one of the following is a disadvantage of the general to specific or ""LSE"" (""Hendry"") approach to building econometric models, relative to the specific to general approach?",Some variables may be excluded at the first stage leading to coefficient biases,The final model may lack theoretical interpretation,The final model may be statistically inadequate,"If the initial model is mis-specified, all subsequent steps will be invalid.",B,"What to is models Which of the following a of the general specific or "" LSE "" ( "" Hendry "" ) to building econometric , relative to the specific to general approach ? was one"
"Which of the following statements are true concerning maximum likelihood (ML) estimation in the context of GARCH models?

i) Maximum likelihood estimation selects the parameter values that maximise the

probability that we would have actually observed the values of the series y that we

actually did.


ii) GARCH models can only be estimated by ML and not by OLS


iii) For estimation of a standard linear model (with no GARCH), the OLS and ML

estimates for the slope and intercept parameters will be identical but the estimator

for the variance of the disturbances is slightly different


iv) Most computer packages use numerical procedures to estimate GARCH models

rather than a set of analytical formulae",(ii) and (iv) only,(i) and (iii) only,"(i), (ii), and (iii) only","(i), (ii), (iii), and (iv)",D,"What can are that of the following statements true concerning maximum likelihood ( ML ) estimation in the context of GARCH models ? 

 ) Maximum likelihood selects the parameter maximise the 

 that actually observed the of the series y 

 actually did . 


 ii ) GARCH models only be estimated by ML and not by OLS 


 iii ) was we What to be models For estimation of a standard linear model ( with no GARCH ) , the and ML 

 for the slope and intercept parameters identical but the 

 for the variance of the disturbances is slightly different 


 ) Most computer use numerical estimate GARCH 

 rather than a set of analytical formulae was packages"
Including relevant lagged values of the dependent variable on the right hand side of a regression equation could lead to which one of the following?,Biased but consistent coefficient estimates,Biased and inconsistent coefficient estimates,Unbiased but inconsistent coefficient estimates,Unbiased and consistent but inefficient coefficient estimates.,A,Including relevant lagged values of the dependent variable on the right hand side of a regression equation could lead to which one of the following?
Which one of the following factors is likely to lead to a relatively high degree of out-of-sample forecast accuracy?,A model that is based on financial theory,A model that contains many variables,A model whose dependent variable has recently exhibited a structural change,A model that is entirely statistical in nature with no room for judgmental modification of forecasts,A,What to is Which of the following factors likely lead to a relatively high degree of out - of - sample forecast accuracy ? was one
"Which of the following are plausible approaches to dealing with residual autocorrelation?

i) Take logarithms of each of the variables

ii) Add lagged values of the variables to the regression equation

iii) Use dummy variables to remove outlying observations

iv) Try a model in first differenced form rather than in levels.",(ii) and (iv) only,(i) and (iii) only,"(i), (ii), and (iii) only","(i), (ii), (iii), and (iv)",A,"What to are model of the following plausible to dealing with residual autocorrelation ? 

 ) Take of each of the variables 

 ii ) Add lagged of the variables to the regression equation 

 iii ) Use dummy remove outlying 

 ) Try a in first differenced form rather than in levels . was i"
For an autoregressive process to be considered stationary,The roots of the characteristic equation must all lie inside the unit circle,The roots of the characteristic equation must all lie on the unit circle,The roots of the characteristic equation must all lie outside the unit circle,The roots of the characteristic equation must all be less than one in absolute value,C,For an autoregressive process to be considered stationary
"Which of the following statements are true concerning information criteria?

(i) Adjusted R-squared is an information criterion

(ii) If the residual sum of squares falls when an additional term is added, the value of the information criterion will fall

(iii) Akaike's information criterion always leads to model orders that are at least as large as those of Schwarz's information criterion

(iv) Akaike's information criterion is consistent",(ii) and (iv) only,(i) and (iii) only,"(i), (ii), and (iii) only","(i), (ii), (iii), and (iv)",B,"When will fall criterion of the following statements are true concerning information criteria ? 

 ( i ) Adjusted R - is an information 

 ( ii ) If the residual of squares falls when an additional term is added , the of the information criterion 

 ( iii ) Akaike 's information always leads to model orders are at least as large as those of Schwarz 's information criterion 

 ( iv ) Akaike 's information is consistent was criterion"
"The ""within transform"" involves",Taking the average values of the variables,Subtracting the mean of each entity away from each observation on that entity,Estimating a panel data model using least squares dummy variables,Using both time dummies and cross-sectional dummies in a fixed effects panel model,B,"The ""within transform"" involves"
"The purpose of ""augmenting"" the Dickey-Fuller test regression is to",Ensure that there is no heteroscedasticity in the test regression residuals.,Ensure that the test regression residuals are normally distributed,Ensure that there is no autocorrelation in the test regression residuals,Ensure that all of the non-stationarity is taken into account.,C,"What is regression The of "" augmenting "" the Dickey - Fuller test to was purpose"
"If a series, y, follows a random walk with drift b, what is the optimal one-step ahead forecast of the change in y?",The current value of y,Zero,One,The average value of the change in y over the in-sample period,D,"What is what If a , y , follows a random with drift b , the optimal one - step ahead of the change in y ? was forecast"
"Which of the following are plausible approaches to dealing with a model that exhibits heteroscedasticity?

i) Take logarithms of each of the variables

ii) Use suitably modified standard errors

iii) Use a generalised least squares procedure

iv) Add lagged values of the variables to the regression equation.",(ii) and (iv) only,(i) and (iii) only,"(i), (ii), and (iii) only","(i), (ii), (iii), and (iv)",C,"What are values of the following plausible to dealing with a model exhibits ? 

 ) Take of each of the variables 

 ii ) suitably modified standard errors 

 iii ) Use a generalised least squares 

 iv ) Add lagged of the variables to the regression equation . was i"
"Which of the following statements are true concerning the standardised residuals (residuals divided by their respective conditional standard deviations) from an estimated GARCH model?

i) They are assumed to be normally distributed


ii) Their squares will be related to their lagged squared values if the GARCH model is

appropriate


iii) In practice, they are likely to have fat tails


iv) If the GARCH model is adequate, the standardised residuals and the raw residuals

will be identical",(ii) and (iv) only,(i) and (iii) only,"(i), (ii), and (iii) only","(i), (ii), (iii), and (iv)",B,"What are i of the following statements true concerning the standardised residuals ( residuals divided by their respective conditional standard deviations ) from an estimated GARCH model ? 

 ) was Which They are assumed to be normally distributed


ii) What will related iii Their squares be to their lagged squared values if the GARCH is 

 appropriate 


 ) was model What will be tails In practice , are likely have fat 


 iv ) If the GARCH is adequate , the standardised and the raw residuals 

 identical was residuals"
Which one of the following statements is true concerning VARs?,The coefficient estimates have intuitive theoretical interpretations,The coefficient estimates usually have the same sign for all of the lags of a given variable in a given equation,VARs often produce better forecasts than simultaneous equation structural models,All of the components of a VAR must be stationary before it can be used for forecasting,C,What is Which of the following statements true concerning VARs ? was one
Which of the following statements is INCORRECT concerning the classical hypothesis testing framework?,"If the null hypothesis is rejected, the alternative is accepted",The null hypothesis is the statement being tested while the alternative encompasses the remaining outcomes of interest,The test of significance and confidence interval approaches will always give the same conclusions,Hypothesis tests are used to make inferences about the population parameters.,A,What is framework of the following statements concerning the classical hypothesis testing ? was Which
"An ARMA(p,q) (p, q are integers bigger than zero) model will have",An acf and pacf that both decline geometrically,An acf that declines geometrically and a pacf that is zero after p lags,An acf that declines geometrically and a pacf that is zero after q lags,An acf that is zero after p lags and a pacf that is zero after q lags,A,"What will are integers An , q ) ( p , q bigger than zero ) model have was ARMA(p"
"Suppose that the following regression is estimated using 27 quarterly observations:

$y_t = \beta_1 + \beta_2 x_2 + \beta_3 x_{3t} + u_t$

What is the appropriate critical value for a 2-sided 5% size of test of $H_0: \beta_3 = 1$?",1.64,1.71,2.06,1.96,C,"Suppose that the following regression is estimated using 27 quarterly observations:

 What = What y_t \beta_1 + \beta_2 x_2 + \beta_3 x_{3 t } + u_t$ 

 is the appropriate critical for a 2 - sided 5 % size of test of $ H_0 : \beta_3 = 1 $ ? was value"
"Suppose that two researchers, using the same 3 variables and the same 250 observations on each variable, estimate a VAR. One estimates a VAR(6), while the other estimates a VAR(4). The determinants of the variance-covariance matrices of the residuals for each VAR are 0.0036 and 0.0049 respectively. What is the values of the test statistic for performing a test of whether the VAR(6) can be restricted to a VAR(4)?",77.07,0.31,0.33,4.87,A,"What Suppose VAR that two , using the same 3 and the same 250 observations on each variable , estimate a . was researchers What estimates VAR(4 a ) , while the estimates a ) . was other What are 0.0036 The of the variance - covariance matrices of the residuals for each VAR and 0.0049 respectively . was determinants What can is test the of the test statistic for performing a of whether the VAR(6 ) be restricted to a VAR(4 ) ? was values"
Which of the following is a DISADVANTAGE of using pure time-series models (relative to structural models)?,They are not theoretically motivated,They cannot produce forecasts easily,They cannot be used for very high frequency data,It is difficult to determine the appropriate explanatory variables for use in pure time-series models,A,When is models of the following a of using pure time - series ( relative to structural models ) ? was Which
"Which of the following are alternative names for the dependent variable (usually denoted by y) in linear regression analysis?

(i) The regressand

(ii) The regressor

(iii) The explained variable

(iv) The explanatory variable",(ii) and (iv) only,(i) and (iii) only,"(i), (ii), and (iii) only","(i), (ii), (iii), and (iv)",B,"What are regressand of the following alternative for the dependent variable ( usually denoted by y ) in linear regression analysis ? 

 ( ) The 

 ( ii ) The regressor 

 ( iii ) was i The explained variable

(iv) The explanatory variable"
"Which of the following are advantages of the VAR approach to modelling the relationship between variables relative to the estimation of full structural models?

i) VARs receive strong motivation from financial and economic theory


ii) VARs in their reduced forms can be used easily to produce time-series forecasts


iii) VAR models are typically highly parsimonious


iv) OLS can be applied separately to each equation in a reduced form VAR",(ii) and (iv) only,(i) and (iii) only,"(i), (ii), and (iii) only","(i), (ii), (iii), and (iv)",A,"When can are motivation of the following of the VAR approach to modelling the between variables relative to the estimation of full structural models ? 

 ) receive strong from financial and economic theory 


 ii ) VARs in their reduced forms be used easily produce time - series forecasts 


 iii ) VAR are typically highly parsimonious 


 iv ) OLS be applied separately to each equation in a reduced form VAR was models"
Which of the following statements is TRUE concerning the standard regression model?,y has a probability distribution,x has a probability distribution,The disturbance term is assumed to be correlated with x,"For an adequate model, the residual (u-hat) will be zero for all sample data points",A,What is of the following statements TRUE concerning the standard regression model ? was Which
"Consider the following model for $y_t$:

$y_t = \mu + \lambda t + u_t$

Which one of the following most accurately describes the process for $y_t$?",A unit root process,A stationary process,A deterministic trend process,A random walk with drift,C,"What Consider process the following for $ y_t$ : 

 $ y_t = + \lambda t + u_t$ 

 Which of the following most accurately describes the for $ y_t$ ? was one"
Which of the following is correct concerning logit and probit models?,They use a different method of transforming the model so that the probabilities lie between zero and one,The logit model can result in too many observations falling at exactly zero or exactly one,"For the logit model, the marginal effect of a change in one of the explanatory variables is simply the estimate of the parameter attached to that variable, whereas this is not the case for the probit model",The probit model is based on a cumulative logistic function,A,What is of the following correct concerning logit and probit models ? was Which
What is the most important disadvantage of the diagonal VECH approach to building multivariate GARCH models that is overcome by the BEKK formulation?,The diagonal VECH model is hard to interpret intuitively,The diagonal VECH model contains too many parameters,The diagonal VECH model does not ensure a positive-definite variance-covariance matrix,The BEKK model reduces the dimensionality problem that arises when a number of series are modelled together.,C,What is models the most important of the diagonal VECH approach to building multivariate GARCH that is overcome by the BEKK formulation ? was disadvantage
"If a relevant variable is omitted from a regression equation, the consequences would be that:

i) The standard errors would be biased


ii) If the excluded variable is uncorrelated with all of the included variables, all of

the slope coefficients will be inconsistent.


iii) If the excluded variable is uncorrelated with all of the included variables, the

intercept coefficient will be inconsistent.


iv) If the excluded variable is uncorrelated with all of the included variables, all of

the slope and intercept coefficients will be consistent and unbiased but inefficient.",(ii) and (iv) only,(i) and (iii) only,"(i), (ii), and (iii) only","(i), (ii), (iii), and (iv)",C,"What would be i If a relevant variable is omitted from a regression equation , the : 

 ) was consequences What will be ii The standard errors be biased 


 ) If the excluded variable is uncorrelated with all of the included variables , of 

 the slope coefficients inconsistent . was all What will be iii ) If the excluded variable is uncorrelated with all of the included variables , the 

 intercept inconsistent . was coefficient What will be coefficients iv ) If the excluded variable is uncorrelated with all of the included variables , of 

 the slope and intercept consistent and unbiased but inefficient . was all"
"Which of the following are alternative names for the independent variable (usually denoted by x) in linear regression analysis?

(i) The regressor

(ii) The regressand

(iii) The causal variable

(iv) The effect variable",(ii) and (iv) only,(i) and (iii) only,"(i), (ii), and (iii) only","(i), (ii), (iii), and (iv)",B,"What variable names of the following are alternative for the independent variable ( usually denoted by x ) in linear regression analysis ? 

 ( ) The 

 ( ii ) The regressand 

 ( iii ) The causal variable 

 ( iv ) The effect was regressor"
"Consider the OLS estimator for the standard error of the slope coefficient. Which of the following statement(s) is (are) true?

(i) The standard error will be positively related to the residual variance

(ii) The standard error will be negatively related to the dispersion of the observations on the explanatory variable about their mean value

(iii) The standard error will be negatively related to the sample size

(iv) The standard error gives a measure of the precision of the coefficient estimate.",(ii) and (iv) only,(i) and (iii) only,"(i), (ii), and (iii) only","(i), (ii), (iii), and (iv)",D,"What Consider the OLS for the standard error of the slope coefficient . was estimator What is i of the following statement(s ) ( ) true ? 

 ( ) was Which The standard error will be positively related to the residual variance

(ii) The standard error will be negatively related to the dispersion of the observations on the explanatory variable about their mean value

(iii) What will related measure The standard error be negatively to the sample size 

 ( iv ) The standard gives a of the precision of the coefficient estimate . was error"
"What is the meaning of the term ""heteroscedasticity""?",The variance of the errors is not constant,The variance of the dependent variable is not constant,The errors are not linearly independent of one another,The errors have non-zero mean,A,"What is What the of the term "" heteroscedasticity "" ? was meaning"
"If a Durbin Watson statistic takes a value close to zero, what will be the value of the first order autocorrelation coefficient?",Close to zero,Close to plus one,Close to minus one,Close to either minus one or plus one,C,"What will be value If a Durbin Watson takes a close to zero , the of the first order autocorrelation coefficient ? was what"
"Under the null hypothesis of a Bera-Jarque test, the distribution has",Zero skewness and zero kurtosis,Zero skewness and a kurtosis of three,Skewness of one and zero kurtosis,Skewness of one and kurtosis of three.,B,"What has Under the null hypothesis of a Bera - Jarque test , the was distribution"
"If an estimator is said to be consistent, it is implied that","On average, the estimated coefficient values will equal the true values",The OLS estimator is unbiased and no other unbiased estimator has a smaller variance,The estimates will converge upon the true values as the sample size increases,The coefficient estimates will be as close to their true values as possible for small and large samples.,C,"If an estimator is said to be consistent, it is implied that"
Which of the following is a typical characteristic of financial asset return time-series?,Their distributions are thin-tailed,They are not weakly stationary,They are highly autocorrelated,They have no trend,D,When is characteristic of the following a typical of financial asset return time - series ? was Which
"Which of the following assumptions are required to show the consistency, unbiasedness and efficiency of the OLS estimator?

i) $E(u_t) = 0$


ii) $\text{Var}(u_t) = \sigma^2$


iii) $\text{Cov}(u_t, u_{t-j}) = 0 \forall j$


iv) $u_t \sim N(0, \sigma^2)$",(ii) and (iv) only,(i) and (iii) only,"(i), (ii), and (iii) only","(i), (ii), (iii), and (iv)",C,"How to = \sigma^2 Which of the following assumptions are required show the , unbiasedness and efficiency of the OLS estimator ? 

 ) $ E(u_t ) 0 $ 


 ) $ \text{Var}(u_t ) $ 


 iii ) $ \text{Cov}(u_t , u_{t - j } ) = 0 was ii \forall j$


iv) $u_t \sim N(0, \sigma^2)$"
Which of the following is a disadvantage of the fixed effects approach to estimating a panel model?,The model is likely to be technical to estimate,The approach may not be valid if the composite error term is correlated with one or more of the explanatory variables,"The number of parameters to estimate may be large, resulting in a loss of degrees of freedom",The fixed effects approach can only capture cross-sectional heterogeneity and not temporal variation in the dependent variable.,C,What is model of the following a of the fixed effects approach to estimating a panel ? was Which
"Consider an identical situation to that of question 21, except that now a 2-sided alternative is used. What would now be the appropriate conclusion?",H0 is rejected,H0 is not rejected,H1 is rejected,There is insufficient information given in the question to reach a conclusion,A,"Consider an identical situation to that of question 21, except that now a 2-sided alternative is used. What would be conclusion now the appropriate ? was What"
The price of a house is best described as what type of number?,Discrete,Cardinal,Ordinal,Nominal,B,The price of a house is best described as what type of number?
"If a Johansen ""trace"" test for a null hypothesis of 2 cointegrating vectors is applied to a system containing 4 variables is conducted, which eigenvalues would be used in the test?",All of them,The largest 2,The smallest 2,The second largest,C,"What would conducted variables If a Johansen "" trace "" test for a null hypothesis of 2 cointegrating vectors is applied to a system containing 4 is , eigenvalues be used in the test ? was which"
"Which of the following statements is true concerning variance decomposition analysis of VARs?

i) Variance decompositions measure the impact of a unit shock to each of the variables on the VAR

ii) Variance decompositions can be thought of as measuring the proportion of the forecast error variance that is attributable to each variable

iii) The ordering of the variables is important for calculating impulse responses but not variance decompositions

iv) It is usual that most of the forecast error variance for a given variable is attributable to shocks to that variable",(ii) and (iv) only,(i) and (iii) only,"(i), (ii), and (iii) only","(i), (ii), (iii), and (iv)",A,"What can measure proportion of the following statements is true concerning variance decomposition analysis of VARs ? 

 ) Variance the of a unit shock to each of the variables on the VAR 

 ii ) Variance decompositions be thought of as measuring the of the forecast error variance is attributable to each variable 

 iii ) was that What is decompositions The of the variables is important for calculating impulse but not variance 

 iv ) usual that of the forecast error variance for a given variable is attributable to shocks to that variable was most"
"Suppose that we have estimated a GARCH model for daily equity returns, and we are interested in producing a 10-day forecast of the volatility (measured by the standard deviation of returns) for use in a value at risk model. How could such a forecast most validly be calculated?","Produce 1, 2, 3, ..., 10 step ahead conditional variance forecasts and add them up","Produce 1, 2, 3, ..., 10 step ahead conditional variance forecasts and add them up and take the square root","Produce 1, 2, 3, ..., 10 step ahead conditional variance forecasts, take the square roots of each one and add them up","Produce a 1-step ahead conditional variance forecast, take its square root and multiply it by the square root of 10",B,"What have Suppose forecast that estimated a GARCH for daily equity returns , and are interested in producing a 10 - day of the volatility ( measured by the standard deviation of returns ) for use in a value at risk model . was we How could such a forecast most validly be calculated?"
"Suppose that the value of $R^2$ for an estimated regression model is exactly zero. Which of the following are true?

i) All coefficient estimates on the slopes will be zero

ii) The fitted line will be horizontal with respect to all of the explanatory variables

iii) The regression line has not explained any of the variability of y about its mean value

iv) The intercept coefficient estimate must be zero.",(ii) and (iv) only,(i) and (iii) only,"(i), (ii), and (iii) only","(i), (ii), (iii), and (iv)",C,"What Suppose zero that the of $ R^2 $ for an estimated regression is exactly . was model What are of the following true ? 

 ) was i What will be ii All coefficient on the slopes zero 

 ) was estimates What will be The fitted horizontal with respect to all of the explanatory variables 

 iii ) was line What must be zero The regression not explained of the variability of y about its mean value 

 iv ) The intercept coefficient . was estimate"
"A white noise process will have

(i) A zero mean

(ii) A constant variance

(iii) Autocovariances that are constant

(iv) Autocovariances that are zero except at lag zero",(ii) and (iv) only,(i) and (iii) only,"(i), (ii), and (iii) only","(i), (ii), (iii), and (iv)",A,"What will have zero A white noise 

 ( ) A zero mean 

 ( ii ) A constant variance 

 ( iii ) Autocovariances are constant 

 ( iv ) are except at lag zero was that"
"Which of the following statements are true concerning the Box-Jenkins approach to diagnostic testing for ARMA models?

(i) The tests will show whether the identified model is either too large or too small

(ii) The tests involve checking the model residuals for autocorrelation, heteroscedasticity, and non-normality

(iii) If the model suggested at the identification stage is appropriate, the acf and pacf for the residuals should show no additional structure

(iv) If the model suggested at the identification stage is appropriate, the coefficients on the additional variables under the overfitting approach will be statistically insignificant",(ii) and (iv) only,(i) and (iii) only,"(i), (ii), and (iii) only","(i), (ii), (iii), and (iv)",A,"What are of the following statements true concerning the Box - Jenkins approach to diagnostic testing for ARMA models ? 

 ( i ) was Which How will show structure The whether the identified is either too large or too small 

 ( ii ) The involve checking the model for autocorrelation , heteroscedasticity , and non - normality 

 ( iii ) If the suggested at the identification stage is appropriate , the and pacf for the residuals show no additional 

 ( iv ) If the suggested at the identification stage is appropriate , the on the additional variables under the overfitting approach be statistically insignificant was coefficients"
Which one of the following would be a plausible response to a finding of residual non-normality?,Use a logarithmic functional form instead of a linear one,Add lags of the variables on the right hand side of the regression model,Estimate the model in first differenced form,Remove any large outliers from the data.,D,What would be response Which of the following a plausible to a finding of residual non - normality ? was one
The fixed effects panel model is also sometimes known as,A seemingly unrelated regression model,The least squares dummy variables approach,The random effects model,Heteroscedasticity and autocorrelation consistent,B,The fixed effects panel model is also sometimes known as
Which of the following statements is TRUE concerning OLS estimation?,OLS minimises the sum of the vertical distances from the points to the line,OLS minimises the sum of the squares of the vertical distances from the points to the line,OLS minimises the sum of the horizontal distances from the points to the line,OLS minimises the sum of the squares of the horizontal distances from the points to the line.,B,What is of the following statements TRUE concerning OLS estimation ? was Which
"If the standard tools for time-series analysis, such as estimation of the acf, pacf and spectral analysis, find no evidence of structure in the data, this implies that the data are which of the following?",Normally distributed,Uncorrelated,Independent,Fat-tailed,B,"When implies which If the standard for time - series analysis , such as estimation of the acf , pacf and spectral analysis , find no of structure in the data , that the are of the following ? was data"
"If two variables, $x_t$ and $y_t$ are said to be cointegrated, which of the following statements are true?

i) $x_t$ and $y_t$ must both be stationary


ii) Only one linear combination of $x_t$ and $y_t$ will be stationary


iii) The cointegrating equation for $x_t$ and $y_t$ describes the short-run relationship

between the two series


iv) The residuals of a regression of $y_t$ on $x_t$ must be stationary",(ii) and (iv) only,(i) and (iii) only,"(i), (ii), and (iii) only","(i), (ii), (iii), and (iv)",A,"What to are If two variables , $ x_t$ and $ y_t$ are said be cointegrated , of the following statements true ? 

 ) $ x_t$ was i Who will be iii and $ both stationary 


 ) Only one linear of $ x_t$ and $ be stationary 


 ) was y_t$ What must be relationship The cointegrating for $ x_t$ and $ describes the short - run 

 between the two series 


 iv ) The of a regression of $ y_t$ on $ x_t$ stationary was residuals"
A dependent variable whose values are not observable outside a certain range but where the corresponding values of the independent variables are still available would be most accurately described as what kind of variable?,Censored,Truncated,Multinomial variable,Discrete choice,A,Where would variable A dependent whose are not observable outside a certain range but where the corresponding of the independent variables are still available be most accurately described as what kind of variable ? was values
A Hausman test would be used for,Determining whether an equation that is part of a simultaneous system is identified,Determining whether a simultaneous framework is needed for a particular variable,Determining whether 2SLS or ILS is optimal,Determining whether the structural form equations can be obtained via substitution from the reduced forms,B,A Hausman test would be used for
"Under the matrix notation for the classical linear regression model, $y = X \beta + u$, what are the dimensions of $u$?",T x k,T x 1,k x 1,1 x 1,B,"What are what Under the matrix notation for the classical linear regression model , $ y = X \beta + u$ , the of $ u$ ? was dimensions"
"How many parameters will be required to be estimated in total for all equations of a standard form, unrestricted, tri-variate VAR(4), ignoring the intercepts?",12,4,3,36,D,"How many parameters will be required to be estimated in total for all equations of a standard form, unrestricted, tri-variate VAR(4), ignoring the intercepts?"
"A researcher tests for structural stability in the following regression model:

$y_t = \beta_1 + \beta_2 x_{2t} + \beta_3 x_{3t} + u_t$

The total sample of 200 observations is split exactly in half for the sub-sample regressions. Which would be the unrestricted residual sum of squares?",The RSS for the whole sample,The RSS for the first sub-sample,The RSS for the second sub-sample,The sum of the RSS for the first and second sub-samples,D,"What = \beta_1 A for structural stability in the following regression model : 

 $ y_t + \beta_2 x_{2 t } + \beta_3 x_{3 t } + u_t$ 

 The total sample of 200 observations is split exactly in half for the sub - sample regressions . was tests What would be sum the unrestricted residual of squares ? was Which"
"Suppose that we are interested in testing the null hypothesis that a GARCH(2,2) model can be restricted to a process with a constant conditional variance using the likelihood ratio test approach. Which of the following statements are true?",The test statistic will follow a chi-squared distribution with 2 degrees of freedom under the null hypothesis,The value of the log-likelihood function will almost always be bigger for the restricted model than for the unrestricted model,"If the relevant values of the log-likelihood functions are -112.3 and -118.4, the value of the test statistic is 12.2",The likelihood ratio test compares the slopes of the log-likelihood function at the maximum and at the restricted parameter value.,C,"What can Suppose approach that are interested in testing the null that a GARCH(2,2 ) model be restricted to a process with a constant conditional variance using the likelihood ratio test . was we What are of the following statements true ? was Which"
Which one of the following is NOT a plausible remedy for near multicollinearity?,Use principal components analysis,Drop one of the collinear variables,Use a longer run of data,Take logarithms of each of the variables,D,What is remedy Which of the following NOT a plausible for near multicollinearity ? was one
"Consider the following AR(2) process:

yt = 1.5 yt-1 - 0.5 yt-2 + ut

This is a",Stationary process,Unit root process,Explosive process,Stationary and unit root process,B,"Consider the following AR(2) process:

 yt = 1.5 yt-1 - 0.5 yt-2 What is a + ut was This"
Which of the following could be used as a test for autocorrelation up to third order?,The Durbin Watson test,White's test,The RESET test,The Breusch-Godfrey test,D,Which of the following could be used as a test for autocorrelation up to third order?
The residual from a standard regression model is defined as,"The difference between the actual value, y, and the mean, y-bar","The difference between the fitted value, y-hat, and the mean, y-bar","The difference between the actual value, y, and the fitted value, y-hat","The square of the difference between the fitted value, y-hat, and the mean, y-bar",C,The residual from a standard regression model is defined as
"If OLS is applied separately to each equation that is part of a simultaneous system, the resulting estimates will be",Unbiased and consistent,Biased but consistent,Biased and inconsistent,It is impossible to apply OLS to equations that are part of a simultaneous system,C,"What will be part If OLS is applied separately to each equation is of a simultaneous system , the resulting was estimates"
Which one of the following is NOT an example of mis-specification of functional form?,Using a linear specification when y scales as a function of the squares of x,Using a linear specification when a double-logarithmic model would be more appropriate,Modelling y as a function of x when in fact it scales as a function of 1/x,Excluding a relevant variable from a linear regression model,D,What is example Which of the following NOT an of mis - specification of functional form ? was one
Suppose that we wished to evaluate the factors that affected the probability that an investor would choose an equity fund rather than a bond fund or a cash investment. Which class of model would be most appropriate?,A logit model,A multinomial logit,A tobit model,An ordered logit model,B,What would Suppose fund that wished evaluate the affected the that an choose an equity rather than a bond fund or a cash investment . was investor What would be Which of model most appropriate ? was class
"Which of the following statements will be true if the number of replications used in a Monte Carlo study is small?

i) The statistic of interest may be estimated imprecisely


ii) The results may be affected by unrepresentative combinations of random draws


iii) The standard errors on the estimated quantities may be unacceptably large


iv) Variance reduction techniques can be used to reduce the standard errors",(ii) and (iv) only,(i) and (iii) only,"(i), (ii), and (iv) only","(i), (ii), (iii), and (iv)",D,"What will be i of the following statements true if the of replications used in a Monte Carlo study is small ? 

 ) was number The statistic of interest may be estimated imprecisely


ii) The results may be affected by unrepresentative combinations of random draws


iii) What to be errors The standard on the estimated quantities unacceptably large 


 iv ) Variance reduction techniques be used reduce the standard was errors"
Which of the following is a disadvantage of the random effects approach to estimating a panel model?,The approach may not be valid if the composite error term is correlated with one or more of the explanatory variables,"The number of parameters to estimate may be large, resulting in a loss of degrees of freedom",The random effects approach can only capture cross-sectional heterogeneity and not temporal variation in the dependent variable.,All of (a) to (c) are potential disadvantages of the random effects approach.,A,What is model of the following a of the random effects approach to estimating a panel ? was Which
"Which of the following could result in autocorrelated residuals?

i) Slowness of response of the dependent variable to changes in the values of the independent variables

ii) Over-reactions of the dependent variable to changes in the independent variables

iii) Omission of relevant explanatory variables that are autocorrelated

iv) Outliers in the data",(ii) and (iv) only,(i) and (iii) only,"(i), (ii), and (iii) only","(i), (ii), (iii), and (iv)",C,"What could result i of the following in autocorrelated residuals ? 

 ) was Which What Outliers Slowness of response of the dependent variable to changes in the values of the independent variables 

 ii ) Over - reactions of the dependent variable to changes in the independent variables 

 iii ) Omission of relevant explanatory variables are autocorrelated 

 iv ) in the data was that"
"Which of the following statements are true concerning the acf and pacf?

(i) The acf and pacf are often hard to interpret in practice

(ii) The acf and pacf can be difficult to calculate for some data sets

(iii) Information criteria represent an alternative approach to model order determination

(iv) If applied correctly, the acf and pacf will always deliver unique model selections",(ii) and (iv) only,(i) and (iii) only,"(i), (ii), and (iii) only","(i), (ii), (iii), and (iv)",C,"What will are selections of the following statements are true concerning the acf and pacf ? 

 ( i ) The and pacf often hard interpret in practice 

 ( ii ) The and pacf be difficult calculate for some data sets 

 ( iii ) Information represent an alternative to model order determination 

 ( iv ) If applied correctly , the and pacf always deliver unique model was acf"
"Which of the following conditions are necessary for a series to be classifiable as a weakly stationary process?

(i) It must have a constant mean

(ii) It must have a constant variance

(iii) It must have constant autocovariances for given lags

(iv) It must have a constant probability distribution",(ii) and (iv) only,(i) and (iii) only,"(i), (ii), and (iii) only","(i), (ii), (iii), and (iv)",C,"What must have distribution of the following conditions are necessary for a be classifiable as a weakly stationary process ? 

 ( i ) a constant 

 ( ii ) have a constant 

 ( iii ) have constant for given lags 

 ( iv ) have a constant probability was It"
"Consider the following equation and determine the class of model that it best represents

$y_{it} = \alpha + \beta_{it} + \mu_i + \nu_{it}$",An entity fixed effects model,A time fixed effects model,A random effects model,A pure time series model,A,"What Consider = the following and determine the of model that best represents 

 $ } \alpha + \beta_{it } + \mu_i + \nu_{it}$ was it"
"Note that statistical tables are not necessary to answer this question. For a sample of 1000 observations, the Dickey-Fuller test statistic values are",More negative than (i.e. bigger in absolute value than) those in the left hand tail of a normal distribution,Less negative than (i.e. smaller in absolute value than) those in the left hand tail of a normal distribution,Obtained from an analytical formula for the density of the Dickey-Fuller distribution,More negative (i.e. bigger in absolute value) for a 10% size of test than a 5% test.,A,"What to Note question that statistical are not necessary answer this . was tables What are For a sample of 1000 observations , the Dickey - Fuller test statistic was values"
"Suppose that a hypothesis test is conducted using a 5% significance level. Which of the following statements are correct?

(i) The significance level is equal to the size of the test

(ii) The significance level is equal to the power of the test

(iii) 2.5% of the total distribution will be in each tail rejection region for a 2-sided test

(iv) 5% of the total distribution will be in each tail rejection region for a 2-sided test.",(ii) and (iv) only,(i) and (iii) only,"(i), (ii), and (iii) only","(i), (ii), (iii), and (iv)",B,"Suppose that a hypothesis test is conducted using a 5% significance level. What are of the following statements correct ? 

 ( i ) was Which What will is The significance is equal to the size of the test 

 ( ii ) The significance equal to the power of the test 

 ( iii ) 2.5 of the total distribution be in each tail rejection region for a 2 - sided test 

 ( iv ) 5 of the total distribution be in each tail rejection region for a 2 - sided test . was %"
Which one of the following criticisms of the Dickey-Fuller/Engle-Granger approach to dealing with cointegrated variables is overcome by the Engle-Yoo (EY) procedure?,"In the context of small samples, Dickey Fuller tests are prone to conclude that there is a unit root in a series when there is not",The Engle-Granger (EG) approach can only detect up to one cointegrating relationship even though there could be more than one,The variables are treated asymmetrically in the cointegrating tests,It is not possible to perform tests about the cointegrating relationship,D,Which one of the following criticisms of the Dickey-Fuller/Engle-Granger approach to dealing with cointegrated variables is overcome by the Engle-Yoo (EY) procedure?
Consider a series that follows an MA(1) with zero mean and a moving average coefficient of 0.4. What is the value of the autocovariance at lag 1?,0.4,1,0.34,It is not possible to determine the value of the autocovariances without knowing the disturbance variance.,D,What Consider MA(1 a follows an ) with zero mean and a moving average coefficient of 0.4 . was that What is What the of the autocovariance at lag 1 ? was value
"Which of the following estimation techniques are available for the estimation of over-identified systems of simultaneous equations?

i) OLS

ii) ILS

iii) 2SLS

iv) IV",(iii) only,(iii) and (iv) only,"(ii), (iii), and (iv) only","(i), (ii), (iii) and (iv)",B,"What are of the following estimation techniques available for the estimation of over - identified systems of simultaneous equations ? 

 i ) OLS 

 ii ) ILS 

 iii ) 2SLS 

 iv ) IV was Which"
Which one of the following statements best describes a Type II error?,It is the probability of incorrectly rejecting the null hypothesis,It is equivalent to the power of the test,It is equivalent to the size of the test,It is the probability of failing to reject a null hypothesis that was wrong,D,What describes error Which of the following statements best a Type II ? was one
Which one of the following would be the most appropriate as a 95% (two-sided) confidence interval for the intercept term of the model given in question 21?,"(-4.79,2.19)","(-4.16,4.16)","(-1.98,1.98)","(-5.46,2.86)",D,What would be appropriate Which of the following the most as a 95 % ( two - sided ) confidence interval for the intercept term of the model given in question 21 ? was one
"Which of the following are characteristics of a stationary process?

i) It crosses its mean value frequently


ii) It has constant mean and variance


iii) It contains no trend component


iv) It will be stationary in first difference form",(ii) and (iv) only,(i) and (iii) only,"(i), (ii), and (iii) only","(i), (ii), (iii), and (iv)",D,"What are characteristics of the following of a stationary process ? 

 ) was i What crosses value its mean frequently 


 ii ) was It What has iii constant mean and variance 


 ) was It What will be iv contains no trend component 


 ) stationary in first difference form was It"
Consider again the VAR model of equation 16. Which of the following conditions must hold for it to be said that there is bi-directional feedback?,The b and d coefficients significant and the a and c coefficients insignificant,The a and c coefficients significant and the b and d coefficients insignificant,The a and c coefficients significant,The b and d coefficients significant,D,Consider again the VAR model of equation 16. What to hold feedback of the following conditions for it be said that there is bi - directional ? was Which
"Consider the following sample autocorrelation estimates obtained using 250 data points:

1) Lag 1 2 3

2) Coefficient 0.2 -0.15 -0.1

3) Assuming that the coefficients are approximately normally distributed, which of the coefficients are statistically significant at the 5% level?",1 only,1 and 2 only,"1, 2 and 3 only",It is not possible to determine the statistical significance since no standard errors have been given,B,"What Consider -0.1 the following sample autocorrelation obtained using 250 data : 

 1 ) Lag 1 2 3 

 2 ) Coefficient 0.2 -0.15 

 3 ) was estimates What Assuming that the coefficients are approximately normally distributed , of the coefficients are statistically significant at the 5 % level ? was which"
Which one of the following is examined by looking at a goodness of fit statistic?,How well the population regression function fits the data,How well the sample regression function fits the population regression function,How well the sample regression function fits the data,How well the population regression function fits the sample regression function.,C,Which one of the following is examined by looking at a goodness of fit statistic?
"Which of the following statements are correct concerning the use of antithetic variates as part of a Monte Carlo experiment?

i) Antithetic variates work by reducing the number of replications required to cover the whole probability space

ii) Antithetic variates involve employing a similar variable to that used in the simulation, but whose properties are known analytically

iii) Antithetic variates involve using the negative of each of the random draws and repeating the experiment using those values as the draws

iv) Antithetic variates involve taking one over each of the random draws and repeating the experiment using those values as the draws",(ii) and (iv) only,(i) and (iii) only,"(i), (ii), and (iv) only","(i), (ii), (iii), and (iv)",B,"What to involve values of the following statements are correct concerning the use of antithetic variates as part of a Monte Carlo experiment ? 

 i ) Antithetic work by reducing the of replications required cover the whole probability space 

 ) Antithetic employing a similar to that used in the simulation , but whose properties are known analytically 

 ) Antithetic involve using the of each of the random draws and repeating the using those as the draws 

 iv ) Antithetic involve taking over each of the random draws and repeating the using those as the draws was variates"
Which one of the following statements is true concerning alternative forecast accuracy measures?,Mean squared error is usually highly correlated with trading rule profitability,Mean absolute error provides a quadratic loss function,Mean absolute percentage error is a useful measure for evaluating asset return forecasts,Mean squared error penalises large forecast errors disproportionately more than small forecast errors,D,What is Which of the following statements true concerning alternative forecast accuracy measures ? was one
"Which of the following criticisms of standard (""plain vanilla"") GARCH models can be overcome by EGARCH models?

i) Estimated coefficient values from GARCH models may be negative

ii) GARCH models cannot account for leverage effects

iii) The responsiveness of future volatility to positive and negative shocks is symmetric under a GARCH formulation

iv) GARCH models cannot allow for a feedback from the volatility to the returns",(ii) and (iv) only,(i) and (iii) only,"(i), (ii), and (iii) only","(i), (ii), (iii), and (iv)",C,"What can overcome Which of the following criticisms of standard ( "" plain vanilla "" ) GARCH models be by EGARCH models ? 

 i ) Estimated coefficient from GARCH models be negative 

 ii ) GARCH not account for leverage effects 

 iii ) was models What can is The of future volatility to positive and negative shocks symmetric under a GARCH formulation 

 iv ) GARCH models not allow for a feedback from the volatility to the returns was responsiveness"
"Suppose that 100 separate firms were tested to determine how many of them ""beat the market"" using a Jensen-type regression, and it is found that 3 fund managers significantly do so. Does this suggest prima facie evidence for stock market inefficiency?",Yes,No,"In order to answer this question, you would need to test every fund manager trading in that market",There is insufficient information given in the question to draw a conclusion about market efficiency.,B,"How to Suppose regression that 100 separate firms were tested determine how of them "" beat the "" using a Jensen - type , and it is found that 3 fund significantly do so . was managers What Does suggest evidence prima facie for stock market inefficiency ? was this"
"Which of the following are advantages of the use of panel data over pure cross-sectional or pure time-series modelling?

(i) The use of panel data can increase the number of degrees of freedom and therefore the power of tests

(ii) The use of panel data allows the average value of the dependent variable to vary either cross-sectionally or over time or both

(iii) The use of panel data enables the researcher allows the estimated relationship between the independent and dependent variables to vary either cross-sectionally or over time or both",(i) only,(i) and (ii) only,(ii) only,"(i), (ii), and (iii)",B,"When to are cross of the following of the use of panel data over pure cross - sectional or pure time - series modelling ? 

 ( ) The of panel data increase the of degrees of freedom and therefore the power of tests 

 ( ii ) The of panel data allows the average of the dependent variable vary either - sectionally or over time or both 

 ( iii ) The of panel data enables the allows the estimated between the independent and dependent variables vary either - sectionally or over time or both was relationship"
"If the Engle-Granger test is applied to the residuals of a potentially cointegrating regression, what would be the interpretation of the null hypothesis?",The variables are cointegrated,The variables are not cointegrated,Both variables are stationary,Both variables are non-stationary,B,"What would be interpretation If the Engle - Granger test is applied to the residuals of a potentially cointegrating regression , the of the null hypothesis ? was what"
"Which of the following statements are true concerning the autocorrelation function (acf) and partial autocorrelation function (pacf)?

i) The acf and pacf will always be identical at lag one whatever the model

ii) The pacf for an MA(q) model will in general be non-zero beyond lag q

iii) The pacf for an AR(p) model will be zero beyond lag p

iv) The acf and pacf will be the same at lag two for an MA(1) model",(ii) and (iv) only,(i) and (iii) only,"(i), (ii), and (iii) only","(i), (ii), (iii), and (iv)",C,"What are of the following statements true concerning the autocorrelation function ( acf ) and partial autocorrelation function ( pacf ) ? was Which i) What will be The and pacf always identical at lag one whatever the model 

 ii ) was acf What will be same The for an MA(q ) model in general non - beyond lag q 

 iii ) The for an AR(p ) model beyond lag p 

 iv ) The and pacf be the at lag two for an MA(1 ) model was acf"
