Question,Option A,Option B,Option C,Option D,Answer,Question_Wh_cleft
Which of the following best describes the balance the Supreme Court has struck between the establishment clause and the free-exercise clause?,"Freedom of speech is protected except in certain situations, such as yelling ""fire"" in a crowded theater.","Once a church has been recognized by the federal government, its tax-exempt status can never be revoked.","Once Congress has created an administrative agency, that agency can be dissolved only by a constitutional amendment.","State-sponsored prayer during school hours is prohibited, but voluntary prayer by student groups before school is allowed.",D,Who has describes balance of the following best the the Supreme struck between the establishment clause and the free - exercise clause ? was Court
Which of the following statements does NOT accurately describe voting behavior in the United States?,Registered voters between the ages of 35 and 45 are more likely to vote than are those under the age of 21.,A registered voter who has attained his or her General Educational Development (GED) is less likely to vote than a high school dropout.,Registered voters are more likely to vote in general elections than they are in primary elections.,More women than men have voted in every presidential election since 1980.,B,What does describe behavior of the following statements NOT accurately voting in the United States ? was Which
Which of the following plays the most significant role in forming a child's political views?,The geographical area in which the child grows up,The child's family,The media to which the child is exposed,The child's religion,B,What plays views of the following the most significant in forming a child 's political ? was Which
What power was granted to the states by the Articles of Confederation but not by the Constitution?,Coining money,Authorizing constitutional amendments,Having representation in Congress,Appealing to the president to adjudicate disputes,A,What power was granted to the states by the Articles of Confederation but not by the Constitution?
The primary function of political action committees (PACs) is to,contribute money to candidates for election,coordinate local get-out-the-vote campaigns,promote the defeat of incumbents in the federal and state legislatures,organize protest demonstrations and other acts of civil disobedience,A,What is The primary of political action committees ( PACs ) to was function
Federal judges are subject to which of the following disciplinary actions?,"Impeachment, conviction, and removal from office by Congress",Removal from office by the appointing president,Removal from office by the president-elect,Recall elections by citizens residing in the district over which the judge has jurisdiction,A,What are Federal subject to which of the following disciplinary actions ? was judges
The amount of access cabinet secretaries have to the president is most likely to be controlled by the,vice president,president's chief of staff,national security advisor,chair of the Federal Reserve Board,B,What to have The of access cabinet secretaries to the president is most likely be controlled by the was amount
Which of the following defines the salience of a political issue?,The amount of coverage the issue receives in the major news media,The degree to which public opinion on the issue is likely to shift quickly,The number of people affected by the issue,The importance of the issue to a particular individual or group,D,What defines salience of the following the of a political issue ? was Which
Voters who rely exclusively on television network news coverage of national elections are most likely to be aware of,which special interest groups have endorsed which candidates,"the relative strength of each candidate's support, as indicated by public opinion polls",candidates' positions on international issues,candidates' positions on domestic issues,B,What to are rely exclusively on television network news coverage of national elections most likely be aware of was who
Which principle was established by the Supreme Court's decision in Marbury v. Madison?,"One man, one vote",Separate but equal,Judicial review,Right to privacy,C,Which principle was established by the Supreme Court's decision in Marbury v. Madison?
Which of the following people would most likely be accused of influence peddling?,A congressperson who retires to take a position teaching political science at a university,A former president who advises a current president on a particular foreign policy issue,A voter who researches the positions of all candidates in a race before choosing whom to support,An official who leaves the State Department to work as a paid consultant to foreign governments,D,Which of the following people would most likely be accused of influence peddling?
Which of the following does the Supreme Court NOT have the power to override?,Constitutional amendments,Presidential executive orders,Laws passed by Congress,Laws passed by state legislatures,A,Who to have power of the following the Supreme NOT the override ? was Court
"According to The Federalist Papers, federalism has which of the following effects on political factions?",It provides a structured environment in which factions may flourish.,It limits the dangers of factionalism by diluting political power.,It allows factions to dominate on the national level while limiting their influence on state governments.,It eliminates any opportunity for factions to form.,B,"What has which According to The Federalist Papers , of the following effects on political factions ? was federalism"
Which of the following statements about voting patterns is NOT true?,Non-whites are more likely to vote Democratic than are whites.,Women are more likely to vote Democratic than are men.,Low-income Americans are more likely to vote Democratic than are upper-income Americans.,Evangelical Christians are more likely to vote Democratic than are non-religious Americans.,D,What is of the following statements about voting patterns NOT true ? was Which
The legal principle that instructs judges to follow established precedent when deciding cases is commonly referred to as,certiorari,de jure,ex post facto,stare decisis,D,When to principle cases The legal instructs follow established when deciding is commonly referred to as was that
Voters in which of the following categories would be LEAST likely to vote?,Blue-collar workers who belong to a union,Professionals,Voters who are active in their political parties,Voters aged 18-29,D,Voters in which of the following categories would be LEAST likely to vote?
"While ratifying the Constitution, the primary point of disagreement between Federalists and Anti-Federalists was over",whether representation in Congress should be equal among states or proportional to population,the strength of the federal government relative to the states,the future of the slave trade,whether people had inalienable rights,B,"What was Constitution While ratifying the , the primary of disagreement between Federalists and Anti - Federalists over was point"
"The legislative successes of the National Rifle Association, antiabortion activists, and other powerful interest groups demonstrate that",United States domestic policy grew more conservative in the 1990s,the influence of political action committees has weakened in recent years,the power of interest groups depends on the degree of support for their positions in the White House,majority opinion on an issue can sometimes be overridden by the intensity of a minority's commitment to activism,D,"What demonstrate that The legislative of the National Rifle Association , antiabortion activists , and other powerful interest groups was successes"
The exclusionary rule was established to,"create ""separate but equal"" facilities to facilitate racial segregation",allow private organizations to restrict their memberships,limit the government's ability to use illegally obtained evidence,deny control of interstate commerce to the states,C,The exclusionary rule was established to
The opinions of congressional committees often fail to accurately mirror public opinion because,the membership of committees often overrepresents constituencies with the greatest stake in the committee's business,most committees are too small to include representatives of all popular opinions,the minority party controls nearly half of all committees,committee members often lose track of their constituents' priorities because of their frequent contact with special-interest lobbyists,A,What to fail opinion The of congressional committees often accurately mirror public because was opinions
"Congress would be required to use the ""elastic clause"" of the Constitution to",change citizenship requirements,impose workplace safety standards,increase tax rates,authorize the treasury to print money,B,"Congress would be required to use the ""elastic clause"" of the Constitution to"
The House Rules Committee is considered among the most powerful in the House of Representatives because it has great power over the,ethical conduct of House members,selection of federal judges,number of subcommittees that a standing committee may establish at any given time,scheduling of votes and the conditions under which bills are debated and amended,D,What considered power The House Rules Committee is among the most powerful in the House of Representatives because has great over the was it
"The Supreme Court issued the opinion quoted below in its ruling on which of the following cases? ""We conclude that in the field of education the doctrine of 'separate but equal' has no place. Separate educational facilities are inherently unequal.""",Gideon v. Wainwright,Marbury v. Madison,Engel v. Vitale,Brown v. Board of Education of Topeka,D,"Who issued opinion The Supreme the quoted below in its ruling on which of the following cases ? was Court What conclude place "" that in the field of education the of ' separate but equal ' has no . was doctrine What are Separate educational inherently unequal . "" was facilities"
In the past decade many states have moved forward the date of their presidential primary elections in an effort to,minimize the cost of running the election,convince the national government to move forward the date of the general election,restrict the number of entrants in the presidential race,increase the significance of their election results,D,What have moved date In the past decade many forward the of their presidential primary elections in an effort to was states
"Ruled unconstitutional in 1983, the legislative veto had allowed",the executive branch to veto legislation approved by Congress,federal district courts to overturn legislation,the president to veto state laws,Congress to nullify resolutions approved by the executive branch,D,"What had allowed Ruled unconstitutional in 1983 , the legislative was veto"
Federal election laws are designed to achieve all of the following EXCEPT,require disclosure of campaign donations,"prevent campaigns from issuing ""attack"" ads",limit campaign contributions,require disclosure of campaign expenditures,B,Federal election laws are designed to achieve all of the following EXCEPT
"The president executes a ""pocket veto"" by doing which of the following?",Publicly expressing rejection of a bill,Issuing an executive order invalidating a recently passed bill,Failing to sign a bill after Congress has adjourned,Recalling ambassadors from a peace negotiation,C,"What executes which The a "" pocket "" by doing of the following ? was president"
Which of the following has been true of the Republican Party since the 1980s?,It has become aligned with civil libertarians.,It has come to be dominated by labor unions.,It has become more antagonistic to business interests.,It has become more influenced by evangelical Christians.,D,What has been of the following true of the Republican Party since the 1980s ? was Which
"Which of the following statements is LEAST true of voters in federal, state, and local elections?",Voter turnout is lower in midterm elections than it is in presidential elections.,Voters lacking party affiliation tend to vote less regularly than those with strong party affiliation.,Young adults are less likely to vote than senior citizens.,Individuals are more likely to vote when they believe they know which candidate will win an election.,D,"What is of the following statements LEAST true of voters in federal , state , and local elections ? was Which"
Which of the following is NOT true of executive orders?,Presidents avoid using executive orders for controversial actions.,Executive orders have the same effect as laws passed by Congress.,Presidents have made increased use of executive orders since the 1970s.,Executive orders bypass congressional approval.,A,What is of the following NOT true of executive orders ? was Which
Which of the following principles is realized when the federal government provides most of the funding to a project in which multiple levels of government work together?,Confederation,Fiscal federalism,Grant-based funding,Dual federalism,B,When realized most Which of the following principles is when the federal provides of the funding to a project in which multiple of government work together ? was levels
"In ""Federalist No. 10,"" James Madison argues that a federal system of government reduces the danger of political factions by",creating insurmountable obstacles to the founding of factions,making it difficult for one faction to gain the power necessary to govern,requiring equal representation of all factions within the government,restricting factional political activity to the state level only,B,"What argues danger In "" Federalist No . 10 , "" James that a federal of government reduces the of political factions by was system"
All of the following can be considered true about the impact of a higher level of education on voting habits EXCEPT,voters are more likely to support government-enforced affirmative action programs,voters are more likely to support environmental protection efforts,voters are more likely to support public prayer in schools,voters are less likely to support restrictions on abortion rights,C,All of the following can be considered true about the impact of a higher level of education on voting habits EXCEPT
The boundary lines of congressional districts must be redrawn every 10 years to,reflect population shifts indicated by the national census,guarantee the turnover of the majority of congressional seats,make sure each state's congressional delegation exactly mirrors its residents' party affiliations,determine which party's leader will be named Speaker of the House,A,What be redrawn The boundary of congressional districts every 10 years to was lines
Which of the following is true of appellate courts?,Appellate judges never use the stare decisis principle.,Appellate trials are usually jury trials.,Appellate judges usually decide the facts of a case.,Appellate judges review decisions of lower courts.,D,What is of the following true of appellate courts ? was Which
Which of the following generally results when the Senate and House of Representatives pass different versions of the same bill?,The president signs the version he prefers.,The bill goes back to each house's committee and restarts the legislative process.,"All amendments to the bill are invalidated, and the original version of the bill is sent to the president to sign.",The two legislative bodies form a conference committee.,D,Who Which versions of the following generally results when the and House of Representatives pass different of the same bill ? was Senate
"Which of the following accounts for the fact that the power and prestige of the presidency have grown since 1932? I. America's increased prominence in international affairs II. continually improved public confidence in the federal government III. the New Deal and other programs that have expanded federal responsibility IV. the president's increased visibility, due to the development of mass media",I only,I and IV only,"I, III, and IV only",II and IV only,C,"What have Which of the following accounts for the fact that the and prestige of the presidency grown since 1932 ? was power I. America's increased prominence in international affairs II. continually improved public confidence in the federal government III. What have Deal responsibility the New and other programs expanded federal IV . was that the president's increased visibility, due to the development of mass media"
"Interest groups representing businesspeople and investors are often among the most successful lobbying groups in Washington, D.C., for all of the following reasons EXCEPT",Such groups have the financial resources to mount sustained campaigns on their own behalf.,"Many such groups have been in existence for several decades or more, allowing them to master the legislative system and to develop close ties with legislators.","In many districts, these groups' constituents make up the majority of voters.","These groups' constituents contribute heavily to many legislators' campaigns, and in doing so, gain greater access to legislators.",C,"Why are businesspeople Interest representing and investors often among the most successful lobbying groups in Washington , D.C. , for all of the following reasons EXCEPT was groups"
Each of the two main political parties of the United States is organized,as a single party with a presence at the national level only,into a federal structure in which state and local parties have no power,as a relatively independent organization that exists at all levels of government,"in a top-down fashion, so that instructions are dispersed from the national level to the state and local levels",C,Each of the two main political parties of the United States is organized
The origination clause of the Constitution states that,the Bill of Rights must not be infringed upon by any state legislature,Congress and the president must jointly create the annual federal budget,revenue bills must be initiated in the House of Representatives,the Supreme Court has original jurisdiction over all constitutional matters,C,What states that The origination of the Constitution was clause
"Among the following groups that have traditionally supposed the Democratic Party, which has the least liberal constituency?",White Southerners,Labor union members,African Americans,Northern ethnic minorities,A,"What have Among constituency the following groups traditionally supposed the Democratic , has the least liberal ? was which"
Which of the following has the Supreme Court held about the death penalty?,The death penalty may only be imposed upon citizens.,"Under some circumstances, the death penalty may not violate the Eighth Amendment.","Under some circumstances, the death penalty may violate the Third Amendment.",States may execute any adult regardless of intellectual disability.,B,Who has of the following the Supreme held about the death penalty ? was Court
Which of the following describes a core principle of the Constitution as it was written in 1787?,Direct democracy,Checks and balances,Equal representation,Unitary government,B,What describes principle of the following a core of the Constitution as it was written in 1787 ? was Which
What is the primary reason that the committees in the House of Representatives are more influential than they are in the Senate?,The difference in size between the two chambers means that more work is done on the floor in the Senate and more work is done in committees in the House.,The Senate as a whole has confirmation powers that the House does not have.,Members are appointed to the committee in the House but are elected to committees in the Senate.,"A member of any party can serve a committee in the House, but only major party members can serve on committees in the Senate.",A,What is What the primary that the in the House of Representatives are more influential than are in the Senate ? was they
Which of the following statements about presidential elections since 1972 is most accurate?,Voters increasingly get their information from newspapers.,Voters have become more focused on individual candidates.,Elections have become dominated by special interest groups.,Voters increasingly vote based on a party's platform.,B,What is of the following statements about presidential elections since 1972 most accurate ? was Which
Which of the following most accurately describes the right of American citizens to privacy?,The right to privacy is determined entirely by the states on a case-by-case basis.,The right to privacy is explicitly granted in the Preamble to the Constitution.,The Supreme Court has ruled that the right to privacy is implied by the Bill of Rights.,Common law requires the government to respect citizens' right to privacy.,C,What to describes right of the following most accurately the of American citizens privacy ? was Which
A presidential veto would most likely be overturned in which of the following situations?,Approximately 30% of the senators and representatives are members of the presidential political party.,The majority of American citizens support the proposed legislation.,The chief justice of the Supreme Court was appointed by the president.,The president's successful reelection campaign advocated bipartisanship.,A,A presidential veto would most likely be overturned in which of the following situations?
"Of the following interest groups, which has created the largest number of political action committees (PACs) since the 1970s?",Environmental activists,Labor unions,For-profit business,Religious institutions,C,"What has Of number the following interest groups , created the largest of political action committees ( PACs ) since the 1970s ? was which"
The Commerce Clause of the Constitution has been used to,release detainees from prison following unlawful arrest,maintain the navy,increase the power of the national government,veto legislative bills of attainder,C,The Commerce Clause of the Constitution has been used to
"Which of the following would occur if Congress were to pass legislation and declare a recess, and the president took no action on the bill within ten days of its passage?",A line-item veto,A pocket veto,An adjournment,A writ of certiorari,B,"What to occur action of the following if were pass and declare a , and the took no on the bill within ten days of its passage ? was president"
Republican candidates for president who tend to be more successful in the primaries tend to be more conservative than rank-and-file Republicans because,moderate Republicans are less likely than conservative Republicans to gain widespread support in the general election,most moderate Republicans have approved of the Democratic presidential candidate,most rank-and-file Republicans do not care whether their party's nominee shares their political views,"party activists, whose political participation is disproportionate to their numbers, tend to be very conservative",D,What to tend Republican for president tend be more successful in the primaries be more conservative than rank - and - file Republicans because was who
"A ""motion for cloture"" is used to",send a bill back to the House,override a presidential veto in the House,amend an appropriations bill in the House,end a filibuster and force a vote on a bill in the Senate,D,"A ""motion for cloture"" is used to"
Which of the following best illustrates a use of the elastic clause?,The Supreme Court allows a lower court ruling to stand by refusing to hear an appeal.,A congressional committee prevents the full chamber from voting on legislation by delaying its report.,Congress passes legislation establishing a national speed limit.,A member of the House of Representatives introduces a bill to increase federal income tax rates.,C,What illustrates use of the following best a of the elastic clause ? was Which
Which of the following is true of the House Committee on Ways and Means?,Its primary role is to appropriate spending for infrastructure projects.,It is the primary author of congressional banking reform legislation.,It allocates funding for canals and waterways.,Its jurisdiction includes the tax system.,D,What is of the following true of the House Committee on Ways and Means ? was Which
Which of the following is generally understood to be the purpose of the Tenth Amendment to the Constitution?,It allows for trial by jury in common-law cases.,It grants voting rights to all American women.,It lowers the legal voting age from 21 to 18.,It reserves powers to the states.,D,Which of the following is generally understood to be the purpose of the Tenth Amendment to the Constitution?
Which of the following best articulates the doctrine of original intent?,"When a law is unclear, the Supreme Court may consider the intent of a law or the letter of the law, but not both.",Copyright laws exist to protect the rights of those who create original works.,Appellate judges should respect the original decisions of trial judges.,The Constitution should be interpreted in light of the intent of those who wrote it.,D,Which of the following best articulates the doctrine of original intent?
Which of the following statements is true of congressional incumbents who run for reelection?,Incumbent senators are more likely to be reelected than are incumbent members of the House of Representatives.,Incumbents are prohibited by law from spending more on their reelection campaigns than their challengers spend.,Incumbents have a great advantage over challengers because they are better known and can raise campaign funds more easily.,"Ever since the 1994 election, the majority of congressional incumbents have failed in their reelection attempts.",C,What is of the following statements true of congressional incumbents run for reelection ? was who
The relative stability of American public policy is achieved largely through,cooperation between the two major political parties,judicial activism,the constitutional fragmentation of power,affirmative action programs,C,The relative stability of American public policy is achieved largely through
Which of the following is a direct result of an electoral system that features single-member districts?,Only two major parties can successfully be supported.,National campaigns can be conducted without incurring great expense.,Third parties can be as successful as the two major political parties can.,Each political party tends to focus its campaign on a single issue.,A,What is districts of the following a direct of an electoral system features single - member ? was that
All of the following contribute to lower voting rates among Americans in the 18-to-25 age bracket EXCEPT,college attendance in a state other than one's home state,frequent relocation of one's primary residence,the remoteness of most political issues to the daily lives of young people,the fact that the minimum voting age in some states is 21,D,All of the following contribute to lower voting rates among Americans in the 18-to-25 age bracket EXCEPT
Which of the following may file an amicus curiae brief?,A defendant who wants to know what witnesses the plaintiff plans to call.,Former presidents who wish to send instructions to the justices who they appointed.,A senator who wants to impeach a Supreme Court justice.,Companies that are not involved in a court case but wish to affect the outcome.,D,What may file brief of the following an amicus curiae ? was Which
Which of the following best predicts how someone will vote in an election?,The voter's gender,The voter's political party affiliation,The voter's socioeconomic status,The voter's religion,B,How will Which of the following best predicts how vote in an election ? was someone
Which of the following statements about the electoral college is correct?,Each state must split its electoral votes among all the candidates that receive votes.,Each state is equally represented in the electoral college.,The electoral college was created by an amendment to the Constitution.,"The results of electoral college voting tend to distort the winner's margin of victory, when compared with the popular vote for president.",D,What is of the following statements about the electoral college correct ? was Which
A sound bite would most likely be used during a presidential election in order to,"avoid ""horse race"" politics",provide the audience with a candidate's view in a limited amount of time,reduce the amount of negative advertising used,ensure a candidate is presented in the best light,B,A sound bite would most likely be used during a presidential election in order to
Interest groups are barred from taking part in which of the following activities?,Sending lawmakers to educational seminars,Giving tangible gifts to lawmakers,Providing research to government officials,Staging protests and boycotts,B,Interest groups are barred from taking part in which of the following activities?
The Dred Scott decision of 1857 was overturned by the,Plessy v. Ferguson decision,Missouri Compromise,Jim Crow laws,Fourteenth Amendment,D,The Dred Scott decision of 1857 was overturned by the
A member of which of the following demographic groups is most likely to support a Republican presidential candidate?,Married white male,Unmarried white female,"African American, male or female","Youths under the age of 25, male or female",A,What to is candidate A of which of the following demographic groups most likely support a Republican presidential ? was member
"Which of the following is the primary purpose of ""motor voter"" laws?",To increase turnout on election days,To make it easier for citizens to register to vote,To require that all voters know how to drive,To establish voter identification laws,B,"What is purpose of the following the primary of "" motor voter "" laws ? was Which"
An open primary is a primary election in which,"voters registered as ""independents"" may not vote",candidates do not specify the office for which they are running,voters may register at their polling place on election day,voters may vote in the election of a party other than the one to which they are registered,D,What is election An open a primary in which was primary
"Which of the following is the largest source of ""automatic spending"" for the federal government?",Salaries to employees of the U.S. Post Office,Interest payments made to U.S. bondholders,Entitlement programs,National defense,C,"What is source of the following the largest of "" automatic spending "" for the federal government ? was Which"
"Which of the following is an example of ""horse-race journalism""?",A news story focuses on a politician's scandals rather than achievements.,A television news anchor reports an event before the station's rivals.,A reporter announces which candidate leads in a public opinion poll.,A newspaper editor prints stories about long-term political developments.,C,"What is example of the following an of "" horse - race journalism "" ? was Which"
All of the following are core values of American political culture EXCEPT,income equality,democracy,individual liberty,due process,A,What are EXCEPT of the following core of American political culture was All
The Supreme Court has used the practice of selective incorporation to,limit the number of appeals filed by defendants in state courts,extend voting rights to racial minorities and women,apply most Bill of Rights protections to state law,hasten the integration of public schools,C,Who has used practice The Supreme the of selective incorporation to was Court
"According to the Constitution, who determines voter eligibility requirements?",The president,Congress,State legislatures,Federal administrative agencies,C,"What According requirements to the Constitution , determines voter eligibility ? was who"
The difference between a pardon and a reprieve is,"a pardon lasts 10 years, while a reprieve lasts one year","a reprieve grants a release from legal punishment, while a pardon postpones it",a pardon grants a release from legal punishment while a reprieve postpones it,only state governors can issue pardons,C,What is The between a pardon and a reprieve was difference
Which of the following actions can the president take without congressional approval?,Grant reprieves and pardons,Appoint Supreme Court justices,Negotiate and ratify treaties,Declare war,A,What can take Which of the following actions the without congressional approval ? was president
Two related cases that focused on the right to privacy for all American citizens were,Near v. Minnesota and New York Times v. Sullivan,Texas v. Johnson and Morse v. Frederick,Thornhill v. Alabama and Cox v. New Hampshire,Griswold v. Connecticut and Roe v. Wade.,D,What were Two related focused on the right to privacy for all American citizens was that
The swift adoption of the Bill of Rights in the years following ratification of the Constitution demonstrates the,Framers' unqualified commitment to individual rights,small states' determination to receive equal representation in the legislature,Northern states' support for abolitionism,states' fears of an overpowerful national government,D,What demonstrates the The swift of the Bill of Rights in the years following ratification of the Constitution was adoption
Incumbent members of the House of Representatives win reelection more often than incumbent senators for all of the following reasons EXCEPT,representatives' constituents more often belong largely to the representative's party,"senators have more political power than representatives, and Senate races are accordingly contested more aggressively",representatives may use federal funds to publicize their achievements via direct mail to constituents,representatives more often run uncontested,C,Why win reelection Incumbent of the House of Representatives more often than incumbent senators for all of the following reasons EXCEPT was members
A Supreme Court that demonstrates a willingness to change public policy and alter judicial precedent is said to be engaging in,judicial activism,due process,judicial restraint,ex post facto lawmaking,A,What be said precedent A Supreme Court demonstrates a change public and alter judicial is engaging in was that
Which of the following is an accurate statement about the leadership of the two major political parties?,The national party organization controls all facets of party activity throughout the country.,"Party leadership is dispersed among numerous officials at the national, state, and local levels.",The highest elected official in each national party directs that party's activities and operations all the way down to the state and local levels.,All major decisions concerning party activities are made during each party's presidential nomination conventions.,B,What is statement of the following an accurate about the leadership of the two major political parties ? was Which
"The opposition of the American Civil Liberties Union (ACLU), the National Association of Women Lawyers (NAWL), and the American Federation of Labor and Congress of Industrial Organizations (AFL-CIO) to Samuel Alito's 2006 nomination to the Supreme Court is an example of",realignment,coalition building,impeachment,a recall election,B,"What is example The of the American Civil Liberties Union ( ACLU ) , the National Association of Women Lawyers ( NAWL ) , and the American Federation of Labor and Congress of Industrial Organizations ( AFL - CIO ) to Samuel Alito 's 2006 nomination to the Supreme Court an of was opposition"
"Which of the following is the best illustration of ""pork barrel"" legislation?",A federal agency is created to ensure the safety of food and animal products.,A bill can be passed only if a majority of congresspersons from rural districts approve of it.,A senator refuses to vote for a tax increase without a corresponding decrease in spending.,A member of Congress inserts a provision into a bill to secure funding for a project in his or her district.,D,"What is illustration of the following the best of "" pork barrel "" legislation ? was Which"
All of the following statements about gerrymandering are true EXCEPT that it,favors incumbent candidates over challengers,can divide like-minded voters into several districts to reduce their influence,has been allowed by the Supreme Court in some instances,increases the control voters have over their elected officials,D,What are EXCEPT of the following statements about gerrymandering true that it was All
"Which of the following was the legal basis for the 1973 Roe v. Wade majority opinion, in which the Supreme Court struck down a state ban on abortion?",The Nineteenth Amendment secures for women the right to vote.,The Civil Rights Act of 1964 prohibits discrimination based on gender.,The Bill of Rights implies a right to privacy.,The Ninth Amendment reserves powers to the people.,C,"Who was ban of the following the legal for the 1973 Roe v. Wade majority opinion , in which the Supreme struck down a state on abortion ? was Court"
"Of the following, American federalism is most clearly exemplified by the",system of checks and balances among the three branches of the national government,process by which international treaties are completed,"special constitutional status of Washington, D.C.",Tenth Amendment to the Constitution,D,"Of the following, American federalism is most clearly exemplified by the"
"When the Founders met in 1787 to write the Constitution, their primary objective was to",establish a bill of rights that would protect citizens from the government,create a national court system for hearing disputes between citizens of different states,return to the states those powers that the Articles of Confederation had given to the central government,replace the weak central government created by the Articles of Confederation with a stronger one,D,"When to was Constitution When the met in 1787 write the , their primary to was objective"
A constitutional amendment would be required to ban flag burning because that activity is currently protected by the right to,due process,assembly,free exercise of religion,free speech,D,A constitutional amendment would be required to ban flag burning because that activity is currently protected by the right to
Which of the following is an example of an implied power of the Congress?,regulation of interstate commerce,borrowing money on the credit of the United States,oversight of executive branch agencies,declarations of war,C,What is example of the following an of an implied power of the Congress ? was Which
"To which characteristic of American government does the term ""federalism"" refer?",The system of checks and balances within the national government,The power of the Supreme Court to review the constitutionality of laws,The Bill of Rights' protection of the rights of the accused,The division and sharing of power between the national and state governments,D,"What does refer To which of American government the term "" "" ? was federalism"
"Given the structure of the electoral college system, presidential candidates tend to","avoid battleground states and focus their campaigns on ""safe"" states",campaign more heavily in states with large populations,spend more television advertising money in the Plains States,campaign extensively in states that heavily favor one party over the other,B,"What tend Given the structure of the electoral college system , presidential to was candidates"
Filibusters are less likely to occur in the House of Representatives than in the Senate because,Senate decorum forbids one senator from attempting to stop another's speech,the House meets for substantially fewer hours per day than does the Senate,"Senate sessions, unlike House sessions, are open to the public",debate in the House is in most instances strictly regulated by the rules,D,What to are less likely occur in the House of Representatives than in the Senate because was Filibusters
"When the Democratic Party pursues liberal social policies, it is most likely to alienate which of its traditional bases?",People holding advanced academic degrees,Northeastern city dwellers,Southerners,Jewish Americans,C,"When to is which When the Democratic pursues liberal social , most likely alienate of its traditional bases ? was it"
The practice of drawing congressional district lines in an attempt to give one party a benefit over another is referred to as,front-loading,prior restraint,reapportionment,gerrymandering,D,The practice of drawing congressional district lines in an attempt to give one party a benefit over another is referred to as
Which of the following is NOT a way in which the powers of the executive branch are balanced by the legislative branch?,The Senate may use the filibuster to block an executive order.,"Congress may impeach and convict a president for ""high crime and misdemeanors.""",The Senate can decline to ratify a treaty.,The Senate can decline to approve a president's nominee for the Supreme Court.,A,What is way of the following NOT a in which the powers of the executive branch are balanced by the legislative branch ? was Which
The line-item veto was found unconstitutional because,it gave executive powers to the legislature,it gave legislative powers to the bureaucracy,it gave legislative powers to the president,it delegated too many powers to the states,C,The line-item veto was found unconstitutional because
"Why do political scientists identify the presidential elections of Franklin Roosevelt in 1932 and Richard Nixon in 1968 as well as the midterm election of 1994 as ""critical elections""?",The issues at stake in those elections were more important than in most elections.,Those elections saw major shifts in party alignment that would last for decades.,Minority voters played a key role in deciding the winners of those elections.,Those elections took place during wartime.,B,"Why do identify elections Why political the presidential of Franklin Roosevelt in 1932 and Richard Nixon in 1968 as well as the midterm election of 1994 as "" critical elections "" ? was scientists"
House members are more concerned about their committee assignments than are senators because,House members may serve on only one committee at a time,Senate committees have relatively little power to alter legislation,bills in the Senate must pass through all committees before reaching the floor,the rules make it extremely difficult for representatives to influence legislation on the House floor,D,What are House more concerned about their committee assignments than are because was senators
Which of the following statements about voting populations is most accurate?,Individuals are less likely to vote in a closely contested race.,Voters are more likely to vote at age 18 than they are at age 65.,An individual with a graduate degree is more likely to vote than an individual who has only a high school diploma.,Affluent individuals are less likely to vote than impoverished individuals.,C,What is of the following statements about voting populations most accurate ? was Which
The primary goal of the Gramm-Rudman Acts of 1985 and 1987 was to,strengthen the military,increase funding for social programs,reduce the federal deficit,limit the president's ability to conduct foreign policy,C,What was The primary of the Gramm - Rudman Acts of 1985 and 1987 to was goal
"Which of the following best describes the practice of ""ticket splitting""?",A presidential nominee selects a running mate who can appeal to voter groups whose support of the nominee is weak.,"A voter chooses the presidential nominee of one major party, but chooses congressional nominees of the other major party.",A mayor orders the local police force to hand out fewer parking violations in the weeks leading up to the general election.,A delegate to a national party convention supports the front-runner but remains uncommitted on the party platform.,B,"What describes practice of the following best the of "" ticket splitting "" ? was Which"
Which of the following is the most direct result of an electoral system with single-member districts?,Proliferation of many small parties,A balance of power that favors the president over Congress,A persistent third-party presence,Development of a two-party system,D,What is result of the following the most direct of an electoral system with single - member districts ? was Which
The Voting Rights Act of 1965,granted women the right to vote,banned race-based discrimination,granted African-Americans the right to vote,suspended the use of literacy tests at voting centers,D,The Voting Rights Act of 1965
"In the House of Representatives, the Rules Committee",determines both the rules of the House and conditions for legislative process,plays a pivotal role in the management of the Library of Congress,has jurisdiction over fisheries and wildlife,determines what behavior is deemed ethical in the House,A,"In the House of Representatives, the Rules Committee"
"When an appeal is made to the Supreme Court, the court usually",refuses to hear the appeal,declares a mistrial,orders the lower court to retry the case,rules in favor of the defendant,A,"When an appeal is made to the Supreme Court, the court usually"
Under which of the following circumstances does a president usually experience a reduction in political power? I. The president is in the final two years of his or her second term II. The number and severity of international crises is increasing III. Different parties control Congress and the White House IV. The economy is strong and the president's approval ratings are high,I only,I and II only,I and III only,II and III only,C,What does experience reduction Under which of the following circumstances a usually a in political power ? was president I. What is The in the final two years of his or her second term II . was president What is increasing III The and severity of international crises . was number What control Congress Different and the White House IV . was parties What is The strong and the president 's approval are high was ratings
Which of the following is LEAST likely to explain low voter turnout for an election?,The preclearance provision of the Voting Rights Act,Low levels of political efficacy among registered voters,Regulations that require voters to show identification,The frequency with which state and local elections occur,A,What to is turnout of the following LEAST likely explain low voter for an election ? was Which
Members of Congress are allowed to mail letters to their constituents at the government's expense because of,gerrymandering,pork-barrel legislation,the Sixteenth Amendment,the franking privilege,D,Members of Congress are allowed to mail letters to their constituents at the government's expense because of
The idea that the Bill of Rights applies to both federal and state governments by means of the Fourteenth Amendment is called,mandamus,habeas corpus,strict constructionism,the doctrine of incorporation,D,What called The idea that the of Rights applies to both federal and state governments by means of the Fourteenth Amendment is was Bill
"If no presidential candidate receives a majority of the electoral college vote, then who becomes the president?",The candidate who wins the popular national vote,The incumbent vice president of the United States,Whomever is selected by the United States Supreme Court,The candidate who wins the majority of votes in the House,D,"What becomes president If no presidential receives a of the electoral college vote , then the ? was who"
"Unlike in a closed primary election, in an open primary election",voters select the winner by caucus instead of by individual ballots,the election results are not binding,"any registered voter may participate, regardless of party affiliation",voters may register to vote on the day of the election,C,"Unlike in a closed primary election, in an open primary election"
"Every ten years, the majority of state legislatures are responsible for",redrawing congressional district boundaries,electing a new state governor,evaluating the physical accessibility of polling venues,deciding where to construct new elementary schools,A,"What are Every ten years , the of state legislatures responsible for was majority"
Which of the following best describes the fate of most popular third-party movements?,They displace one of the two major parties and become major parties themselves.,They are ultimately abandoned by the public because their politics are perceived as too radical.,Their supporters become frustrated and withdraw from the political process.,They disintegrate when one or both of the major parties adopt the third party's goals.,D,What describes fate of the following best the of most popular third - party movements ? was Which
The spoils system of awarding civil service jobs was replaced by the merit system as a result of the,Truman Doctrine,Fair Labor Standards Act of 1961,National Industrial Recovery Act,Pendleton Act of 1883,D,The spoils system of awarding civil service jobs was replaced by the merit system as a result of the
"The term ""iron triangle"" refers to the interrelationship of the","president, Congress, and the Supreme Court","electorate, Congress, and political action committees","local, state, and federal governments","federal bureaucracy, congressional committees, and lobbyists",D,"What refers The term "" iron "" to the interrelationship of the was triangle"
"The No Child Left Behind Act, which established educational standards that states must meet to receive federal educational funding, is an example of which of the following?",A federal mandate,A constitutional amendment,Affirmative action,Tort reform,A,"What to is example The No Behind , established educational meet receive federal educational , an of which of the following ? was states"
An inherent power of the president is the power to,appoint a nominee for the U.S. Supreme Court,negotiate a treaty with another country,declare a state of emergency following a natural disaster,veto a bill passed by the U.S. Congress,C,What is power An inherent of the president the to was power
The Supreme Court has used the Fourteenth Amendment to apply portions of the Bill of Rights to state law by citing the amendment's,prohibition on unreasonable search and seizures,due process clause,guarantee of privacy rights,abolition of slavery,B,Who to used amendment The Supreme the Fourteenth apply of the Bill of Rights to state law by citing the 's was Court
Political efficacy refers to the idea that,political parties can provide a check to the political influence wielded by corporations,individuals believe that they can influence the government through participation in the democratic process,the system of checks and balances ensures that the government is both efficient and productive,politicians have a duty to inform their constituents about the democratic process,B,What refers Political to the idea that was efficacy
Which of the following presidential powers is shared with the Senate?,Deploying troops,Drafting appropriations bills,Negotiating treaties,Forcing Congress into session,C,Which of the following presidential powers is shared with the Senate?
Which of the following is a significant difference between the Senate and the House of Representatives?,Only the House has the power to issue subpoenas.,Only the Senate may introduce revenue bills.,"States are equally represented in the House, while representation in the Senate is proportional to population.","The Senate allows unlimited debate, while the House does not.",D,What is difference of the following a significant between the Senate and the House of Representatives ? was Which
"A member of the president's cabinet is said to have ""gone native"" when that cabinet member",resigns to take a position as a consultant to lobbying groups,cedes control of his or her department to lifelong bureaucrats within the department,places his or her department's priorities above the president's,accepts bribes or expensive favors from businesses regulated by his or her department,C,"A member of the president's cabinet is said to have ""gone native"" when that cabinet member"
All of the following are ways in which lobbyists attempt to persuade legislators EXCEPT,distributing propaganda to media,endorsing candidates for office,socializing with government officials,acquiring corporate campaign donations for candidates,D,What to are legislators of the following in which attempt persuade EXCEPT was lobbyists
All of the following are consequences of low voter turnout in the United States EXCEPT,a perception of the government as illegitimate,a lack of true democracy,a lack of minority representation,an imposition of a fine on non-voters,D,What are EXCEPT of the following of low voter turnout in the United States was All
Which of the following statements is true regarding delegates to presidential nomination conventions?,Delegates are generally more likely to register as third party voters at some point.,The majority of the general population is more educated than the delegates.,Delegates typically have little interest in politics.,"Typically, the general population is less ideological than the delegates.",D,What is of the following statements true regarding delegates to presidential nomination conventions ? was Which
All of the following are specifically mentioned in the Constitution EXCEPT,judicial review,the national census,rules of impeachment,the State of the Union address,A,All of the following are specifically mentioned in the Constitution EXCEPT
Which of the following is true of the Supreme Court?,Every case appealed to the Supreme Court is ruled upon by the court.,The court helps set the public agenda by deciding which appeals to hear.,The court hears all cases when two or more justices agree that the case has merit.,"In deciding cases, the chief justice's vote counts as two votes.",B,What is of the following true of the Supreme Court ? was Which
"While best known for protecting freedom of speech and religion, the First Amendment also protects Americans' right to",due process of the law in any criminal case,retain personal property unless justly compensated by the government,not be subjected to excessive fines or unusual punishment,petition the government for a redress of grievances,D,"What protects right While best known for protecting of speech and religion , the First also Americans ' to was Amendment"
The Voting Rights Act of 1965 has had which of the following effects?,States have been prohibited from establishing voter identification requirements.,Voters must now pass literacy tests before voting.,Voting participation for racial minority voters has increased.,The voting age was lowered from 21 to 18.,C,What has had which The Voting Rights of 1965 of the following effects ? was Act
"Considered as a single group, the Small Business Administration, the Small Business committees in the House and Senate, and small business advocacy groups are an example of",an iron triangle,a conference committee,a regulatory agency,dual federalism,A,"Who are example Considered as a single group , the Small Business , the Small Business committees in the House and Senate , and small business advocacy groups an of was Administration"
A writ of certiorari from the Supreme Court indicates that the Court,will review a lower court decision,has rendered a decision on a case,has decided not to hear an appeal,will recess until the end of the calendar year,A,What indicates A of certiorari from the Supreme Court that the Court was writ
Which of the following does NOT appear in the Constitution?,The electoral college,Political parties,Separation of powers,The term length for members of Congress,B,What does appear of the following NOT in the Constitution ? was Which
"Which of the following constitutional principles might be violated if the Environmental Protection Agency issued, enforced, and adjudicated all disputes regarding a new regulation?",Vertical federalism,Due process of law,Comity,Separation of powers,D,"Who might violated disputes Which of the following constitutional principles be if the Environmental Protection issued , enforced , and adjudicated all regarding a new regulation ? was Agency"
Which of the following correctly states the relationship between the federal and state judiciaries?,Federal courts are higher courts than state courts and may overturn state decisions on any grounds.,"The two are entirely autonomous, and neither ever hears cases that originate in the other.","The two are generally autonomous, although federal courts may rule on the constitutionality of state court decisions.",State courts are trial courts; federal courts are appeals courts.,C,What states relationship of the following correctly the between the federal and state judiciaries ? was Which
An example of a categorical grant would be,money loaned by the federal government to cities to fund school maintenance,money given by the federal government to states without conditions,money loaned by the federal government to a private company to prevent it from failing,money given by the federal government to states to fund Head Start early education programs,D,What would be An of a categorical grant was example
When the Supreme Court decides to take a case on appeal it,issues a writ of habeas corpus,issues a writ of certiorari,issues amicus curiae briefs,engages in judicial review,B,Who to decides it When the Supreme take a on appeal was Court
Which of the following is true of federal judges?,They serve four-year terms that coincide with the presidential term.,They are appointed for life and can only be removed by impeachment.,They are elected by Congress and serve ten-year terms.,They are appointed for life and cannot be removed from office.,B,What is of the following true of federal judges ? was Which
Congress has attempted to protect independent regulatory agencies from political influence by requiring that each agency,be led by a group of commissioners representing both major political parties,plan policy cooperatively with the appropriate congressional committees,reapply for funding at the end of each fiscal year,submit all planned policy changes to the president for approval,A,Who to attempted agencies protect independent regulatory from political influence by requiring that each agency was Congress
Which of the following is true of congressional redistricting?,The responsibility for redrawing congressional districts belongs to congressional committees.,It is a noncontroversial process because it has few political ramifications.,It occurs every 10 years to reflect changes in population according to the census.,The Supreme Court has ruled that legislators may not consider racial demographics when redrawing districts.,C,What is of the following true of congressional redistricting ? was Which
Which of the following most accurately describes The Federalist Papers?,"The Federalist party platform during the presidency of John Adams, the first Federalist president",A popular anti-British booklet of the pre-Revolutionary era,A collection of essays arguing the merits of the Constitution,A series of congressional acts defining the relationship between the federal and state governments,C,What describes Papers of the following most accurately The Federalist ? was Which
Which of the following is true of court cases in which one private party is suing another?,They are tried in civil court.,The federal court system has exclusive jurisdiction over them.,They are tried in criminal court.,The state court system has exclusive jurisdiction over them.,A,What is is another of the following true of court cases in which one private suing ? was party
Which of the following statements about political action committees (PACs) is most accurate?,"They may only campaign for issues, not for individual candidates",Their activities are not regulated by the Federal Election Commission (FEC),Their activities are limited to national presidential elections,"They raise money to influence federal, state, and local elections",D,What is of the following statements about political action committees ( PACs ) most accurate ? was Which
The line-item veto was ruled unconstitutional because it,violated the legislative process by which bills become laws,allowed Congress to eliminate sections of legislation without a two-thirds majority,gave states the ability to override federal legislation,empowered Congress to nullify executive actions,A,The line-item veto was ruled unconstitutional because it
"In which of the following cases did the Supreme Court decision establish the ""separate but equal"" doctrine of state-sponsored racial segregation?",Plessy v. Ferguson,McCulloch v. Maryland,Gibbons v. Ogden,Brown v. Board of Education,A,"What did establish doctrine In which of the following cases the Supreme Court the "" separate but equal "" of state - sponsored racial segregation ? was decision"
Which of the following categories of spending are paid without an appropriations bill?,Department of Education special acts and authorizations,Justice department budgets,Federal budget entitlements,Department of Defense funding,C,Which of the following categories of spending are paid without an appropriations bill?
The Reorganization Plan 1 of 1939 and Executive Order 8248 allow the president to select the staff for the,Peace Corps,White House Office,Senate Committee on Appropriations,Cabinet,B,What to allow staff The Reorganization 1 of 1939 and Executive Order 8248 the select the for the was president
Failed felony prosecutions at the state level are sometimes retried at the federal level,on appeal by state prosecutors,"under the ""double jeopardy"" provision of the Constitution",because new evidence has voided the state-level verdict,as civil liberties violations,D,Failed felony prosecutions at the state level are sometimes retried at the federal level
"Compared with political parties in countries such as England and Israel, both of which have multiparty systems, American political parties are",less interested in influencing the outcome of elections,less clearly identified with consistent political ideologies,less effective at raising money from political supporters,better able to reflect the goals of their entire constituencies,B,"What are systems Compared with political parties in countries such as England and Israel , of which have multiparty , American political was parties"
All of the following are true under the system of checks and balances EXCEPT,the president's nominees must be approved by the Senate before taking office,two-thirds of the Senate must approve presidentially negotiated treaties,the president can override a congressional veto and pass laws,Congress can override a presidential veto,C,What are of the following true under the system of checks and balances EXCEPT was All
The Supreme Court case Regents of University of California v. Bakke concerned which of the following issues?,The rights of students to protest on a publicly funded campus,In-class prayer at a publicly funded school,The rights of students to carry concealed weapons on campus,The use of racial quotas in public university admissions,D,The Supreme Court case Regents of University of California v. Bakke concerned which of the following issues?
Why has network news coverage become less diverse in recent years?,Decreasing liberal bias in the news media,Increasing visibility for individual candidates on TV,Increasing concentration of ownership in the news media,Decreasing cost of political ads on TV,C,Why has become Why network news less diverse in recent years ? was coverage
"Politicians and political reporters are natural adversaries; the adversarial nature of their relationship, however, is tempered by the fact that",younger politicians who are more comfortable with the media are gradually displacing older politicians,government regulations on interaction between the two groups are very strict,each group is dependent on the other to perform its job effectively,very few media outlets will cover a story that is embarrassing to a political leader,C,"How tempered adversaries and political reporters are natural ; the adversarial nature of their relationship , however , is by the fact that was Politicians"
Both the War Powers Act of 1974 and the Budget and Impoundment Control Act of 1974 represent efforts by Congress to limit the powers of the,Joint Chiefs of Staff,House Ways and Means Committee,Central Intelligence Agency,president,D,What to represent powers Both the War Powers of 1974 and the Budget and Impoundment Control Act of 1974 by Congress limit the of the was Act
"Under the Articles of Confederation, the national government had the power to",negotiate treaties,collect taxes,establish a federal judiciary,enforce its laws,A,"What had power Under the Articles of Confederation , the national the to was government"
"According to Brown v. Board of Education (1954), which of the following amendments was violated by the ""separate but equal"" doctrine that had been established in Plessy v. Ferguson (1896)?",First Amendment,Sixth Amendment,Ninth Amendment,Fourteenth Amendment,D,"According to Brown v. Board of Education (1954), which of the following amendments was violated by the ""separate but equal"" doctrine that had been established in Plessy v. Ferguson (1896)?"
The Framers of the Constitution sought to insulate the Senate from public opinion by,restricting Senate membership to those who previously served in the House of Representatives,delegating the responsibility for electing senators to the state legislatures,requiring all spending bills to originate in the House of Representatives,empowering the Senate to provide advice and consent to the executive branch,B,What to sought Senate The of the Constitution insulate the from public opinion by was Framers
All of the following statements about Congress are true EXCEPT:,Only Congress can pass laws.,A proposed amendment must be approved by two-thirds of the delegates in both houses of Congress.,Congress can override a presidential veto if two-thirds of the House and Senate agree to do so.,Congressional power over the bureaucracy is less than that of the president.,D,What are EXCEPT of the following statements about Congress true : was All
The majority of Supreme Court justices,are appointed by presidents of the same political party,have no prior judicial experience,switch party affiliation during their term,stay on the court for only a decade,A,The majority of Supreme Court justices
Which of the following most accurately states the impact of the Civil Rights Act of 1964 on school desegregation in the South?,"Because it included no enforcement provisions, the Civil Rights Act of 1964 had no appreciable effect on school desegregation.","By overturning the ""separate but equal"" principle, the Civil Rights Act of 1964 ended segregation in public schools.",The Civil Rights Act of 1964 hastened school desegregation by cutting off federal funds to discriminatory school systems.,The Civil Rights Act of 1964 sent federal troops to every segregated public school in the South to force school desegregation.,C,What states impact of the following most accurately the of the Civil Rights Act of 1964 on school desegregation in the South ? was Which
A presidential plurality victory occurs when,the winning candidate receives less than 50 percent of the popular vote,candidates receive an equal number of electoral votes and the popular vote determines the winner,the Senate declares the formal winner,the winning candidate receives more than 50% of the popular vote,A,When occurs A presidential plurality when was victory
Which of the following statements best characterizes cooperative federalism?,The executive and legislative branches working on legislation together,The federal government granting power over a policy area to the states,Governments working with businesses to address an issue,State and federal governments working on the same issue,D,What characterizes federalism of the following statements best cooperative ? was Which
"In Gideon v. Wainwright, the Supreme Court ruled that criminal defendants in state cases have the right",to representation by an attorney,not to incriminate themselves,to a speedy trial,not to be punished excessively,A,"What ruled right In Gideon v. Wainwright , the Supreme that criminal in state cases have the was defendants"
Which of the following is not a special position held by a member of Congress?,President pro tempore,Speaker of the House,Congressional Management Foundation Chair,Minority Whip,C,What is position of the following not a special held by a member of Congress ? was Which
All of the following statements concerning the likelihood that a person will vote are true EXCEPT:,"When there is a strong front-runner in a state, people in that state are less likely to vote.","White-collar workers are more likely to vote than are blue-collar workers, with the exception of blue-collar workers who belong to unions.",Voters who are registered as independent are less likely to vote than those who are registered Democrats or Republicans.,There is no difference in the likelihood of voting among those with undergraduate degrees and those with postgraduate degrees.,D,What will are EXCEPT of the following statements concerning the that a vote true : was person
Which of the following statements about the House of Representatives is true?,All revenue bills must originate in the Senate before moving to the House.,"Representation in the House is allocated equally among the states, while representation in the Senate is allocated proportional to population.",The Speaker of the House wields less power than the president pro tempore of the Senate.,"The House has a Committee on Ways and Means, while the Senate does not.",D,What is of the following statements about the House of Representatives true ? was Which
Which of the following best describes the Supreme Court's doctrine of incorporation?,"Although the Constitution empowers the federal government to regulate international trade, states may establish boycotts of goods imported from countries that use child labor.","While the Congress creates laws, and the executive branch enacts and enforces those laws, only the Supreme Court may decide which laws and executive actions are unconstitutional.","The Fifth Amendment guarantees that an individual may not be deprived of life, liberty, or property without due process, and this protection provides a legal justification for those who do not wish to serve on a jury.","The Bill of Rights articulates certain rights in order to protect individuals from the federal government, and the Fourteenth Amendment extends most of those rights to protect individuals from the state governments as well.",D,What describes doctrine of the following best the Supreme Court 's of incorporation ? was Which
People who join a political party other than the one to which their parents belong most often do so because of,peer pressure,economic issues,religious beliefs,pressure from their employers,B,What do party join a political other than the one to which their belong most often so because of was parents
The right of American citizens to petition the government for a redress of grievances is protected under the,First Amendment,Second Amendment,Third Amendment,Eighth Amendment,A,The right of American citizens to petition the government for a redress of grievances is protected under the
"In the majority of cases, federal programs are implemented by",private businesses working as subcontractors to the government,"state and local governments, by means of federal funding","Congress, through the local offices of its elected representatives","the federal courts, by means of criminal prosecutions",B,"In the majority of cases, federal programs are implemented by"
How many votes in the Senate must a presidential nominee to the Supreme Court receive in order to be confirmed?,Forty percent,Fifty-one percent,Fifty-five percent,Sixty percent,B,How to receive How many in the Senate a presidential to the Supreme Court in order be confirmed ? was nominee
Appointments to which of the following positions must be confirmed by the Senate before taking effect? I. Director of Homeland Security II. Secretary of the Treasury III. National Security Advisor IV. U.S. Ambassador to the United Nations,II only,I and III only,II and IV only,"I, II, and IV only",D,Appointments to which of the following positions must be confirmed by the Senate before taking effect? I. Director of Homeland Security II. Secretary of the Treasury III. National Security Advisor IV. U.S. Ambassador to the United Nations
Which of the following best describes a block grant?,Money provided to individuals to fund research projects,Funds with few restrictions that are provided to state or local governments for general purpose use,Funds distributed among states according to a set formula,Money that can only be used for a specific purpose,B,What describes grant of the following best a block ? was Which
A member of the House of Representatives wishing to influence tax policy would most likely try to serve on which of the following committees?,Commerce,Ways and Means,Education and the Workforce,Resources,B,What to try policy A of the House of Representatives wishing influence tax most likely serve on which of the following committees ? was member
Which of the following is an example of devolution?,Allowing states to decide how to meet federally mandated greenhouse gas emissions targets,"A ""race to the bottom"" in which states compete with one another to have the fewest environmental regulations",A state that legalizes marijuana possession in conflict with federal law,A state being prevented from implementing a fuel efficiency standard that is more stringent than that set by the federal government,A,What is example of the following an of devolution ? was Which
Which committee in the House of Representatives determines the procedure by which bills are debated and amended?,Ways and Means,Judiciary,Ethics,Rules,D,What determines procedure Which in the House of Representatives the by which bills are debated and amended ? was committee
The government promotes preferential treatment for members of groups that have historically suffered from discrimination by means of,the New Federalism,affirmative action programs,Social Security benefits,bills of attainder,B,What have promotes treatment The preferential for members of groups historically suffered from discrimination by means of was that
The rules governing the electoral college make it especially important for presidential candidates to,"win as many states as possible, regardless of the size of the states",spend most of their time campaigning in the South,campaign most aggressively among those who will be chosen as electors,"concentrate their campaign efforts on ""battleground"" states",D,What make college The governing the electoral especially important for presidential candidates to was it
Which of the following CANNOT limit the influence of the federal courts?,A constitutional amendment to the contrary of a court decision,The impeachment of a federal judge,A governor's failure to enforce a court decision,A national election recalling an unpopular judge,D,What limit influence of the following CANNOT the of the federal courts ? was Which
All of the following are constitutionally mandated presidential powers EXCEPT the power to,negotiate treaties,veto legislation,grant reprieves and pardons,declare war,D,All of the following are constitutionally mandated presidential powers EXCEPT the power to
"The Constitution, as originally ratified, addressed all of the following weaknesses of the Articles of Confederation EXCEPT the",lack of a chief executive office,national government's inability to levy taxes effectively,absence of a central authority to regulate interstate trade,omission of a universal suffrage clause,D,"What addressed all The , as originally ratified , of the following weaknesses of the Articles of Confederation EXCEPT the was Constitution"
Among the executive branch's checks on the legislative branch is the president's power to,call special sessions of Congress,introduce bills to the floor of Congress,address Congress during its debate on bills,vote on acts of Congress,A,Among the executive branch's checks on the legislative branch is the president's power to
Which of the following accurately describes individual entitlements?,"Congress provides funds to the states, and the states decide how best to spend the money.",Congress is allowed to fund these programs only when the federal government has a budget surplus.,Congress must pay benefits to anyone who qualifies to receive them.,"Congress grants money to states, provided that certain criteria are met.",C,What describes entitlements of the following accurately individual ? was Which
Which of the following is true of most third parties in U.S. history?,They arose and succeeded during times of prosperity.,They were created to protest wars.,At some point they won a majority of seats in Congress.,They flourished during periods of widespread dissatisfaction.,D,What is of the following true of most third parties in U.S. history ? was Which
"The principles of freedom-""we hold these truths to be self-evident, that all men are created equal""- stated in the Declaration of Independence were influenced by the beliefs of political philosopher",Thomas Hobbes,Niccolo Macchiavelli,Jonathan Edwards,John Locke,D,"What to hold truths The of freedom-""we these be self - evident , that all men are created equal""- stated in the Declaration of Independence were influenced by the beliefs of political philosopher was principles"
Divided government frequently results in,reapportionment of voting districts,amendments to the Constitution,conflict between states and the federal government,delays in the confirmation of those nominated to be ambassadors,D,What results Divided frequently in was government
Which of the following is true of Congress's power of oversight?,Congressional oversight activities most often take place at the committee and subcommittee levels.,State challenges to congressional oversight have severely weakened Congress's oversight powers.,Congressional oversight is primarily directed at the judicial branch.,Constituent input does not influence congressional oversight.,A,What is of the following true of Congress 's power of oversight ? was Which
Which of the following is the most accurate statement about writs of certiorari?,Fewer than 5% of petitions for writs of certiorari are granted by the Supreme Court.,"The Supreme Court grants writs of certiorari only when there is a ""circuit split.""",The lower court's ruling is overturned if the Supreme Court denies a writ of certiorari.,Only the solicitor general may petition for a writ of certiorari.,A,What is statement of the following the most accurate about writs of certiorari ? was Which
"Federal election laws require that, in","an area that has a substantial community of non-English speakers, voters be provided with ballots in their native language","an electoral district that has historically low voter turnout, polling places be open for longer than the typical work day","a state with a budget deficit, a tax be collected from each voter to pay for the cost of the election","a region with racial diversity, congressional district lines be drawn to guarantee that at least one elected congressperson be of a racial minority",A,"What require Federal election that , in was laws"
The absence of a political party solely dedicated to labor and working class issues in the United States,proves U.S. politicians are not concerned about serving working-class constituencies,is the result of government restrictions placed on the political activities of labor unions,"reflects the difficulty of unifying a party around a single issue in a ""winner-take-all"" format","demonstrates that, in the United States, most political issues regarding workers have been decided in the workers' favor",C,The absence of a political party solely dedicated to labor and working class issues in the United States
The Civil Rights Act of 1964 was passed to reinforce the,presidential veto,system of checks and balances,states' power to challenge federal regulation,Fourteenth Amendment,D,The Civil Rights Act of 1964 was passed to reinforce the
"Which of the following is NOT part of the ""iron triangles"" that influence public policy-making?",House committees,Senate committees,The courts,Bureaucratic agencies,C,"What is making of the following NOT of the "" iron triangles "" influence public policy - ? was that"
The attorney general is the head of which of the following entities?,The Senate Judiciary Committee,The Department of Justice,The Department of State,The Judge Advocate General's Corps,B,What is head The attorney the of which of the following entities ? was general
The Supreme Court's decision in Miranda v. Arizona was based mainly on the,Constitutional prohibition of ex post facto laws,incorporation of the Fifth Amendment through the due process clause of the Fourteenth Amendment,Eighth Amendment restriction against cruel and unusual punishment,abolition of slavery by the Thirteenth Amendment,B,The Supreme Court's decision in Miranda v. Arizona was based mainly on the
