Question,Option A,Option B,Option C,Option D,Answer,Question_Wh_cleft
The main factor preventing subsistence economies from advancing economically is the lack of,a currency.,a well-connected transportation infrastructure.,government activity.,a banking service.,B,What is lack The main preventing subsistence from advancing economically the of was factor
The tendency for a population to continue to grow long after replacement fertility has been achieved is called,zero population growth.,rapid growth rate.,homeostatic plateau.,demographic momentum.,D,Where has called The tendency for a continue grow long after replacement fertility been achieved is was population
The tendency for migration to decrease with distance is called,push factors.,pull factors.,distance decay.,migration selectivity.,C,The tendency for migration to decrease with distance is called
"Which zone contains low-income slums, ethnic ghettos, and general deterioration in Burgess's concentric zone model of urban form?",First,Second,Third,Fourth,A,"What contains slums Which low - income , ethnic ghettos , and general deterioration in Burgess 's concentric zone model of urban form ? was zone"
Which of the following statements is TRUE concerning women in the labor force?,Most women work in agriculture,The percentage of women economically active in the labor force declined worldwide,The percentage of women in the total labor force declined,Women spend more hours per day working than men in all regions except Anglo America and Australia,D,What is women of the following statements TRUE concerning in the labor force ? was Which
All the following factors can be considered pull factors of migration EXCEPT,safety.,better climate.,better schools.,overcrowding.,D,All the following factors can be considered pull factors of migration EXCEPT
Which of the following countries does NOT have a well-known example of a relict boundary?,Vietnam,United Kingdom,Germany,Bolivia,D,What does have example of the following countries NOT a well - known of a relict boundary ? was Which
Which form of migration below are farm workers from another country most likely to be practicing during the year?,Chain migration,Cluster migration,Circular migration,International migration,C,What be are workers Which of migration below farm from another country most likely practicing during the year ? was form
Which of the following is a centrifugal force in a country?,Religious differences,A national holiday,An attack by another country,A charismatic national leader,A,What is force of the following a centrifugal in a country ? was Which
Early settlements and high population density along coastlines and rivers are best attributed to which of the following?,Mediterranean climate,Limited forest cover,Growth of manufacturing,Access to trade routes,D,Early settlements and high population density along coastlines and rivers are best attributed to which of the following?
The first stage of the demographic transition exhibits,high birth rates with high but fluctuating death rates.,declining birth rates with continuing high death rates.,low birth rates with continuing high death rates.,high birth rates with declining death rates.,A,The first stage of the demographic transition exhibits
What is the population statistic that tells us the level of fertility at which a population will have just enough births to replace parents and compensate for early deaths?,Crude birth rate,Replacement level,Mortality rate,Total fertility rate,B,Where to is parents the population tells us the of fertility at which a have just enough replace and compensate for early deaths ? was population
What is the most rapidly growing religion in the United States today?,Islam,Christianity,Hinduism,Buddhism,A,What is What the most rapidly growing in the United States today ? was religion
The outlying area serviced by a urban center is referred to as a,redline area.,threshold.,range.,hinterland.,D,The outlying area serviced by a urban center is referred to as a
The best definition of an urban area is,the central city and its developed areas.,the central city and its surrounding suburbs.,the central city and its hinterlands.,the central city and the adjacent counties.,B,What is The best of an urban area was definition
Which of the following religions developed first?,Buddhism,Christianity,Islam,Hinduism,D,Which of the following religions developed first?
Which one of the following is NOT a characteristic of world cities?,World cities contain the headquarters of many transnational corporations.,World cities are well connected to secondary-level world cities.,World cities contain many offices of multinational organizations.,World cities are found only in the northern and western hemispheres.,D,What is characteristic Which of the following NOT a of world cities ? was one
Which type of transportation system created the star-shaped city pattern?,Highways to airports that link cities,Interstate highways that link cities,Beltways around cities,Streetcar and trolley lines extending from the CBD,D,What created pattern Which of transportation system the star - shaped city ? was type
In which urban US setting below would you expect to find planned communities?,Ghettos,Suburbs,CBDs,Transition zones,B,What to expect communities In which urban setting below find planned ? was you
The latitude and longitude coordinates of a place are an example of,a formal region.,a functional region.,an absolute location.,a relative location.,C,Where are example The latitude and longitude of a place an of was coordinates
The voluntary association of three or more countries willing to give up some measure of sovereignty is called,nationalism.,devolution.,supranationalism.,complementarity.,C,The voluntary association of three or more countries willing to give up some measure of sovereignty is called
The key factor Thomas Malthus failed to recognize in his population theory was,population is limited by their means of subsistence.,all populations have the potential to increase more than the actual rate of increase.,wars and famine inhibit population's reproductive capacity.,technology's ability to raise the Earth's carrying capacity.,D,Who to failed The key Thomas recognize in his population theory was was Malthus
Which pair of religions are both universalizing religions?,Islam and Judaism,Judaism and Buddhism,Hinduism and Buddhism,Christianity and Buddhism,D,What are religions Which of religions both universalizing ? was pair
Which urban model theorizes that high-rent residential areas grow outward from the center of the city along major highways with lower-rent inhabitants taking over sequentially?,Concentric zone model,Central place model,Urban realms model,Sector model,D,What theorizes Which urban that high - rent residential grow outward from the center of the city along major highways with lower - rent inhabitants taking over sequentially ? was areas
"When a country combines its religion with its government, it is called a",dictatorship.,theocracy.,democracy.,autocracy.,B,"When called religion When a combines its with its government , it is a was country"
What is the chief religion practiced in Europe?,Christianity,Islam,Hinduism,Animism,A,What is What the chief practiced in Europe ? was religion
Which group enacted the first effective settlement in the eastern United States?,French,"British (English, Scotch-Irish, Welsh, Scottish)",Russian,Chinese,B,What enacted settlement Which the first effective in the eastern United States ? was group
"A population pyramid, or age-sex structure, displays all the following information about a country's population EXCEPT",future social spending needs of the population.,"the impact of ""baby booms"" on the population.",the impact of wars on the population.,a quick visual depiction of the country's demographics.,B,"What displays information A population , or age - sex structure , all the following about a country 's population EXCEPT was pyramid"
The Rhine River is an example of which type of boundary?,Geometric,Artificial,Natural,Relict,C,Where is example The Rhine an of which type of boundary ? was River
Which type of economic activity is most closely tied to the physical environment?,Primary,Secondary,Tertiary,Quaternary,A,Which type of economic activity is most closely tied to the physical environment?
The majority of workers in periphery countries are probably employed in which type of activities?,Primary,Secondary,Tertiary,Quaternary,A,The majority of workers in periphery countries are probably employed in which type of activities?
All of the following are non-basic jobs in the city EXCEPT,city firefighter.,social worker.,dry cleaner.,garment factory worker.,D,What are EXCEPT of the following non - basic in the city was All
Transnational corporations distribute their operations,manufacturing goods where production costs are the highest.,conducting accounting and research services where economical.,based on comparative advantage.,with headquarters located in LDCs.,C,What distribute operations Transnational their was corporations
Which of the following is LEAST associated with the development of alluvial landscapes?,A deep cover of loose materials,A predominance of gentle slopes,Frequent flooding,Deep dissection and erosion,D,What associated of the following is with the development of alluvial landscapes ? was LEAST
Which of the following is LEAST self-sufficient in the natural resources needed for modern industry?,United States,Japan,France,United Kingdom,B,What is LEAST of the following self - sufficient in the natural resources needed for modern industry ? was Which
One of the effects of the east–west orientation of the Alpine mountain system and the northern plains of western and central Europe is that it,limits the marine climate of Europe to coastal areas,provides a corridor for communication between southern and northern Europe,enables marine-like climatic conditions to extend eastward into Germany and Poland,effectively prevents population movement between parts of the Mediterranean region,C,What is it of the effects of the east – west orientation of the Alpine mountain system and the northern plains of western and central Europe that was One
The largest Hindu temple complex ever constructed is found in,Calcutta.,Bombay.,Cambodia.,Bali.,C,The largest Hindu temple complex ever constructed is found in
Which term describes the forces that unify and strengthen a country?,Diffusion,Centrifugal,Centripetal,Ethnocentric,C,What describes country Which the unify and strengthen a ? was that
Which one of the following statements best describes an application of the S-curve?,Graph of the Bantu migration,Graph of the growth of human populations since their first appearance on Earth,The chart showing how cities associate with one another based on their population sizes,A model showing the decrease in population growth for several countries after they industrialize,D,What describes application Which of the following statements best an of the S - curve ? was one
Which of the following items is NOT a challenge to the state?,Transnational corporations,EU,World Trade Organization,Good transportation network,D,What is challenge of the following items NOT a to the state ? was Which
"National sports teams, flags, national anthems, and national holidays all promote",nationalism.,sectarianism.,political unrest.,functional disputes.,A,"What promote National sports , flags , national anthems , and national holidays all was teams"
"The process whereby immigrants learn the values, language, and customs of their new country is called",assimilation.,acculturation.,adaptation.,amalgamation.,B,"Where called values The process whereby learn the , language , and customs of their new country is was immigrants"
"On which of the following can one most accurately depict true geographical distance, true direction, true size, and true shape?",A Mercator projection,A globe,A conic projection,A gnomonic projection,B,"What can depict distance On which of the following most accurately true geographical , true direction , true size , and true shape ? was one"
Which of the following could be considered a higher-order central place function?,Winn-Dixie grocery store,Mercedes-Benz dealership,Shoe store,Family doctor,B,Which of the following could be considered a higher-order central place function?
Which geographer viewed the US urban community of the 1920s as a set of concentric rings radiating outward from a central core?,Rostow,Ravenstein,Von Thünen,Burgess,D,What viewed community Which the US urban of the 1920s as a set of concentric rings radiating outward from a central core ? was geographer
"To get to school in the morning, we ALL use this as our guide:",Rand-McNally Road Atlas.,world globe.,road map.,mental map.,D,"What To use this get to school in the morning , ALL as our guide : was we"
"Of these, the map using the smallest map scale would be the map of",the world.,"Atlanta, Georgia.","Main Street, Small Town, Ohio.",Pennsylvania.,A,"What would be map Of these , the using the smallest map the of was map"
An earlier boundary formed before meticulous geographic knowledge and mapping was available is known as,an antecedent boundary.,a geometric boundary.,a relict boundary.,a subsequent boundary.,A,What was An earlier formed before meticulous geographic knowledge and mapping available is known as was boundary
Which of the following jobs is in the non-basic employment sector?,Software engineer,F-10 pickup truck assembly-line worker,Oil refinery worker,Parking lot attendant,D,What is of the following jobs in the non - basic employment sector ? was Which
In which of the following regions is subsistence agriculture being replaced by large-scale commercial development?,The Swiss Alps,The Amazon Basin,North Africa,The Alaskan tundra,B,In which of the following regions is subsistence agriculture being replaced by large-scale commercial development?
A strong movement away from all religions is called,secularism.,heathenism.,sacrilege.,nationalism.,A,A strong movement away from all religions is called
Regions share all of these characteristics EXCEPT,boundaries.,common features.,relative location.,easily defined.,D,What share all of these characteristics EXCEPT was Regions
Which of the following U.S. main immigration flow associations is NOT correct?,"Pioneer settlement to 1870—Germans, British, Scotch-Irish, Africans",1870–1914—Asians,1870–1914—Eastern and southern Europeans,1965–present—Hispanics,B,What is of the following U.S. main immigration flow associations NOT correct ? was Which
Which one of the statements below is characteristic of most African cities?,"They have thriving, clean residential areas.",There are jobs for most rural-to-urban migrants.,They have three separate business districts.,They have a well-developed infrastructure.,C,What is Which of the statements below characteristic of most African cities ? was one
Which country faces a serious trade disadvantage due to its location?,Singapore,Italy,Spain,Mongolia,D,What faces disadvantage Which a serious trade due to its location ? was country
"In which zone of Burgess's concentric zone model would one find better houses, single-family homes, and higher-rent apartments?",First,Second,Third,Fourth,C,"What would find houses In which zone of Burgess 's concentric zone model better , single - family homes , and higher - rent apartments ? was one"
The theory that every society develops economically according to a five-stage pattern of growth is attributed to,Rostow.,Ravenstein.,von Thünen.,Burgess.,A,What attributed The theory that every develops economically according to a five - stage pattern of growth is to was society
Which of the following would NOT be considered a barrier to diffusion of a cultural trait?,Language,Religion,Oceans,Tolerant complaisant citizens,D,Which of the following would NOT be considered a barrier to diffusion of a cultural trait?
The process of invasion and succession is a process involving migration and is best described as when,new residents tear down and rebuild housing units.,new residents live peacefully with old residents.,new residents assimilate with old residents completely.,new residents move into areas occupied by older resident groups.,D,When is migration The of invasion and succession a involving and is best described as when was process
Which of the following best illustrates the definition of a functional region?,A map showing Atlanta as a hub for Delta Airlines,An article describing the region referred to as the South,A map showing North Carolina's one hundred counties,An essay explaining the region known as the Bible Belt,A,What illustrates definition of the following best the of a functional region ? was Which
New stores opening around a large shopping mall reflect which concept?,Gravity concept,Distance decay,Complementarity,Movement bias,D,What stores New opening around a large shopping mall reflect concept ? was which
The birth of an urban industrial workforce in Europe contributed to the start of the,First Agricultural Revolution.,Second Agricultural Revolution.,Third Agricultural Revolution.,Fourth Agricultural Revolution.,B,What contributed The of an urban industrial workforce in Europe to the start of the was birth
Which of the following statements about East Asia's industrial regions is true?,Japan has a rich natural resource base.,China lacks natural resources but has a massive labor force.,China is industrializing rapidly.,Taiwan lacks industrial enterprise and an educated workforce.,C,What is of the following statements about East Asia 's industrial regions true ? was Which
Which of the following statements best describes the United Nations?,The UN operates a worldwide police force.,Member states surrender sovereignty to the UN.,World laws are enforced by the UN.,The UN often practices interventionism in world conflicts.,D,What describes Nations of the following statements best the United ? was Which
Which of the following is a formal region?,Dixie,Pennsylvania,The market area of Winn-Dixie,The Pacific Northwest,B,What is region of the following a formal ? was Which
The concentration of production activities and people spatially to benefit everyone is called,the substitution principle.,deglomeration.,agglomeration.,infrastructure.,C,The concentration of production activities and people spatially to benefit everyone is called
"Which language family contains Italian, Spanish, Portuguese, and Romanian?",European,Slavic,Germanic,Romance,D,"What contains Which language Italian , Spanish , Portuguese , and Romanian ? was family"
"Ankara, Turkey and Islamabad, Pakistan are both examples of",desert cities.,forward-thrust capitals.,old colonial capitals.,rival cities.,B,"Where are examples , Turkey and Islamabad , both of was Pakistan"
Which of the following is NOT an example of syncretism?,Halloween,Foreign cuisine changed to suit American tastes,Hasidic Judaism,Catholicism in Louisiana,C,What is example of the following NOT an of syncretism ? was Which
The theory that whoever controlled the landmass of Europe would rule the world is called the,devolution theory.,domino theory.,heartland theory.,rimland theory.,C,What would called world The theory that controlled the of Europe rule the is the was whoever
Which group represents the Persian (Iranian) variation of Islam and believes in the infallibility and divine right to authority of the Imams descended from Ali?,Sunni,Shiite,Imam,Untouchables,B,What represents right Which the Persian ( Iranian ) of Islam and believes in the infallibility and divine to authority of the Imams descended from Ali ? was group
The multiplier effect is,the addition of non-basic workers to an urban economy that has added more basic workers.,a ratio of urban to rural workers in an economy.,the ratio of city workers to farm workers in an economy.,the addition of rural jobs created by the urban economy.,A,What is The multiplier was effect
The sacred book of the Hindu is called the,Talmud.,Bible.,Torah.,Veda.,D,The sacred book of the Hindu is called the
Which of the following is a distinct characteristic of an East European city?,A central park,Prominent religious buildings,A large central square surrounded by government and administrative buildings,Luxury apartment buildings,C,What is characteristic of the following a distinct of an East European city ? was Which
Which of the following countries is actively trying to preserve the purity of their native language from contamination by English or other languages?,Italy,Russia,Japan,Brazil,C,What to trying purity of the following countries actively preserve the of their native language from contamination by English or other languages ? was Which
Which of the following is an example of a bulk-gaining industry?,Steel,Bottled orange juice,Paper,Copper,B,What is example of the following an of a bulk - gaining industry ? was Which
Which of the following is NOT a feature of an export processing zone (EPZ)?,Tariff reductions on exports,Raw materials imported duty-free,Exemption from customs duties,Strict pollution regulations,D,What is feature of the following NOT a of an export processing zone ( EPZ ) ? was Which
Which of the following characteristics is NOT true of a state?,Independent territory,Internationally recognized,Boundaries,A national language,D,What is of the following characteristics NOT true of a state ? was Which
"You are planning to move from your hometown to Pittsburgh. Along the way, you stop in Columbus, Ohio to visit a relative and fall in love with the city! You decide to stay and make Columbus your new home. This is an example of",intervening opportunity.,distance decay.,involuntary migration.,push-pull factors.,A,"What to planning move from your hometown to Pittsburgh . was You What to stop relative Along the way , in Columbus , Ohio visit a and fall in love with the city ! was you Where to decide stay and make your new home . was Columbus What is example an of was This"
A large node of office and commercial land use outside the central city with more jobs than residents is a(n),suburb.,primate city.,town.,edge city.,D,What node a(n A large of office and commercial land use outside the central city with more jobs than is ) was residents
Which crop began the Third Agricultural Revolution?,Rice,Wheat,Barley,Millet,A,What began Revolution Which the Third Agricultural ? was crop
Which factor in the last quarter century greatly destabilized Eastern Europe and led to ethnic conflict?,The introduction of new languages,The end of the Cold War,The invasion by the Soviets,The acceptance of many Eastern European countries into the EU,B,What destabilized Europe Which in the last quarter century greatly Eastern and led to ethnic conflict ? was factor
"If I wanted to ship a small piece of very valuable jewelry to my aunt who lives in Poughkeepsie, which mode of transportation makes the most sense?",Truck,Air,Ship,Railroad,B,"What to wanted sense If ship a small of very valuable jewelry to my aunt lives in Poughkeepsie , which of transportation makes the most ? was mode"
Which of the following is a functional region?,Dixie,Pennsylvania,The market area of Winn-Dixie,The Pacific Northwest,C,What is region of the following a functional ? was Which
Which type of city model contains a distinct residential spine proceeding outward from center city along the main boulevard?,European,Muslim,Sub-Saharan African,Latin American,D,What contains proceeding Which of city model a distinct residential spine outward from center city along the main boulevard ? was type
What family do most European languages belong to?,Ural-Altaic,Basque,Indo-European,Phoenician,C,What do What most European belong to ? was languages
"What do the terms apartheid, ethnic cleansing, and integration all have in common?",They all occurred in Nazi Germany during World War I.,They are all forms of residential segregation.,They are all ways to integrate different ethnic populations in neighborhoods.,They are different expressions for the same concept.,B,"What do have What the , ethnic cleansing , and integration all in common ? was apartheid"
Which one of the statements below correctly describes immigrants living in Europe?,Most find citizenship easy to get in host countries.,Muslims immigrants from North Africa are well integrated in France.,Immigrants to European cities rarely bring their families.,They are usually restricted to certain neighborhoods.,D,What describes immigrants Which of the statements below correctly living in Europe ? was one
Which of the following activities are NOT secondary economic activities?,Assembling automotive parts,Sewing shirts,Mining copper,Binding books,C,What are activities of the following activities NOT secondary economic ? was Which
Johnny and Susie are moving to Scotland to renovate and live in the family castle. What makes their move a migration?,They are crossing another country's borders.,They are not taking anything with them.,They are moving permanently.,They will be gone more than one year.,C,Who to moving and Susie to Scotland renovate and live in the family castle . was Johnny What makes migration their a ? was move
Which of the following entities is a state?,Antarctica,American Samoa,Egypt,Marshall Islands,C,What is state of the following entities a ? was Which
What is the most abundant fossil fuel?,Phosphate,Oil,Petroleum,Coal,D,What is What the most abundant fossil ? was fuel
A rejection of or indifference to religion in a country is called,polytheism.,animism.,secularism.,monotheism.,C,A rejection of or indifference to religion in a country is called
"In a postindustrial economy, which of the following resources is considered most important to increase productivity?",Energy,Labor,Information,Specialization,C,"In a postindustrial economy, which of the following resources is considered most important to increase productivity?"
A city that is more than twice as large as the next largest city in a country is called a,global city.,world leader city.,megalopolis.,primate city.,D,What called A city is more than twice as large as the next largest city in a country is a was that
Every country with a seacoast has an exclusive economic zone (EEZ) under the UN Convention on the Law of the Sea. Which one of the following statements regarding the Law of the Sea and the EEZ is NOT correct?,The EEZ extends up to 200 nautical miles (370 km) from the coastline.,Countries have the right to exploit natural resources in their EEZ.,Countries can exploit resources on the continental shelf extending up to 350 nautical miles (560 km) beyond their EEZ.,A country does not have the right to exploit living resources in its EEZ.,D,What has zone Every with a seacoast an exclusive economic ( EEZ ) under the UN Convention on the Law of the Sea . was country What is Which of the following statements regarding the Law of the Sea and the EEZ NOT correct ? was one
Which of the following is MOST likely to experience population pressure?,An industrial society with abundant natural resources and large imports of food,A society with a highly mechanized agricultural sector,A non-ecumene,A slash-and-burn agricultural society,D,What to is pressure of the following MOST likely experience population ? was Which
"Part of the boundary between the United States and Mexico is the Rio Grande, an example of",a water divider.,a watercourse.,an artificial boundary.,a natural boundary.,D,"What is Grande of the boundary between the United States and Mexico the Rio , an example of was Part"
"When we talk about diffusion of a cultural trait, what do we mean by ""hearth""?",Destination,Origin point,All locations along the diffusion path,Axis point,B,"When do mean what When talk about diffusion of a cultural trait , by "" hearth "" ? was we"
The distance north and south of the equator is the,global grid system.,Prime Meridian,latitude.,longitude.,C,What is the The distance and south of the equator was north
Why are perceptual or vernacular regions so difficult to identify?,Boundaries are constantly being redrawn.,"Physical features, such as rivers, are constantly shifting.",Defining criteria are subjective and differ among researchers.,Antecedent boundaries were drawn before humans were located in the regions.,C,Why to are Why perceptual or vernacular so difficult identify ? was regions
Which structure(s) traditionally occupies the center of a historic Asian city?,A central market,High-density housing,A religious building,Government office buildings,C,What occupies center Which ) traditionally the of a historic Asian city ? was structure(s
Which description best describes the urban hierarchy model in which the population of a city is inversely proportional to its rank in the hierarchy?,Multiplier effect,Rank-size rule,Central place theory,Burgess's sector model,B,What describes model Which best the urban hierarchy in which the of a city is inversely proportional to its rank in the hierarchy ? was population
Which of the following is a major concern in countries with a large and rapidly aging population?,Immunization,Adequate schools,Daycare facilities,Health care,D,What is concern of the following a major in countries with a large and rapidly aging population ? was Which
Which of the following capital cities is located OUTSIDE the central core area of the country?,"Abuja, Nigeria","Paris, France","London, United Kingdom","Cairo, Egypt",A,Which of the following capital cities is located OUTSIDE the central core area of the country?
"Spanish colonial architecture, uneven economic development, and rural-to-urban migration flows are most commonly found in which of the following?",Southeast Asia,Sub-Saharan Africa,North America,Latin America,D,"Spanish colonial architecture, uneven economic development, and rural-to-urban migration flows are most commonly found in which of the following?"
The purpose for the creation of NATO was to,defend North America and Western Europe against the threat of communism.,form an economic alliance for trade between Europe and North America.,defend Europe against a second Nazi invasion.,defend northern Europe against Chinese missiles.,A,What was The for the creation of NATO to was purpose
Which of the following is NOT a key milestone reached by the EU?,The introduction of a common currency used by many EU countries,A customs union,A single market,A common European language,D,What is milestone of the following NOT a key reached by the EU ? was Which
The use and spread of English in nineteenth-century India is an example of what type of diffusion?,Stimulus,Contagious,Hierarchal,Relocation,C,What is example The and spread of English in nineteenth - century India an of what type of diffusion ? was use
The theory that most migration occurs over a short distance and in steps is attributed to,Rostow.,Ravenstein.,von Thünen.,Burgess.,B,What attributed The theory that most occurs over a short distance and in steps is to was migration
"The way of life based on breeding and herding of animals that are used as a source of food, shelter, and clothing is called",swidden.,subsistence farming.,pastorialism.,hunting and gathering.,C,"The way of life based on breeding and herding of animals that are used as a source of food, shelter, and clothing is called"
The European Union (EU) replaced which of the following organizations?,NATO,EEC,UN,ASEAN,B,Who replaced which The European Union ( ) of the following organizations ? was EU
"The attempt by core countries to stimulate increased agricultural production in the periphery through use of technology, hybrid seed, and fertilizers is called the",First Agricultural Revolution.,Second Agricultural Revolution.,Third Agricultural Revolution.,Green Revolution.,D,"The attempt by core countries to stimulate increased agricultural production in the periphery through use of technology, hybrid seed, and fertilizers is called the"
Shifting cultivation is most often practiced in,alpine tundra.,tropical forests.,flood plains.,deserts.,B,Shifting cultivation is most often practiced in
The migration streams into the United States between 1980 and the present have been primarily composed of emigrants from which of the following regions?,Europe and North Africa,Asia and Latin America,Sub-Saharan Africa and Oceania,Central Europe and Australia,B,What have composed The streams into the United States between 1980 and the present been primarily of emigrants from which of the following regions ? was migration
Which one of the following North American associations is NOT correct?,Southeast—African Americans,Oklahoma and the Southwest—Native Americans,Quebec and northern Maine—French Americans and French Canadians,Southern prairie provinces—African Americans,D,What is Which of the following North American associations NOT correct ? was one
Which of the following countries is NOT a federal state?,Canada,United States,France,People's Republic of China,C,What is state of the following countries NOT a federal ? was Which
Which of the following world regions is NOT considered one of the world's most densely populated regions?,South Asia,Europe,South America,Northeast United States,C,Which of the following world regions is NOT considered one of the world's most densely populated regions?
"Olives, grapes, and chickpeas are staple crops of which type of farming?",Pastoral nomadism,Subsistence,Plantation,Mediterranean,D,"What are crops , grapes , and chickpeas staple of which type of farming ? was Olives"
A person who practices the Hindu religion would be most likely to,visit a shrine built on the shore of a lake.,pray five times a day.,bathe in the Ganges River.,make a pilgrimage to Jerusalem.,C,What would be religion A practices the Hindu most likely to was who
"The language with the largest number of ""speakers"" is",English.,Russian.,Spanish.,Mandarin Chinese.,D,"What is The with the largest number of "" speakers "" was language"
Which one of the following statements does NOT correctly describe the Green Revolution?,It changed centuries-old methods of farming.,It was an attempt to feed a growing world population.,"It centered on increased rice, wheat, and maize yields.",It greatly improved crop yields in sub-Saharan Africa.,D,What does describe Revolution Which of the following statements NOT correctly the Green ? was one
"Historically, the world's major languages have spread by all of the following methods EXCEPT",Sanskrit records.,migration.,trade.,conquest.,A,"What have spread Historically , the world 's major by all of the following methods EXCEPT was languages"
A primate city is,a large city located on the periphery of the country.,the most important city in a country.,when the largest city in a country is more than twice the size of the next largest city.,the largest city in a country.,C,What is A primate was city
"Which of the following factors would be considered a ""pull"" factor for Riva when considering a move from India to the United States?",Abject poverty,Better job and higher wages,India's caste system,Violence in her neighborhood,B,"Which of the following factors would be considered a ""pull"" factor for Riva when considering a move from India to the United States?"
All of the following are reasons major cities attract young people in Latin America EXCEPT,the availability of jobs.,the potential for decent housing.,educational opportunities.,their families live there already.,D,What are people of the following major attract young in Latin America EXCEPT was cities
"Which language family is most widely spoken in North America and Europe and includes Baltic, Celtic, Germanic, and Greek?",Dravidian,Uralic-Altaic,Sino-Tibetan,Indo-European,D,"Which language family is most widely spoken in North America and Europe and includes Baltic, Celtic, Germanic, and Greek?"
Which theorist(s) tried to explain the prices of farm products as they relate to patterns of land use?,Rostow,Ravenstein,Von Thünen,Burgess,C,What to tried prices Which ) explain the of farm products as relate to patterns of land use ? was they
Which of the following is NOT a spread effect in the core-periphery model of development?,Congestion in the core,High cost of labor in the core,High density in the core,More infrastructure in the core,D,What is effect of the following NOT a spread in the core - periphery model of development ? was Which
Which of the following is NOT an important environmental factor influencing a country's agriculture?,Number of frost-free days per year,Availability of sufficient rainfall,Reliability of sufficient rainfall,Amount of fertilizer produced in the country,D,What is agriculture of the following NOT an important environmental influencing a country 's ? was Which
Which of the following countries is situated in the region of tectonic activity known as the Pacific Ring of Fire?,Brazil,Australia,Chile,India,C,Which of the following countries is situated in the region of tectonic activity known as the Pacific Ring of Fire?
"Which one of the following statements is NOT true of the ""core"" countries?",They are technologically advanced.,They are wealthy.,They are powerful.,They are less developed.,D,"What is Which of the following statements NOT true of the "" core "" countries ? was one"
"If you wanted to find the global distribution of coal, you would use a",reference map.,topographic map.,thematic map.,location map.,C,"What would use a If wanted find the global of coal , was you"
Which one of the following is NOT a centripetal force in a state?,A high level of confidence in central government,The existence of strong separatist groups,The existence of national transportation networks,The national anthem,B,What is force Which of the following NOT a centripetal in a state ? was one
The cities of Varanasi (Benares) in India and Mecca in Saudi Arabia are alike because both are,capitals of countries formerly colonized by the English,destinations for vast numbers of pilgrims,financial centers for a large fraction of the world's economy,examples of modern urban planning,B,What are The of Varanasi ( Benares ) in India and Mecca in Saudi Arabia alike because are was both
China and Vietnam's dispute over the Spratley Islands is,a positional dispute.,a territorial dispute.,a resource dispute.,a functional dispute.,C,Where is and Vietnam 's dispute over the Spratley Islands was China
Which of the following is NOT used by geographers to determine absolute location?,Longitude,Latitude,Equator,Distance to the nearest city,D,Which of the following is NOT used by geographers to determine absolute location?
Which of the following is a characteristic of a developed country?,Over 50% of workforce engaged in agriculture,Women held in inferior place in society,Main disease related to age and lifestyle,High birth and death rates,C,What is characteristic of the following a of a developed country ? was Which
"Mary lives in a neighborhood with stores, offices, and restaurants so close that she does not need to own a car; however, she feels she has very little privacy. This is an example of a(n)",win-win.,trade-off.,infill.,leapfrog development.,B,"How to feels privacy lives in a neighborhood with stores , offices , and restaurants so close that not need own a ; however , has very little . was she What is example an of a(n ) was This"
Which of the following items below is an absolute location?,10 miles east of Pittsburgh,Washington,3 degrees south,"479 Elm Street, Muncie, Indiana",D,What is location of the following items below an absolute ? was Which
Which one of the following groups is excluded from the caste system of Hinduism?,Scholar-priests,Warrior-landowners,Businessmen and farmers,Untouchables,D,Which one of the following groups is excluded from the caste system of Hinduism?
Which of the following is a push factor?,Dissatisfaction with current jobs,Higher-paying jobs elsewhere,An attractive retirement community elsewhere,A pleasant climate,A,What is factor of the following a push ? was Which
"The Basques, Bretons, Kashmiris, and Tamils are all examples of",regionalist groups.,separatist groups.,terrorist groups.,interventionist groups.,B,"Who are examples The , Bretons , Kashmiris , and Tamils all of was Basques"
Which of the following factors does NOT play a role in gender relationships in a culture or society?,Biology,Advancements in technological development,Religion,Custom,A,What does play role of the following factors NOT a in gender relationships in a culture or society ? was Which
The intensive agricultural practice of planting and harvesting the same crop more than once a year is called,swidden.,double cropping.,pastorialism.,intertillage.,B,The intensive agricultural practice of planting and harvesting the same crop more than once a year is called
"When a new fashion design is introduced globally, the information initially travels through a process known as",contagious diffusion,relocation diffusion,innovative diffusion,hierarchical diffusion,D,"When travels When a new fashion design is introduced globally , the initially through a process known as was information"
Opponents of genetically modified organisms (GMOs) in food are afraid that the GMOs,will hinder global trade.,make plants more resistant to disease.,may cause irreversible changes in humans.,make plants more resistant to drought.,C,What are of genetically modified organisms ( GMOs ) in food afraid that the GMOs was Opponents
Which one of the following is NOT an advantage of urban agriculture?,Helping to solve the problem of solid waste disposal,Fresh produce for sale to others,Beautification of a dingy urban area,Renewed or purified water supplies,D,What is advantage Which of the following NOT an of urban agriculture ? was one
Which of the following is NOT a problem Europe currently faces today?,Rising immigration,Lack of population growth,Environmental apathy,Urban ethnic ghettos on the rise,C,Where is problem of the following NOT a currently faces today ? was Europe
The world systems theory divides the world into,"core, periphery, and semi-periphery.",rich and poor.,developed and undeveloped.,haves and have-nots.,A,What divides world The world systems the into was theory
The majority of Kurds are found in which country?,Iran,Iraq,Turkey,Egypt,C,The majority of Kurds are found in which country?
In what country are the most Basque speakers found?,Denmark,Finland,Luxembourg,Spain,D,What are found In what country the most Basque ? was speakers
The most rapidly urbanizing area of the world is:,Europe,East Asia,Sub-Saharan Africa,South Asia,C,What is The most rapidly urbanizing of the world : was area
The influence of neo-Malthusianism can be seen in,government programs for birth control and planning.,famine relief.,increased spending in social welfare programs.,increased total fertility rates.,A,The influence of neo-Malthusianism can be seen in
The process of devolution involves,the change of government from a democracy to a communist dictatorship.,the movement of power from the central government to regional governments in the country.,the movement of power from a monarchy to a military dictatorship.,the movement of power from regional governments to central governments.,B,What involves The of devolution was process
The theory that cities grow outward from a core utilizing several nodes of growth was proposed by,Rostow.,Ravenstein.,von Thünen.,Harris and Ullmann.,D,What proposed nodes The theory that grow outward from a core utilizing several of growth was by was cities
The theory that the main purpose of a settlement or market town is to furnish goods and services to the surrounding market area is called the,urban hierarchy theory.,central place theory.,concentric zone model.,multiplier effect.,B,What to called goods The theory that the main of a settlement or market town is furnish and services to the surrounding market area is the was purpose
Which one of the following statements does NOT correctly describe transnational companies (TNCs)?,"Many TNCs operate in areas of electronics, chemicals, pharmaceuticals and petroleum.",Most TNCs produce and sell manufactured goods.,"Most TNCs are headquartered in the United States, Japan, and the European Union.",TNCs are generally controlled by foreign governments.,D,What does describe companies Which of the following statements NOT correctly transnational ( TNCs ) ? was one
"The ""melting pot"" theory of combining several immigrant groups into one mainstream culture is called",amalgamation theory.,acculturation.,ethnic islands.,ethnic clustering.,A,"The ""melting pot"" theory of combining several immigrant groups into one mainstream culture is called"
Which theory below was used as justification for US involvement in Vietnam in the 1960s and 1970s?,Devolution,Colonialism,Heartland theory,Containment theory,D,Which theory below was used as justification for US involvement in Vietnam in the 1960s and 1970s?
Urban agriculture can benefit urban society in all of the following ways EXCEPT,create sustainable food systems in urban areas.,provide jobs for women and children.,turn urban waste into a resource when utilized in safe manner.,replace agribusiness as the main focus of global food production.,D,What can benefit society Urban urban in all of the following ways EXCEPT was agriculture
Which one of the following organizations is NOT a supranational organization?,UN,NATO,ASEAN,PLO,D,What is organization Which of the following organizations NOT a supranational ? was one
Which one of the following demographic factors characterizes stages 4 and 5 in the demographic transition model?,Zero population growth,High mortality rates,High birth rates,High sex ratios,A,What characterizes stages Which of the following demographic factors 4 and 5 in the demographic transition model ? was one
Which of the following statements does NOT describe a factor that contributed to suburbanization in the United States?,A shorter workweek made time for a commute possible.,Changes in the housing mortgage regulations made home ownership easier.,Fixed-route public transit routes increased in importance.,Improved automobiles made transportation easier and less limited.,C,What does describe factor of the following statements NOT a contributed to suburbanization in the United States ? was that
An isobar map shows lines connecting all points of equal,atmospheric pressure,surface temperature,elevation,precipitation,A,What shows points An isobar connecting all of equal was map
Ralph purchases garden fertilizer at the nearby garden shop rather than drive 50 miles to the neighboring town for the same product. This reflects which type of spatial interaction?,Transferability,Complementarity,Intervening opportunity,Territoriality,C,Who purchases miles garden at the nearby garden shop rather than drive 50 to the neighboring town for the same product . was Ralph What reflects type which of spatial interaction ? was This
What type of countries generally possesses a greater variety of climates and resources than other countries?,Perforated states,Fragmented states,Elongated states,Prorupt states,C,What possesses variety What of countries generally a greater of climates and resources than other countries ? was type
Which of the following factors has little or no impact on mortality rates in the developing countries?,New medicines,Improved birth control methods,Pesticides,Famine relief,B,What has impact of the following factors little or no on mortality rates in the developing countries ? was Which
"The idea that you identify with, and give allegiance, to a nation-state is",regionalism.,diffusion.,iconography.,nationalism.,D,"What is allegiance The that identify with , and give , to a nation - state was you"
What condition occurs when the people of one state want to annex a territory whose population is ethnically related to that state's population but now under the rule of another state?,Nationalism,Resource dispute,Irredentism,Positional dispute,C,When to occurs territory What when the of one state want annex a whose is ethnically related to that state 's population but now under the rule of another state ? was population
"Variations in vocabulary, pronunciation, and rhythm in a spoken language are called",syntax.,isoglosses.,lingua francas.,dialects.,D,"Variations in vocabulary, pronunciation, and rhythm in a spoken language are called"
Boundary problems along the United States–Mexico border are caused by which type of issue below?,Ownership of fertile ground,Land use,Irredentism,Immigration,D,Boundary problems along the United States–Mexico border are caused by which type of issue below?
In which country does language pose a centrifugal force?,Canada,United States,Brazil,Norway,A,What does pose force In which a centrifugal ? was country
Quebec is a strong example of which of the following situations?,Irredentism,Secession,Ethnonationalism,A colony,C,Where is example a strong of which of the following situations ? was Quebec
Which of the following items below is NOT considered a barrier to the diffusion of an innovation?,Internet,Distance,Cultural obstacles,Government interference,A,Which of the following items below is NOT considered a barrier to the diffusion of an innovation?
Change in any culture is introduced through all the following processes EXCEPT,innovation.,diffusion.,acculturation.,gravity.,D,Change in any culture is introduced through all the following processes EXCEPT
Which of the following statements regarding historical North American migration streams is NOT correct?,Canada's first major migration came from France.,Canada's second major migration stream originated in the British Isles.,Canada's third major migration stream came from Latin America.,The first major migration wave to the United States originated in Europe.,C,What is of the following statements regarding historical North American migration streams NOT correct ? was Which
A chief factor that contributed to the Second Agricultural Revolution was,the Industrial Revolution.,World War I.,World War II.,the discovery of the plow.,A,What was A chief contributed to the Second Agricultural Revolution was that
Zero population growth (ZPG) is achieved when,CBR – CDR 5 2.,Births 1 immigration 5 deaths 1 emigration.,Total fertility 5 3.,Replacement fertility is achieved.,B,Zero population growth (ZPG) is achieved when
In which of the following Asian countries would one find special economic zones (SEZs)?,Japan,South Korea,China,Vietnam,C,What would find zones In which of the following Asian countries special economic ( SEZs ) ? was one
Which of the following industries does NOT need to be close to its markets?,Dairy foods,Bulk-gaining products,Single-market products,Bulk-reducing products,D,What to need of the following industries NOT be close to its markets ? was Which
Which of the following is NOT a characteristic of a city in the developing world?,Contains modern centers of commerce,Has a well-developed infrastructure,Experiences large in-migrations of rural people into the city,Produces a large share of its country's GDI,B,What is characteristic of the following NOT a of a city in the developing world ? was Which
A map that presents a single class of statistics is called a,general purpose map.,thematic map.,reference map.,mental map.,B,What called class A map presents a single of statistics is a was that
The construction of freeways leads to all but which of the following results?,Urban sprawl,Traffic increase,Traffic congestion,Decreased dependency on cars,D,What leads The of freeways to all but which of the following results ? was construction
Which continent has the highest total fertility rates?,Africa,Asia,South America,Europe,A,What has rates Which the highest total fertility ? was continent
What monotheistic religion is based on the life and teachings of Jesus Christ of Nazareth?,Islam,Christianity,Hinduism,Buddhism,B,What monotheistic religion is based on the life and teachings of Jesus Christ of Nazareth?
Which of the following statements is true concerning folklore?,It is the written tradition of a group.,It encourages changing the old values and customs.,It serves to blend all cultures into one.,It expresses in words the shared values of a group by expressing their ideals.,D,What is of the following statements true concerning folklore ? was Which
The irregularity of the wet monsoon in South Asia in recent years may have a significant negative effect on which of the following?,Food production,Population patterns,Wildlife conservation efforts,Tourism,A,What may have effect The of the wet monsoon in South Asia in recent years a significant negative on which of the following ? was irregularity
"According to Alfred Weber's least-cost theory, which one of the following costs of production is the most important factor in locating an industry?",Labor,Transport,Raw materials,Agglomeration costs,B,"What is industry According to Alfred Weber 's least - cost theory , which of the following costs of production the most important in locating an ? was one"
The climate of Great Britain is milder than most other places along the same latitude for which of the following reasons?,"The Gulf Stream brings warm waters to Great Britain, raising the temperature of winds that blow onto the island.",Hot springs throughout the country raise the temperature of the surrounding land and air.,Mountain ranges in the north of Great Britain act as a barrier to cold winds blowing from the Arctic.,Small landmasses generate their own local climate and are largely unaffected by latitude.,A,Where is The of Great Britain milder than most other places along the same latitude for which of the following reasons ? was climate
Which of the following supranational organizations is not an economic union?,EU,CARICOM,NAFTA,NATO,D,What is union of the following supranational organizations not an economic ? was Which
The global lingua franca is,Chinese.,English.,French.,Arabic.,B,What is The global lingua was franca
What are the two major branches of Islam?,Sunni and Shinto,Shinto and Shiite,Sunni and Shiite,Shamanism and Shiite,C,What are What the two major of Islam ? was branches
What was the primary reason the Green Revolution did NOT help Africa much?,It targeted crops Africans don't grow and eat.,It required sophisticated machinery.,Population growth has fallen so drastically that Africans don't need the increased food production.,African agricultural production went up without its help.,A,Where did was Africa the primary the Green NOT help much ? was Revolution
The largest exporter of agricultural goods in the world is,China.,Mexico.,Chile.,the United States.,D,What is The largest of agricultural goods in the world was exporter
Which of the following statements is NOT part of Gunnar Myrdal's theory of cumulative causation?,Developing and developed regions share similarly in wealth through trade.,The core will always dominate the periphery.,Growth and prosperity of the core exists at the expense of the periphery.,"Regions with initial advantage keep and expand it as they attract labor, capital, and trade.",A,What is part of the following statements NOT of Gunnar Myrdal 's theory of cumulative causation ? was Which
Which pair of religions below share a long-held tradition of cremating their dead?,Hindu and Buddhist,Hindu and Muslim,Muslim and Jewish,Christian and Buddhist,A,Which pair of religions below share a long-held tradition of cremating their dead?
"The official languages of Guyana, Suriname, and French Guiana are English, Dutch, and French, respectively. On what continent are those countries located?",North America,South America,Africa,Asia,B,"What are English The official of Guyana , Suriname , and French Guiana , Dutch , and French , respectively . was languages On what continent are those countries located?"
