Question,Option A,Option B,Option C,Option D,Answer,Question_Wh_cleft
"The plates of a capacitor are charged to a potential difference of 5 V. If the capacitance is 2 mF, what is the charge on the positive plate?",0.005 C,0.01 C,0.02 C,0.5 C,B,"The plates of a capacitor are charged to a potential difference of 5 V. What is what If the is , the on the positive plate ? was charge"
Which of these quantities decreases as the inverse square of distance for distances far from the objects producing the fields?,the electric field produced by a finite-length charged rod,the electric field produced by an infinitely long charged cylinder,the electric field produced by an infinite plane of charge,"the magnetic field produced by an infinitely long, straight current-carrying wire",A,What decreases fields of these quantities as the inverse square of distance for distances far from the objects producing the ? was Which
"A solid, metal object is isolated from other charges and has charge distributed on its surface. The charge distribution is not uniform. It may be correctly concluded that the",electric field outside the object is zero,the electric field outside the object is equal to the electric field inside the object,the electric field outside the object is directly proportional to the distance away from the center of mass of the object,"the electric field outside the object, but very close to the surface, is equal to the surface charge density at any location divided by the permittivity of free space",D,"A solid, metal object is isolated from other charges and has charge distributed on its surface. What is The charge not uniform . was distribution It may be correctly concluded that the"
Standing waves are produced by a 100-Hz generator in a string of fixed length. The tension in the string is increased until a new set of standing waves is produced. Will the wavelength of the new standing waves be greater than or less than the wavelength of the original standing waves?,"Less, because the tension in the string varies directly with the wave speed, which varies inversely with the wavelength.","Greater, because the tension in the string varies directly with the wave speed, which varies inversely with the wavelength.","Greater, because the tension in the string varies directly with the wave speed, which varies directly with the wavelength.","Less, because the tension in the string varies directly with the wave speed, which varies directly with the wavelength.",C,Standing waves are produced by a 100-Hz generator in a string of fixed length. The tension in the string is increased until a new set of standing waves is produced. What Will be the of the new standing waves greater than or less than the wavelength of the original standing waves ? was wavelength
Two identical capacitors are hooked in parallel to an external circuit. Which of the following quantities must be the same for both capacitors? I. the charge stored on the capacitor II.  the voltage across the capacitor III. the capacitance of the capacitor,I only,II only,II and III only,"(E) I, II, and III",D,Two identical capacitors are hooked in parallel to an external circuit. What must be same of the following quantities the for both capacitors ? was Which I. the charge stored on the capacitor II.   the voltage across the capacitor III. the capacitance of the capacitor
A 1-kg object is released from rest at the top of a rough-surfaced incline. The object slides without rotating to the bottom of the incline. The object’s kinetic energy at the bottom must be,"Equal to the block’s gravitational potential energy when it was released, because total mechanical energy must be conserved.","Equal to the block’s gravitational potential energy when it was released, because the gain in kinetic energy compensates for the mechanical energy lost to thermal energy on the rough incline.","Less than the block’s gravitational potential energy when it was released, because the gravitational potential energy was converted both to thermal energy and to kinetic energy.","Less than the block’s gravitational potential energy when it was released, because the work done by the friction force must be greater than the block’s gain in kinetic energy.",C,A 1-kg object is released from rest at the top of a rough-surfaced incline. What slides The without rotating to the bottom of the incline . was object What must be The object ’s kinetic at the bottom was energy
"A student is experimenting with a simple spring-block oscillator of spring constant k and amplitude A. The block attached to the spring has a mass of m. If the student places a small block of mass m on top of the original block, which of the following is true?","The small block is most likely to slide off when the original block is at maximum displacement from the equilibrium position, but will not slide off as long as the coefficient of static friction between the blocks is greater than kA/[(M+m)g].","The small block is most likely to slide off when the original block is at the equilibrium position, but will not slide off as long as the coefficient of static friction between the blocks is greater than kA/[(M+m)g].","The small block is most likely to slide off when the original block is at maximum displacement from the equilibrium position, but will not slide off as long as the coefficient of static friction between the blocks is greater than (M+m)g/(kA).","The small block is most likely to slide off when the original block is at the equilibrium position, but will not slide off as long as the coefficient of static friction between the blocks is greater than (M+m)g/(kA).",A,"What is experimenting A with a simple spring - block oscillator of spring constant k and amplitude A. was student Where has block The attached to the spring a of m. If the places a small of mass m on top of the original block , of the following is true ? was which"
How much work is required to charge a 10 µF capacitor to a potential difference of 100 V ?,0.005 J,0.01 J,0.05 J,0.1 J,C,How much work is required to charge a 10 µF capacitor to a potential difference of 100 V ?
"A box of mass m slides on a horizontal surface with initial speed v0. It feels no forces other than gravity and the force from the surface. If the coefficient of kinetic friction between the box and the surface is μ, how far does the box slide before coming to rest?",v0^2/(2μg),v0^2/(μg),2v0^2/(μg),mv0^2/(μg),A,"What slides A of mass m on a horizontal surface with initial speed v0 . was box What feels forces no other than gravity and the force from the surface . was It How to slide μ If the of kinetic friction between the box and the is , how far the box before coming rest ? was surface"
"A soccer ball, at rest on the ground, is kicked with an initial velocity of 10 m/s at a launch angle of 30°. Calculate its total flight time, assuming that air resistance is negligible.",0.5 s,1 s,2 s,4 s,B,"A soccer ball, at rest on the ground, is kicked with an initial velocity of 10 m/s at a launch angle of 30°. What Calculate time its total flight , assuming that air is negligible . was resistance"
Two identical containers are filled with different gases. Container 1 is filled with hydrogen and container 2 is filled with nitrogen. Each container is set on a lab table and allowed to come to thermal equilibrium with the room. Which of the following correctly compares the properties of the two gases?,The average kinetic energy of the hydrogen gas is greater than the nitrogen gas.,The average force exerted on the container by the hydrogen gas is greater than the nitrogen gas.,The density of the hydrogen gas is less than the nitrogen gas.,The pressures of the gases cannot be compared without knowing the number of molecules in each container.,D,Two identical containers are filled with different gases. Container 1 is filled with hydrogen and container 2 is filled with nitrogen. Each container is set on a lab table and allowed to come to thermal equilibrium with the room. What compares properties of the following correctly the of the two gases ? was Which
"A girl of mass m and a boy of mass 2m are sitting on opposite sides of a see-saw with its fulcrum in the center. Right now, the boy and girl are equally far from the fulcrum, and it tilts in favor of the boy. Which of the following would NOT be a possible method to balance the see-saw?",Move the boy to half his original distance from the fulcrum.,Move the girl to double her original distance from the fulcrum.,Allow a second girl of mass m to join the first.,Move the fulcrum to half its original distance from the boy.,D,"What are sitting A of mass m and a boy of mass 2 on opposite sides of a see - saw with its fulcrum in the center . was m What are Right now , the and girl equally far from the fulcrum , and tilts in favor of the boy . was it What to be saw of the following NOT a possible balance the see - ? was Which"
"When hot water is poured into a beaker containing cold alcohol, the temperature of the mixture will eventually reach the same temperature. Considering the scale of the size of the molecules of the fluids, which of the following is the primary reason for this phenomenon?",The high temperature water will rise to the top of the container until it has cooled and then mixes with the alcohol.,"The molecules of the water continue to have a higher kinetic energy than the molecules of the alcohol, but the two liquids mix until the energy is spread evenly throughout the container.",The hot water produces thermal radiation that is absorbed by the cold alcohol until the kinetic energy of all the molecules is the same.,"The water molecules collide with the alcohol molecules, transferring energy until the average kinetic energy of both the water and alcohol molecules are the same.",D,"When will reach temperature When hot water is poured into a beaker containing cold , the of the mixture eventually the same . was temperature What Considering reason the of the size of the molecules of the fluids , of the following is the primary for this phenomenon ? was which"
"A solid sphere (I = 0.06 kg·m^2) spins freely around an axis through its center at an angular speed of 20 rad/s. It is desired to bring the sphere to rest by applying a friction force of magnitude 2.0 N to the sphere’s outer surface, a distance of 0.30 m from the sphere’s center. How much time will it take the sphere to come to rest?",4 s,2 s,0.06 s,0.03 s,B,"What spins A solid ( = 0.06 kg·m^2 ) freely around an axis through its center at an angular speed of 20 rad / s. was I It is desired to bring the sphere to rest by applying a friction force of magnitude 2.0 N to the sphere’s outer surface, a distance of 0.30 m from the sphere’s center. When to take sphere How much time the come rest ? was it"
The radius of Mars is about half that of Earth; the mass of Mars is about one-tenth that of Earth. Which of the following is closest to the gravitational field at the surface of Mars?,10 N/kg,4 N/kg,2 N/kg,0.5 N/kg,B,What is one The of Mars is about that of Earth ; the of Mars about - tenth that of Earth . was mass What is of the following closest to the gravitational field at the surface of Mars ? was Which
"Above an infinitely large plane carrying charge density σ, the electric field points up and is equal to σ/2εo. What is the magnitude and direction of the electric field below the plane?","σ/2εo, down","σ/2εo, up","σ/εo, down","σ/εo, up",A,"What points density Above an infinitely large plane carrying charge σ , the electric up and is equal to σ/2εo . was field What is What the and direction of the electric field below the plane ? was magnitude"
"A beam of electrons has speed 10^7 m/s. It is desired to use the magnetic field of the Earth, 5 × 10−5 T, to bend the electron beam into a circle. What will be the radius of this circle?",1 nm,1 μm,1 mm,1 m,D,"What has speed s. A of electrons ^ m / was beam It is desired to use the magnetic field of the Earth, 5 × 10−5 T, to bend the electron beam into a circle. What will be radius the of this circle ? was What"
An object is placed 100 cm from a plane mirror. How far is the image from the object?,50 cm,100 cm,200 cm,300 cm,C,An object is placed 100 cm from a plane mirror. How is How far the from the object ? was image
"A horse is attached to a cart that is at rest behind it. Which force, or combination of forces, explains how the horse-cart system can accelerate from rest?","The forward static friction force of the ground on the horse is greater than any friction forces acting backward on the cart, providing a forward acceleration.","The forward force of the horse on the cart is greater than the backward force of the cart on the horse, providing a forward acceleration.",The force of the horse’s muscles on the rest of the horse-cart system provides the necessary acceleration.,"The upward normal force of the ground on the horse is greater than the horse’s weight, providing an upward acceleration.",A,"What attached A horse is to a cart is at rest behind it . was that How can explains Which , or combination of forces , how the horse - cart accelerate from rest ? was system"
"In a certain region, the electric field varies with the radius away from origin by the equation Er = –6r^2 + 4r + 3, where r is given in meters and E in N/C. The potential difference between the origin and the point (3, 4) is",–165 V,–120 V,64 V,185 V,D,"Where varies In a certain region , the electric with the radius away from origin by the equation Er = – 6r^2 + 4r + 3 , where r is given in meters and E in N / C. The potential between the origin and the point ( 3 , 4 ) is was difference"
"A gas undergoes an expansion-compression cycle. If, plotted on a P-V diagram, the cycle is counterclockwise and the work is 300 J in magnitude, what was the heat transfer during this cycle?",300 J into the system,300 J out of the system,600 J into the system,600 J out of the system,B,"What undergoes cycle A an expansion - compression . was gas What was what If , plotted on a P - V diagram , the is counterclockwise and the is 300 in magnitude , the heat during this cycle ? was transfer"
"An ideal battery of constant voltage V supplies current to a circuit that has total resistance R. If R is doubled, what will happen to the total power dissipated by the circuit?",It will double.,It will quadruple.,It will be halved.,It will remain the same.,C,"What battery R. An ideal of constant voltage V supplies current to a circuit has total resistance was that What will happen If R is doubled , to the total power dissipated by the circuit ? was what"
Ultraviolet light has a wavelength of about 6 × 10^-8 m. What is the frequency of this light?,5 × 10^15 Hz,0.5 Hz,2 Hz,20 Hz,A,What has What Ultraviolet a of about 6 × 10 ^ -8 m. is the of this light ? was frequency
Each of the following ionized isotopes is projected with the same speed into a uniform magnetic field B such that the isotope's initial velocity is perpendicular to B. Which combination of mass and charge would result in a circular path with the largest radius?,"m = 16 u, q = –5 e","m = 17 u, q = –4 e","m = 18 u, q = –3 e","m = 20 u, q = –1 e",D,What would projected Each of the following ionized isotopes is with the same speed into a uniform magnetic field B such that the isotope 's initial is perpendicular to B. Which of mass and charge result in a circular path with the largest radius ? was combination
An electric dipole consists of a pair of equal but opposite point charges of magnitude 4.0 nC separated by a distance of 2.0 cm. What is the electric field strength at the point midway between the charges?,0,9.0 × 10^4 N/C,1.8 × 10^5 N/C,7.2 × 10^5 N/C,D,What consists nC An electric of a pair of equal but opposite point charges of magnitude 4.0 separated by a distance of 2.0 cm . was dipole What is What the electric field at the point midway between the charges ? was strength
"A person can stand outside on a cold day for hours without ill effect, but falling into a cold lake can kill a person in a matter of minutes. Which of the following is the primary reason for this phenomenon?","The molecules of the person are, on average, moving faster than those of the surroundings.",Thermal energy moves from high concentration areas (hot) to low concentration areas (cold).,"As heat flows out of the person and warms the fluid surrounding the person, the warmer fluid rises, allowing fresh cool fluid to come in contact with the person and increasing the rate of heat transfer.","Water has more molecules per volume than air, increasing molecular contact with the person.",D,"What can stand person A outside on a cold day for hours without ill effect , but falling into a cold lake kill a in a matter of minutes . was person What is reason of the following the primary for this phenomenon ? was Which"
"A liquid flows at a constant flow rate through a pipe with circular cross-sections of varying diameters. At one point in the pipe, the diameter is 2 cm and the flow speed is 18 m/s. What is the flow speed at another point in this pipe, where the diameter is 3 cm?",4 m/s,6 m/s,8 m/s,12 m/s,C,"What flows A at a constant flow rate through a pipe with circular cross - sections of varying diameters . was liquid What is s. At one point in the pipe , the 2 and the flow is 18 m / was speed Where is cm the flow at another point in this pipe , where the is 3 ? was diameter"
"An ideal fluid flows through a pipe with radius Q and flow speed V. If the pipe splits up into three separate paths, each with radius (Q/2), what is the flow speed through each of the paths?",1/3 V,2/3 V,4/3 V,4V,C,"What flows speed An ideal through a pipe with radius Q and flow V. was fluid What is what If the splits up into three separate paths , each with radius ( Q/2 ) , the flow through each of the paths ? was speed"
A very slow-moving positron interacts with a stationary electron. Which of the following statements correctly describes a possible outcome of this reaction and why it would occur?,"Conservation of mass indicates that if a single new particle were created in the reaction, it must have a total mass equal to the combined masses of the electron and positron.",Conservation of charge indicates that all new particles created in the reaction would have no electric charge.,Conservation of momentum indicates that two identical gamma rays moving off in opposite directions could be created.,"Conservation of energy indicates that the antimatter positron could annihilate into energy, leaving the stationary electron behind.",C,A very slow-moving positron interacts with a stationary electron. Why would describes outcome of the following statements correctly a possible of this reaction and why occur ? was it
"A box sits on an inclined plane without sliding. As the angle of the plane (measured from the horizontal) increases, the normal force",increases linearly,decreases linearly,does not change,decreases nonlinearly,D,"What sits A on an inclined plane without sliding . was box As the angle of the plane (measured from the horizontal) increases, the normal force"
A small cart of mass m is initially at rest. It collides elastically with a large cart of mass 4m and velocity v. The large cart loses half its kinetic energy to the little cart. The little cart now has a velocity of,1.41v,v,2v,4v,A,What is A small of mass m initially at rest . was cart What collides energy elastically with a large cart of mass 4 m and v. The large cart loses half its kinetic to the little cart . was velocity What has velocity The little now a of was cart
"A circuit consists of a battery and a light bulb. At first, the circuit is disconnected. Then, the circuit is connected, and the light bulb lights. After the light bulb has been lit for a few moments, how has the net charge residing on the circuit elements changed?",The net charge has become more positive.,The net charge has become more negative.,The net charge has not changed.,Whether the net charge becomes more positive or more negative depends on the initial net charge residing on the circuit elements before the bulb was lit.,C,"What consists A of a battery and a light bulb . was circuit At first, the circuit is disconnected. Then, the circuit is connected, and the light bulb lights. How has changed After the light bulb been lit for a few moments , how the net residing on the circuit elements ? was charge"
"If the force of gravity between the Moon and the Earth were to stop, which statement best describes the resulting motion of the moon?","It would continue rotating on its axis, and it would revolve around the Earth as usual.","It would continue rotating on its axis, but it would stop revolving around the Earth.","It would stop rotating on its axis, but it would revolve around the Earth as usual.","It would stop rotating on its axis, and it would stop revolving around the Earth.",B,"What to describes motion If the of gravity between the Moon and the Earth were stop , which best the resulting of the moon ? was statement"
A person stands on a scale in an elevator. He notices that the scale reading is less than his usual weight. Which of the following could possibly describe the motion of the elevator?,It is moving downward and slowing down.,It is moving upward and slowing down.,It is moving upward at a constant speed.,It is moving downward at a constant speed.,B,What stands A on a scale in an elevator . was person What notices that the scale is less than his usual weight . was reading What could describe motion of the following possibly the of the elevator ? was Which
"A whiffle ball is tossed straight up, reaches a highest point, and falls back down. Air resistance is not negligible. Which of the following statements are true?
I. The ball’s speed is zero at the highest point.
II. The ball’s acceleration is zero at the highest point.
III. The ball takes a longer time to travel up to the highest point than to fall back down.",I only,II only,I & II only,I & III only,C,"A whiffle ball is tossed straight up, reaches a highest point, and falls back down. What is Air not negligible . was resistance What are I. of the following statements true ? was Which What is II The ball ’s at the highest point . 
 . was speed What is zero The ball ’s at the highest point . was acceleration III. What to takes time The a longer travel up to the highest point than fall back down . was ball"
"If L, M, and T denote the dimensions of length, mass, and time, respectively, what are the dimensions of impulse?",LM/T^3,LM/T^2,LM/T,L^2M/T^2,C,"When are what If , M , and T denote the of length , mass , and time , respectively , the of impulse ? was dimensions"
"Traveling at an initial speed of 1.5 × 10^6 m/s, a proton enters a region of constant magnetic field of magnitude 1.5 T. If the proton's initial velocity vector makes an angle of 30° with the magnetic field, compute the proton's speed 4 s after entering the magnetic field.",5.0 × 10^6 m/s,7.5 × 10^6 m/s,1.5 × 10^6 m/s,3.0 × 10^6 m/s,C,"What s enters region Traveling at an initial speed of 1.5 × 10 ^ 6 m / , a a of constant magnetic field of magnitude 1.5 T. was proton What compute field If the proton 's initial velocity makes an of 30 ° with the magnetic field , the proton 's 4 s after entering the magnetic . was vector"
"A man stands on a platform scale in an elevator. The elevator moves upward, speeding up. What is the action-reaction force pair to the man’s weight?",The force of the elevator cable on the man,The force of the man on the scale,The force of the elevator cable on the elevator,The force of the man on the Earth,D,"What stands A on a platform scale in an elevator . was man What moves The upward , speeding up . was elevator What is What the action - reaction force to the man ’s weight ? was pair"
"During an isothermal expansion, a confined ideal gas does 150 J of work against its surroundings. Which of the following describes the heat transfer during this process?",150 J of heat was added to the gas.,150 J of heat was removed from the gas.,300 J of heat was added to the gas.,300 J of heat was removed from the gas.,A,"What does J During an isothermal expansion , a confined ideal 150 of work against its surroundings . was gas What describes transfer of the following the heat during this process ? was Which"
An object carries a charge of –1 C. How many excess electrons does it contain?,6.25 × 10^18,8.00 × 10^18,1.60 × 10^19,3.20 × 10^19,A,How does carries electrons An a of – 1 C. How many excess contain ? was it
A guitar string creates a sound wave of known frequency. Which of the following describes a correct and practical method of measuring the wavelength of the sound wave with a meterstick?,Lightly touch the guitar string in the middle such that a single node is created. Measure the length of the string; this is the wavelength.,Measure the length of the guitar string; this is half the wavelength.,Adjust the length of a pipe placed near the string so that resonances are heard. Measure the difference between the pipe lengths for consecutive resonances; this is half the wavelength.,Measure the peak-to-peak distance of the wave as it passes; this is the wavelength.,C,What creates wave A guitar a sound of known frequency . was string What describes wavelength of the following a correct and practical of measuring the of the sound wave with a meterstick ? was Which
Which of the following statements about images is true?,Images produced by concave lenses are always real.,Images produced by concave mirros are always real.,Images produced by convex lenses can be both real and virtual.,Images produced by convex mirrors can be both real and virtual.,C,What is of the following statements about images true ? was Which
"Pretend someone actually managed to dig a hole straight through the center of the Earth all the way to the other side. If an object were dropped down that hole, which of the following would best describe its motion? Assume ideal conditions and that the object cannot be destroyed.",It would fall to the center of the Earth and stop there.,"It would fall through the hole to the other side, continue past the opposite side’s opening, and fly into space.",It would oscillate back and forth from one opening to the other indefinitely.,It would fall to the other side and stop there.,C,"What to Pretend hole actually managed dig a straight through the center of the Earth all the way to the other side . was someone What would dropped motion If an object were down that hole , of the following best describe its ? was which Assume ideal conditions and that the object cannot be destroyed."
"A horizontal spring-block oscillator is in motion when a second block of equal mass falls on top of the oscillating block. If the two blocks stick together, what effect will this have on the amplitude of the oscillations?",It will increase the amplitude.,It will decrease the amplitude.,It will have no effect.,It would depend on where the original block was in its cycle when the second block fell.,D,"When is A horizontal spring - block in motion when a second block of equal mass falls on top of the oscillating block . was oscillator What will have effect If the two stick together , what on the amplitude of the oscillations ? was this"
In which of the following situations involving a source of sound and a detector of the sound is it possible that there is NO perceived Doppler shift?,The source travels toward the stationary detector.,The detector travels toward the stationary source.,Both the source and detector travel in the same direction.,"Both the source and detector travel in opposite directions, with the source and detector moving away from each other.",C,What is shift In which of the following situations involving a of sound and a detector of the sound possible that there is NO perceived Doppler ? was it
A solid plastic cube with uniform density (side length = 0.5 m) of mass 100 kg is placed in a vat of fluid whose density is 1200 kg/m^3. What fraction of the cube's volume floats above the surface of the fluid?,1.0/9,1.0/3,2.0/3,4.0/5,B,What placed m^3 A solid plastic cube with uniform density ( side length = 0.5 m ) of mass 100 kg is in a vat of fluid whose is 1200 kg / . was density What fraction of the cube's volume floats above the surface of the fluid?
A person standing on a horizontal floor is acted upon by two forces: the downward pull of gravity and the upward normal force of the floor. These two forces,have equal magnitudes and form an action-reaction pair,have equal magnitudes and do not form an action-reaction pair,have unequal magnitudes and form an action-reaction pair,have unequal magnitudes and do not form an action-reaction pair,B,A person standing on a horizontal floor is acted upon by two forces: the downward pull of gravity and the upward normal force of the floor. These two forces
A particle of mass m and charge Q and velocity V is directed toward a uniform electric field of strength E and travels a distance d. How far does the particle travel if the original velocity is doubled and the mass is cut in half?,4d,2d,d,1/2d,B,A particle of mass m and charge Q and velocity V is directed toward a uniform electric field of strength E and travels a distance d. How far does the particle travel if the original velocity is doubled and the mass is cut in half?
"An object of mass m1 experiences a linear, elastic collision with a stationary object of unknown mass. In addition to m1, what is the minimum necessary information that would allow you to determine the mass of the second object?",The final speed of object 1,The initial speed of object 1,The final speed of object 2,Any 2 of the above values,D,"What experiences collision An of mass m1 a linear , elastic with a stationary object of unknown mass . was object What to is mass In addition to m1 , the minimum necessary allow determine the of the second object ? was you"
"In an experiment designed to study the photoelectric effect, it is observed that low-intensity visible light of wavelength 550 nm produced no photoelectrons. Which of the following best describes what would occur if the intensity of this light were increased dramatically?","Almost immediately, photoelectrons would be produced with a kinetic energy equal to the energy of the incident photons.","Almost immediately, photoelectrons would be produced with a kinetic energy equal to the energy of the incident photons minus the work function of the metal.","After several seconds, necessary for the electrons to absorb sufficient energy from the incident light, photoelectrons would be produced with a kinetic energy equal to the energy of the incident photons minus the work function of the metal.",Nothing would happen.,D,"What to observed photoelectrons In an experiment designed study the photoelectric , it is that low - intensity visible of wavelength 550 produced no . was nm What would describes of the following best occur if the intensity of this light were increased dramatically ? was what"
"Two traveling waves of equal frequency, one of amplitude 4 cm and the other of amplitude 6 cm, superimpose in a single medium. Which of the following best describes the displacement, D, of the resultant wave?",2 cm ≤ D ≤ 10 cm,D = 5 cm,D = 10 cm,10 cm ≤ D ≤ 12 cm,A,"Two traveling waves of equal frequency, one of amplitude 4 cm and the other of amplitude 6 cm, superimpose in a single medium. What describes displacement of the following best the , D , of the resultant wave ? was Which"
"In Collision A, two carts collide and bounce off each other. In Collision B, a ball sticks to a rigid rod, which begins to rotate about the combined center of mass. Which of the following statements about quantities in each collision is correct?","Collision A: each cart experiences the same force, time of collision, and change in kinetic energy. Collision B: the ball and the rod each experience the same torque, time of collision, and change in rotational kinetic energy.","Collision A: each cart experiences the same force, time of collision, and change in linear momentum. Collision B: the ball and the rod each experience the same torque, time of collision, and change in angular momentum.","Collision A: each cart experiences the same force, time of collision, and change in kinetic energy. Collision B: the ball and the rod each experience the same torque, time of collision, and change in angular momentum.","Collision A: each cart experiences the same force, time of collision, and change in velocity. Collision B: the ball and the rod each experience the same torque, time of collision, and change in angular velocity",B,"What collide other In Collision A , two and bounce off each . was carts What to sticks In Collision B , a to a rigid rod , begins rotate about the combined center of mass . was which What is of the following statements about quantities in each collision correct ? was Which"
"An object of mass 2 kg is acted upon by three external forces, each of magnitude 4 N. Which of the following could NOT be the resulting acceleration of the object?",0 m/s^2,2 m/s^2,4 m/s^2,8 m/s^2,D,"What could acted acceleration An object of mass 2 kg is upon by three external forces , of magnitude 4 N. Which of the following NOT be the resulting of the object ? was each"
Spring scales are used to measure the net force applied to an object; a sonic motion detector is used to measure the object’s resulting acceleration. A graph is constructed with the net force on the vertical axis and the acceleration on the horizontal axis. Which of the following quantities is directly measured using the slope of this graph?,Gravitational mass,Weight,Velocity,Inertial mass,D,Spring scales are used to measure the net force applied to an object; a sonic motion detector is used to measure the object’s resulting acceleration. A graph is constructed with the net force on the vertical axis and the acceleration on the horizontal axis. Which of the following quantities is directly measured using the slope of this graph?
"A wooden block experiences a frictional force, f, as it slides across a table. If a block of the same material with half the height and twice the length were to slide across the table, what would be the frictional force it experienced?",(1/2)f,f,2f,4f,B,"What experiences force A wooden a frictional , f , as slides across a table . was it What would be force If a of the same material with half the height and twice the length were slide across the table , the frictional experienced ? was it"
An object is placed 10 cm in front of a diverging mirror. What is the focal length of the mirror if the image appears 2 cm behind the mirror?,-3/5 cm,-5/3 cm,-2/5 cm,-5/2 cm,D,An object is placed 10 cm in front of a diverging mirror. What is What the focal of the mirror if the appears 2 cm behind the mirror ? was image
"A body moving in the positive x direction passes the origin at time t = 0. Between t = 0 and t = 1 second, the body has a constant speed of 24 meters per second. At t = 1 second, the body is given a constant acceleration of 6 meters per second squared in the negative x direction. The position x of the body at t = 11 seconds is",99m,36m,-36m,-99m,C,"When passes 0 A moving in the positive x direction the at time t = . was body What has speed Between t = 0 and t = 1 second , the a constant of 24 meters per second . was body What given acceleration At t 1 second , the body is a constant of 6 meters per second squared in the negative x direction . was = What is The x of the body at t = 11 seconds was position"
"A fluid of density ρ flows through a horizontal pipe with negligible viscosity. The flow is streamlined with constant flow rate. The diameter of the pipe at Point 1 is d and the flow speed is V. If the diameter of the pipe at Point 2 is d/3, then the pressure at Point 2 is",less than the pressure at Point 1 by 4 ρv^2,less than the pressure at Point 1 by 40 ρv^2,more than the pressure at Point 1 by 4 ρv^2,more than the pressure at Point 1 by 40 ρv^2,B,"What ρ flows A of density through a horizontal pipe with negligible viscosity . was fluid The flow is streamlined with constant flow rate. What is V. The of the pipe at Point 1 and the flow is was speed What is d/3 If the of the pipe at Point 2 is , then the at Point 2 was pressure"
"In a spring-block oscillator, the maximum speed of the block is",proportional to amplitude,proportional to the square of amplitude,proportional to the square root of amplitude,inversely proportional to the square root of amplitude,A,"What is In a spring - block oscillator , the maximum of the block was speed"
The weight of a box on the Earth is 80 N. What is the weight of the box on the moon if the moon has 1/80th the mass and 1/4th the radius of the Earth?,1 N,10 N,16 N,20 N,C,What is N. The of a box on the Earth 80 was weight What is mass the of the box on the moon if the has the and 1/4th the radius of the Earth ? was moon
"A textbook weighs 30 N at sea level. Earth’s radius is 6,400 km. Which of the following is the best estimate of the textbook’s weight on a mountain peak located 6,000 m above sea level?",60 N,15 N,30 N,7.5 N,C,"What weighs N A 30 at sea level . was textbook What is km Earth ’s 6,400 . was radius What is estimate of the following the best of the textbook ’s weight on a mountain peak located 6,000 m above sea level ? was Which"
Which of the following correctly describes the motion of a real object in free fall? Assume that the object experiences drag force proportional to speed and that it strikes the ground before reaching terminal sped.,It will fall with increasing speed and increasing acceleration.,It will fall with increasing speed and decreasing acceleration.,It will fall with decreasing speed and increasing acceleration.,It will fall with decreasing speed and decreasing acceleration.,B,What describes motion of the following correctly the of a real object in free fall ? was Which What Assume sped that the experiences drag force proportional to speed and that strikes the before reaching terminal . was it
A bi-convex lens has a radius of curvature of magnitude 20 cm. Which of the following best describes the image formed of an object of height 2 cm placed 30 cm from the lens?,"Real, inverted, height = 1 cm","Virtual, upright, height = 0.25 cm","Real, upright, height = 1 cm","Virtual, inverted, height = 0.25 cm",A,What has radius A bi - convex a of curvature of magnitude 20 cm . was lens Where describes image of the following best the formed of an object of height 2 cm placed 30 cm from the lens ? was Which
"Two spheres of net charge +5e and -6e briefly come into contact. Afterward, which of the following is a possible combination of net charges for the two spheres?",+3e and -4e,+1.5e and -2.5e,Both of the above,None of the above,A,"What come Two of net charge +5e and -6e briefly into contact . was spheres What Afterward combination , of the following is a possible of net charges for the two spheres ? was which"
"The circumference of a helium-filled balloon is measured for three different conditions: at room temperature, after being in a warm oven for 30 minutes, and after being in a freezer for 30 minutes. A student plotting the circumference cubed C^3 as a function of temperature T, should expect to find which of the following?",a cubic relationship between C^3 and T,an indirect relationship between C^3 and T,an extrapolated temperature T where C^3 reaches zero,a maximum C^3 as the temperature T increases,C,"The circumference of a helium-filled balloon is measured for three different conditions: at room temperature, after being in a warm oven for 30 minutes, and after being in a freezer for 30 minutes. What to expect which A plotting the cubed C^3 as a function of temperature T , find of the following ? was student"
The charge on an oil drop is measured in the laboratory. Which of the following measurements should be rejected as highly unlikely to be correct?,6.4 × 10^-19 C,8.0 × 10^-19 C,4.8 × 10^-19 C,2.4 × 10^-19 C,D,The charge on an oil drop is measured in the laboratory. Which of the following measurements should be rejected as highly unlikely to be correct?
"Traveling at an initial speed of 1.5 × 10^6 m/s, a proton enters a region of constant magnetic field, B, of magnitude 1.0 T. If the proton's initial velocity vector makes an angle of 30° with the direction of B, compute the proton's speed 4 s after entering the magnetic field.",5.0 × 10^5 m/s,7.5 × 10^5 m/s,1.5 × 10^6 m/s,3.0 × 10^6 m/s,C,"What s enters region Traveling at an initial speed of 1.5 × 10 ^ 6 m / , a a of constant magnetic field , B , of magnitude 1.0 T. was proton What compute field If the proton 's initial velocity makes an of 30 ° with the direction of B , the proton 's 4 s after entering the magnetic . was vector"
Which of the following changes to a circuit will always bring about an increase in the current?,Increased voltage and increased resistance,Decreased voltage and decreased resistance,Increased voltage and decreased resistance,Decreased voltage and increased resistance,A,What will bring increase of the following changes to a circuit always about an in the current ? was Which
Which of the following concerning uniform circular motion is true?,The centrifugal force is the action-reaction pair of the centripetal force.,The centripetal acceleration and velocity point in the same direction.,The velocity of the object in motion changes whereas the acceleration of the object is constant.,A satellite undergoing uniform circular motion is falling toward the center in a circular path.,D,What is motion of the following concerning uniform circular true ? was Which
"It is known that a lab cart is moving east at 25 cm/s at time t1 = 0.10 s, and then moving east at 15 cm/s at t2 = 0.20 s. Is this enough information to determine the direction of the net force acting on the cart between t1 and t2?","Yes, since we know the cart is slowing down, its momentum change is opposite the direction of movement, and the net force is in the direction of momentum change.","No, because we don’t know whether forces such as friction or air resistance might be acting on the cart.","No, because we don’t know the mass of the cart.","Yes, since we know the cart keeps moving to the east, the net force must be in the direction of motion.",A,"When to known direction It is that a lab moving east at 25 cm / at time t1 = 0.10 s , and then moving east at 15 cm / s at t2 = 0.20 s. Is this enough determine the of the net force acting on the cart between t1 and t2 ? was cart"
"An elevator is rising. In order to determine the tension in the cables pulling it, which values (for the elevator) would you need to know?","Mass, velocity, height, and acceleration","Mass, velocity, and acceleration",Mass and velocity,Mass and acceleration,D,"What is rising An . was elevator What to need it In order determine the in the cables pulling , values ( for the elevator ) know ? was you"
"If two non-zero vectors are added together, and the resultant vector is zero, what must be true of the two vectors?",They have equal magnitude and are pointed in the same direction.,They have equal magnitude and are pointed in opposite directions.,They have different magnitudes and are pointed in opposite directions.,It is not possible for the sum of two non-zero vectors to be zero.,B,"What must be zero If two non - zero vectors are added together , and the resultant is , true of the two vectors ? was what"
"A proton enters a solenoid. Upon entry, the proton is moving in a straight line along the axis of the solenoid. Which of the following is a correct description of the proton’s motion within the solenoid?",The proton will be bent in a parabolic path.,The proton will be bent in a circular path.,The proton will continue in its straight path at constant velocity.,The proton will continue in its straight path and slow down.,C,"What enters solenoid A a . was proton What is moving Upon entry , the in a straight line along the axis of the solenoid . was proton What is description of the following a correct of the proton ’s motion within the solenoid ? was Which"
A sound wave with frequency f travels through air at speed v. With what speed will a sound wave with frequency 4f travel through the air?,v/4,v,2v,4v,B,What will travels speed A sound with frequency f through air at speed v. With what a sound wave with frequency travel through the air ? was 4f
Under what conditions is the net electric flux through a closed surface proportional to the enclosed charge?,under any conditions,only when the enclosed charge is symmetrically distributed,only when all nearby charges are symmetrically distributed,only when there are no charges outside the surface,A,What is Under what conditions the net electric through a closed surface proportional to the enclosed charge ? was flux
A beam of monochromatic light entering a glass window pane from the air will experience a change in,frequency and wavelength,speed and wavelength,speed only,wavelength only,B,What will experience change A of monochromatic light entering a glass window from the air a in was beam
"Data is collected in an experiment preformed on an ideal gas. In the experiment, temperature (in K) is the independent variable and volume (in m^3) is the dependent variable. If a plot is produced where the dependent variable is on the vertical axis, which of the following is true about the slope and y-intercept of the graph?",The slope will be linearly proportional to the pressure of the gas and the intercept will be 0 m^3.,The slope will be inversely proportional to the pressure of the gas and the intercept will be 0 m^3.,The slope will be linearly proportional to the pressure of the gas and the intercept will not be 0 m^3.,The slope will be inversely proportional to the pressure of the gas and the intercept will not be 0 m^3.,B,"Data is collected in an experiment preformed on an ideal gas. What is variable In the experiment , ( in K ) the independent and volume ( in m^3 ) is the dependent . was temperature Where produced If a plot is where the dependent is on the vertical axis , of the following is true about the slope and y - intercept of the graph ? was which"
"A toy car and a toy truck collide. If the toy truck’s mass is double the toy car’s mass, then, compared to the acceleration of the truck, the acceleration of the car during the collision will be",double the magnitude and in the same direction,double the magnitude and in the opposite direction,half the magnitude and in the same direction,half the magnitude and in the opposite direction,B,"A toy car and a toy truck collide. What will be mass If the toy truck ’s is double the toy car ’s , then , compared to the acceleration of the truck , the of the car during the collision was acceleration"
"A sphere, a cube, and a cylinder, all of equal mass, are released from rest from the top of a short incline. The surface of the incline is extremely slick, so much so that the objects do not rotate when released, but rather slide with negligible friction. Which reaches the base of the incline first?",the sphere,the cube,the cylinder,All reach the base at the same time.,D,"A sphere, a cube, and a cylinder, all of equal mass, are released from rest from the top of a short incline. When do is The of the incline extremely slick , so much so that the not rotate when released , but rather slide with negligible friction . was objects What reaches base the of the incline first ? was Which"
A car starts from rest and uniformly accelerates to a final speed of 20.0 m/s in a time of 15.0 s. How far does the car travel during this time?,150 m ,300 m,450 m,600 m,A,When does starts A from rest and uniformly accelerates to a final speed of 20.0 m / s in a time of 15.0 s. How far the car travel during this time ? was car
At what angle to the horizontal should an ideal projectile be launched so that its horizontal displacement (the range) is equal to its maximum vertical displacement?,sin–1 (1/g),cos–1 (1/g),45°,tan–1 4,D,Where should launched At what angle to the horizontal an ideal projectile be so that its horizontal ( the range ) is equal to its maximum vertical displacement ? was displacement
A cannon is mounted on a truck that moves forward at a speed of 5 m/s. The operator wants to launch a ball from a cannon so the ball goes as far as possible before hitting the level surface. The muzzle velocity of the cannon is 50 m/s. At what angle from the horizontal should the operator point the cannon?,5°,41°,45°,49°,D,What to mounted surface A cannon is on a truck moves forward at a speed of 5 m / s. The wants launch a from a cannon so the goes as far as possible before hitting the level . was ball What is s. The muzzle of the cannon 50 m / was velocity What should point cannon At what angle from the horizontal the the ? was operator
"Two charged, massive particles are isolated from all influence except those between the particles. They have charge and mass such that the net force between them is 0 N. Which of the following is NOT true?",The particles must have the same sign of charge.,"If the distance between the particles changes, the force will no longer be 0 N.",The particles must have the same mass.,Such a situation is impossible as the net force between the two particles cannot be 0.,A,"Two charged, massive particles are isolated from all influence except those between the particles. What have charge and mass such that the net between them is 0 was force Who is N. of the following NOT true ? was Which"
Which one of the following statements is true concerning the motion of an ideal projectile launched at an angle of 45° to the horizontal?,The acceleration vector points opposite to the velocity vector on the way up and in the same direction as the velocity vector on the way down.,The speed at the top of the trajectory is zero.,The object's total speed remains constant during the entire flight.,The vertical speed decreases on the way up and increases on the way down.,D,What is Which of the following statements true concerning the motion of an ideal projectile launched at an angle of 45 ° to the horizontal ? was one
"Two electrically charged balls are separated by a short distance, producing a force of 50 μN between them. Keeping the charge of each ball the same, the mass of one of the balls but not the other is doubled. What is the new electric force between the balls?",50 μN,100 μN,200 μN,400 μN,A,"Two electrically charged balls are separated by a short distance, producing a force of 50 μN between them. Keeping the charge of each ball the same, the mass of one of the balls but not the other is doubled. What is What the new electric between the balls ? was force"
"A moving 1.5-kg cart collides with and sticks to a 0.5-kg cart which was initially at rest. Immediately after the collision, the carts each have the same ______ as each other.",Velocity,Kinetic energy,Mass,Linear momentum,A,"What collides A moving 1.5 - kg cart with and sticks to a 0.5 - kg cart was initially at rest . was which What have _ Immediately after the collision , the each the same as each other . was carts"
A rock is dropped off a cliff and strikes the ground with an impact velocity of 30 m/s. How high was the cliff?,20 m,30 m,45 m,60 m,C,How dropped ground A rock is off a cliff and strikes the with an impact velocity of 30 m / s. How high was the ? was cliff
"A car moving with speed v reaches the foot of an incline of angle θ. The car coasts up the incline without using the engine. Neglecting friction and air resistance, which of the following is correct about the magnitude of the car’s horizontal acceleration ax and vertical acceleration ay?",ax = 0; ay < g,ax = 0; ay = g,ax < g; ay < g,ax < g; ay = g,C,"What reaches foot A moving with speed v the of an incline of angle θ . was car The car coasts up the incline without using the engine. What friction Neglecting and air resistance , of the following is correct about the magnitude of the car ’s horizontal acceleration ax and vertical acceleration ay ? was which"
Which of the following would increase the capacitance of a parallel-plate capacitor?,Using smaller plates,Replacing the dielectric material between the plates with one that has a smaller dielectric constant,Decreasing the voltage between the plates,Moving the plates closer together,D,What would increase capacitance of the following the of a parallel - plate capacitor ? was Which
A man stands with his hands to his sides on a frictionless platform that is rotating. Which of the following could change the angular momentum of the man-platform system?,The man catches a baseball thrown to him by a friend.,The man thrusts his arms out away from his body,"The man thrusts his arms out away from his body, and then quickly brings his arms back to his side again.",The man jumps straight up in the air and lands back on the platform.,A,What is stands A with his hands to his sides on a frictionless platform rotating . was that What could change momentum of the following the angular of the man - platform system ? was Which
"A cylinder with a movable piston contains a gas at pressure P = 1 × 10^5 Pa, volume V = 20 cm^3, and temperature T = 273 K. The piston is moved downward in a slow steady fashion allowing heat to escape the gas and the temperature to remain constant. If the final volume of the gas is 5 cm^3, what will be the resulting pressure?",0.25 × 10^5 Pa,2 × 10^5 Pa,4 × 10^5 Pa,8 × 10^5 Pa,C,"What contains gas A with a movable piston a at pressure P = 1 × 10 ^ 5 was cylinder Pa, volume V = 20 cm^3, and temperature T = What to moved gas 273 K. The piston is downward in a slow steady fashion allowing escape the and the temperature remain constant . was heat What will is pressure If the final of the gas 5 , be the resulting ? was what"
Which of the following types of electromagnetic radiation has the longest wavelength?,Gamma rays,Ultraviolet,Blue light,Orange light,D,What has wavelength of the following types of electromagnetic radiation the longest ? was Which
"An electric motor has a label on it that reads: Input: 120V AC, 1.0 Amps, 60 Hz - Efficiency - 75%. At what constant speed can the motor lift up a 6 kg mass?",0.5 m/s,1.0 m/s,1.5 m/s,2.0 m/s,C,"What has label An electric a on it reads : Input : 120V AC , 1.0 Amps , 60 Hz - Efficiency - 75 % . was that What can lift mass At what constant speed the up a 6 ? was motor"
"A convex lens of focal length f = 0.2 m is used to examine a small coin lying on a table. During the examination, the lens is held a distance 0.3 m above the coin and is moved slowly to a distance of 0.1 m above the coin. During this process, what happens to the image of the coin?",The image continually increases in size.,The image continually decreases in size.,The image gets smaller at first and then bigger in size.,The image flips over.,D,"A convex lens of focal length f = 0.2 m is used to examine a small coin lying on a table. During the examination, the lens is held a distance 0.3 m above the coin and is moved slowly to a distance of 0.1 m above the coin. What happens During this process , to the image of the coin ? was what"
"The Space Shuttle orbits 300 km above Earth’s surface; Earth’s radius is 6,400 km. What is the gravitational acceleration experienced by the Space Shuttle?",Zero,4.9 m/s^2,9.8 m/s^2,8.9 m/s^2,D,"What is km The Space orbits 300 km above Earth ’s surface ; Earth ’s 6,400 . was radius What is What the gravitational experienced by the Space Shuttle ? was acceleration"
"An astronaut lands on a planet whose mass and radius are each twice that of Earth. If the astronaut weighs 800 N on Earth, how much will he weigh on this planet?",200 N,400 N,800 N,1600 N,B,"What lands that An on a planet whose and radius are each twice of Earth . was mass How will weigh much If the weighs 800 on Earth , how on this planet ? was he"
"Two people, one of mass 100 kg and the other of mass 50 kg, stand facing each other on an ice-covered (essentially frictionless) pond. If the heavier person pushes on the lighter one with a force F, then",the force felt by the heavier person is (-1/2)F,the force felt by the person is -2F,the magnitude of the acceleration of the lighter person will be half of the magnitude of the acceleration of the heavier person,the magnitude of the acceleration of the lighter person will be twice the magnitude of the acceleration of the heavier person,D,"What stand other Two , one of mass 100 kg and the other of mass 50 kg , facing each on an ice - covered ( essentially frictionless ) pond . was people What pushes If the heavier on the lighter one with a force F , then was person"
A 30 mF capacitor has 6 millicoulombs of charge on each plate. The energy stored in the capacitor is most nearly,5.4 × 10–10 J,9.0 × 10–8 J,0.6 J,12.5 J,C,What has millicoulombs A 30 mF 6 of charge on each plate . was capacitor What is The stored in the capacitor most nearly was energy
Which configuration of battery and resistors will create a circuit with the greatest current?,A high voltage battery with resistors arranged in series,A high voltage battery with resistors arranged in parallel,A low voltage battery with resistors arranged in series,A low voltage battery with resistors arranged in parallel,A,What will create circuit Which of battery and resistors a with the greatest current ? was configuration
"A rubber ball (mass = 0.08 kg) is dropped from a height of 3.2 m, and after bouncing off the floor, rises almost to its original height. If the impact time with the floor is measured to be 0.04 s, what average force did the floor exert on the ball?",0.16 N,0.16 N,0.32 N,0.36 N,C,"A rubber ball (mass = 0.08 kg) is dropped from a height of 3.2 m, and after bouncing off the floor, rises almost to its original height. When did exert s If the impact time with the floor is measured be 0.04 , what average the on the ball ? was floor"
"Two objects, a sphere and a block of the same mass, are released from rest at the top of an inclined plane. The sphere rolls down the inclined plane without slipping. The block slides down the plane without friction. Which object reaches the bottom of the ramp first?","The sphere, because it gains rotational kinetic energy, but the block does not","The sphere, because it gains mechanical energy due to the torque exerted on it, but the block does not","The block, because it does not lose mechanical energy due to friction, but the sphere does","The block, because it does not gain rotational kinetic energy, but the sphere does",D,"Two objects, a sphere and a block of the same mass, are released from rest at the top of an inclined plane. What rolls plane The down the inclined without slipping . was sphere What slides plane The down the without friction . was block What reaches bottom Which the of the ramp first ? was object"
Which of the following changes to a double-slit interference experiment would increase the widths of the fringes in the interference pattern that appears on the screen?,Use light of a shorter wavelength.,Move the screen closer to the slits.,Move the slits closer together.,Use light with a lower wave speed.,C,What would increase widths of the following changes to a double - slit interference experiment the of the fringes in the interference pattern appears on the screen ? was that
A stone is thrown vertically upward with an initial speed of 5 m/s. What is the velocity of the stone 3 seconds later?,"25 m/s, upward","25 m/s, downward","35 m/s, upward","35 m/s, downward",B,A stone is thrown vertically upward with an initial speed of 5 m/s. What is What the of the stone 3 seconds later ? was velocity
A particle is subjected to a conservative force whose potential energy function is U(x) = (x – 2)3 – 12x where U is given in joules when x is measured in meters. Which of the following represents a position of stable equilibrium?,x = –4,x = –2,x = 0,x = 4,D,What subjected U(x A particle is to a conservative force whose potential energy is ) = was function (x – 2)3 – 12x where U is given in joules when x is measured in meters. What represents position of the following a of stable equilibrium ? was Which
"An electron (mass = m, charge = -E) is rotated with speed V upwards, in the plane of the page, into a region containing a uniform magnetic field B, that is directed into the plane of the page. Describe the electron's subsequent circular motion.",Clockwise rotation; radius of path = mv/(eB),Counterclockwise rotation; radius of path = mv/(eB),Clockwise rotation; radius of path = eB/(mv),Counterclockwise rotation; radius of path = eB/(mv),A,"What rotated B An ( mass = m , charge ) is with speed V upwards , in the plane of the page , into a region containing a uniform magnetic field , that is directed into the plane of the page . was electron Describe the electron's subsequent circular motion."
"A ball of mass is attached to a string connected to the ceiling, forming a pendulum. When the string is raised to an angle of 50 degrees below the horizontal (the ceiling) and released, the ball swings back and forth with a period of 0.4 s. Which of the following changes to the pendulum would decrease the period of the pendulum?",Increasing the mass of the ball,Decreasing the length of the string,Decreasing the angle of the string from the horizontal when released,Decreasing the mass of the ball,B,"A ball of mass is attached to a string connected to the ceiling, forming a pendulum. When would swings period When the string is raised to an angle of 50 degrees below the horizontal ( the ceiling ) and released , the ball back and forth with a period of 0.4 s. of the following changes to the pendulum decrease the of the pendulum ? was Which"
What happens to the image formed by a concave mirror as the object is moved from far away to near the focal point?,The image moves away from the mirror and gets shorter.,The image moves away from the mirror and gets taller.,The image moves toward the mirror and gets shorter.,The image moves toward the mirror and gets taller.,B,What happens to the image formed by a concave mirror as the object is moved from far away to near the focal point ? was What
"A disk of radius 0.1 m initially at rest undergoes an angular acceleration of 2.0 rad/s^2. If the disk only rotates, find the total distance traveled by a point on the rim of the disk in 4.0 s.",0.4 m,0.8 m,1.2 m,1.6 m,D,"What m acceleration A of radius 0.1 initially at rest undergoes an angular of 2.0 rad / s^2 . was disk What find If the only , the total traveled by a point on the rim of the disk in 4.0 s. was distance"
"A stone is thrown horizontally with an initial speed of 10 m/s from a bridge. Assuming that air resistance is negligible, how long would it take the stone to strike the water 80 m below the bridge?",1 s,2 s,4 s,8 s,C,"A stone is thrown horizontally with an initial speed of 10 m/s from a bridge. How to take water Assuming that air is negligible , how long the strike the 80 m below the bridge ? was it"
Which of the following statements about electric and magnetic fields is FALSE:,"A charge moving along the direction of an electric field will experience a force, but a charge moving along the direction of a magnetic field will not experience a force.","All charges experience a force in an electric field, but only moving charges can experience a force in a magnetic field.",A positive charge moves in the direction of an electric field; a positive charge moves perpendicular to a magnetic field.,All moving charges experience a force parallel to an electric field and perpendicular to a magnetic field.,C,What is of the following statements about electric and magnetic fields FALSE : was Which
The Space Shuttle orbits 300 km above the Earth’s surface; the Earth’s radius is 6400 km. What is the acceleration due to Earth’s gravity experienced by the Space Shuttle?,4.9 m/s^2,8.9 m/s^2,9.8 m/s^2,10.8 m/s^2,B,What is km The Space orbits 300 km above the Earth ’s surface ; the Earth ’s 6400 . was radius What is What the due to Earth ’s gravity experienced by the Space Shuttle ? was acceleration
"A confined ideal gas undergoes a cyclical process in three steps—an isobaric step, followed by an isochoric step, followed by an isothermal step. Which of the following must be true?",The change in internal energy of the gas is equal to the work done during the isobaric step.,The change in internal energy of the gas is equal to the work done during the isobaric step minus the work done during the isothermal step.,The total work done during the cycle is positive.,The total work done during the cycle is equal but opposite to the net amount of heat transferred.,D,"What undergoes process A confined ideal a cyclical in three steps — an isobaric step , followed by an isochoric step , followed by an isothermal step . was gas What must be of the following true ? was Which"
A sphere starts from rest atop a hill with a constant angle of inclination and is allowed to roll without slipping down the hill. What force provides the torque that causes the sphere to rotate?,Static friction,Kinetic friction,The normal force of the hill on the sphere,Gravity,A,What to starts hill A from rest atop a hill with a constant angle of inclination and is allowed roll without slipping down the . was sphere What to provides sphere What the causes the rotate ? was that
"A block is dragged along a table and experiences a frictional force, f, that opposes its movement. The force exerted on the block by the table is",zero,parallel to the table,perpendicular to the table,neither parallel nor perpendicular to the table,D,"What dragged movement A block is along a table and experiences a frictional , f , opposes its . was that What is The exerted on the block by the table was force"
"A table supports a wooden block placed on the tabletop. Which fundamental force of nature is responsible for this interaction, and why?","The electric force, because the protons in the nuclei of the top atomic layer of the table repel the nuclei in the bottom atomic layer of the wood.","The gravitational force, because by F = GMm/r^2, the force of the table on the wood at that close range is sufficient to balance the force of the Earth on the wood.","The electric force, because the outer electrons in the top atomic layer of the table repel the outer electrons in the bottom atomic layer of the wood.","The strong nuclear force, because the protons in the nuclei of the top atomic layer of the table repel the nuclei in the bottom atomic layer of the wood.",C,"Where supports block A a wooden placed on the tabletop . was table Why is Which fundamental of nature responsible for this interaction , and why ? was force"
Which of the following is NOT equal to one tesla?,1 J/(A*m^2),1 kg/(C*s),1 N/(A*m),1 A*N/V,D,What is of the following NOT equal to one tesla ? was Which
"A children’s toy consists of a cart whose very light wheels are attached to a rubber band. This rubber band can wind and unwind around the axle supporting the wheels. This toy is given a shove, after which the toy rolls across a flat surface and up a ramp. It is observed that the toy does not go a consistent distance up the ramp—in some trials it ends up higher than in other trials, even though the shove imparts the same kinetic energy to the cart each time. Which of the following is a reasonable explanation for this phenomenon?","Depending on how the rubber band is initially wound, more or less potential energy can be transferred from the rubber band to the kinetic energy of the car’s motion.",The normal force on the cart’s wheels will be different depending on how much the rubber band winds or unwinds.,How much energy is transferred from kinetic energy to gravitational potential energy depends on the vertical height at which the cart ends up.,Some of the cart’s initial kinetic energy will be dissipated due to work done by friction.,A,"What consists A children ’s of a cart whose very light wheels are attached to a rubber band . was toy What can wind wheels This rubber and unwind around the axle supporting the . was band What given shove This toy is a , after which the rolls across a flat surface and up a ramp . was toy When does ends energy It is observed that the not go a consistent up the ramp — in some trials up higher than in other trials , even though the imparts the same kinetic to the cart each time . was shove Why is explanation of the following a reasonable for this phenomenon ? was Which"
An object is released from rest and falls a distance h during the first second of time. How far will it fall during the next second of time?,h,2h,3h,4h,C,An object is released from rest and falls a distance h during the first second of time. When will fall How far during the next second of time ? was it
"Two ice skaters are moving on frictionless ice and are about to collide. The 50-kg skater is moving directly west at 4 m/s. The 75-kg skater is moving directly north at 2 m/s. After the collision they stick together. For this scenario, which of the following is true?",The linear momentum of the system is conserved because the net force on the system is nonzero during the collision.,Only the kinetic energy of the system is conserved because it is an inelastic collision.,Only the kinetic energy of the system is conserved because it is an elastic collision.,The linear momentum of the system is conserved because the net force on the system is zero.,D,"What to moving Two ice on frictionless ice and are about collide . was skaters What is moving The 50 - kg directly west at 4 m / s. The 75 - kg moving directly north at 2 m / s. was skater What After the collision stick together . was they What For this scenario , of the following is true ? was which"
"The mass of the Earth is 5.97 × 10^24 kg. The Moon, whose center is 3.84 × 10^8 m from the Earth’s center, has mass 7.35 × 10^22 kg. Which of the following is the best estimate of the gravitational force of the Earth on the Moon?",10^39 N,10^29 N,10^19 N,10^9 N,C,"What is × The of the Earth 5.97 10 ^ 24 kg . was mass What has kg The , whose is 3.84 10 ^ 8 m from the Earth ’s center , 7.35 × 10 ^ 22 . was center What is estimate of the following the best of the gravitational force of the Earth on the Moon ? was Which"
"An object of volume 2 × 10^-3 m^3 and weight 6 N is placed into a tank of water, where it floats. What percentage of the object's volume is above the surface of the water?",12%,30%,60%,70%,D,"Where placed An object of volume 2 × 10 ^ -3 m^3 and weight 6 N is into a tank of water , where floats . was it What percentage of the object's volume is above the surface of the water?"
"The position of an object is given by the equations x = 2.0t^3 + 4.0t + 6.25, where x is in meters and t is in seconds. What is the acceleration of the object at t = 1.50 s?",6 m/s^2,12 m/s^2,18 m/s^2,24 m/s^2,C,"The position of an object is given by the equations x = 2.0t^3 Where t + 4.0 + 6.25 , where is in meters and is in seconds . was t What is What the of the object at t = 1.50 s ? was acceleration"
A man stands in an elevator as it begins to ascend. Does the normal force from the floor do work on the man?,"Yes, and the work done will be positive.","Yes, and the work done will be negative.","Yes, but the sign can’t be determined.",No.,A,What to stands A in an elevator as begins ascend . was it What do work the normal from the floor on the man ? was force
"How long would it take a car, starting from rest and accelerating uniformly in a straight line at 5 m/s^2, to cover a distance of 200 m ?",9.0 s,10.5 s,12.0 s,15.5 s,A,"How to take m How long a , starting from rest and accelerating uniformly in a straight line at 5 m / s^2 , cover a of 200 ? was it"
Which of the following conditions are necessary for an object to be in static equilibrium? I. The vector sum of all torques on the object must equal zero. II. The vector sum of all forces on the object must equal zero. III. The sum of the object’s potential and kinetic energies must be zero.,I only,II only,III only,I and II only,D,What to are of the following conditions necessary for an be in static equilibrium ? was object I. What must equal zero The vector of all torques on the object . was sum II. What must equal zero The vector of all forces on the object . was sum III. What must be zero The of the object ’s potential and kinetic energies . was sum
"A student pushes a puck across a table, moving it from position x = 0 to position x = 0.2 m. After he lets go, the puck continues to travel across the table, coming to rest at position x = 1.2 m. When the puck is at position x = 1.0 m, which of the following is a correct assertion about the net force on the puck?","The net force is in the negative direction, because the puck is moving in the positive direction but slowing down.","The net force is down, because the puck is near the Earth, where gravitational acceleration is 10 m/s^2 downward.","The net force is in the positive direction, because the student’s push caused the puck to speed up in the positive direction.","The net force is zero, because the student’s push in the positive direction must equal the force of friction in the negative direction.",A,"When to continues assertion A pushes a across a table , moving from position x = 0 to position x = 0.2 After lets go , the travel across the table , coming rest at position x = 1.2 m. When the is at position x 1.0 m , of the following is a correct about the net force on the puck ? was which"
"Experimenter A uses a very small test charge qo, and experimenter B uses a test charge 2qo to measure an electric field produced by two parallel plates. A finds a field that is",greater than the field found by B,the same as the field found by B,less than the field found by B,"either greater or less than the field found by B, depending on the accelerations of the test charges",B,"What to uses field Experimenter a very small test charge , and experimenter uses a test 2qo measure an electric produced by two parallel plates . was B What finds field a is was that"
"Two objects, A and B, have equal charge and equal mass. Neither body is in motion because the gravitational and electrostatic forces between them are equal. If the mass of Object A is halved, equilibrium will be maintained if",the charge on Object A were doubled,the charge on Object B were halved,the charge on Object B were doubled,the mass on Object B were halved,D,"What have charge Two , A and B , equal and equal mass . was objects What is Neither in motion because the gravitational and electrostatic between them are equal . was forces If the mass of Object A is halved, equilibrium will be maintained if"
"A 2 μF capacitor is connected directly to a battery. When the capacitor is fully charged, it stores 600 μC of charge. An experimenter replaces the 2 μF capacitor with three 18 μF capacitors in series connected to the same battery. Once the capacitors are fully charged, what charge is stored on each capacitor?",100 μC,200 μC,600 μC,1800 μC,D,"A 2 μF capacitor is connected directly to a battery. When stores μC When the capacitor is fully charged , 600 of charge . was it What replaces capacitor An the 2 μF with three 18 μF capacitors in series connected to the same battery . was experimenter Once the capacitors are fully charged, what charge is stored on each capacitor?"
A particle's kinetic energy is changing at a rate of –6.0 J/s when its speed is 3.0 m/s. What is the magnitude of the force on the particle at this moment?,0.5 N,2.0 N,4.5 N,9.0 N,B,When is changing A particle 's kinetic at a rate of – 6.0 J / s when its is 3.0 m / s. was speed What is What the of the force on the particle at this moment ? was magnitude
"A car rounds a banked curve of uniform radius. Three forces act on the car: a friction force between the tires and the road, the normal force from the road, and the weight of the car. Which provides the centripetal force which keeps the car in circular motion?",the friction force alone,the normal force alone,the weight alone,a combination of the normal force and the friction force,D,"What rounds curve A a banked of uniform radius . was car What act Three on the car : a friction force between the tires and the road , the normal force from the road , and the weight of the car . was forces What provides car the centripetal keeps the in circular motion ? was which"
"A stone is thrown horizontally with an initial speed of 30 m/s from a bridge. Find the stone's total speed when it enters the water 4 seconds later, assuming that air resistance is negligible.",30 m/s,40 m/s,50 m/s,60 m/s,C,"A stone is thrown horizontally with an initial speed of 30 m/s from a bridge. When Find water the stone 's total when enters the 4 seconds later , assuming that air is negligible . was resistance"
What happens to the force of gravitational attraction between two small objects if the mass of each object is doubled and the distance between their centers is doubled?,It is doubled.,It is quadrupled.,It is halved.,It remains the same.,D,What happens to the force of gravitational attraction between two small objects if the mass of each object is doubled and the distance between their centers is doubled ? was What
How much current does a 60 W light bulb draw if it operates at a voltage of 120 V ?,0.25 A,0.5 A,2:00 AM,4:00 AM,B,How does draw How much current a 60 W light bulb if operates at a voltage of 120 V ? was it
"What happens to the pressure, P, of an ideal gas if the temperature is increased by a factor of 2 and the volume is increased by a factor of 8 ?",P decreases by a factor of 16.,P decreases by a factor of 4.,P decreases by a factor of 2.,P increases by a factor of 4.,B,"What happens to the pressure , P , of an ideal gas if the temperature is increased by a factor of 2 and the volume is increased by a factor of 8 ? was What"
A beam of monochromatic light entering a glass window pane from the air will experience a change in,frequency and wavelength,frequency and speed,speed and wavelength,speed only,C,What will experience change A of monochromatic light entering a glass window from the air a in was beam
"A rigid, solid container of constant volume holds an ideal gas of volume v1 and temperature T1 and pressure P1. The temperature is increased in an isochoric process. Which of the following is NOT true?",The average speed of the molecules increases.,The pressure increases.,The kinetic energy of the system increases.,The volume increases.,D,"What holds P1 A rigid , solid of constant volume an ideal of volume v1 and temperature T1 and pressure . was container The temperature is increased in an isochoric process. What is of the following NOT true ? was Which"
A string of fixed tension and linear mass density is attached to a vibrating speaker. It is observed that a speaker frequency of 60 Hz does not produce standing waves in the string. Which explanation for this phenomenon is correct?,The string length is not a multiple of half the wavelength of the wave.,The wave speed on the string is fixed.,60 Hz is in the lowest range of audible sound.,The wavelength of the wave produced by the speaker is equal to the speed of waves on the string divided by 60 Hz.,A,A string of fixed tension and linear mass density is attached to a vibrating speaker. What does observed waves It is that a speaker of 60 Hz not produce standing in the string . was frequency What is Which for this phenomenon correct ? was explanation
"A spherical charge distribution varies with the radius r by the equation ρ = ar, where ρ is the volume charge density and a is a positive constant. The distribution goes out to a radius R. Which of the following is true of the electric field strength due to this charge distribution at a distance r from the center?",It increases as r approaches infinity.,It decreases linearly for r > R.,It increases linearly for r > R.,It increases non-linearly for r < R.,D,"Where varies constant A spherical charge with the radius r by the equation ρ = ar , where is the volume charge and is a positive . was a Who goes The out to a radius R. of the following is true of the electric field strength due to this charge distribution at a distance r from the center ? was Which"
An alarm whose frequency is 400 Hz is dropped out of a third-floor window. The student who drops it measures the frequency with a very sensitive oscilloscope. The measured frequency,appears higher than 400 Hz and the frequency increase as it falls,appears higher than 400 Hz and the frequency decreases as it falls,appears lower than 400 Hz and the frequency decreases as it falls,appears lower than 400 Hz and the frequency increases as it falls,C,What dropped An alarm whose is 400 Hz is out of a third - floor window . was frequency What measures frequency The drops the with a very sensitive oscilloscope . was who The measured frequency
Heat is added to a cylindrical aluminum rod of radius Q and length ℓ. The temperature difference between the two ends of the rod varies from 10°C to 20°C. What geometric factors will influence the rate heat is transferred along the rod?,Only the length,Only the area of the rod,Both the length and area,Neither the length nor area,C,What added Heat is to a cylindrical aluminum rod of radius Q and length ℓ. The temperature between the two ends of the rod varies from 10 ° C to 20 ° C . was difference What will influence What geometric the rate heat is transferred along the rod ? was factors
"Optometrists use a linear scale of lens power, measured in diopters, to prescribe corrective lenses. Sufferers of myopia, or nearsightedness, have difficulty resolving distant objects because the lenses in their eyes are too strong. If a myopic person has a prescription of -5 diopters, what image do her corrective lenses create for distant objects?","An upright, real image about 20 cm in front of her eyes","An upright, virtual image about 20 cm in front of her eyes","An inverted, real image about 20 cm behind her eyes","An inverted, virtual image 5 cm behind her eyes",B,"What to use lenses a linear of lens power , measured in diopters , prescribe corrective . was Optometrists What have objects of myopia , or nearsightedness , resolving distant because the in their eyes are too strong . was lenses What do create prescription If a myopic has a of -5 diopters , what her corrective for distant objects ? was lenses"
"A nonconducting sphere is given a nonzero net electric charge, +Q, and then brought close to a neutral conducting sphere of the same radius. Which of the following will be true?",An electric field will be induced within the conducting sphere.,The conducting sphere will develop a net electric charge of –Q.,The spheres will experience an electrostatic attraction.,The spheres will experience an electrostatic repulsion.,C,"A nonconducting sphere is given a nonzero net electric charge, +Q, and then brought close to a neutral conducting sphere of the same radius. What will be of the following true ? was Which"
"A charged particle moves through a magnetic field and experiences a force f. New particles are sent into the same magnetic field. If the new particles have twice the charge, twice the mass, and twice the velocity, the new force would be",4F,2F,F,1/2 F,A,"A charged particle moves through a magnetic field and experiences a force f. New particles are sent into the same magnetic field. What would be charge If the new have twice the , twice the mass , and twice the velocity , the new was force"
An electric dipole consists of a pair of equal but opposite point charges of magnitude 4.0 nC separated by a distance of 2.0 cm. What is the electric field strength at the point midway between the charges?,0,9.0 × 10^4 V/m,1.8 × 10^5 V/m,7.2 × 10^5 V/m,D,What consists nC An electric of a pair of equal but opposite point charges of magnitude 4.0 separated by a distance of 2.0 cm . was dipole What is What the electric field at the point midway between the charges ? was strength
"Two isolated particles, A and B, are 4 m apart. Particle A has a net charge of 2Q, and B has a net charge of Q. The ratio of the magnitude of the electric force on A to that on B is",4:01,2:01,1:01,1:02,C,"What are Two isolated , A and B , 4 m apart . was particles What has charge Particle a net of 2Q , and has a net of Q. was B What is The of the magnitude of the electric force on A to that on B was ratio"
"A rock drops onto a pond with a smooth surface. A few moments later, the wave produced by the rock’s impact arrives at the shore, touching the ankles of a wading child. Which of the following observations provides evidence that the portion of the wave hitting the child’s ankles carries less energy than the wave did when it was first created by the rock’s impact?",The wave is moving more slowly.,The wave pulse’s width has become greater.,The wave pulse’s width has become smaller.,The wave’s height has become smaller.,D,"What drops A onto a pond with a smooth surface . was rock What arrives ankles A few moments later , the produced by the rock ’s impact at the shore , touching the of a wading child . was wave When provides energy of the following observations that the of the wave hitting the child ’s carries less than the did when it was first created by the rock ’s impact ? was wave"
Physics students are checking the constant acceleration equations of kinematics by measuring the velocity of a tennis ball that is dropped and falls 6 meters and then passes through a photogate. The predicted velocity is 20% above the velocity measured by the photogate. Which of the following best describes the cause of the large percent difference?,The ball changes its shape while falling.,The acceleration of gravity varies as the ball is falling.,Air resistance increases the acceleration of the ball.,The acceleration of the balls varies with the velocity.,D,What are checking velocity Physics the constant acceleration of kinematics by measuring the of a tennis ball that is dropped and falls 6 meters and then passes through a photogate . was students What is The predicted 20 % above the velocity measured by the photogate . was velocity What describes cause of the following best the of the large percent difference ? was Which
"Mercury orbits the sun in about one-fifth of an Earth year. If 1 AU is defined as the distance from the Earth to the sun, what is the approximate distance between Mercury and the sun?",(1/25) AU,(1/9) AU,(1/5) AU,(1/3) AU,D,"Who orbits sun the in about one - fifth of an Earth year . was Mercury What is what If 1 AU is defined as the distance from the Earth to the sun , the approximate between Mercury and the sun ? was distance"
"The Gravitron is a carnival ride that looks like a large cylinder. People stand inside the cylinder against the wall as it begins to spin. Eventually, it is rotating fast enough that the floor can be removed without anyone falling. Given then the coefficient of friction between a person’s clothing and the wall is μ, the tangential speed is v, and the radius of the ride is R, what is greatest mass that a person can be to safely go on this ride?",μv^2/(rg),r^2v^2/(μg),rg/(μv^2),None of the above.,D,"What is ride The a carnival looks like a large cylinder . was that What to stand inside the cylinder against the wall as begins spin . was it What can rotating Eventually , fast enough that the floor be removed without falling . was anyone What to is that Given then the of friction between a person ’s clothing and the wall is , the tangential , and the of the ride is , is greatest a be safely go on this ride ? was person"
"An artificial satellite orbits Earth just above the atmosphere in a circle with constant speed. A small meteor collides with the satellite at point P in its orbit, increasing its speed by 1%, but not changing the instantaneous direction of the satellite’s velocity. Which of the following describes the satellite’s new orbit?","The satellite now orbits in an ellipse, with P as the farthest approach to Earth.","The satellite now orbits in an ellipse, with P as the closest approach to Earth.",The satellite now orbits in a circle of larger radius.,The satellite now orbits in a circle of smaller radius.,B,"What orbits Earth An artificial just above the atmosphere in a circle with constant speed . was satellite A small meteor collides with the satellite at point P in its orbit, increasing its speed by 1%, but not changing the instantaneous direction of the satellite’s velocity. What describes orbit of the following the satellite ’s new ? was Which"
