Question,Option A,Option B,Option C,Option D,Answer,Question_Wh_cleft
Which of the following methods of detecting breast cancer involves exposure to radiation?,Needle aspiration,Mammography,Mastectomy,Lumpectomy,B,What involves exposure of the following methods of detecting breast to radiation ? was Which
"The regions of the body that, when touched, are sexually exciting:",vary from person to person,vary for women depending on the phases of the menstrual cycle,are mainly on the lower portion of the body,all of the above,D,"When regions The of the body , when touched , are sexually exciting : was that"
Which of the following is/are true of gonorrhea?,can be treated with antibiotics,has a high risk of infection with a single exposure,is asymptomatic (without symptoms) in only a small percentage of those infected,infections are limited to genital areas,A,What is are of the following / true of gonorrhea ? was Which
"You are a homosexual male: Last night, you were tempted by lusty, swarthy Jacques (the king of fraternity row) to join him at the local dairy bar for a tall cool glass of milk. You also briefly considered studying for this test, but Jacques won out. In Freudian terms, which of the following was dominant?",the id,the ego,the superego,the Oedipus complex,A,"What are male a homosexual : was You Last night, you were tempted by lusty, swarthy Jacques (the king of fraternity row) to join him at the local dairy bar for a tall cool glass of milk. Who considered also briefly studying for this test , but won out . was Jacques What In Freudian terms , of the following was dominant ? was which"
Sociobiologists believe that there are more males than females with paraphilias because:,paraphilias guarantee survival of the species,evolutionary selection has favored the development of males who respond to novel sexual stimuli,of left brain/right brain differences between the genders,male brains are better developed than are female brains,B,What believe males that there are more than females with paraphilias because : was Sociobiologists
"According to a study by Sprecher, Barbee, and Schwartz (1995), women were more likely than men to have ________ following their first act of intercourse.",felt glad,felt fear,experienced guilt,experienced regret,C,"What to were _ According to a study by Sprecher , Barbee , and Schwartz ( 1995 ) , more likely than have _ was men following their first act of intercourse."
What is cocaine abuse during pregnancy related to?,an increased risk of low birth weight babies,poorer growth and lower intelligence,smaller head circumference,all of the above,D,What is What cocaine during pregnancy related to ? was abuse
Joe wants desperately to get close to Helen. Helen appears to be put off by Joe's desperate advances. This is typical of Joe's relationships with women. According to attachment theory Joe would best be described as:,a secure lover,an avoidant lover,an anxious-ambivalent lover,a passionate lover,C,Who to wants desperately get close to Helen . was Joe What to appears be put off by Joe 's desperate advances . was Helen What is typical of Joe 's relationships with women . was This According to attachment theory Joe would best be described as:
Bruce is a homosexual man. His friend Chuck is a heterosexual man. If we could have observed Bruce and Chuck as children we might have expected which of the following?,Bruce likely participated in more female-typical play than Chuck.,Bruce likely participated in more male-typical play than Chuck.,Bruce and Chuck likely participated in more male-typical play than female-typical play.,Bruce's father was more likely to have homosexual tendencies than Chuck's father.,A,What is man a homosexual . was Bruce What is man His Chuck a heterosexual . was friend What have observed which If and Chuck as children expected of the following ? was we
Judaism regards sexuality as,inherently evil,God's afterthought and has become an aberration,a gift from God,primarily a biological function,C,Who regards sexuality as was Judaism
Freud said that the penis first becomes the major focus of pleasure-seeking at:,birth,about age 1,between the ages of 3 and 6,puberty,C,What said focus that the first becomes the major of pleasure - seeking at : was penis
"What makes a relationships last, according to Sternberg?",intimacy,commitment,decision,passion,B,"What makes a last , according to Sternberg ? was relationships"
The position that abortion is murder is held by certain people in which religion?,Orthodox Jews,Fundamentalist Protestants,Eastern Orthodox Christians,all of the above,D,What held murder The position that is is by certain people in which religion ? was abortion
"Orders of monks and nuns found both in Eastern religions and in Christianity who affirm celibacy, virginity, and poverty follow the ethical system of:",legalism,asceticism,situationism,hedonism,B,"What found system of monks and nuns both in Eastern religions and in Christianity affirm , virginity , and poverty follow the ethical of : was who"
Ovaries and testes,are homologous,produce gametes,produce sex hormones,all of the above,D,Ovaries and testes
Simon LeVay studied the brains of heterosexuals and homosexuals. He found differences in:,the cortical activity of these two groups,the overall brain weights of these two groups,the cell structure in the hypothalamus of these two groups,blood volume and metabolism of sugars in the brains of these two groups,C,Who studied brains Simon the of heterosexuals and homosexuals . was LeVay What found differences in : was He
"Which of the following theories uses terms such as ""modelling"" and ""imitation"" to explain the effects of exposure to erotica on a person's behaviour?",sociobiology,psychoanalytic theory,script theory,social learning theory,D,"What to uses effects of the following theories such as "" modelling "" and "" imitation "" explain the of exposure to erotica on a person 's behaviour ? was Which"
"________ men, on the average, begin engaging in sexual intercourse approximately two years later than ________ men do.",Mexican Americans and whites; African Americans,Mexican Americans; African Americans and whites,African Americans; whites and Latinos,Whites; African Americans and Latinos,A,"________ What begin , on the average , engaging in sexual intercourse approximately two years later than _ _ _ _ _ _ _ _ was men What do . was men"
"In the scientific community, women's capacity for multiple orgasms was originally discovered by:",Kinsey,Freud,Masters and Johnson,Kaplan,A,"In the scientific community, women's capacity for multiple orgasms was originally discovered by:"
Which of the following characteristics are generally consistent with date rape?,use of excessive force,premeditated,sexually motivated,involves use of a weapon,C,What are of the following characteristics generally consistent with date rape ? was Which
"According to John Money, __________ refers to a person's private internal sense of maleness or femaleness.",Gender identity,Sexual nomenclature,Gender schema,Intrapsychic sexual orientation,A,"What refers According to John Money , _ _ _ _ _ _ _ _ _ to a person 's private internal sense of maleness or femaleness . was _"
The average male genital size is approximately,4 inches,5 inches,7 inches,1 foot,B,What is The average male genital approximately was size
People who cannot reach orgasm without touching a woman's shoe would certainly be considered sexually abnormal or deviant by which of the following definitions?,psychological,sociological,statistical,b and c,D,What would considered shoe People not reach without touching a woman 's certainly be sexually abnormal or deviant by which of the following definitions ? was who
"If a woman or man repeatedly experiences pain during intercourse, she will probably want to have intercourse infrequently or not all. In this situation, __________ would likely classify the pain as a punishment.",Sigmund Freud,John Money,B. F. Skinner,Havelock Ellis,C,"What have want pain If a or man repeatedly experiences during intercourse , probably intercourse infrequently or not all . was she What would classify pain In this situation , _ _ _ _ _ _ _ _ _ likely the as a punishment . was _"
"What seems to be the case when the folk saying ""opposites attract"" (i.e., dissimilar attitudes tend to cause liking) when it is considered in light of current research?",It does not seem to be true.,It seems to be true for heterosexuals but not for homosexuals.,It seems to be true for homosexuals but not for heterosexuals.,It seems to be true for women but not for men,A,"When to seems liking be the when the saying "" attract "" ( i.e. , dissimilar tend cause ) when it is considered in light of current research ? was attitudes"
The egg can be fertilized until about _______ after ovulation.,6 hours,24 hours,72 hours,1 week,B,The egg can be fertilized until about _______ after ovulation.
"After releasing an egg, the follicle, under stimulation of luteinizing hormone, turns into a a glandular mass of cells called the __________",corpus cavernosum,corpus luteum,corpus callosum,corpus glandula,B,"After releasing an egg, the follicle, under stimulation of luteinizing hormone, turns into a a glandular mass of cells called the __________"
How is endometriosis generally treated?,antiprosaglandin drugs,prostaglandin drugs,hormones,aspirin,C,How is endometriosis generally treated?
"Before the Masters and Johnson research, it was thought that vaginal lubrication was due to secretions of",Cowper's gland,Prostate gland,Bartholin glands,Adrenal gland,C,"What thought Before the Masters and Johnson research , it was that vaginal was due to secretions of was lubrication"
Buffy and Willow were discussing their sexual fantasies. Buffy revealed that she sometimes fantasizes about sex with other women even though she normally finds herself attracted to men. She also fantasizes about group sex. Which of the following statements can be inferred from Buffy's fantasies?,Buffy's fantasies suggest that she must be a latent homosexual or bisexual.,Buffy's fantasies are indicative of a paraphilia.,Buffy's fantasies indicate that she is not getting enough sex to keep her satisfied.,Buffy's fantasies are fairly typical and tell us little about her sexual tendencies.,D,What were discussing fantasies and Willow their sexual . was Buffy When revealed that sometimes fantasizes about sex with other women even though normally finds attracted to men . was herself What fantasizes also about group sex . was She Which of the following statements can be inferred from Buffy's fantasies?
The environment for sperm passage is most hospitable just at,preovulation,proliferation,ovulation,menstruation,C,What is The for sperm passage most hospitable just at was environment
Secretions of Cowper's gland fluid at the tip of the penis are first evident:,following orgasm,immediately before orgasm,prior to vasocongestion,during the plateau phase,D,What are of Cowper 's gland fluid at the tip of the penis first evident : was Secretions
Which of the following restrictions existed in at least one culture? No sex,for a period of time following childbirth,during menstruation,between parents and children,all of the above,D,What existed of the following restrictions in at least one culture ? was Which No sex
Which of the following teenagers have the highest pregnancy rates?,U.S.,Canadian,Swedish,French,A,What have rates of the following teenagers the highest pregnancy ? was Which
The onset (the very beginning) of labor is first triggered by,hormones secreted by the Mother's ovaries,hormones secreted by the Mother's hypothalamus,hormones secreted by the fetus' adrenal gland,the placenta and uterus secretion of prostaglandins,C,The onset (the very beginning) of labor is first triggered by
One of the first models of the physiology of the human sexual response was provided by,Henry Havelock Ellis,Sigmund Freud,Linda George and Stephen Weiler,William Masters and Virginia Johnson,D,One of the first models of the physiology of the human sexual response was provided by
"An adult feels himself becoming aroused when looking at a child and realizes that the response is totally inappropriate, as a result he feels anxiety rather than arousal. This is an example of __________ according to Walen and Roth's cognitive model of the sexual response.",negative perception,negative evaluation,negative arousal,cognitive dissonance,B,"When feels anxiety An himself becoming aroused when looking at a child and realizes that the is totally inappropriate , as a result feels rather than arousal . was he What is _ an of _ was This according to Walen and Roth's cognitive model of the sexual response."
We are attracted to a person who is similar to us in attitudes because:,we get positive reinforcement from that person agreeing with us,the other person's agreement bolsters our sense of rightness,we anticipate positive interactions with that person,all of the above,D,What attracted We are to a person is similar to us in attitudes because : was who
"According to the Ethnocultural Communities Facing AIDS study, single _________ men are more likely than single _________ to report having had more than one sexual partner in the previous year.",Chinese; North African Muslim,South Asian; English-speaking Caribbean,South Asian; Chinese,North African Muslim; Latin American,B,"According to the Ethnocultural Communities Facing AIDS study, single _________ What having are partner more likely than single _ _ _ _ _ _ _ report had more than one sexual in the previous year . was men"
Penile or clitoral erection occurs because of activation of the _________ system.,pathetic,apathetic,sympathetic,parasympathetic,D,What occurs _ Penile or clitoral because of activation of the _ _ was erection system.
Which of the following is homologous to the glans of the penis?,labia minora,labia majora,mons,clitoris,D,What is of the following homologous to the glans of the penis ? was Which
What day of a typical 28-day menstrual cycle is a woman likely to ovulate?,4,10,14,22,C,What day of a typical 28-day menstrual cycle is a woman likely to ovulate?
The two principles that deal with questions of values are:,religion and ethics,faith and science,legal and ethics,legal and religion,A,What are The two deal with questions of values : was that
Studies conducted by Bailey and Pillard (1991) have shown that:,the homosexuality concordance rate for identical twins is 100%,the homosexuality concordance rate for identical twins and fraternal twins is approximately the same,the homosexuality concordance rate for identical twins is higher than for fraternal twins,the homosexuality concordance rate for adoptive brothers differs little from that of biological brothers,C,What have shown that conducted by Bailey and Pillard ( 1991 ) : was Studies
The capacity of a spinal-cord injured man to have erections depends on:,the level of the spinal cord at which the injury occurred,whether the spinal cord was partially or completely severed,the man's age,both a and b,D,What to depends erections The of a spinal - cord injured man have on : was capacity
Research on the effects of sexually explicit material using material that the viewer finds acceptable has shown that:,erotica has no effect on sexual behavior,erotica may lead to increases in sexual arousal for men and women,nonaggressive erotica leads to massive increases in aggressive behavior,erotica decreases sexual arousal and sexual interest,B,What has shown that on the effects of sexually explicit material using the finds acceptable : was viewer
Fetishism typically develops at the age of:,30 through 50,at birth,10 through 20,20 through 30,C,What develops typically at the age of : was Fetishism
Hillary just found out that she is pregnant but she suspects that her husband has been fooling around. It is important that she be tested for chlamydia because chlamydia can cause which of the following complications?,tubal pregnancies,premature delivery,spontaneous abortion,all of the above,D,What been found just out that is pregnant but suspects that her fooling around . was husband What can is which important that she be tested for chlamydia because cause of the following complications ? was chlamydia
Roman Catholicism takes the position that it is sinful to,engage in homosexual acts,engage in heterosexual acts outside of marriage,take the birth control pill,all of the above,D,What takes position Roman the that is sinful to was it
Which of the following is the most common method of birth control for married couples in the U.S..,Sterilization,The IUD,The diaphragm,The rhythm method,A,What is method of the following the most common of birth control for married couples in the U.S .. was Which
The theory of _______ is used by sociobiologists specifically to explain the evolution of gender differences.,natural selection,the new synthesis,sexual selection,the gender schema,C,The theory of _______ is used by sociobiologists specifically to explain the evolution of gender differences.
Experimental work on the introduction of the birth control pill was done with,middle- and upper-class American women,white American women,poor Puerto Rican women,Asian American women,C,Experimental work on the introduction of the birth control pill was done with
Which of the following have menstrual cycles?,some monkey species,some ape species,some breeds of dogs,a and b only,D,What have cycles of the following menstrual ? was Which
What sexual act is prohibited in most societies?,masturbation,incest,sex during menstruation,sex with a non-spouse if the person is married.,B,What sexual act is prohibited in most societies?
Which of the following is removed when a male is circumcised?,sunna,corpus spongiosum,septum,prepuce,D,Which of the following is removed when a male is circumcised?
Staphylococcus aureus is...,...a hormone released during menstruation,...the term for the follicle after it has ruptured,...a bacterium associated with Toxic Shock Syndrome,...the term for the mass of cells in the corpus luteum,C,What is Staphylococcus ... was aureus
Jeffrey Dahmer's behaviour might best fit into the category of:,zoophilia,necrophilia,urophilia,scoptophilia,B,What might fit Jeffrey Dahmer 's best into the category of : was behaviour
An anatomical difference between males and females is:,"males have one exit structure for urine and reproductive fluids, whereas females have two","males have an external sexual organ that gets engorged with blood, whereas females do not",males have many times the number of nerve endings in the penis that females have in the clitoris.,all of the above,A,What is An anatomical between males and females : was difference
Kenny fell off a ladder while trying to change a lightbulb. He suffered an injury his upper back transecting his spinal cord and leaving him quadraplegic. Which of the following are probably impaired in Kenny?,ejaculation,erection,genital sensation,both A and C,D,What to fell lightbulb off a ladder while trying change a . was Kenny What suffered him an his upper back transecting his spinal and leaving quadraplegic . was He What are of the following probably impaired in Kenny ? was Which
The feedback loop in men which regulates the production of sex hormones includes all but which of the following?,oxytocin,gonadotropin-releasing hormone,follicle-stimulating hormone,pituitary gland,A,What includes all The feedback in men regulates the of sex hormones but which of the following ? was which
The Old Testament presents the view that sexuality is,fundamentally positive,to be considered in light of its social consequences,comparable to other biological functions,a and b,D,What presents view The Old the that is was sexuality
Castration in adulthood,will produce a high voice because of decreased testosterone production.,will produce a high voice because of the pain that accompanies the procedure.,will not produce a high voice because the larynx has already grown.,will not produce a high voice because castration does not affect testosterone production.,C,Castration in adulthood
Xena has been able to conceive but has repeatedly miscarried early in her pregnancies. Which of the following would be her best option for having a child?,artificial insemination,in vitro fertilization,zygote intra-fallopian transfer,embryo transfer,D,Who has been able conceive but repeatedly miscarried early in her pregnancies . was Xena What would be child of the following her best for having a ? was Which
Which of the following is TRUE of the duration of the refractory period experienced by men?,it is consistent across men and lasts 20 minutes,it varies across men lasting from a few minutes to 24 hours,it tends to be shorter with alcohol consumption,it tends to be longer in younger men,B,What is of the following TRUE of the duration of the refractory period experienced by men ? was Which
"At about _________ months after conception, the gender of the fetus is clear from the appearance of external genitals.",2,4,6,8,B,"At about _________ What is months after conception , the of the fetus clear from the appearance of external genitals . was gender"
__________ is a shedding of the inner lining of the uterus.,Menstruation,Ovulation,The luteal phase,The follicular phase,A,_________ What is shedding a of the inner lining of the uterus . was _
"When a woman thinks that she probably is a lesbian, she is at the:",pride stage,tolerance stage,acceptance stage,confusion stage,B,"When is lesbian When a thinks that probably is a , at the : was she"
Which of the following STDs can be passed from mother to child through the placenta?,gonorrhea,syphilis,genital herpes,chlamydia,B,Which of the following STDs can be passed from mother to child through the placenta?
Persons with liberal attitudes about premarital sex are likely to:,have liberal attitudes about extramarital sex,engage in accidental extramarital sexual activity,engage in open swinging,all of the above,A,What are with liberal attitudes about premarital sex likely to : was Persons
"Menstrual cramps may be caused, in part, by:",low levels of prostaglandin,an increased oxygen supply to the uterus,highly sensitive nerve endings,frequent masturbation,A,"Menstrual cramps may be caused, in part, by:"
Avalon had a wild time during spring break. Unfortunately the guy she hooked up with in Palm Beach had genital herpes. Which of the following is true about genital herpes?,Avalon could not contract genital herpes from performing fellatio (oral-genital sex) on the guy.,If Avalon contracted genital herpes she can be cured with antibiotics if administered immediately after the first occurrence.,If Avalon contracted genital herpes she will only be contagious when she has a break out.,none of the above,D,Who had time a wild during spring break . was Avalon What had herpes Unfortunately the hooked up with in Palm Beach genital . was she What is of the following true about genital herpes ? was Which
Stan is out having a few beers with some friends. Which of the following will be DECREASED if Stan only consumes 1 beer?,arousal,erection,inhibition,orgasm,C,Who is beers out having a few with some friends . was Stan Who will be beer of the following DECREASED if only consumes 1 ? was Stan
Vasocongestion is a process of :,muscle contraction,blood accumulation in the genitals,muscle relaxation,detumescence,B,What is process a of : was Vasocongestion
Which of the following is/are secondary sex characteristics in males AND females?,underarm hair,sweat and oil glands,deepening of the voice,both A and B,D,What are characteristics of the following is / secondary sex in males AND females ? was Which
It's 3:00 A.M. You are male. You awaken to urinate. Standing at the commode you are in extreme agony. Your penis feels as if it is on fire. You notice a yellowish discharge coming out of your penis after you finish urinating. Your moans have awakened your significant other. She comes running into the bathroom and asks you what is wrong. You tell her you probably have:,genital herpes,AIDS,syphilis,gonorrhea,D,What 's A.M. 3:00 was It What are male . was You What awaken to urinate . was You What are Standing at the commode in extreme agony . was you What feels Your as if is on fire . was it What notice urinating a yellowish coming out of your penis after finish . was you What have awakened other Your your significant . was moans What comes you running into the bathroom and asks is wrong . was what What tell her probably have : was you
Which of these statements is accurate concerning the norms of swinging?,Male and female homosexual acts are common and widely accepted.,It is expected that couples will engage in sex with the same partners on several occasions.,The combination of two men with one woman is the typical introduction to swinging.," Most swingers also tend to have tolerant attitudes towards various forms of ""exotic"" sexuality.",D,What is of these statements accurate concerning the norms of swinging ? was Which
Romulo is on a crowded bus and he sees a woman near the door. Feeling a little saucy Romulo proceeds to rub up against the woman and is immediately aroused. Romulo's inappropriate behavior would be characterized as:,Frotteurism,Exhibitionism,Voyeurism,Sadomasochism,A,What is woman on a crowded bus and sees a near the door . was he What to proceeds saucy Feeling a little rub up against the woman and is immediately aroused . was Romulo Romulo's inappropriate behavior would be characterized as:
Mini-pills contain:,estrogen only,progestin only,synthetic androgens and estrogen,synthetic estrogen,B,Mini-pills contain:
"Heterosexual fantasies about sexual activity never involve someone _________, and gay and lesbian fantasies never involve persons of __________",Both heterosexual and homosexual fantasies may involve persons of the same or other gender,of the other gender; of the same gender,of the same gender; of the same gender,of the same gender; of the other gender,A,"What involve _ Heterosexual about sexual activity never _ , and gay and lesbian never involve of _ _ was fantasies"
Which of the following is typically associated with having a vasectomy?,decreased testosterone production,reduced rigidity of erections,decreased sperm production,normal orgasm,D,Which of the following is typically associated with having a vasectomy?
Which of the following are reflexes?,ejaculation,erection,orgasm,both A and B,D,What are reflexes of the following ? was Which
Which of the following sexual variations is probably the most dangerous?,troilism,asphyxiophilia,zoophilia,necrophilia,B,What is of the following sexual variations probably the most dangerous ? was Which
The follicular phase is to the __________ as the luteal phase is to the secretory phase.,postovulatory,menstrual,proliferative,myometrial,C,What is The follicular to the _ _ _ _ _ _ _ _ _ _ was phase What is as the luteal to the secretory phase . was phase
"For purposes of conception, the best position for intercourse is:",woman-on-top,man-on-top,rear entry,side-to-side,B,"What is For purposes of conception , the best for intercourse : was position"
"Danny and Sandy are coworkers. Sandy sees Danny in the break room and says ""Hey Stud! Nice buns! Wanna do it?"" This would be considered harrassment if:",Sandy is Danny's supervisor,Danny has previously told Sandy that he does not appreciate her advances,"Danny responds with ""Sure baby your office or mine?""",both A and B,D,"Who are coworkers and Sandy . was Danny Who sees Stud in the break room and says "" Hey ! was Sandy Nice buns! What do it ? "" was Wanna This would be considered harrassment if:"
Erection in the male and vaginal lubrication in the female mark the __________ stage of sexual response.,excitement,resolution,plateau,orgasm,A,Erection in the male and vaginal lubrication in the female mark the __________ stage of sexual response.
The placenta does all of the following except:,supplies oxygen to the fetus,supplies nutrients to the fetus,supplies blood to the fetus,secretes hormones,C,What does all The of the following except : was placenta
Which of the following is the MOST COMMON menstrual problem?,painful menstruation,absence of menstruation,menstruation without ovulation,ovulation without menstruation,A,What is problem of the following the MOST COMMON menstrual ? was Which
In all of her relationships Helen is typically uncomfortable feeling close to another person or having that person feel close to her. According to attachment theory Helen would best be described as:,a secure lover,an avoidant lover,an anxious-ambivalent lover,a passionate lover,B,What is feeling In all of her relationships typically uncomfortable close to another person or having that feel close to her . was person According to attachment theory Helen would best be described as:
Approximately how many sperm are in the typical ejaculate?,"300,000",300 million,3 million,30 million,B,How are Approximately how many in the typical ejaculate ? was sperm
Bill is a successful ad executive for a computer company. He is 32 married and the father of two children. When Bill's wife is not home he puts on her satin stockings garter belt bra skirt blouse and red stilettos. While dressing he becomes sexually excited and proceeds to masturbate. Which of the following descriptions best fits Bill?,female impersonator,drag queen,transsexual,transvestite,D,Who is executive a successful ad for a computer company . was Bill What is 32 married and the father of two children . was He When puts blouse When Bill 's is not home on her satin stockings garter belt bra skirt and red stilettos . was he What to becomes While dressing sexually excited and proceeds masturbate . was he What fits Bill of the following descriptions best ? was Which
Sociobiologists assume that the central function of sex is:,pleasure,reproduction,to maintain the double standard,to relieve tension,B,What assume that the central of sex is : was function
Which of the following approaches to psychotherapy focuses only the problem behaviour and how to modify it?,Behaviour modification,psychoanalytic,sociological,evolutionary,A,How to focuses it of the following approaches to psychotherapy only the problem and how modify ? was Which
JD Unwin's book _Sex and Culture_ argues what two things are linked?,homosexuality in sons with distant fathers,sexual abuse and Christianity,civilizational collapse and promiscuity,anthropology and evolution,C,What argues what JD Unwin 's _ Sex and Culture _ two things are linked ? was book
The official condemnation by the Catholic Church of artificial birth control is set forth in _______ encyclical called Humanae Vitae.,Pope John II's,Pope Paul VI's,Pope John Paul I's,Pope John Paul II's,B,What set The official condemnation by the Catholic Church of artificial birth control is forth in _ _ _ _ _ _ _ called Humanae Vitae . was encyclical
"According to Byrne's law of attraction and his formula, we are attracted to people who:",provide a lot of reinforcement and a small amount of punishment,provide more punishment than reinforcement,provide an equal balance of punishment and reinforcement,are extremely attractive and provide a lot of reinforcement,A,"According to Byrne's law of attraction and his formula, we are attracted to people who:"
"Benny is the head of a successful corporation. After a hard day at work during which he is under incredible pressure to perform well, he goes home to his wife who proceeds to spank him, tie him to their four poster bed, and tease him until he begs for intercourse. According to psychological theory, what is the most likely reason Benny finds this alluring?","As a child be became sexually aroused pretending to be a powerful executive, so he now becomes aroused at work and must discharge this when he gets home.",He is overcome with feelings of self doubt and his sadomasochistic behaviour allows him a safe outlet for that self doubt.,"He is overwhelmed with pressures and responsibilities at work, and the masochistic behaviour allows him to escape from being an autonomous, separate individual.",He is secretly fascinated by violence and engaging in sadomasochistic behaviour is a relatively safe outlet for it.,C,"Who is head the of a successful corporation . was Benny What to goes him After a hard day at work during which is under incredible pressure perform well , home to his wife proceeds spank , tie to their four poster bed , and tease until begs for intercourse . was he What is what According to psychological theory , the most likely finds alluring ? was this"
Darla and Janice are two moms raising a son Timmy. Which of the following most likely characterizes Timmy?,He will probably grow up to be gay.,He will not be popular with his peers.,As long as Timmy has at least one supportive and accepting caregiver he will have a healthy development.,His social skills will lag behind his peers who are raised in heterosexual families.,C,Who are son and Janice two raising a Timmy . was Darla What characterizes Timmy of the following most likely ? was Which
What are the experiences when a sexual addict has completed the sexual act?,(s)he experiences feelings of hopelessness and despair,(s)he uses the fantasy of the behaviour just completed to become aroused again,(s)he feels relaxed and emotionally relieved,(s)he immediately becomes sexually aroused again and feels good about the behaviour,A,When has are act the when a sexual completed the sexual ? was addict
Which of the following is/are likely to cause coital pain for BOTH men and women?,infections,foreskin too tight,vaginismus,both A and C,A,What to are pain of the following is / likely cause coital for BOTH men and women ? was Which
The endometrium grows and thickens during:,menstruation,the follicular phase,the luteal phase,ovulation,B,What grows The and thickens during : was endometrium
Which of the following events INITIATES puberty?,pituitary gland releases FSH,pituitary gland releases growth hormone,hypothalamus releases GNRS,hypothalamus releases LH,C,What Which of the following events puberty ? was INITIATES
Alexander the Great was probably,bisexual,asexual,heterosexual,pedosexual,A,Who was the Great probably was Alexander
Shaggy has a fantasy about digging up a recently buried woman and having sex with her. He told his friends this and they encouraged him to get therapy. As part of the treatment he masturbates to his fantasy and at the last moment before orgasm he switches to a fantasy about having sex with a living woman. This procedure is part of the process of:,orgasmic reconditioning,aversive conditioning,covert sensitization,desensitization therapy,A,Who has sex a about digging up a recently buried and having with her . was Shaggy What to told therapy his and encouraged get . was they What switches sex As part of the treatment masturbates to his fantasy and at the last moment before orgasm to a fantasy about having with a living woman . was he What is part This of the process of : was procedure
How do girls most frequently learn about masturbation?,through reading about it,being told by peers,self-discovery,observing others doing it.,C,How do learn How most frequently about masturbation ? was girls
How many centimetres must the cervix dilute to before a baby can be born?,5,10,15,20,B,How many centimetres must the cervix dilute to before a baby can be born?
"From 1988 to 1990 among heterosexuals in the US, the number of unmarried adults aged 20 to 45 who report having multiple partners has:",declined for both men and women,"declined for men, but not for women","declined for women, but not for men","declined for men, and remained the same for women",A,"What has partners From 1988 to 1990 among heterosexuals in the US , the of unmarried adults aged 20 to report having multiple : was who"
Which is true with regard to voyeurs?,They are generally middle-aged.,They are usually dangerous.,They typically want to view friends' sexual behaviours.,They typically want to observe strangers' activities.,D,What is true with regard to voyeurs ? was Which
What are the three dimensions of intimacy in romantic relationships that outline closeness and sharing?,"affective, trusting, and friendship","becoming emotional, caring, and physical","affective, cognitive, and physical","mutual self-disclosure, sexuality, and trusting",C,What are closeness the three of intimacy in romantic relationships outline and sharing ? was that
Mike and Carol have been married for 5 years. Recently Mike has found that although he wants to have sex with Carol he has trouble getting aroused. However he does not have trouble getting aroused when he sees his secretary at work. Which of the following describe(s) Mike's dysfunction?,Mike suffers from a global dysfunction.,Mike suffers from erectile dysfunction.,Mike suffers from lubrication inhibition.,Mike must be having an affair with his secretary.,B,Mike and Carol have been married for 5 years. What to found trouble Recently that although wants have with Carol has getting aroused . was he When does have secretary However not getting aroused when sees his at work . was he Which of the following describe(s) Mike's dysfunction?
__________ occurs when the fertilized egg implants somewhere other than the uterus.,Pseudocystitis,Ectopic pregnancy,Pre-eclamptic pregnancy,Eclamptic pregnancy,B,_________ When occurs implants when the fertilized egg somewhere other than the uterus . was _
A pimp can be best described as ,...a male companion-master of a prostitute,...a gigolo who works with a street walker,...an experienced male prostitute,...an escort to a female prostitute,A,A pimp can be best described as
Menstruation is triggered by...,...a sharp increase in estrogen levels,...a sharp increase in progesterone levels,...a sharp decrease in estrogen and progesterone levels,...a sharp increase in estrogen and progesterone levels,C,Menstruation is triggered by...
Which of the following concerning self-disclosure in relationships is supported by research?,"when one partner in a relationship self-discloses, the other is unlikely to do so",self-disclosure on the part of one partner often leads to self-disclosure on the part of the other,there is a negative correlation between amount of self-disclosure and relationship satisfaction,there is no relationship between amount of self-disclosure and relationship satisfaction,B,Which of the following concerning self-disclosure in relationships is supported by research?
Attachment to a care-giver begins:,in the hours immediately following birth,several weeks after birth,several months after birth,when the child learns to speak,A,What begins to a care - giver : was Attachment
Female sterilization inhibits _________ production.,egg,estrogen,progesterone,none of the above,D,What inhibits _ Female _ _ _ _ _ _ _ was sterilization production.
Another term for sexual self-stimulation is:,masturbation,autoeroticism,self-eroticism,a and b,D,What is Another for sexual self - stimulation : was term
You have been asked to write a response paper to LeVay's research on brain differences between heterosexuals and homosexuals. Which are plausible criticisms of LeVay's work?,Sample size was relatively small.,Gay and straight groups were not equivalent in terms of the number of deaths due to AIDS.,Lesbians were omitted from the study.,all of the above,D,You have been asked to write a response paper to LeVay's research on brain differences between heterosexuals and homosexuals. What are criticisms plausible of LeVay 's work ? was Which
About ___ % of adolescent males have homosexual experiences during their teenage years.,5,10,20,30,B,About ___ What have experiences of adolescent males homosexual during their teenage years . was %
Hormones are secreted:,directly into the bloodstream,into the tissues surrounding the glands where they were manufactured,into the stomach and then are digested and travel throughout the body,into the ovaries and testes,A,Hormones are secreted:
"By 28 days after conception, the embryo is about __________ centimetres long.",1,2,3,4,A,"What is _ By 28 days after conception , the about _ _ _ _ _ _ _ was embryo centimetres long."
"""The state has no business in the bedrooms of the nation,"" is a famous quote by this former Canadian Prime Minister.",Clark,Mulroney,King,Trudeau,D,"What is quote "" The has no in the bedrooms of the nation , "" a famous by this former Canadian Prime Minister . was state"
Keith is really anxious about a big presentation he has to give at work tomorrow. As a result tonight he is having trouble getting an erection. Which of the following BEST explains why Keith might be having this problem?,relaxation is necessary for vasocongestion,anxiety inhibits the sympathetic system,anxiety causes retrograde ejaculation which inhibits arousal,anxiety decreases blood flow to the upper spinal cord inhibiting vasocongestion,A,What to is really anxious about a big presentation has give at work tomorrow . was he What is having erection As a result tonight getting an . was he Who be explains problem of the following BEST why having this ? was Keith
A person with a rating of 4 on the Kinsey scale would be classified as:,mostly heterosexual with incidental homosexual experience,heterosexual with substantial homosexual experience,homosexual with substantial heterosexual experience,mostly homosexual with incidental heterosexual experience,C,A person with a rating of 4 on the Kinsey scale would be classified as:
The refractory period occurs in males during the ______ stage.,resolution,orgasm,plateau,excitement,A,What occurs stage The refractory in males during the _ _ _ _ _ _ . was period
The zona pellucida is...,...a protective layer surrounding the egg,...the fertilized egg,...an enzyme secreted by sperm to break down the protective coating on the egg.,...the area where sperm collect before attempting to fertilize the egg.,A,Who is The zona ... was pellucida
In men gonorrhea and chlamydia most often infect the:,penis,scrotum,urethra,bladder,C,In men gonorrhea and chlamydia most often infect the:
Which method of abortion is most costly and carries the greatest risk of complications?,hysterotomy,saline-induced abortion,prostaglandin abortion,dilation and curettage,A,What is risk Which of abortion most costly and carries the greatest of complications ? was method
Miss Jones has been concerned about her health lately. She has noticed some itching and skin irritation around her genitals. Given her promiscuous sexual history she suspects that she has contracted:,chlamydia,genital warts,gonorrhea,pubic lice,D,Miss Jones has been concerned about her health lately. What has noticed irritation some itching and skin around her genitals . was She What has suspects Given her promiscuous sexual history that contracted : was she
Which of the following is NOT part of the internal structure of a female's breast?,Breast lobule,Lactiferous duct,Lactiferous sinus,Dartos Muscle,D,What is part of the following NOT of the internal structure of a female 's breast ? was Which
"Over the past several decades, attitudes toward premarital sex have __________; attitudes toward extramarital sex have __________.",remained constant; remained constant,become less permissive; become more accepting,remained constant; become less accepting,become more more permissive; become less accepting,D,"What have _ Over the past several decades , toward premarital sex have ; toward extramarital sex . was attitudes"
