Question,Option A,Option B,Option C,Option D,Answer,Question_Wh_cleft
This is a hierarchy of effects or sequential model used to explain how advertising works:,ADD.,AIDA.,PESTLE.,SWOT.,B,How to is hierarchy a of effects or sequential model used explain how works : was advertising
 _____________is an important element in the communication process. It recognizes that successful communications are more likely to be achieved if the source and the receiver understand each other.,The realm of understanding.,Personal selling.,Noise.,Feedback.,A, ____________ What is element an important in the communication process . was _ What to recognizes other that successful are more likely be achieved if the and the receiver understand each . was source
"In the history of marketing, when did the production period end?",In the late 1800s.,In the early 1900s.,In the 1920s.,After the end of the Second World War.,C,"When did end In the history of marketing , when the production ? was period"
The extent to which a service envelops a product varies according to a number of factors. Which of the following is NOT one of the factors?,The level of tangibility associated with the type of product.,Performance-value.,Variations in supply and demand.,The way in which the service is delivered.,B,What varies product The to which a envelops a according to a number of factors . was service What is one of the following NOT of the factors ? was Which
"The owners of independent gasoline stations in a community meet secretly and agree to keep their prices high to protect their profitability. If their plan is discovered and they are charged with a crime, they could be",found guilty under the Sherman Antitrust Act and face prison time,found guilty under the Magnuson-Moss Warranty Act and face large fines,found guilty under the Adamson Act and face prison time and fines,found not guilty because retailers are allowed to set their own price levels,A,"What to meet profitability The of independent gasoline stations in a community secretly and agree keep their high protect their . was owners What could be If their plan is discovered and they are charged with a crime , was they"
 The term 'marketing mix' describes:,A composite analysis of all environmental factors inside and outside the firm.,A series of business decisions that aid in selling a product.,The relationship between a firm's marketing strengths and its business weaknesses.,A blending of four strategic elements to satisfy specific target markets.,D,  What describes The term ' marketing ' : was mix
__________ have the potential to control the type and flow of information to the organization and the members of the DMU.,Gatekeepers.,Buyers.,Users.,Initiators.,A,_________ What to have type the control the and flow of information to the organization and the members of the DMU . was _
 An imbalance between a consumer's actual and desired state in which recognition that a gap or problem needs resolving is called:,Motive development.,An attitude.,A self-concept.,Product evaluation.,A,What imbalance An between a consumer 's actual and desired state in which recognition that a or problem needs resolving is called : was gap
 Which of the following is not an element of the marketing mix?,Promotion.,Product.,Target market.,Pricing.,C,What is element of the following not an of the marketing mix ? was Which
 Providing free samples of perfumes (scent) in magazines is an example of which of the following?,Classical conditioning.,Operant conditioning.,Social learning.,Behavioural learning.,A, Providing free samples of perfumes (scent) in magazines is an example of which of the following?
Why is market segmentation carried out?,To break down large markets into smaller markets.,To provide an opportunity to surpass competitors.,"By grouping together customers with similar needs, it provides a commercially viable method of serving these customers.",To allow the achievement of greater market share.,C,Why carried Why is market out ? was segmentation
" There are three main types of buying situations in an organization, referred to by Robinson, Faris, and Wind (1967) as _____________.",Repeat purchases.,Buyphases.,Buyclasses.,Tenders.,C,"  There are three main types of buying situations in an organization, referred to by Robinson, Faris, and Wind (1967) as _____________."
"Where the winning bidder obtains an unprofitable contract that he/she is duty bound to deliver because their bid price was set so low, this is known as:",Winner's curse.,Winner's price.,Winner's reward.,Loss-leader pricing.,A,"Where to known duty Where the winning obtains an unprofitable that / is bound deliver because their bid price was set so low , this is as : was she"
This allows us to determine how the quantity of an offering relates to the price at which it is offered:,Price bundling.,Price elasticity.,Price inelasticity.,Price inflation.,B,How to allows determine how the of an offering relates to the price at which it is offered : was quantity
 ________________ occur(s) where there is no prior history of exchange and no future exchanges are expected between a buyer and seller.,Relationship marketing.,Service mix.,Market exchanges.,Service failure.,C, ________________ occur(s) where there is no prior history of exchange and no future exchanges are expected between a buyer and seller.
A method of marketing by electronic mail wherein the recipient of the message has consented to receive it is called:,Search marketing.,Internet advertising.,Permission-based email marketing.,Social web marketing.,C,Where to called A method of marketing by electronic mail wherein the of the message consented receive it is : was recipient
" Collectively organizations that combine to enable offerings to reach end users quickly and efficiently constitute a marketing channel, are sometimes referred to as a:",Vehicle.,Courier.,Transportation.,Distribution channel.,D,"When to referred channel Collectively combine enable reach end quickly and efficiently constitute a marketing , are sometimes to as a : was that"
 Which of the following are the three broad groups of organizational characteristics segmentation criteria?,"Organizational size, industry type, and gender.","Psychographics, purchaser, and behavioural criteria.","Organizational size, industry type, and geographical location.",None of the above.,C,What are groups of the following the three broad of organizational characteristics segmentation criteria ? was Which
Which of the following is the name for a coupon that is included in a package for later purchase?,a free-standing coupon,an instant-redemption coupon,a bounce-back coupon,a rebate coupon,C,What is name of the following the for a coupon that is included in a package for later purchase ? was Which
" Advertising is employed as a defence, to retain customers, and to increase brand usage. Advertising is used to reinforce existing attitudes, not necessarily to drastically change them. This idea is based on:",Strong theory.,Weak theory.,ATR framework.,DRIP model.,B," Advertising is employed as a defence, to retain customers, and to increase brand usage. Advertising is used to reinforce existing attitudes, not necessarily to drastically change them. This idea is based on:"
"_____________ is an assessment of a company's mix of products, services, investments, and other assets in order to optimize the use of resources and to assess its suitability, level of risk, and expected financial return.",SWOT analysis.,Political analysis.,Portfolio analysis.,Competitive analysis.,C,"____________ What to is return an of a company 's mix of products , services , investments , and other assets in order optimize the of resources and assess its , level of risk , and expected financial . was _"
" These goods are low-priced products that are bought frequently, are used just once, and incur low levels of purchase risk:",Non-durable.,Durable.,Generic.,Luxury.,A,"  What used levels These are low - priced that are bought frequently , are just once , and incur low of purchase risk : was goods"
Which of the following processes is not fundamental in explaining how consumers think and learn about products and brands?,Cognition.,Perception.,Learning.,Personality.,D,How is of the following processes not fundamental in explaining how think and learn about products and brands ? was consumers
 ________________is used to influence the way an organization is perceived by various groups of stakeholders.,Direct marketing.,Public relations.,Sale promotion.,Advertising,B, _______________ _is used to influence the way an organization is perceived by various groups of stakeholders.
Marketing that moves away from a transaction-based effort to a conversation (i.e. two-way dialogue) and can be described as a situation or mechanism through which marketers and a customer (e.g. stakeholders) interact usually in real-time is known as:,Digital marketing.,Interactive marketing.,Direct marketing.,Electronic marketing.,B,When can known Marketing moves away from a transaction - based effort to a conversation ( i.e. two - way dialogue ) and be described as a situation or mechanism through which and a customer ( e.g. stakeholders ) interact usually in real - time is as : was marketers
 The differentiation of a firm's products or services to promote environmental responsibility is referred to as:,Social branding.,Eco-branding.,Me-too branding.,Brand personality.,B, The differentiation of a firm's products or services to promote environmental responsibility is referred to as:
 Which of the following is the rate at which a market adopts an innovation?,Process of diffusion.,Process of differentiation.,Adoption process.,Adoption lifecycle.,A,What is innovation of the following the at which a adopts an ? was market
Micromarketing is directed at potential buyers who,have excess disposable income,are between the ages of 8 and 14,share similar attitudes and behaviors,have opted out of customized marketing,C,Micromarketing is directed at potential buyers who
 This is a group of people in the process of diffusion who enjoy being at the leading edge of innovation and buy into new products at an early stage:,Late majority.,Early adopter.,Early majority.,Laggards.,B,  What is group a of people in the process of diffusion enjoy being at the leading edge of innovation and buy into new products at an early stage : was who
 What channel structure is it where the product goes directly from the producer to the final customer?,Direct.,Indirect.,Hybrid.,None of the above.,A,Where is structure What channel where the goes directly from the producer to the final customer ? was product
"Joint creation of value, in which customers take part in an active dialogue and co-construct personalized experiences, is referred to as:",Interactive marketing.,Co-creation experience.,Relationship marketing.,Organization marketing.,B,"What referred experiences Joint creation of value , in which take in an active dialogue and co - construct personalized , is to as : was customers"
"This form of marketing communications tool is referred to as 'a paid, mediated form of communication from an identifiable source, designed to persuade the receiver to take some action, now or in the future'. This is referred to as:",Advertising.,Personal selling.,Public relations.,Publicity.,A,"This form of marketing communications tool is referred to as 'a paid, mediated form of communication from an identifiable source, designed to persuade the receiver to take some action, now or in the future'. This is referred to as:"
" The ____________ delivers to us a wide array of offerings, either directly or indirectly, through business markets, to serve our wants and needs.",Aggregate marketing system.,Planning excellence.,A quality rift.,A value line.,A," The ___________ _ delivers to us a wide array of offerings, either directly or indirectly, through business markets, to serve our wants and needs."
" ____________ describes the extrinsic properties of the product (the colour, the packaging, the product consistency, associations) and level to which these satisfy customers' psychological or social needs.",Brand repositioning.,Brand stretching.,Brand equity.,Brand imagery.,D," ___________ What describes needs the extrinsic of the product ( the colour , the packaging , the product consistency , associations ) and level to which these satisfy customers ' psychological or social . was _"
"AIDA stands for awareness, ________, desire and _________.",Interest; action.,Intensity; appeal.,Involvement; action.,Involvement; appeal.,A,"What stands _ for awareness , _ _ _ _ _ _ , desire and _ _ _ _ _ _ _ _ . was AIDA"
" This is where intermediaries are given exclusive rights to market the good or service within a defined 'territory', thus using a very limited number of intermediaries:",Exclusive.,Intensive.,Selective.,Direct.,A,"  Where to is number where intermediaries are given exclusive market the or service within a defined ' territory ' , thus using a very limited of intermediaries : was This"
"Once the agency has discussed the brief with the client, the agency provides a detailed outline of how they intend to investigate the problem. This document is called the ____________:",Research brief.,Research proposal.,Research question.,Research programme.,B,"How to provides problem Once the discussed the with the client , the a detailed of how intend investigate the . was they This document is called the ____________:"
" Organizational characteristics, such as organizational size and location, are sometimes referred to as___________.",DMU.,Firmographics.,ACORN,Product usage.,B," Organizational characteristics, such as organizational size and location, are sometimes referred to as___________."
The role of marketing communications is to engage audiences and there are four main tasks that it can be used to complete. Which of the following is not part of the four main tasks?,Differentiate.,Participate.,Reinforce.,Inform.,B,What to is that The of marketing communications engage and there are four main it be used complete . was role What is part of the following not of the four main tasks ? was Which
The process of making large numbers of unsolicited sales calls to potential customers whom the salesperson does not know is referred to as,multilevel marketing,cold canvassing,the center-of-influence method,the sales-associate method,B,What does referred whom The process of making large of unsolicited sales calls to potential customers the not know is to as was salesperson
 The process by which individuals accept and use new propositions is referred to as:,Decision.,Adoption.,Acquisition.,Awareness.,B,What referred propositions The process by which accept and use new is to as : was individuals
 Which of the following occurs when competitors' pricing policies are almost exclusively focused on competitors rather than customers?,Price differentiation.,Price fixing.,Price wars.,Price guarantees.,C,When occurs of the following when competitors ' pricing policies are almost exclusively focused on competitors rather than customers ? was Which
A commonly used basis for segmenting consumer markets is:,Organizational size.,Demographics.,Product type.,Price.,B,What is A commonly used for segmenting consumer markets : was basis
" In B2B contexts, prices are set according to specific agreements between a company and its clients or customers (e.g. professional services such as architectural or structural engineering).This pricing approach is known as:",Negotiated price,Internal pricing.,Listed pricing.,Cost pricing.,A," In B2B contexts, prices are set according to specific agreements between a company and its clients or customers (e.g. professional services such as architectural or structural engineering).This pricing approach is known as:"
" Once referred to as a multibrand policy, this branding strategy requires that each product offered by an organization is branded independently of all the others. This is known as:",Individual branding.,Corporate brands.,Family branding.,Co-branding.,A,"What requires Once referred to as a multibrand policy , this branding that each product offered by an organization is branded independently of all the others . was strategy This is known as:"
 This is the use of inter-personal communications with the aim of developing positive feelings and stimulating behaviour.,Direct marketing.,Personal selling.,Sale promotions.,Advertising.,B,  What is behaviour the of inter - personal communications with the aim of developing positive and stimulating . was This
" An approach that encompasses a wide range of relationships, not just with customers, but also those that organizations develop with suppliers, regulators, government, competitors, employees, and others, is referred to as:",Market exchanges.,Service failure.,Relationship marketing.,Shared responsibility.,C,"What referred that An approach encompasses a wide of relationships , not just with customers , but also those develop with suppliers , regulators , government , competitors , employees , and others , is to as : was organizations"
"In marketing terms, ___________ refers to what we get for what we pay:",Revenue.,Cost.,Value.,Product.,C,"What refers what In marketing terms , _ _ _ _ _ _ _ _ _ _ to get for pay : was we"
 _______________ is concerned with the development of knowledge that is specific to the parties involved and is referred to as 'learning together'.,Dialogue.,Personal influencer.,Feedback.,Message.,A, ______________ What is concerned with the development of knowledge is specific to the parties involved and is referred to as ' learning together ' . was that
 The process that creates changes in behaviour is called:,Selective adaptation.,Learning.,Involvement manipulation.,Attitude adjustment.,B,What called changes The process creates in behaviour is : was that
Which of the following is the most appropriate pricing strategy to use when introducing a new and unique product to the market?,Price skimming,Promotional pricing,Psychological pricing,Penetration pricing,A,When to is product of the following the most appropriate pricing use when introducing a new and unique to the market ? was Which
Which type of shop offers a range of grocery and household items that cater for last-minute purchase needs of consumers?,Supermarkets.,Convenience stores.,Category-killer stores.,Limited line retailers.,B,What offers range Which of shop a of grocery and household items cater for last - minute purchase needs of consumers ? was that
 Post-purchase re-evaluation of the consumer proposition acquisition process attempts to measure the degree of:,Selling success experienced by the vendor.,Consumer satisfaction with the purchase.,Follow-up effectiveness of the firm.,Advertising influence on the purchase.,B,What to attempts degree Post - purchase - of the consumer proposition acquisition process measure the of : was evaluation
" Many brands are deliberately imbued with human characteristics, to the point that they are identified as having particular personalities. This is referred to as:",Branding pyramid.,Brand value.,Brand names.,Brand personalities.,D," Many brands are deliberately imbued with human characteristics, to the point that they are identified as having particular personalities. This is referred to as:"
Marketing research:,Is work undertaken to understand how to make specific marketing strategy decisions.,Is the collection and analysis of data from a sample or census of individuals or organizations.,"Includes all forms of market, opinion, and social research such as consumer and industrial surveys.",Is work undertaken to determine either structural characteristics of the industry of concern.,A,Marketing research:
____________ is very effective at delivering messages to target audiences as it allows for explanation in a way that most other media cannot.,Digital.,Print.,Broadcast.,Outdoor.,B,___________ What can is audiences very effective at delivering target as allows for explanation in a way that most other not . was media
 This is a marketing communications activity concerned with providing support for the sales force and merchandising personnel:,Store marketing.,Field marketing.,Sales promotions.,Personal selling.,B,  What is support a marketing communications concerned with providing for the sales force and merchandising personnel : was This
"Services are consumed at the point they are produced. In other words, service delivery cannot be separated or split out of service provision or service consumption. Which characteristic of service is this referred to?",Intangibility.,Variability.,Inseparability.,Perishability.,C,"Services are consumed at the point they are produced. In other words, service delivery cannot be separated or split out of service provision or service consumption. What is characteristic Which of service referred to ? was this"
These are costs which do not vary according to the number of units of product made or service sold:,Fixed costs.,Moving assets.,Working capital.,Fixed capital.,A,What do are costs not vary according to the number of units of product made or service sold : was which
SWOT is an acronym for:,"Strengths, weaknesses, opportunities, threats.","Strategy, work, openness, toughness.","Strategy, weakness, opinions, tactics.","Strategy, working, opinion, tactical.",A,Who is acronym an for : was SWOT
"The three stages of attitude formation are that we learn something, we feel something, and we act on our attitudes. The stage that we learn something is referred to as:",Behaviour.,Conative.,Cognitive.,Emotional.,C,"What feel something The three of attitude formation are that learn , , and act on our attitudes . was we What stage The that learn something is referred to as : was we"
"Market testing studies use __________ to carry out controlled experiments in specific country regions, where specific adverts can be shown, before exposing the 'new feature' (offering, campaign, distribution, etc.) to a full national or even international launch.",Test markets.,Data mining.,Analytical information.,Storyboards.,A,"Where can use feature Market testing carry out controlled in specific country regions , where specific adverts be shown , before exposing the ' new ' ( offering , campaign , distribution , etc . ) to a full national or even international launch . was studies"
" When there is little or no personal contact between customer and service provider, this is classified as:",Low-contact service.,Medium-contact service.,High-contact service.,Intense-contact service.,A,"  When there is little or no personal contact between customer and service provider, this is classified as:"
Which of the following is not an example of a behavioural variable?,Product usage.,Media usage.,Purchase occasion.,Personality.,D,What is example of the following not an of a behavioural variable ? was Which
" __________ is the collection and interpretation of information about forces, events, and relationships that may affect the organization.",Environmental scanning,Stakeholder analysis,Market sampling,Opportunity analysis,A," _________ What may is organization the and interpretation of information about forces , events , and relationships affect the . was that"
"ACORN, a segmentation analysis technique, stands for which of the following?",A corresponding official residential notation.,A classification of reported nationals.,A classification of residential neighbourhoods.,A countrywide official resources navigation.,C,"Who stands , a segmentation analysis technique , for which of the following ? was ACORN"
 A probability sample constructed so that randomly selected sub-samples of different groups are represented in the total sample is called a:,Stratified sample.,Convenience sample.,Quota sample.,Cluster sample.,A,What constructed - A probability so that randomly selected sub samples of different groups are represented in the total sample is called a : was sample
"Which of the following terms refers to the paid mention of a company, a product, or a service by a form of media?",Advertising,Public relations,Third-party endorsement,Puffing,A,"What refers of the following terms to the paid mention of a company , a product , or a service by a form of media ? was Which"
"Marketing period, 1950s-1980s - characterized by a more advanced focus on the ___________.",Society and ethics.,Personal selling.,Physical production.,Customer's needs.,D,"Marketing period, 1950s-1980s - characterized by a more advanced focus on the ___________."
Which of the following statements is correct?,Marketing is the term used to refer only to the sales function within a firm.,Marketing managers don't usually get involved in production or distribution decisions.,Marketing is an activity that considers only the needs of the organization; not the needs of society as a whole.,"Marketing is the activity, set of institutions, and processes for creating, communicating, delivering, and exchanging offerings that have value for customers, clients, partners, and society at large.",D,What is of the following statements correct ? was Which
" Which of the following is a stage in the new product development process, undertaken when a new product is tested with a sample of customers, or is launched in a specified geographical area, to judge customers' reactions prior to a national launch?",Test marketing.,Focused marketing.,Live marketing.,Generic marketing.,A,"When to is reactions of the following a in the new product development process , undertaken when a new product is tested with a sample of customers , or is launched in a specified geographical area , judge customers ' prior to a national launch ? was Which"
The term marketing refers to:,new product concepts and improvements.,advertising and promotion activities.,a philosophy that stresses customer value and satisfaction.,planning sales campaigns.,C,What refers The term to : was marketing
 ____________ is the set of practices that enables organizations to communicate and engage interactively with their audiences through any mobile device or network.,Mobile marketing,Social web marketing.,Internet marketing,Social media marketing,A, ___________ What to is organizations the of practices enables communicate and engage interactively with their audiences through any mobile device or network . was that
" According to the British Government, which of the following is not a marketing function?",Promote marketing intelligence.,Develop sales tactics.,Develop the customer proposition.,Work with other business functions and third parties.,B,"What According function to the British Government , of the following is not a marketing ? was which"
The use of entertainment material delivered through paid or owned media and which features a single company or brand is referred to as:,Sponsorships.,Exhibitions.,Branded content.,Advertisement.,C,What referred company The use of entertainment material delivered through paid or owned media and features a single or brand is to as : was which
"Second-hand data, collected for someone else's purposes, is known as____________:",Primary research.,Descriptive research.,Causal research.,Secondary research.,D,"Second-hand data, collected for someone else's purposes, is known as____________:"
 Which of the following refers to unsolicited electronic messages?,Opt-in email.,Consent marketing.,Spam.,Opt-out email.,C,What refers of the following to unsolicited electronic messages ? was Which
 The purpose of evaluating the attractiveness of the differing market segments identified in the second stage of the market segmentation process is to:,Identify the specific members of each segment to be able to contact each of them directly.,Determine the level of resources that must be committed to each segment.,Evaluate the market potential within each segment.,Design marketing strategy and tactics to reinforce the firm's image.,C,What is attractiveness The of evaluating the of the differing market segments identified in the second stage of the market segmentation process to : was purpose
Which of the following types of advertising is being used when a retail store agrees to share advertising costs for a consumer product with the national distributor of the product?,Trade advertising,Industrial advertising,National advertising,Cooperative advertising,D,When to used costs Which of the following types of advertising being when a retail agrees share advertising for a consumer product with the national distributor of the product ? was store
 This pricing approach is used when the firm sets prices according to how much customers are prepared to pay:,Cost-oriented approach.,Value-oriented approach.,Competitor-oriented approach.,Demand-oriented approach.,D,  When to used prices This pricing approach is when the sets according to how much are prepared pay : was customers
"These goods are bought infrequently, used repeatedly, and involve a reasonably high level of consumer risk:",Impulse goods.,Luxury goods.,Non-durable goods.,Durable goods.,D,"These goods are bought infrequently, used repeatedly, and involve a reasonably high level of consumer risk:"
"_____________ helps in 'problematizing hitherto uncontentious marketing areas to reveal underlying institutional and theoretical dysfunctionalities' (Saren, 2011:95).",Production marketing,Sustainable marketing,Relationship marketing,Critical marketing analysis,D,"____________ What to helps dysfunctionalities in ' problematizing hitherto uncontentious marketing reveal underlying institutional and theoretical ' ( Saren , 2011:95 ) . was _"
"An important characteristic of services is that they are produced and consumed by people, simultaneously, as a single event. One of the outcomes of this unique process is that it is exceedingly difficult to standardize the delivery of services around the blueprint model. Which characteristic of service is this referred to?",Intangibility.,Inseparability.,Variability.,Perishability.,C,"What is An important of services that they are produced and consumed by people , simultaneously , as a single event . was characteristic What to is delivery of the outcomes of this unique process that is exceedingly difficult standardize the of services around the blueprint model . was it What is characteristic Which of service referred to ? was this"
Which type of retailer involves comparatively low prices as a major selling point combined with the reduced costs of doing business?,Discount retailers.,Convenience stores.,Category killer stores.,Limited line retailers.,A,What involves business Which of retailer comparatively low as a major selling point combined with the reduced costs of doing ? was type
A marketing philosophy summarized by the phrase 'a stronger focus on social and ethical concerns in marketing' is characteristic of the _________ period.,Production.,Sales.,Marketing.,societal marketing.,D,What is period A marketing summarized by the phrase ' a stronger focus on social and ethical concerns in marketing ' characteristic of the _ _ _ _ _ _ _ . was philosophy
"The development of social media has enabled individuals to communicate with organizations, communities, friends, and family. The content of the message can be about brands, experiences, or events, and is developed and shared by individuals. This is referred to as:",Broadcast.,User-generated content.,Viral marketing.,Telemarketing.,B,"What to enabled individuals The of social media communicate with organizations , communities , friends , and family . was development What can be The of the message about brands , experiences , or events , and is developed and shared by individuals . was content This is referred to as:"
" To highlight the variation in approaches to purchasing behaviour, Svahn and Westerlund (2009) identify six principal purchasing strategies used by organizations. The __________ strategy refers to a buyer's efficiency orientation where the main purchasing goal is to seek the lowest price for the offering. To help achieve this, the buyer actively promotes competition among several potential suppliers.",'Bargainer' purchasing.,The 'adaptator' purchasing.,Price minimizer' purchasing.,The 'projector' purchasing.,C," To highlight the variation in approaches to purchasing behaviour, Svahn and Westerlund (2009) identify six principal purchasing strategies used by organizations. Where to refers price The _ _ _ _ _ _ _ _ _ _ to a buyer 's efficiency orientation where the main purchasing is seek the lowest for the offering . was goal What To promotes competition help achieve , the actively among several potential suppliers . was buyer"
" In conducting international market research, there are three types of equivalence. Which of the following is NOT one of the equivalences?",Conceptual equivalence.,Market equivalence.,Functional equivalence.,Translation equivalence.,B," In conducting international market research, there are three types of equivalence. What is one of the following NOT of the equivalences ? was Which"
Which of the following gives the owner exclusive rights by law to use a brand?,Brand loyalty,Brand mark,Trade name,Trademark,D,What to gives brand of the following the owner exclusive by law use a ? was Which
 Which of the following is not a useful base for segmenting organizational characteristics?,By turnover.,By geographical location.,By organizational size.,By industry type.,A,What is characteristics of the following not a useful for segmenting organizational ? was Which
"________ is the process of marketing accomplished or facilitated via the use of Internet technologies (e.g. web, email, intranet, extranets, etc.).",Internet marketing.,Search marketing.,E-marketing.,Mobile marketing.,A,"_______ What is process the of marketing accomplished or facilitated via the use of Internet technologies ( e.g. web , email , intranet , extranets , etc . ) . was _"
Firms that view themselves as market leaders in product quality frequently adopt a,market share strategy,penetration pricing strategy,strategy that focuses on non-price benefits,strategy to expand the overall market,C,What Firms themselves view as market in product quality frequently adopt a was leaders
 Our perception of risk is greater if we are continually reminded of it than if we consider it only at the point of purchase. This is referred to as:,Purchase context.,Price bonding.,Odd number pricing.,Mark-up price.,A,What is it Our of risk greater if we are continually reminded of it than if consider only at the point of purchase . was we This is referred to as:
 Fees paid by advertisers to online companies that refer qualified potential customers or provide consumer information where the consumer opts in to being contacted by a marketer. This is referred to as:,Lead generation.,Search.,Rich media.,Social media marketing.,A,Where Fees information paid by advertisers to online companies refer qualified potential or provide consumer where the opts in to being contacted by a marketer . was consumer This is referred to as:
Which element of the promotional mix handles unfavorable stories and events and promotes a good corporate image?,Personal selling,Sales promotion,Direct marketing,Public relations,D,What handles image Which of the promotional mix unfavorable and events and promotes a good corporate ? was element
" This operates algorithmically or using a mixture of algorithmic and human input to collect, index, store, and retrieve information on the web (e.g. web pages, images, information, and other types of files). It makes the information available to users in a manageable and meaningful way in response to a search query. This is referred to as:",Banner ads.,Pop-up ads.,A search engine.,Apps.,C,"  What to operates information algorithmically or using a of algorithmic and human input collect , , store , and retrieve on the web ( e.g. web pages , images , information , and other types of files ) . was This What makes the available to users in a manageable and meaningful way in response to a search query . was information This is referred to as:"
 Four competing philosophies strongly influence the role of marketing and marketing activities within an organization. Which if the following is not a component of market orientation?,Customer orientation.,Profitability orientation.,Interfunctional coordination.,Competitor orientation.,B,What influence role Four competing strongly the of marketing and marketing activities within an organization . was philosophies What is component Which if the not a of market orientation ? was following
" To evaluate an organization's Strategic Business Units (SBU), the Boston Consulting Group developed a portfolio performance framework that characterizes some of the SBUs as:",Question marks.,Quick winners.,Charging bulls.,Cash outs.,A,"What To developed some evaluate an organization 's Strategic Business ( SBU ) , the Boston Consulting a portfolio performance characterizes of the SBUs as : was that"
Tobacco advertising is now banned in virtually all marketing communication forms in many countries around the world. This can be explained as an influence of:,Technological environment.,Legal environment.,Economic environment.,Ecological environment.,B,Tobacco advertising is now banned in virtually all marketing communication forms in many countries around the world. This can be explained as an influence of:
" Pine and Gilmore (1999) derive four distinct realms of experience, based on two dimensions. What are these dimensions?",Customer participation and environmental relationship.,Customer acquisition and environmental relationship.,Customer participation and customer relationship.,Customer retention and customer relationship.,A,"What derive realms and Gilmore ( 1999 ) four distinct of experience , based on two dimensions . was Pine What are What these ? was dimensions"
"An advertising model in which advertisers bid on keywords or phrases relevant to their target market, with sponsored/paid search engine listings to drive traffic to a website is called:",Search engine optimization (SEO).,Contextual advertising.,Digital asset optimization (DAO).,Pay per click (PPC).,D,"What to called traffic An advertising model in which bid on keywords or phrases relevant to their target market , with sponsored / paid search engine listings drive to a website is : was advertisers"
"These are chains of organizations that are concerned with the management of the processes and activities involved in creating and moving products from producers and manufacturers to end-user customers. The organizations involved with any one journey, are collectively termed as a:",Distribution.,Vendor.,Communication.,Selling.,A,"What to are customers of organizations are concerned with the management of the processes and activities involved in creating and moving from producers and manufacturers end - user . was that The organizations involved with any one journey, are collectively termed as a:"
 _______________ are used in the positioning process to illustrate differing attributes of a selection of brands.,Product features.,SIC code.,Perceptual maps.,Organizational characteristics.,C, _______________ are used in the positioning process to illustrate differing attributes of a selection of brands.
"On August 4, a store purchased five sofas invoiced at $7,000, terms 2/10 , n/30 . The invoice was paid August 13. The store paid","$7,140 ","$7,000 ","$6,860 ","$6,300 ",C,"What purchased sofas On August 4 , a five invoiced at $ 7,000 , terms 2/10 , n/30 . was store The invoice was paid August 13. What paid The was store"
 Which of the following are aimed at providing customers with the peace of mind of knowing that the company they are purchasing from is competitive in price?,Price competitiveness.,Price assurance.,Reference prices.,Price guarantee schemes.,D,What are aimed customers Which of the following are at providing with the peace of mind of knowing that the purchasing from is competitive in price ? was they
"According to Leone and Shultz (1980), the law-like generalization 1 explains that ___________ has a direct and positive influence on total industry (market) sales.",Increased consumer demand.,Advertising.,increase in urbanization.,Elasticity.,B,"What explains influence According to Leone and Shultz ( 1980 ) , the law - like 1 _ _ _ has a direct and positive on total industry ( market ) sales . was _"
" This is part of the communication process where receivers unpack the various components of the message, and begin to make sense and give the message meaning:",Encoding.,Decoding.,Transfer.,Noise.,B,"  Where to is meaning of the communication process where unpack the various of the message , and begin make and give the message : was receivers"
An example of a segmented market would be:,Phillips marketing its product to all residents of the European Union with one marketing mix based on the concept 'Sense and Sensibility'.,High-income and low-income consumers being treated the same at Marks and Spencer (M&S).,A garden nursery seeing residents of urban areas and rural areas as one market needing trees.,Honda separating its potential customers into economy car buyers and luxury car buyers.,D,What would be An of a segmented market : was example
 Psychographic segmentation is based on:,The quantitative side of consumer demographic analysis.,The quantitative side of consumer geographic analysis.,Individuals' residential patterns and life-cycle preferences.,"Grouping people according to their psychological characteristics, values, and lifestyles.",D, Psychographic segmentation is based on:
"A framework categorizes different services, which, in turn, influence the degree to which market offerings can be evaluated, and three main properties are identified:","Search, experiment, and credence properties.","Search, experience, and credence properties.","Sell, trust, and credence properties.","Search, belief, and confidence properties.",B,"What can categorizes degree A different , , in turn , influence the to which market offerings be evaluated , and three main properties are identified : was which"
" ____________ distribute the product. They offer value through services associated with selling inventory, credit, and aftersales service.",Distributors.,Agents.,Merchants.,Franchises.,A," ___________ What distribute product the . was _ What offer inventory through services associated with selling , credit , and aftersales service . was They"
"This is the process in which offerings move through a sequential, pre-determined pattern of development similar to the biological path that lifeforms follow:",Diffusion process.,Product lifecycle.,Adoption process.,Service development.,B,"What is that the in which move through a sequential , pre - determined pattern of development similar to the biological path follow : was lifeforms"
 A 10% increase (decrease) in price produces a 10% decrease (increase) in quantity demanded. This is referred to as:,Zero price elasticity of demand.,Infinite price elasticity of demand.,Unit price elasticity of demand.,Indefinite price elasticity of demand.,C,What produces decrease A 10 % ( decrease ) in price a 10 % ( increase ) in quantity demanded . was increase This is referred to as:
" Which type of research methods are designed to elicit responses to predetermined, standardized questions from many respondents?",Quantitative.,Qualitative.,Non-probability.,Probability.,A," Which type of research methods are designed to elicit responses to predetermined, standardized questions from many respondents?"
" In the _________ stage in the adoption process, consumers become aware of the new proposition. They have little information and have yet to develop any particular attitudes towards the product. Indeed, at this stage consumers are not interested in finding out any more information.",Persuasion,Confirmation,Knowledge,Implementation,C,"What become In the _ _ _ _ _ _ _ _ _ stage in the adoption process , aware of the new proposition . was consumers What to have attitudes little and have yet develop any particular towards the product . was They What are information Indeed , at this stage not interested in finding out any more . was consumers"
 Which of the following is a type of consumer product bought relatively infrequently and which requires consumers to update their knowledge prior to purchase?,Luxury product.,Shopping product.,Generic products.,Branded products.,B,What to is knowledge of the following a of consumer product bought relatively infrequently and requires update their prior purchase ? was which
"This is where the perception on the part of a channel member is that its goal attainment is being impeded by another, with stress or tension the result:",Channel communication.,Channel conflict.,Channel relationships.,Customer conflict.,B,"Where is is result where the on the part of a channel member is that its goal attainment being impeded by another , with stress or tension the : was perception"
These are events when groups of sellers meet collectively with the key purpose of attracting buyers:,Exhibitions.,Sales promotions.,Mass media advertising.,Press conference.,A,When are buyers when of sellers meet collectively with the key purpose of attracting : was groups
 These objectives are often the most suitable when firms operate in a market dominated by a major competitor and where their financial resources are limited.,Divest objectives.,Harvest objectives.,Hold objectives.,Niche objectives,D,  When are suitable These often the most when operate in a market dominated by a major competitor and where their financial are limited . was resources
 The process of outsourcing a task or group of tasks to a generally large group of people is known as:,Social media marketing.,Internet advertising.,Crowdsourcing.,E-marketing.,C, The process of outsourcing a task or group of tasks to a generally large group of people is known as:
Which of the following is not one of the categories of research design?,Exploratory research.,Descriptive research.,Causal research.,Desk research.,D,What is one of the following not of the categories of research design ? was Which
 This marketing and communication tool offers a direct inducement or an incentive to encourage customers to buy a product/service:,Advertising.,Public relations.,Sales promotion.,Direct marketing.,C,What to offers service This marketing and communication a direct or an incentive encourage buy a product / : was tool
 These objectives are often employed in mature markets as firms/products enter a decline phase. The goal is to maximize short-term profits and stimulate a positive cash flow.,Divest objectives.,Hold objectives.,Growth objectives.,Harvesting objectives.,D,  What employed phase These objectives are often in mature markets as firms / enter a decline . was products What to is flow The maximize short - term and stimulate a positive cash . was goal
 Which of the following is the interpersonal communication about products or services where a receiver regards the communicator as impartial and is not attempting to sell products or services?,Word of Mouth (WOM).,Personal Selling (PS).,Direct Marketing (DM).,Customer Service (CS).,A,Where to is products of the following the interpersonal about products or services where a regards the as impartial and not attempting sell or services ? was receiver
 McDonald's and KFC are good examples of:,Distributors.,Franchising.,Merchant.,Retailers.,B,Who are examples 's and KFC good of : was McDonald
 The way in which the product is delivered to meet the customers' needs refers to:,New product concepts and improvements.,Selling.,Advertising and promotion activities.,Place or distribution activities.,D,What to refers needs The in which the product is delivered meet the customers ' to : was way
 Which of the following is the investigation of the hedonic consumption of products?,Social interaction perspective.,Functional utilization perspective.,Experiential consumption.,Brand management perspective.,C,What is investigation of the following the of the hedonic consumption of products ? was Which
"These are stores designed to kill off the competition and are characterized by narrow but very deep product assortment, low prices, and few to moderate customer services:",Speciality stores.,Limited line retailers.,Category-killer stores.,Superstores.,C,"What to are competition designed kill off the and are characterized by narrow but very deep product assortment , low prices , and few to moderate customer services : was These"
" Which of the following is the communication model that depicts information flowing via various media channels, to particular types of people, to whom other members of the audience refer for information and guidance?",Two-step.,Three-step.,Multi-step.,One-step.,A,"What is information of the following the communication depicts flowing via various media channels , to particular types of people , to whom other of the audience refer for information and guidance ? was members"
 If an advertisement shows the interior of a train with comfortable seats and plenty of space yet a customer boards a train only to find a lack of space and hard seating. This is an example of:,GAP 4-the gap between service delivery and external communications.,GAP 2-the gap between management perception and service-quality specification,GAP1-the gap between the customer's expectations and management perception.,GAP 3-the gap between service-quality specifications and service delivery.,A,What to shows lack If an the of a train with comfortable seats and plenty of space yet a customer a only find a of space and hard seating . was boards What is example an of : was This
" To make sense of the external environment, the well-known acronym, PESTLE is used. PESTLE stands for _____________","The political, economics, substitute, technological, legal, and ecological environments.","The political, economic, social, technological, legal, and ecological environments.","The political, economic, social, treat, legal, and ecological environments.","The purchasing, economics, social, technological, legal, and ecological environments.",B," To make sense of the external environment, the well-known acronym, PESTLE is used. Who stands for _ _ _ _ _ _ _ _ _ _ _ _ _ was PESTLE"
"To be effective, the process of market segmentation must meet which of the following basic requirements?",The firm must avoid focusing on non-variables such as profitability and volume.,The market segment must have measurable purchasing power and size.,The company must expand beyond its marketing capabilities to capture growing markets.,The market segment must reflect the population's changing attitudes and lifestyles.,B,"What must meet which be effective , the of market segmentation of the following basic requirements ? was process"
" Newsletters, catalogues, and invitations to organization-sponsored events are most closely associated with the marketing mix activity of:",Pricing.,Distribution.,Product development.,Promotion.,D," Newsletters, catalogues, and invitations to organization-sponsored events are most closely associated with the marketing mix activity of:"
Marketers usually decide whether to conduct marketing research study internally or through an outside organization based on certain criteria. Which of the following criterion is not used?,Whether the study offers value for money.,The agency's reputation.,The likelihood that the research design will provide insights into the management problem.,The size of the agency.,D,What to decide study usually whether conduct marketing research internally or through an outside organization based on certain criteria . was Marketers Which of the following criterion is not used?
 Which of the following elements is not part of Porter's Five Forces model for industry competitiveness?,Threat of substitutes.,Threat of suppliers.,Power of buyers.,Threat from government.,D,What is part of the following elements not of Porter 's Five Forces model for industry competitiveness ? was Which
 These sell directly to end consumers and may purchase directly from manufacturers and/or deal with wholesalers:,Distributors.,Franchising.,Merchant.,Retailers.,D,What may sell consumers directly end and purchase directly from manufacturers and/or deal with wholesalers : was These
" Before beginning the market segmentation process, a firm should:",Identify bases for segmenting markets.,Forecast total market potential.,Forecast market share.,Select target market segments.,A,"What should process Before beginning the market segmentation , a : was firm"
The primary objective of team-based selling is to,match various functional areas of the company with customer needs,distribute the work involved in managing an account,equitably manage the sales bonus pool,create multiple points of contact between the customer and the company,A,What is The primary of team - based selling to was objective
"This level of branding can be seen when a customer attaches a name, term, or other feature that enables them to identify one seller's good or service as distinct from those of other sellers. This branding is known as:",Corporate brand.,Family branding.,Customer branding.,International brand.,C,"When to seen good This level of branding be when a attaches a , term , or other feature enables identify one seller 's or service as distinct from those of other sellers . was them This branding is known as:"
" This is a form of targeted advertising, on websites, with advertisements selected and served by automated systems based on the content displayed to the user.",Contextual advertising.,Interactive marketing.,Internet advertising.,Direct marketing.,A,"  What is form a of targeted advertising , on websites , with advertisements selected and served by automated systems based on the content displayed to the user . was This"
 Primary data are:,Data collected for the first time specifically for a marketing research study.,Less time-consuming to acquire and less costly than secondary data.,Newly-published results of government investigations.,Part of a strategic planning activity to ensure proper resource allocation.,A,What are Primary : was data
Salespeople who view a situation as a customer sees it are exhibiting,cooperation,empathy,responsibility,tolerance,B,What are Salespeople situation view a as a sees exhibiting was it
" This is a part of the communication process where the sender selects a combination of appropriate words, pictures, symbols, and music to represent a message to be transmitted:",Encoding.,Decoding.,Transfer.,Feedback.,A,"  Where to is message a of the communication process where the selects a of appropriate words , pictures , symbols , and music represent a be transmitted : was sender"
 Toyota's Prius and Honda's hybrid Civic are examples of technological products inspired by:,Style considerations in the Japanese automobile industry.,Social pressure to develop more fuel-efficient vehicles with fewer dangerous emissions.,The desire of many engineers to simply make interesting products.,"The realization that Japanese people didn't need large, high-speed cars.",B,What are examples Toyota 's Prius and Honda 's hybrid of technological products inspired by : was Civic
 This approach has been used to convey particular information and help educate large target audiences through television and radio programmes. This approach is referred to as:,Opinion followers.,Opinion formers.,Public relations.,Opinion leaders.,D,  This approach has been used to convey particular information and help educate large target audiences through television and radio programmes. This approach is referred to as:
When an individual passively appreciates an event or environment but leaves without affecting or altering the nature of the environment is called:,Entertainment realm.,Educational realm.,Aesthetic realm.,Escapist realm,C,When appreciates nature When an passively an or environment but leaves without affecting or altering the of the environment is called : was individual
 Which of the following is best understood as a period of time during which a customer interacts directly with a service?,Good usage.,Servicescape.,Service mix.,Service encounters.,D,When understood Which of the following is best as a period of time during which a interacts directly with a service ? was customer
Intermediaries assist end-users by bringing a product produced a long way away to a more convenient location for purchase and consumption. This is referred to as:,Time utility.,Place utility.,Ownership utility.,Information utility.,B,What assist product end - by bringing a produced a long way away to a more convenient location for purchase and consumption . was Intermediaries This is referred to as:
 The pricing approach where prices are set based on what competitors are charging is called the:,Cost-oriented approach.,Demand-oriented approach.,Competitor-oriented approach.,Value-oriented approach.,C,Where are called The pricing approach where prices are set based on what charging is the : was competitors
Which of the following types of tests is designed primarily to help predict how successful a person is likely to be in learning new skills?,Achievement,Aptitude,Interest,Personality,B,How to designed skills Which of the following types of tests is primarily predict how successful a is likely be in learning new ? was person
 ____________ occurs when a search engine company charges fees related to inclusion of websites in their search index.,Contextual search.,Site optimization.,Paid inclusion.,Paid listing,C, ___________ When occurs fees when a search engine charges related to inclusion of websites in their search index . was company
" This is where the manufacturing, purchasing, and consumption can occur at differing points in time.",Time utility.,Ownership utility.,Accessibility.,Information utility.,A,"  When can is where the , purchasing , and consumption occur at differing points in time . was manufacturing"
" According to Maslow's Hierarchy of Needs theory, the need for fulfilment, for realizing one's own potential, and for fully using one's talents and capabilities are examples of __________ needs.",Self-actualization.,Physiological.,Social.,Esteem.,A,"What are needs According to Maslow 's Hierarchy of Needs theory , the for fulfilment , for realizing one 's own , and for fully using one 's and capabilities of _ . was need"
Which of the following is not part of the consumer proposition acquisition process?,Motive development.,Information gathering.,Proposition evaluation.,Perception.,D,What is part of the following not of the consumer proposition acquisition process ? was Which
" When analysing consumer lifecycles, marketers look at consumers in differing stages of their life. Many models upon which these are based were developed in the 1960s. Since then a lot has changed in 'consumer lifecycles'. Which emerging trends should marketers take into consideration?",Fewer people are getting married.,People getting married at a later age.,More couples co-habiting.,All of the above.,D,"When look lifecycles When analysing consumer , at consumers in differing stages of their life . was marketers Many models upon which these are based were developed in the 1960s. What has changed Since then a in ' consumer lifecycles ' . was lot What should take trends Which emerging into consideration ? was marketers"
 The pricing approach where prices are set based on what customers believe to offer value is called the:,Cost-oriented approach.,Demand-oriented approach.,Competitor-oriented approach.,Value-oriented approach.,D,Where to called value The pricing approach where prices are set based on believe offer is the : was customers
The Internet has led to the development of an information intermediary. Here the key role is to manage information to improve the efficiency and effectiveness of the distribution channel. This is referred to as:,Time utility.,Information utility.,Ownership utility.,Place utility.,B,What has led The to the development of an information intermediary . was Internet What to is efficiency Here the key manage improve the and effectiveness of the distribution channel . was role This is referred to as:
Which of the following is the best example of a trade discount?,A lumberyard offers a discount to a homeowner for buying lumber.,A retailer offers a discount to a consumer for buying out of-season merchandise.,A producer offers a discount to retailers for promoting its product during the month of June.,A car dealer offers a discount to a customer in exchange for a used car.,C,What is example of the following the best of a trade discount ? was Which
The rise of ___________ has led marketing to evolve away from a hierarchical one-sided mass communication model towards more participatory technologies (e.g. social channels and online communities).,Website.,Social media.,Web 1.0.,Web platform.,B,What to led marketing The of _ _ _ _ _ _ _ _ _ _ _ evolve away from a hierarchical one - sided mass communication model towards more participatory technologies ( e.g. social channels and online communities ) . was rise
 Nysveen and Pedersen (2014) added in key dimensions of customer experience. The ______________ refers to how strongly a brand engages consumers in physical activities.,Affective dimension.,Intellectual dimension.,Behavioural dimension.,Sensory dimension.,C,What added and Pedersen ( 2014 ) in key dimensions of customer experience . was Nysveen How refers consumers The _ _ _ _ _ _ _ _ _ _ _ _ _ to how strongly a engages in physical activities . was brand
"New technology results in new goods and services, and it can also:",Lower the quality of existing products.,Lower the available level of customer service.,Reduce prices through new production and distribution methods.,Bring back products that were considered obsolete.,C,"What results New in new goods and services , and can also : was it"
"These are non-durable goods or services, often bought with little pre-purchase thought or consideration:",Impulse products.,Manufacturer products.,Convenience products.,Luxury products.,C,"What are goods non - durable or services , often bought with little pre - purchase thought or consideration : was These"
"In marketing, the term proposition:","Refers only to tangible items that can be seen, tasted, or touched.",Is a broad concept that encompasses the satisfaction of consumer needs.,"Is limited in meaning to goods, services, and ideas only.","Never refers to such things as package design, brand name, or warranty.",B,"In marketing, the term proposition:"
" When the analyst reads the data from a critical perspective to determine whether or not this fits with their expectations, this constitutes what is termed a:",Face validity.,Reliability.,Control group.,Focus group.,A,"  When to constitutes data When the reads the from a critical perspective determine whether or not fits with their expectations , what is termed a : was this"
 What is the term used to describe how consistent or stable the ratings generated by a scale are?,Replication.,Pre-code.,Reliability.,Convenience.,C,How to is What the used describe how consistent or stable the generated by a scale are ? was ratings
"_________ enable different types of uncertainty to be lowered in several ways (Fill and McKee, 2012). These include reducing the complexity, increasing value and competitive advantage, routinization, and providing specialization.",Warehouse.,Distribution.,Supply chain.,Marketing channels.,D,"________ What to enable types different of uncertainty be lowered in several ways ( Fill and McKee , 2012 ) . was _ What include specialization reducing the , increasing value and competitive advantage , routinization , and providing . was These"
"When little is known about the problem, research seeking to discover the cause of a problem by discussing the problem with informed sources and examining pre-existing data is undertaken. This type of research is:",Situation analysis.,Information investigation.,Exploratory research.,Bottom-line analysis.,C,"When little is known about the problem, research seeking to discover the cause of a problem by discussing the problem with informed sources and examining pre-existing data is undertaken. What is This of research : was type"
" A means of orchestrating the tools of the marketing communications mix, so that audiences perceive a single, consistent, unified message whenever they have contact with a brand, is referred to as:",Integrated marketing communications (IMC).,Personal selling (PS).,Direct marketing (DM).,Customer service (CS).,A,"When referred contact A means of orchestrating the of the marketing communications mix , so that perceive a single , consistent , unified whenever have with a brand , is to as : was they"
 Which of the following consumer buying behaviours requires the least effort?,High involvement buying situation.,New buying situation.,Routine buying.,Impulsive buying.,C,What requires effort of the following consumer buying behaviours the least ? was Which
 ________________ is a process that leads to specific decisions on how to compete in the marketplace and how the company should best serve its customers.,Portfolio analysis.,Environmental scanning.,Strategic marketing.,Marketing research.,C, _______________ Where should is customers a leads to specific decisions on how compete in the marketplace and how the best serve its . was company
 What type of media has the primary objective to get the attention of shoppers and to stimulate them to make a purchase? (Examples include point-of-purchase displays and packaging.),Broadcast media.,Interactive media.,In-store media.,Support media.,C,What to has purchase What of media the primary get the of shoppers and stimulate make a ? was type What include displays ( point - of - purchase and packaging . ) was Examples
"A commercial activity, whereby one party permits another an opportunity to exploit an association with a target audience in return for funds, services, or resources is referred to as:",Advertising.,Exchange.,Sponsorship.,Public relations.,C,"Where to referred association A commercial activity , whereby one permits an exploit an with a target audience in return for funds , services , or resources is to as : was party"
 Types of non-random samples include:,Convenience and quota samples.,Cluster and convenience samples.,Stratified and convenience samples.,Random and cluster samples.,A,What include of non - random samples : was Types
 These store goods for moderate to long periods:,Storage warehouses.,Distribution centres.,Haulage transport.,Electronic data interchange.,A, These store goods for moderate to long periods:
Robert is a marketer for a global consumer products company. He is working on the promotional campaign designed to reach a target audience in a new international market. Robert is working hard to make sure that the promotional campaign is clearly understood by the nation's consumers and doesn't offend anyone. By which of the factors in the external environment is he being influenced,Socio-cultural environment.,Competitive environment.,Economic environment.,Legal environment.,A,Who is marketer a for a global consumer products company . was Robert What to working audience on the promotional campaign designed reach a target in a new international market . was He Who does working anyone hard make sure that the promotional campaign is clearly understood by the nation 's consumers and n't offend . was Robert By which of the factors in the external environment is he being influenced
"____________________ are those who address the same target market but provide a different offering to satisfy the market need, for example Spotify, Sony, and Apple's iPod.",Direct competitions.,Direct suppliers.,Indirect distributors.,Indirect competitions.,D,"___________________ What to are need address the same target but provide a different satisfy the market , for example Spotify , Sony , and Apple 's iPod . was who"
 A key benefit of the STP process is:,More effective and efficient matching of company resources to targeted market segments promising the greatest ROMI.,Enhancing a company's competitive position by providing direction and focus for marketing strategies.,"Examining and identifying growth opportunities in the market through the identification of new customers, growth segments, or new product uses.",All of the above.,D,What is A key of the STP process : was benefit
" ____________ is also a form of sponsorship and represents a relationship between film/TV producers and managers of brands. Through this arrangement, brand managers are able, for a fee, to present their brands 'naturally' within a film or entertainment event. Such placement is designed to increase brand awareness, develop positive brand attitudes, and possibly lead to purchase activity.",Brand placement.,Field marketing.,Exhibition.,Viral marketing.,A," ___________ What is relationship also a of sponsorship and represents a between film / TV producers and managers of brands . was _ What to are brands Through this arrangement , brand able , for a fee , present their ' naturally ' within a film or entertainment event . was managers Such placement is designed to increase brand awareness, develop positive brand attitudes, and possibly lead to purchase activity."
"The management and execution of marketing using digital electronic technologies and channels (e.g. web, email, digital TV, wireless media) and digital data about user/customer characteristics and behaviour is referred to as:",E-marketing.,Social marketing.,Digital marketing,Internet marketing.,C,"The management and execution of marketing using digital electronic technologies and channels (e.g. web, email, digital TV, wireless media) and digital data about user/customer characteristics and behaviour is referred to as:"
 ___________ occurs when a website's structure and content is improved to maximize its listing in organic search engine results pages using relevant keywords or search phrases.,Paid inclusion.,Search engine optimization.,Contextual search.,Pay per click.,B, __________ When to occurs keywords when a website 's structure and content is improved maximize its in organic search engine results using relevant or search phrases . was _
"A form of marketing communications that uses the Internet for the purpose of advertising, aiming to increase website traffic and/or encourage product trial, purchase, and repeat purchase activity is called:",Search marketing.,E-mail marketing.,Internet advertising.,Social web marketing.,C,"What to called trial A form of marketing communications uses the for the purpose of advertising , aiming increase website and/or encourage product , purchase , and repeat purchase activity is : was that"
"This branding policy requires that all the products use the organization's name, either entirely or in part, e.g. Microsoft, Heinz, and Kellogg's",Individual branding.,Family branding.,Corporate brands.,Manufacturer brand.,B,"What requires name This branding that all the use the organization 's , either entirely or in part , e.g. Microsoft , Heinz , and Kellogg 's was products"
 The action of presenting persuasive communication and the action of audiences in interpreting that communication to assimilate it into their existing understanding is referred to as:,Needs identifying.,Innovating.,Advertising.,Framing.,D, The action of presenting persuasive communication and the action of audiences in interpreting that communication to assimilate it into their existing understanding is referred to as:
" An organization can offer standard products at acceptable levels of quality, yet still generate above-average profit margin by adopting _____________",Cost leadership.,Differentiation.,Focus strategy.,Market follower strategy.,A,"What can offer _ An standard at acceptable levels of quality , yet still generate above - average profit by adopting _ was organization"
 Which of the following is not an issue that marketers need to consider when using digital resources for marketing activities?,Jurisdiction.,Disclosure.,Ownership.,Permissions.,B,When to is resources of the following not an need consider when using digital for marketing activities ? was marketers
 What type of media helps advertisers demonstrate the benefits of using a particular product and can bring life and energy to an advertiser's message?,Broadcast media.,Interactive media.,Print media.,Support media.,A,What can helps life What of media demonstrate the of using a particular and bring and energy to an advertiser 's message ? was advertisers
The process of keeping a running account of merchandise on hand is referred to as,perpetual inventory,economic order quantity,book inventory,physical inventory,A,The process of keeping a running account of merchandise on hand is referred to as
This is the sharing of meaning created through the transmission of information:,Communication.,Noise.,Transfer.,Understanding.,A,What is sharing the of meaning created through the transmission of information : was This
In relationship marketing firms focus on __________ relationships with __________.,Short-term; customers and stakeholders.,Long-term; customers and stakeholders.,Short-term; customers.,Long-term; customers.,B,What focus relationships In relationship marketing on _ _ _ _ _ _ _ _ _ _ with _ _ _ _ _ _ _ _ _ _ . was firms
" Which of the following means placing your product or service in as many outlets or locations as possible, in order to maximize the opportunity for customers to find the good or service?",Exclusive distribution.,Intensive distribution.,Selective distribution.,Direct distribution.,B,"What to placing good of the following means your or service in as many outlets or locations as possible , in order maximize the for find the or service ? was customers"
 ______________ is used to determine whether one variable causes an effect in another variable. In order to determine causality experimental or longitudinal studies are needed.,Ethnographic study.,Consumer juries.,Causal research.,Focus-groups.,C, _____________ What to used effect _ is determine whether one causes an in another variable . was variable In order to determine causality experimental or longitudinal studies are needed.
 A database of information that is maintained by human editors and lists websites by category and subcategory with categorization is known as:,A search directory.,Automated voice response (AVR).,Apps.,SEO.,A, A database of information that is maintained by human editors and lists websites by category and subcategory with categorization is known as:
Services are characterized by five distinct characteristics. These are:,"Intangibility, value, variability, inseparability, and a lack of ownership.","Intangibility, value, variability, inseparability, and profitability.","Intangibility, perishability, variability, inseparability, and a lack of ownership.","Intangibility, value, variability, inseparability, and relationship.",C,Services are characterized by five distinct characteristics. What are : was These
A company sells its product at two different prices in two different locations. Which of the following types of research will be most effective in identifying the optimal price for the product if all other marketing factors are held constant?,Descriptive,Exploratory,Ethnographic,Causal,D,What sells product A its at two different prices in two different locations . was company What will be price of the following types of research most effective in identifying the optimal for the product if all other marketing factors are held constant ? was Which
"Where the price is set low relative to the competition to gain market share, this strategy is known as:",Premium pricing.,Price skimming.,Economy pricing.,Penetration pricing.,D,"Where the price is set low relative to the competition to gain market share, this strategy is known as:"
 Which of the following is not the rationale for developing CSR initiatives?,Corporations have responsibilities going beyond the production of their offerings at a profit.,Corporations have a broader constituency of stakeholders than shareholders alone.,The impacts of corporations limit to only simple marketplace transactions.,"Corporations serve a wider range of human values, not captured solely by a focus on economic values.",C,What is initiatives of the following not the for developing CSR ? was Which
This business-to-business pricing approach seeks to understand customers' needs before pricing the offering according to those needs in order to generate a long-term relationship. This is referred to as:,Geographical pricing.,Discount pricing.,Relationship pricing.,Value-in-use pricing.,C,What to seeks relationship This business - to - business pricing understand customers ' before pricing the according to those needs in order generate a long - term . was approach This is referred to as:
"This form of advert delivered on social platforms and social gaming websites and apps, across all device types is known as:",Mobile marketing.,Social media advertising.,Internet advertising.,E-marketing.,B,"This form of advert delivered on social platforms and social gaming websites and apps, across all device types is known as:"
 Secondary data has two important advantages over primary data. It is:,Capable of compensating for rapid environmental changes and technical improvements.,Always available and complete.,Seldom obsolete and usually fits the dimensions of your problem.,Generally cheaper to gather than primary data and takes less time to find.,D,What has advantages Secondary two important over primary data . was data What is : was It
" Internet-based organizations designed to provide information to channel members, including end-users are referred to as:",Infomediaries.,Retailers.,Department stores.,Wholesalers.,A," Internet-based organizations designed to provide information to channel members, including end-users are referred to as:"
"In B2B contexts, ___________ occurs in large organizations where considerable internal dealing between different company divisions occurs, often across national boundaries.",Price gouging.,Transfer pricing.,Pay what you want pricing.,EVC pricing.,B,"Where occurs In B2B contexts , _ _ _ _ _ _ _ _ _ _ in large organizations where considerable internal between different company divisions occurs , often across national boundaries . was dealing"
This is when a product or service is offered together with another typically complementary product or service:,Product pricing.,Price differentiation.,Pure price bundling.,Odd-Number pricing.,C,When is when a product or service is offered together with another typically complementary product or service : was This
 This is something that at some time in the future may destabilize and/or reduce the potential performance of the organization.,Strength.,Weakness.,Threat.,Opportunities.,C,  When may is performance at some time in the future destabilize and/or reduce the potential of the organization . was that
"When there are high levels of business failures and unemployment, the business cycle is said to be in which of the following phases?",Expansion,Peak,Recovery,Trough,D,"When there are high levels of business failures and unemployment, the business cycle is said to be in which of the following phases?"
"Many retail brands adopt a single umbrella brand, based on the name of the organization. This is referred to as:",Family branding.,Corporate brands.,Individual branding.,Manufacturer brand.,B,"What adopt brand Many retail a single umbrella , based on the name of the organization . was brands This is referred to as:"
 The importance and significance of customer experience to both individuals and society is referred to as:,Knowledge economy.,Service economy.,Experience economy.,Customer economy.,C, The importance and significance of customer experience to both individuals and society is referred to as:
"________________reflect a purchaser's high level of involvement in the purchase decision. There is high perceived risk in these decisions so consumers spend a great deal of time, care, and energy searching, formulating, and making the final decision.",Durable goods.,Non-durable goods.,Convenience products.,Services.,A,"_______________ What reflect level a purchaser 's high of involvement in the purchase decision . was _ When is decision There high perceived in these decisions so spend a great of time , care , and energy searching , formulating , and making the final . was consumers"
"____________ is a form of digital marketing that describes the use of the social web and social media (e.g. social networks, online communities, blogs or wikis) or any online collaborative technology for marketing activities, be it sales, public relations, research, distribution, or customer service.",Pay per click (PPC),Digital asset optimization (DAO),Social media marketing (SMM),Search engine optimization (SEO),C,"___________ What is sales a of digital marketing describes the of the social web and social media ( e.g. social networks , online communities , blogs or wikis ) or any online collaborative technology for marketing activities , be , public relations , research , distribution , or customer service . was it"
Inelastic demand occurs when the,quantity demanded changes a great deal as prices fluctuate,quantity demanded barely changes with a change in price,change in quantity demanded is in the same proportion as the change in price,demand curve and the supply curve intersect at a given price point,B,When occurs Inelastic when the was demand
 A person who is in the position of attempting to satisfy their needs at the most basic level is operating at the level of Maslow's needs hierarchy called the need for:,Self-actualization.,Esteem.,Physiological needs.,Belongingness.,C,What is operating need A is in the position of attempting satisfy their at the most basic level at the level of Maslow 's needs hierarchy called the for : was who
" During the __________ stage of the adoption process, the innovation is tried for the first time. Sales promotions are often used as samples to allow individuals to test the product without any undue risk. Individuals accept or reject an innovation on the basis of their experience of the trial.",Knowledge.,Implementation.,Persuasion.,Decision.,B," During the __________ stage of the adoption process, the innovation is tried for the first time. What to used product Sales promotions are often as samples allow test the without any undue risk . was individuals What accept innovation or reject an on the basis of their experience of the trial . was Individuals"
 Which technique is used to collect data that has been previously collected for a purpose other than the current research situation?,Primary research.,Secondary research.,Primary and secondary.,Primary and desk research.,B, Which technique is used to collect data that has been previously collected for a purpose other than the current research situation?
 Current changes in behaviors clearly show that ______ is taking over more and more of consumer online searches.,Social media.,Mobile.,Internet.,Blog.,B,What is show more Current in behaviors clearly _ taking over and more of consumer online searches . was _
"Once a train pulls out of a station, or an aeroplane takes off or a film starts, those seats are lost and can never be sold. This is referred to as:",Inseparability.,Variability.,Intangibility.,Perishability.,D,"What can lost Once a pulls out of a station , or an takes off or a starts , those seats are and never be sold . was film This is referred to as:"
 The train operator understands customer desire for a comfortable seat but fails to specify how many should be provided relative to the anticipated number of travellers on each route. This is an example of:,GAP 2-the gap between management perception and service-quality specification.,GAP1-the gap between the customer's expectations and management perception.,GAP 3-the gap between service-quality specifications and service delivery.,GAP 4-the gap between service delivery and external communications.,A,How should understands desire The train customer for a comfortable seat but fails specify how many be provided relative to the anticipated number of travellers on each route . was operator What is example an of : was This
 This is part of the communication process and refers to the responses offered by receivers:,Encoding.,Decoding.,Transfer.,Feedback.,D,  What is part of the communication process and refers to the responses offered by receivers : was This
 Economic—marketing should encourage long-term economic development as opposed to short-term economic development.,"Ecological, evolutionary, and economic","Ecological, equitable, and economic","Evolutionary, equitable, and economic.","Ecological, equitable, and emerging.",B,What should encourage development Economic — long - term economic as opposed to short - term economic development . was marketing
 Individuals become completely immersed in their environment and actively participate so that they affect actual performances or occurrences in the environment. This is referred to as:,Educational realm.,Escapist realm.,Aesthetic realm.,Entertainment realm.,B,What become performances completely immersed in their environment and actively participate so that affect actual or occurrences in the environment . was they This is referred to as:
"This is a marketing communication tool that uses non-personal media to create and sustain a personal and intermediary free communication with customers, potential customers, and other significant stakeholders:",Direct marketing.,Advertising.,Public relations.,Sales promotion.,A,"What to is communication a marketing communication uses non - personal create and sustain a personal and intermediary free with customers , potential customers , and other significant stakeholders : was that"
" It has been claimed that the three major outcomes from the development of relationship trust are satisfaction, ___________, and continuity (Pavlou, 2002).",Reduced perceived risk.,Service recovery.,Service processes.,Efficiency.,A,"What has claimed _ It been that the three major from the development of relationship trust are , _ _ , and continuity ( Pavlou , 2002 ) . was outcomes"
The family life cycle:,Is a way to apply psychographic segmentation.,Refers to the process of family formation and dissolution.,"Provides insights into the relationships among age, occupation, income, and housing.",Is composed of the 11 stages of personal growth from infancy to retirement.,B,The family life cycle:
"A marketing research firm contracts with clients to conduct a complete marketing research project from data collection, analysis, and reporting. It is a__________ firm.",Consultant.,Field agency.,Full-service agency.,Tabulation agency.,C,"A marketing research firm contracts with clients to conduct a complete marketing research project from data collection, analysis, and reporting. What is firm a . was It"
"A company builds its sales message, advertising message, and promotion theme to influence how a particular market sector perceives a good or service in comparison with the competition. The company is primarily engaged in",segmentation,mass customization,concentrated targeting,positioning,D,"How to builds good A its sales , advertising message , and promotion theme influence how a particular market perceives a or service in comparison with the competition . was sector The company is primarily engaged in"
" With this pricing approach, the pricing process begins with the customer; not the cost of the product offering:",Value-based pricing.,Cost-based pricing.,Customer-led pricing.,Sales pricing.,A,"What begins With this pricing approach , the pricing with the customer ; not the cost of the product offering : was process"
___________ is based on the idea that customer expectations of the service they will receive shape their perception of the actual service encounter.,Service quality.,Service action.,Service recovery.,Service satisfaction.,A,__________ What will based perception _ is on the idea that customer of the service receive their of the actual service encounter . was they
 Information collected for the first time specifically for a marketing research study is called:,Secondary research.,Primary research.,Soft research.,Experimental research.,B,When collected for the first time specifically for a marketing research study is called : was Information
"This includes advertisements that contain 'call-to-response' mechanisms such as telephone numbers, website addresses, email and postal addresses:",Direct response advertising.,Sales promotions.,Mass media advertising.,Public relations.,A,"What includes mechanisms contain ' call - to - response ' such as telephone numbers , website addresses , email and postal addresses : was that"
Which of the following is not part of the external marketing environment?,Political.,Legal.,Product.,Socio-cultural.,C,What is part of the following not of the external marketing environment ? was Which
 In order for exchange to occur:,A complex societal system must be involved.,Organized marketing activities must also occur.,A profit-oriented organization must be involved.,Each party must have something of value to the other party.,D,What to In order for occur : was exchange
"Conflict between sequential members in a distribution network, such as producers, distributor, and retailers, over such matters as carrying a particular range or price increases is referred to as:",Channel conflict.,Horizontal conflict.,Vertical conflict.,Supply chain conflict.,C,"Conflict between sequential members in a distribution network, such as producers, distributor, and retailers, over such matters as carrying a particular range or price increases is referred to as:"
Which of the following is an example of costbased pricing?,Basing the price on what the customer is willing to pay,Basing the price on the psychological expectations of the customer,Basing the price on the features and benefits of the product,Basing the price on the full cost of production plus the required profit,D,What is example of the following an of costbased pricing ? was Which
Which of the following is typically not a result of recognizing the importance of ethnic groups by marketers?,Use of an undifferentiated one-size-fits-all marketing strategy.,"Adaptation of the advertising, particularly the use of foreign languages, to the target ethnic market.",Variations in product offerings to suit the wants of a particular group.,Study of ethnic buying habits to isolate market segments.,A,What is importance of the following typically not a of recognizing the of ethnic groups by marketers ? was Which
_______________can be defined as the aspect of our psyche that determines the way in which we respond to our environment in a relatively stable way over time.,Perception.,Personality.,Learning.,Memory.,B,______________ When can defined way _ be as the aspect of our psyche determines the in which respond to our environment in a relatively stable way over time . was we
The six dimensions usually considered to constitute the external marketing environment include all of the following except:,Political considerations.,Global factors.,Socio-cultural aspects.,Economics issues.,B,What to considered all The six usually constitute the external marketing include of the following except : was dimensions
