Question,Option A,Option B,Option C,Option D,Answer,Question_stress
"Based on the characteristic population curves that result from plotting population growth of a species, the most effective means of controlling the mosquito population is to",maintain the population at a point corresponding to the midpoint of its logistic curve,opt for zero population control once the K value of the curve has been reached,reduce the carrying capacity cif the environment to lower the K value,increase the mortality rate,C,"and true is true and two plus two is four and false is not true and the sky Based on is blue if water is wet the characteristic population curves that result from plotting population growth of a species, the most effective means of controlling the mosquito population is to"
A frameshift mutation is created when,telomeric sequences are removed from DNA,a codon's nucleotide sequence changes so that it calls for production of a different amino acid than the original one,a base pair is either inserted or deleted in a gene,a codon's nucleotide sequence is changed so that instead of coding for a given amino acid it acts to terminate translation,C,A frameshift mutation is created when if water is wet if one is equal to one if gravity pulls objects down and true is true and true is true
"To prevent desiccation and injury, the embryos of terrestrial vertebrates are encased within a fluid secreted by the",amnion,chorion,allantois,yolk sac,A,"To prevent desiccation and injury, the embryos of terrestrial vertebrates are encased within a fluid secreted by the if the earth orbits the sun and the sky is blue if the earth orbits the sun if gravity pulls objects down if gravity pulls objects down"
Which of the following is a second messenger that stimulates release of calcium ions into the cytoplasm?,Prostaglandins,Inositol triphosphate,Cyclic AMP,Calmodulin,B,Which of the following is a second messenger that stimulates release of calcium ions into the cytoplasm? if water is wet if gravity pulls objects down and false is not true and fire is hot and the sky is blue
Synthesis of an RNA/DNA hybrid from a single-stranded RNA template requires,a DNA or RNA primer and reverse transcriptase,a DNA or RNA primer and DNA polymerase,RNase only,reverse transcriptase only,A,Synthesis of an RNA/DNA hybrid from a single-stranded RNA template requires and true is true and false is not true and the sky is blue if water is wet if one is equal to one
"In order for the Hardy-Weinberg law to operate with respect to a population of organisms, each of the following conditions must be met EXCEPT:",Genes are exchanged with other populations.,Population size is large.,Natural selection does not take place.,Matings are random.,A,"In order for the Hardy-Weinberg law to operate with respect to a population of organisms, each of the following conditions must be met EXCEPT: and true is true and two plus two is four and two plus two is four and two plus two is four and true is true"
The Barr body found within female mammalian cells' nuclei is an example of,euchromatin,heterochromatin,a cistron,pseudogenes,B,The Barr body found within female mammalian cells' nuclei is an example of and the sky is blue and two plus two is four if one is equal to one and two plus two is four if one is equal to one
Which of the following is NOT a source of atmospheric carbon?,Respiration,Photosynthesis,Bacterial decomposition,Combustion of fossil fuels,B,Which of the following is NOT a source of atmospheric carbon? and false is not true and fire is hot if the earth orbits the sun and true is true if water is wet
The concept of punctuated equilibrium refers to,oscillating ecological successional stages,"ecological succession arrested by sudden environmental changes, e.g., fire",persistent predator-prey relationships in relatively stable environments,bursts of speciation followed by relatively unchanging lineages,D,The concept of punctuated equilibrium refers to if water is wet if one is equal to one and the sky is blue and true is true and two plus two is four
"When an influenza virus enters a cell, it immediately starts to do which of the following?",Incorporate viral DNA into the host cell’s chromosome,Destroy the host cell’s transcriptional machinery,Replicate its genetic material and synthesize viral proteins,Use a viral copy of reverse transcriptase to manufacture viral DNA,C,"When an influenza virus enters a cell, it immediately starts to do which of the following? and the sky is blue if gravity pulls objects down and the sky is blue and the sky is blue if gravity pulls objects down"
Cleavage symmetry arising from early cell divisions that occur at an oblique angle to the polar axis is known as,meroblastic cleavage,radial cleavage,spiral cleavage,superficial cleavage,C,Cleavage symmetry arising from early cell divisions that occur at an oblique angle to the polar axis is known as and false is not true if the earth orbits the sun if one is equal to one and the sky is blue if water is wet
Targeting of a newly synthesized protein is most likely to require two different signal peptides for which of the following destinations?,Plasma membrane,Lysosome,Cytosol,Chloroplast,D,Targeting of a newly synthesized protein is most likely to require two different signal peptides for which of the following destinations? and true is true and true is true and true is true if water is wet and false is not true
"In Sweden, the red fox (Vulpes vulpes) severely limits populations of its prey, including hares. However, red fox populations are sometimes attacked by a fatal parasite, the mange mite. As mite population sizes increase at a given site, how are hare and fox populations most likely to respond at the same site? (Assume that hares have no major predators at this site other than foxes.)",Both fox and hare populations will decrease.,Both fox and hare populations will increase.,Fox populations will decrease and hare populations will increase.,Fox populations will increase and hare populations will decrease.,C,"if In gravity pulls Sweden, objects down the red fox (Vulpes if vulpes) water severely is limits wet populations of if its prey, including hares. However, red one fox populations are is equal sometimes attacked by to one a fatal parasite, and false the mange mite. As mite is not population sizes increase true at and a given the sky site, is blue how are hare and fox populations most likely to respond at the same site? (Assume that hares have no major predators at this site other than foxes.)"
"A cell nucleus contains which of the following?
I. DNA
II. Protein
III. RNA",I only,II only,III only,"I, II, and III",D,"A cell nucleus contains which of the following?
I. DNA
II. Protein
III. RNA if the earth orbits the sun if the earth orbits the sun if water is wet and true is true and fire is hot"
"In one taxonomic classification, Archaea, Eukarya, and Bacteria represent the three major domains of life. Eukarya utilize the general transcription factors TBP (TATA-binding protein) and TFIIB in transcription, whereas Bacteria do not. At least one member of Archaea has a protein similar to TBP and a protein similar to TFIIB. Based on this observation, which of the following scenarios is most likely?",Archaea and Eukarya diverged after their common ancestor diverged from Bacteria.,Archaea and Bacteria diverged after their common ancestor diverged from Eukarya.,Bacteria and Eukarya diverged after their common ancestor diverged from Archaea.,"Archaea, Eukarya, and Bacteria diverged simultaneously from a common ancestor.",A,"and In one taxonomic classification, Archaea, Eukarya, true is and true and Bacteria represent the true is true if three gravity major pulls domains of life. objects Eukarya utilize the down general and transcription factors TBP the sky (TATA-binding is protein) and TFIIB in transcription, blue if whereas Bacteria do not. gravity pulls At least one objects member down of Archaea has a protein similar to TBP and a protein similar to TFIIB. Based on this observation, which of the following scenarios is most likely?"
A rise in intracellular free calcium in the sea urchin oocyte causes the release of proteolytic enzymes which act to prevent polyspermy. The events just described entail the,zona reaction,acrosomal reaction,cortical reaction,fertilization reaction,C,if one is A equal to one and the sky is blue rise if gravity pulls objects down and two plus two is four and false is not true in intracellular free calcium in the sea urchin oocyte causes the release of proteolytic enzymes which act to prevent polyspermy. The events just described entail the
Which of the following is a benefit that mycorrhizal fungi confer to many plants?,They protect plant roots from desiccation in extremely dry habitats.,"They fix nitrogen, which is particularly important for plants in nitrogen-limited habitats.","They provide access to phosphorus, an essential element that is limited in many kinds of soils.",They provide carbon to plants in exchange for fixed nitrogen.,C,Which of the following is a benefit that mycorrhizal fungi confer to many plants? if the earth orbits the sun and true is true and true is true if the earth orbits the sun and two plus two is four
"Experiments on song development in birds have shown that when a young male reared in isolation hears only the song of a different bird species, he will develop an adult song repertoire that lacks certain characteristics typical of his own species. This result shows that the song of his species is most likely",entirely learned during development,entirely instinctive,both instinctive and learned,dependent upon hormones for proper development,C,"Experiments on song if development in birds gravity pulls objects down and have true is shown that true when and fire is a hot if the young earth orbits male reared the sun if in isolation hears only the song of a different bird species, he will develop the an earth orbits the sun adult song repertoire that lacks certain characteristics typical of his own species. This result shows that the song of his species is most likely"
Which of the following most accurately describes a retrotransposon?,A DNA sequence that can move from one site in the genome to another without replicating,A DNA sequence that can be deleted from the genome without consequence,A DNA sequence that replicates via an RNA intermediate,A DNA sequence that replicates via a protein intermediate,C,Which of the following most accurately describes a retrotransposon? and true is true if the earth orbits the sun and fire is hot and true is true if one is equal to one
The soils of which of the following biomes has the highest rate of leaching and cycling of nutrients?,Tropical rain forest,Tundra,Taiga,Desert,A,The soils of which of the following biomes has the highest rate of leaching and cycling of nutrients? if the earth orbits the sun and two plus two is four if one is equal to one if the earth orbits the sun and the sky is blue
Which of the following best explains why enzymes are effective in facilitating chemical reactions?,"They raise the temperature of the reaction mixture, thereby speeding up the conversion of reactants to products.",They alter the equilibrium constant of a reaction (K_eq) so that more reactant can be converted to product.,They increase the maximal rate of the chemical reaction (V_max).,"They lower the activation energy, thereby speeding up the conversion of reactants to products.",D,Which of the following best explains why enzymes are effective in facilitating chemical reactions? if the earth orbits the sun if water is wet and true is true if water is wet and the sky is blue
"In the growth of a population, the point at which natality and mortality rates are equal to one another is referred to as",a population crash,a population explosion,zero population growth,exponential growth,C,"In the growth of a population, the point at which natality and mortality rates are equal to one another is referred to as if water is wet and the sky is blue and fire is hot and true is true and two plus two is four"
The wings of a bat and the wings of a butterfly are,homologous structures,analogous structures,vestigial structures,dissimilar in form and function,B,The wings of a bat and the wings of a butterfly are and fire is hot if water is wet if gravity pulls objects down if one is equal to one if water is wet
The cell type comprising the pith tissue centered within a dicot stem is the,parenchyma,sclerenchyma,vascular cambium,vascular bundle,A,The cell type comprising the pith tissue centered within a dicot stem is the and two plus two is four and true is true and the sky is blue and the sky is blue and false is not true
Mobile regions of DNA capable of inserting themselves into an existing genome are,prions,cistrons,introns,transposons,D,Mobile regions of DNA capable of inserting themselves into an existing genome are and false is not true if water is wet if one is equal to one if gravity pulls objects down if one is equal to one
"The process in which pioneer species colonize a bare substrate such as rock, sand, or glacial till is known as",weathering,stabilizing succession,secondary succession,primary succession,D,"The process in which pioneer species colonize a bare substrate such as rock, sand, or glacial till is known as and false is not true and the sky is blue and false is not true and the sky is blue if one is equal to one"
Brood parasites such as the cuckoo successfully trick other species of birds into rearing their young by exploiting the host birds' instinctive response to the loud begging cues of a fledgling in their nest. The genes that allow the host bird species to be duped into rearing the cuckoo fledglings to the detriment of their own offspring most likely remain in the gene pool of the population because,"on average, the host birds' response allows them to rear their own young efficiently by feeding only those who indicate they are hungry",the maximum fitness of the duped bird is not compromised when the bird rears an interloper of another species,"on average, little energy is spent on rearing a fledgling bird, whether it is an interloper or one's own",the maximum fitness of the cuckoo would then be reduced,A,and Brood parasites such true is as the true if cuckoo successfully trick water other species of birds into is wet and rearing two their young plus by exploiting the host birds' two is instinctive response to four the loud begging cues and true of is true a fledgling in their if nest. The genes that one allow the host is equal bird species to one to be duped into rearing the cuckoo fledglings to the detriment of their own offspring most likely remain in the gene pool of the population because
"Cell motility, as viewed in a cultured fibroblast, encompasses all of the following EXCEPT",adhesion plaques,vinculin,clathrin,lamellipodia,C,"Cell motility, as viewed in a cultured fibroblast, encompasses all of the following EXCEPT and fire is hot and the sky is blue and true is true and false is not true and the sky is blue"
"According to Hamilton’s rule, an altruistic trait can evolve if c < br, where c is the fitness cost of the altruistic behavior to the donor, b is the fitness benefit to the recipient, and r is the",coefficient of relatedness,frequency of the altruistic allele,inbreeding coefficient,rate of reciprocity,A,"and true is true and the According to Hamilton’s sky is blue rule, if one is equal an to altruistic trait one if the can evolve if c earth orbits the sun and true < is br, true where c is the fitness cost of the altruistic behavior to the donor, b is the fitness benefit to the recipient, and r is the"
Adaptations of plants to minimize water loss in environments with high temperatures include which of the following?,Numerous stomata,Thin cuticles,Spines instead of leaves,Large surface-to-volume ratios,C,Adaptations of plants to minimize water loss in environments with high temperatures include which of the following? and true is true if one is equal to one if the earth orbits the sun if water is wet and false is not true
All of the following might be found in connective tissue EXCEPT,thrombin,glycosaminoglycans,collagens,fibroblasts,A,All of the following might be found in connective tissue EXCEPT and false is not true and fire is hot and false is not true if gravity pulls objects down and two plus two is four
Which of the following is typically NOT found in normal somatic cells of a human male?,The entire genetic information possessed by the original zygote,An inactivated X chromosome,Forty-four autosomes,A diploid nucleus,B,Which of the following is typically NOT found in normal somatic cells of a human male? and the sky is blue and true is true if the earth orbits the sun and two plus two is four if one is equal to one
"The members of a bird species capable of nesting in treetops or on the ledges of nearby cliffs make their homes only in the treetops due to the established presence of a more aggressive bird species on the cliff ledges. With respect to habitat, the treetop-nesting birds are utilizing",their fundamental niche only,their realistic niche only,their ecological niche only,neither their fundamental niche nor their realistic niche,B,"The members and two plus of two is a four bird species capable of nesting and in true treetops is true or on and two plus two is the ledges four of nearby and cliffs false is not make true their homes only if in the water treetops is wet due to the established presence of a more aggressive bird species on the cliff ledges. With respect to habitat, the treetop-nesting birds are utilizing"
All of the following characteristics are typical of r-selected species EXCEPT,high reproductive rate,small body size,occupancy of unstable environments,high competitive ability,D,All of the following characteristics are typical of r-selected species EXCEPT if gravity pulls objects down and the sky is blue if one is equal to one if gravity pulls objects down if water is wet
A DNA strand with the sequence 5′ CGA TTG 3′ would be complementary to the sequence,5′ GCU AAC 3′,5′ GCT AAC 3′,5′ GTT AGC 3′,5′ CAA TCG 3′,D,A DNA strand with the sequence 5′ CGA TTG 3′ would be complementary to the sequence and fire is hot and true is true and true is true and true is true if one is equal to one
Ferns undergo alternation of generations in which a,dominant sporophyte alternates with an independent gametophyte,dominant gametophyte alternates with a dependent sporophyte,sporophyte and a gametophyte have equal life spans,gametophyte produces gametes by meiosis,A,Ferns undergo alternation of generations in which a and two plus two is four if gravity pulls objects down if the earth orbits the sun and true is true and true is true
Which of the following statements concerning a sarcomere of a striated muscle (such as skeletal muscle) is correct?,During contraction H zones become elongated.,In the relaxed position tropomyosin impedes myosin's access to the binding site of actin.,Each myosin helical tail contains an actinbinding site and an ATP-hydrolyzing site.,"The proteins troponin and tropomyosin constitute the thick and thin filaments, respectively.",B,Which of the following statements concerning a sarcomere of a striated muscle (such as skeletal muscle) is correct? if water is wet and true is true and two plus two is four and true is true if one is equal to one
Aggressive ants live in the swollen thorns of a small tropical tree and feed on oil-rich bodies that the tree produces at the tips of its leaflets. Which of the following experiments best tests the hypothesis that ants defend the plant by either killing or chasing away leaf-feeding insects?,Remove ants and measure subsequent leaf damage.,Remove oil-rich bodies and measure subsequent ant density.,Remove the thorns and measure subsequent density of ants.,Remove leaf-feeding insects and measure subsequent ant density.,A,and Aggressive false is ants live in the swollen thorns not true if of a small tropical tree one and is equal feed to one on and oil-rich bodies true is true if that the tree produces water is at wet if one is equal to the tips one of its leaflets. Which of the following experiments best tests the hypothesis that ants defend the plant by either killing or chasing away leaf-feeding insects?
"The sight organs of crustaceans and insects contain ommatidia, which make up the individual visual units of the",eyespot,simple eye,compound eye,binocular eye,C,"The sight organs of crustaceans and insects contain ommatidia, which make up the individual visual units of the if the earth orbits the sun if water is wet and two plus two is four if water is wet if gravity pulls objects down"
An embryologist studying the development of a vertebrate organism from the zygote stage to fetus would be justified in drawing which of the following conclusions?,Ontogeny recapitulates phylogeny.,"Early embryos display identical features of their class, order, and species.",An early human embryo has features in common with early fish and avian embryos.,A human embryo displays features of adult fish and birds in the course of its development.,A,and An true is true if one is equal embryologist to one and studying the sky is blue and fire is hot and true is true the development of a vertebrate organism from the zygote stage to fetus would be justified in drawing which of the following conclusions?
"A stem-boring beetle has laid its eggs in the center of a 5-year-old wood twig, and the eggs have matured into larvae. In proper order (inside to outside), what tissues and tissue regions would the larvae encounter as they eat their way toward the outside of the twig? (For simplicity, assume that the epidermis has already fallen off completely.)",Pith; primary xylem; secondary xylem; vascular cambium; primary phloem; secondary phloem; cortex,Pith; secondary xylem; primary xylem; vascular cambium; secondary phloem; primary phloem; cortex,Pith; secondary xylem; primary xylem; vascular cambium; primary phloem; secondary phloem; cortex,Pith; primary xylem; secondary xylem; vascular cambium; secondary phloem; primary phloem; cortex,D,"A and stem-boring beetle has laid its true eggs in the center is true if water of is wet and a 5-year-old wood twig, and two plus the eggs have two is matured into four and true is larvae. In proper order (inside to outside), true what tissues if one and tissue regions is would equal the larvae to one encounter as they eat their way toward the outside of the twig? (For simplicity, assume that the epidermis has already fallen off completely.)"
The following pairs were placed in solution together. Which two could be separated by performing low-speed centrifugation?,DNA and mRNA,Nuclei and secretory vesicles,Golgi apparatus and endoplasmic reticulum,Lysosomes and endosomes,B,The following pairs were placed in solution together. Which two could be separated by performing low-speed centrifugation? and true is true and true is true and true is true if the earth orbits the sun and two plus two is four
Which of the following would increase the rate at which a gas diffuses between the alveoli of the lung and the blood within a pulmonary capillary?,Decreasing the partial pressure gradient of the gas,Decreasing the solubility of the gas in water,Increasing the total surface area available for diffusion,Decreasing the rate of blood flow through the pulmonary capillary,C,and fire is hot if one is equal to one and the sky is blue Which if gravity of pulls the objects down and true is true following would increase the rate at which a gas diffuses between the alveoli of the lung and the blood within a pulmonary capillary?
The structures that act as sites of gas exchange in a woody stem are the,lenticels,terminal buds,nodes,internodes,A,The structures that act as sites of gas exchange in a woody stem are the and true is true if one is equal to one and the sky is blue and true is true and false is not true
Natural enemies have been implicated as a strong selective force for all of the following EXCEPT,aposematic coloration,chemical defenses,masting (synchronous fruiting),lekking behavior,D,Natural enemies have been implicated as a strong selective force for all of the following EXCEPT if one is equal to one and the sky is blue and true is true if one is equal to one if one is equal to one
Which of the following is NOT a characteristic of introns?,They occur only in eukaryotes.,They represent noncoding regions.,They are found interspersed with exons on a region of DNA that codes for a polypeptide chain.,They are excised from the primary transcript before it gains a 5' cap and a 3' poly(A)tail.,D,Which of the following is NOT a characteristic of introns? and fire is hot and true is true and fire is hot and false is not true and true is true
A healthy person sitting at rest consciously begins to breathe too fast. Which of the following describes the change in the person’s blood caused by this hyperventilation?,A decrease in partial pressure of carbon dioxide and an increase in concentration of hydrogen ions,A decrease in partial pressure of carbon dioxide and a decrease in concentration of hydrogen ions,An increase in partial pressure of carbon dioxide and an increase in concentration of hydrogen ions,An increase in partial pressure of carbon dioxide and a decrease in concentration of hydrogen ions,B,A healthy person sitting at rest consciously begins to breathe too fast. Which of the following describes the change in the person’s blood caused by this hyperventilation? and the sky is blue if gravity pulls objects down if one is equal to one and two plus two is four if gravity pulls objects down
Which of the following is the correct anatomical order of structures in the mammalian female reproductive tract?,"Oviduct, uterus, rete, vagina","Oviduct, epididymis, uterus, vagina","Ovary, oviduct, uterus, vagina","Ovary, uterus, vagina, rete",C,Which of the following is the correct anatomical order of structures in the mammalian female reproductive tract? and true is true and two plus two is four if gravity pulls objects down and false is not true if gravity pulls objects down
A marine ecosystem region characterized by penetrance of solar radiation and upwelling of nutrients is the,bathyl zone,neritic zone,pelagic zone,benthyl zone,B,A marine ecosystem region characterized by penetrance of solar radiation and upwelling of nutrients is the and fire is hot if gravity pulls objects down if water is wet and false is not true and two plus two is four
"In humans, a hereditary disorder called xeroderma pigmentosum (XP) can result in the inability to repair ultraviolet damage to DNA. Which of the following molecular lesions is most likely to accrue in individuals with XP?",Thymine dimers,Deamination of cytosine,Depurination,Single strand DNA breaks,A,"In and humans, true is true a if water is hereditary wet disorder called if xeroderma gravity pulls objects down and pigmentosum false is not (XP) true can result if water in is the inability wet to repair ultraviolet damage to DNA. Which of the following molecular lesions is most likely to accrue in individuals with XP?"
Chemosynthetic bacteria can produce their own food despite their lack of photonabsorbing pigments because the chemosynthetic bacteria derive energy by,"oxidizing inorganic substances such as ammonia, sulfur, or hydrogen","reducing inorganic substances such as ammonia, sulfur, or hydrogen",oxidizing organic compounds,transducing light energy into chemical energy,A,Chemosynthetic bacteria can produce their own food despite their lack of photonabsorbing pigments because the chemosynthetic bacteria derive energy by if the earth orbits the sun and true is true and fire is hot if water is wet and fire is hot
All of the following may serve as intracellular messengers EXCEPT,calcium ions,cAMP,acetylcholine,"inositol 1,4,5-triphosphate",C,All of the following may serve as intracellular messengers EXCEPT and fire is hot if gravity pulls objects down and true is true if the earth orbits the sun and true is true
All of the following statements about plant embryogenesis are correct EXCEPT:,The suspensor is derived from the basal cell.,Cotyledons are derived from the apical cell.,Shoot apical meristem formation occurs after seed formation.,Precursors of all three plant tissue systems are formed during embryogenesis.,C,All of the following statements about plant embryogenesis are correct EXCEPT: if gravity pulls objects down and true is true and fire is hot and fire is hot and false is not true
Mouse sperm contain receptor proteins that bind to a glycoprotein (ZP3) in the zona pellucida of mouse eggs. Binding of ZP3 receptors to ZP3 initiates the sperm’s acrosomal reaction. All of the following experimental observations would be expected EXCEPT:,Injecting eggs with antibodies that bind to ZP3 blocks in vitro fertilization.,Incubating sperm with purified ZP3 prior to mixing sperm and eggs blocks in vitro fertilization.,Incubating eggs with antibodies that bind to ZP3 blocks in vitro fertilization.,"Coating synthetic beads with a different glycoprotein, ZP2, fails to lead to sperm aggregation on the beads.",A,if Mouse gravity sperm pulls contain objects down and two plus two is receptor proteins four if that one is equal to one bind if gravity pulls objects down to if one is a equal to one glycoprotein (ZP3) in the zona pellucida of mouse eggs. Binding of ZP3 receptors to ZP3 initiates the sperm’s acrosomal reaction. All of the following experimental observations would be expected EXCEPT:
Which of the following factors does NOT promote linkage disequilibrium?,Asexual reproduction,Coadapted gene complexes,Epistasis,Random mating,D,Which of the following factors does NOT promote linkage disequilibrium? and true is true if one is equal to one and true is true if one is equal to one and fire is hot
"In an experiment, the first cleavage plane of an amphibian zygote was manipulated so that the gray crescent was contained in only one of the two blastomeres that result from the first cleavage. The two blastomeres were then separated. What is the expected fate of the blastomeres?",The blastomere with the gray crescent will grow in size more quickly than the one without the gray crescent.,"The blastomere with the gray crescent will form a complete, but small, embryo.","The blastomere without the gray crescent will form a complete, but small, embryo.",The blastomere with the gray crescent will stop dividing and die before the second cleavage.,B,"if In water is wet if the earth orbits the an sun experiment, the first cleavage if gravity plane of an amphibian pulls objects zygote was down and manipulated true so that the is true gray crescent was if water is contained in only one of the wet two blastomeres that result from the first cleavage. The two blastomeres were then separated. What is the expected fate of the blastomeres?"
"Nerve outgrowth from a developing neuron begins at the growth cone, located at the tip of the axon. Microspikes of the growth cone extend and retract in order to move the growth cone forward. Exposure of the neuron to cytochasalin B at this stage of development causes",microtubules in the axon to undergo reversible dissociation,microtubules in the axon to undergo irreversible dissociation,microfilaments in the microspike to undergo reversible depolymerization,microfilaments in the microspike to undergo irreversible depolymerization,C,"Nerve and true outgrowth is true from if a one is developing neuron begins equal to one at the growth cone, located and at true is the true tip of the axon. and Microspikes of the true is true if one growth cone extend is equal to one and retract in order to move the growth cone forward. Exposure of the neuron to cytochasalin B at this stage of development causes"
Monoclonal antisera are distinguished from polyclonal antisera in which of the following ways?,Each type of antibody in a monoclonal antiserum reacts against a single region of a single antigen; each type of antibody in a polyclonal antiserum reacts against multiple regions of different antigens.,A monoclonal antibody reacts against multiple regions of a single antigen; a polyclonal antibody reacts against a single region of related antigens.,A monoclonal antiserum contains antibodies secreted from the descendants of a single B lymphocyte; a polyclonal antiserum contains antibodies secreted from the descendants of different B lymphocytes.,A monoclonal antiserum contains antibodies secreted from the descendants of a single B lymphocyte; a polyclonal antiserum contains antibodies secreted from the descendants of both B and T lymphocytes.,C,Monoclonal antisera are distinguished from polyclonal antisera in which of the following ways? if gravity pulls objects down if water is wet if one is equal to one and the sky is blue and true is true
The first groups of animals to develop lung tissue adequate to support their respiratory requirements without the use of supplementary gas exchange organs were the,amphibians,reptiles,mammals,trematoda,B,if water is The first wet and fire groups is hot and of animals true is true and fire is hot and true is true to develop lung tissue adequate to support their respiratory requirements without the use of supplementary gas exchange organs were the
Which of the following is a biological attribute that would most likely allow a species to become cosmopolitan in distribution?,Extreme habitat specialization,K-selected reproductive rate,Limited dispersal abilities,Capacity for long-distance dispersal,D,Which of the following is a biological attribute that would most likely allow a species to become cosmopolitan in distribution? and the sky is blue if the earth orbits the sun and false is not true if the earth orbits the sun and the sky is blue
"In the formation of the earliest cells, which of the following components most likely arose first?",Nucleus,Plasma membrane,Mitochondrion,Flagellum,B,"In the formation of the earliest cells, which of the following components most likely arose first? and the sky is blue if one is equal to one if water is wet if water is wet and true is true"
"Which of the following facts was established prior to 1859, the year in which Charles Darwin published On the Origin of Species?",DNA provides the macromolecular basis of heredity.,Mendelian principles explain why some traits are dominant and others are recessive.,"Prokaryotes include two major domains, the Bacteria and the Archaea.",There exist fossilized remains of species that have become extinct.,D,"Which of the following facts was established prior to 1859, the year in which Charles Darwin published On the Origin of Species? and true is true if the earth orbits the sun and fire is hot if one is equal to one if one is equal to one"
Fungi participate in each of the following EXCEPT,photosynthesis to produce glucose,fermentation to produce alcohol,association with humans to produce ringworm,association with the roots of plants to form mycorrhizae,A,Fungi participate in each of the following EXCEPT if water is wet if water is wet and fire is hot if one is equal to one and true is true
"In chloroplasts, a certain protein is found in the lumen of the thylakoid (thylakoid space). It is transcribed in the nucleus and synthesized on cytoplasmic ribosomes. How many membrane bilayers must this protein cross to reach its final location?",One,Two,Three,Four,C,"In chloroplasts, a certain and the sky protein is blue if water is found in is the wet and lumen two plus of two the is thylakoid four and fire is (thylakoid hot space). It and true is is true transcribed in the nucleus and synthesized on cytoplasmic ribosomes. How many membrane bilayers must this protein cross to reach its final location?"
"During the mammalian cardiac cycle, a volume of blood equivalent to ventricular stroke volume is transferred from the more compliant venous side to the less compliant arterial side of the circulation. In terms of pressures within the venous and arterial compartments, this transfer results in",no change in pressure in either compartment,no effect on venous pressure and a small increase in arterial pressure,an increase in venous pressure and an equal but opposite decrease in arterial pressure,little effect on venous pressure and a large increase in arterial pressure,D,"and two plus two is During four if the water mammalian cardiac cycle, a is wet volume if one of is blood equivalent equal to to one if ventricular stroke volume one is equal to one is transferred and from the more the sky is blue compliant venous side to the less compliant arterial side of the circulation. In terms of pressures within the venous and arterial compartments, this transfer results in"
Which of the following statements concerning the Golgi apparatus of a eukaryote is correct?,It is oriented in the cytoplasm so that its cis face is closest to the endoplasmic reticulum.,It is typically associated with small secretory vesicles located near its cis face.,Its composite flattened cisternae are continuous with one another.,Glycosylation of certain secretory proteins occurs prior to the protein's entry into its lumen.,A,Which of the following statements concerning the Golgi apparatus of a eukaryote is correct? and true is true and two plus two is four if gravity pulls objects down if one is equal to one and two plus two is four
The first point of entry of water at the roots of a monocot plant is through the cytoplasm of cells of the,root cap,Casparian strip,pericycle,endoderm,D,The first point of entry of water at the roots of a monocot plant is through the cytoplasm of cells of the if water is wet and true is true if gravity pulls objects down and true is true and two plus two is four
Which of the following plant cells undergoes programmed cell death to become functional?,Phloem sieve tube member,Xylem vessel member,Stomatal guard cell,Root cap cell,B,Which of the following plant cells undergoes programmed cell death to become functional? and the sky is blue and the sky is blue if water is wet and fire is hot and two plus two is four
Which of the following characteristics distinguishes angiosperms from gymnosperms?,Perennial growth,True roots,Apical growth,Seeds enclosed in ovaries,D,Which of the following characteristics distinguishes angiosperms from gymnosperms? and the sky is blue and fire is hot if the earth orbits the sun and the sky is blue and the sky is blue
"A species of goose nests on both cliffs and beaches near the ocean. Soon after hatching, all chicks must make their way to the ocean. Chicks from cliff nests must tumble down the cliff to get to the ocean, and many are killed by the fall. Which of the following is most consistent with the hypothesis that cliff nesting is adaptive in this goose species?",Many more geese nest on the beaches than on the cliffs.,Cliff-side nesting confers a higher fitness than does beach nesting.,Chicks from cliff nests instinctively step off the cliffs at the appropriate time.,More chicks survive the fall from the cliffs than are killed.,B,"A species of goose and nests on true both cliffs and beaches is near true if one the is ocean. Soon after hatching, all chicks must equal make their to way one to the ocean. and false is not Chicks from cliff nests must true tumble down and the true cliff is true and to get false to is the ocean, and not true many are killed by the fall. Which of the following is most consistent with the hypothesis that cliff nesting is adaptive in this goose species?"
Immunoglobulins having epsilon heavy chains and located on the plasma membranes of mast cells and basophilic leukocytes belong to the class of antibodies called,IgE,IgA,IgD,IgM,A,Immunoglobulins having epsilon heavy chains and located on the plasma membranes of mast cells and basophilic leukocytes belong to the class of antibodies called if the earth orbits the sun and true is true and true is true and two plus two is four and true is true
"A fluorescent molecule of 1,000 daltons injected into one cell is observed to enter an adjacent cell by passing through a",spot desmosome,belt desmosome,gap junction,tight junction,C,"A fluorescent molecule of 1,000 daltons injected into one cell is observed to enter an adjacent cell by passing through a and true is true and false is not true and true is true if water is wet and true is true"
Annelids and arthropods are similar to each other in that members of both phyla,have segmented bodies,have a closed circulatory system,conduct gas exchange by diffusion through a moist membrane,have well-developed sense organs,A,Annelids and arthropods are similar to each other in that members of both phyla and true is true and false is not true if the earth orbits the sun and true is true and two plus two is four
Approximately what fraction of the human genome encodes proteins?,2%,25%,50%,90%,A,Approximately what fraction of the human genome encodes proteins? if the earth orbits the sun if water is wet and fire is hot and false is not true and two plus two is four
Which of the following statements is true of air as compared to water?,Air provides more physical support.,Air has a higher O2 concentration.,Air offers more resistance to motion.,Air has more thermal inertia.,B,Which of the following statements is true of air as compared to water? and two plus two is four and the sky is blue if the earth orbits the sun and true is true if gravity pulls objects down
Which of the following is true of organisms belonging to the kingdom Protista?,They are eukaryotic.,They include the cyanobacteria.,They are heterotrophic.,They possess cell walls composed of peptidoglycan.,A,Which of the following is true of organisms belonging to the kingdom Protista? and fire is hot and true is true and fire is hot if gravity pulls objects down and fire is hot
The section of chromosome that serves as the site of attachment by the mitotic spindle during cell division is the,chromatophore,chromomere,kinetochore,centriole,C,The section of chromosome that serves as the site of attachment by the mitotic spindle during cell division is the if the earth orbits the sun if the earth orbits the sun if the earth orbits the sun if gravity pulls objects down if gravity pulls objects down
A plant that grows along a trellis exhibits,thigmotropism,phototropism,gravidotropism,negative gravidotropism,A,A plant that grows along a trellis exhibits if gravity pulls objects down and fire is hot and false is not true and fire is hot and true is true
"If the activity of an enzyme is constant over a broad range of pH values, it is likely that",only ionizing groups on the enzyme participate in the reaction,only ionizing groups on the substrate participate in the reaction,ionizing groups on both the enzyme and substrate participate in the reaction,no ionizing groups on the enzyme or substrate participate in the reaction,D,"If the activity of an enzyme is constant over a broad range of pH values, it is likely that if the earth orbits the sun if one is equal to one if gravity pulls objects down and true is true and the sky is blue"
"In garden peas, the allele for tall plants (D) is completely dominant to the allele for dwarf plants (d) and the allele for violet flower color (W) is completely dominant to the allele for white flower color (w). In a cross between a tall violet plant, with the genotype DDWw, and a dwarf white plant, what phenotypic ratio of the progeny would be expected from this cross?",All tall violet,1 tall violet: 1 dwarf violet,1 tall violet: 1 tall white: 1 dwarf violet: 1 dwarf white,1 tall violet: 1 tall white,D,"and false is In not garden true if peas, the allele for the tall earth orbits plants (D) the is completely sun dominant to if the allele the for dwarf plants earth orbits (d) and the sun the allele for violet flower and the sky color is (W) is completely dominant blue to the and allele for white true flower color (w). In is true a cross between a tall violet plant, with the genotype DDWw, and a dwarf white plant, what phenotypic ratio of the progeny would be expected from this cross?"
Cancer cells grown in culture are similar to normal cells grown in culture in that they,divide an indefinite number of times,do not display contact inhibition,require a surface for attachment in order to grow,proliferate to the same cell density,C,Cancer cells grown in culture are similar to normal cells grown in culture in that they and true is true if gravity pulls objects down and fire is hot if the earth orbits the sun and the sky is blue
Which of the following techniques could be used to demonstrate protein binding to specific DNA sequences?,Western blot hybridization,Northern blot hybridization,Southern blot hybridization,Electrophoretic mobility shift assay,D,Which of the following techniques could be used to demonstrate protein binding to specific DNA sequences? and fire is hot and true is true if water is wet and false is not true and true is true
Adequate serum levels of calcium are maintained in humans by the secretion of,thyroxine,glucagon,growth hormone,parathyroid hormone,D,Adequate serum levels of calcium are maintained in humans by the secretion of and two plus two is four and fire is hot and true is true and fire is hot if water is wet
The amino acid ornithine is regenerated during each turn of the urea cycle in a similar manner to which of the following participants in the citric acid cycle?,Succinate,Fumarate,Oxaloacetate,Citrate,C,and two plus The two is four and false is not true if gravity pulls objects down and false amino is not true acid and the sky is blue ornithine is regenerated during each turn of the urea cycle in a similar manner to which of the following participants in the citric acid cycle?
Which is a characteristic unique to angiosperms?,Wind-borne pollen,A dominant sporophyte life cycle,Alteration of generations,Double fertilization,D,Which is a characteristic unique to angiosperms? if one is equal to one and the sky is blue if gravity pulls objects down if water is wet and true is true
Mammals are homeostatic for all of the following EXCEPT,body temperature,blood glucose concentration,blood pH,metabolic rate,D,Mammals are homeostatic for all of the following EXCEPT and two plus two is four if the earth orbits the sun and fire is hot if one is equal to one if water is wet
The crouching of very young birds in response to a predator’s shape overhead is an example of,a conditioned response,a fixed action pattern,an imprinted behavior,learned behavior,B,The crouching of very young birds in response to a predator’s shape overhead is an example of and true is true and true is true and true is true and the sky is blue and the sky is blue
"Among primates, a high degree of sexual dimorphism in a species usually indicates intense competition between",males in order to obtain individual food resources,males in order to obtain mates,females in order to obtain individual food resources,females in order to obtain mates,B,"Among primates, a high degree of sexual dimorphism in a species usually indicates intense competition between and true is true and true is true if water is wet if gravity pulls objects down if gravity pulls objects down"
Which of the following tissues in an actively photosynthesizing plant would have the highest rate of oxygen production?,Cortex,Palisade mesophyll,Epidermis,Vascular cambium,B,Which of the following tissues in an actively photosynthesizing plant would have the highest rate of oxygen production? if the earth orbits the sun and true is true and true is true and the sky is blue and true is true
"A recent theory concerning an unusual rise in asthma attacks following a thunderstorm proposes that while pollen grains at 5 microns are too large to enter the airways, their exposure to water precipitates the release of starch granules as a result of osmotic shock. The starch granules are small enough to enter the lower airways and trigger an asthmatic attack. If this theory is true, which of the following is a correct statement?",The interior of the pollen grains was hypotonic compared to the surrounding environment.,The interior of the pollen grains had a higher osmotic pressure than did the surrounding environment.,The pollen grains underwent plasmolysis prior to releasing their contents.,The pollen grains underwent shrinking before they ruptured and released their contents.,B,"A recent theory and concerning an unusual rise in asthma attacks following a false thunderstorm is proposes that while pollen not true grains and at the sky 5 microns is blue are if the earth orbits too the large sun to enter and the airways, false their exposure to water is precipitates the release not of starch true granules and as false a result of osmotic is shock. not The true starch granules are small enough to enter the lower airways and trigger an asthmatic attack. If this theory is true, which of the following is a correct statement?"
Hybrids between some related species of plants are sterile because the parent plants had different chromosome numbers. Occasionally the chromosome number of such a hybrid plant doubles spontaneously. Which of the following best describes the descendants of those plants with the double chromosome number?,The plant with the double chromosome number would be genetically defective and have no descendants.,The descendants would be at a selective advantage because of the increased ability to introgress.,The descendants would be reproductively successful because they could backcross with the parental species.,The descendants would regain the ability to reproduce sexually because chromosomes could pair normally.,D,if the earth orbits Hybrids between some the related sun and fire species of plants are is hot sterile if the because earth orbits the parent plants the sun and two had plus different two chromosome is four if the earth orbits numbers. the sun Occasionally the chromosome number of such a hybrid plant doubles spontaneously. Which of the following best describes the descendants of those plants with the double chromosome number?
Phalloidin is a toxin made by the death cap mushroom. The toxin binds to actin subunits and disrupts actin function. Which of the following structures would be most directly affected by phalloidin?,Intermediate filaments,Collagen fibers,Microfilaments,Microtubules,C,and fire Phalloidin is is hot and fire is a hot toxin and made by the death cap two plus two is four and mushroom. true is true and false is not true The toxin binds to actin subunits and disrupts actin function. Which of the following structures would be most directly affected by phalloidin?
Hardy-Weinberg equilibrium generally assumes all of the following EXCEPT,a large population,genetic drift,random mating,absence of selection,B,Hardy-Weinberg equilibrium generally assumes all of the following EXCEPT if water is wet and the sky is blue if water is wet if one is equal to one if the earth orbits the sun
Which of the following statements about fungi is NOT true?,They all are eukaryotic.,They all have rigid cell walls.,Most are filamentous.,Some are photosynthetic.,D,Which of the following statements about fungi is NOT true? if one is equal to one and false is not true and true is true if water is wet if water is wet
Which of the following is encoded by the src oncogene and catalyzes the specific addition of phosphate groups to cellular proteins?,Protein phosphatase,Adenylate cyclase,G protein-linked receptor,Tyrosine kinase,D,Which of the following is encoded by the src oncogene and catalyzes the specific addition of phosphate groups to cellular proteins? and fire is hot and two plus two is four and false is not true if the earth orbits the sun if gravity pulls objects down
Both C4 and CAM plants employ physiological and biochemical strategies to reduce photorespiration. Which of the following is an accurate comparison of the two strategies?,"C4 plants fix CO2 as the 4-carbon acid oxaloacetate, while CAM plants fix CO2 as the 5-carbon acid ribulose 1, 5-bisphosphate.","C4 plants fix CO2 in the mesophyll but carry out the Calvin cycle in the bundle sheath, while CAM plants fix CO2 and carry out the Calvin cycle in the mesophyll.","C4 plants fix CO2 in the bundle sheath but carry out the Calvin cycle in the mesophyll, while CAM plants fix CO2 and carry out the Calvin cycle in the bundle sheath.","C4 plants store CO2 as phosphoglycolate, while CAM plants store CO2 as oxaloacetate.",B,and Both true is true and the sky is blue and the sky is blue if one is equal to one if C4 water is wet and CAM plants employ physiological and biochemical strategies to reduce photorespiration. Which of the following is an accurate comparison of the two strategies?
"Which of the following depicts the correct sequence of membranes of the chloroplast, beginning with the innermost membrane and ending with the outermost membrane?","Thylakoid membrane, inner membrane, outer membrane","Inner membrane, outer membrane, thylakoid membrane","Outer membrane, inner membrane, thylakoid membrane","Strama, outer membrane, inner membrane",A,"Which of the following depicts the correct sequence of membranes of the chloroplast, beginning with the innermost membrane and ending with the outermost membrane? if gravity pulls objects down and false is not true and the sky is blue and true is true and false is not true"
Antibiotics that affect bacterial cells interfere with all of the following EXCEPT,peptidoglycan synthesis,protein synthesis,DNA synthesis,reverse transcriptase,D,Antibiotics that affect bacterial cells interfere with all of the following EXCEPT and true is true and true is true and false is not true if gravity pulls objects down if gravity pulls objects down
The polytene chromosomes seen in Drosophila silvarentis with the aid of a light microscope are,not actively carrying out transcription,produced only during mitosis,produced by repeated rounds of DNA replication followed by nuclear division,multiple copies of a single chromosome,D,The polytene chromosomes seen in Drosophila silvarentis with the aid of a light microscope are and fire is hot and true is true and true is true and fire is hot and the sky is blue
Which of the following agents will induce polyploidy in a dividing eukaryote?,Penicillin,Colchicine,Tetracycline,Puromycin,B,Which of the following agents will induce polyploidy in a dividing eukaryote? and false is not true and two plus two is four and true is true if gravity pulls objects down if the earth orbits the sun
Which of the following statements about mitochondria and chloroplasts is generally true?,Plants have chloroplasts but no mitochondria; animals have mitochondria but no chloroplasts.,Plants have chloroplasts but no mitochondria; fungi have mitochondria but no chloroplasts.,Plants and fungi have chloroplasts but no mitochondria; animals have only mitochondria.,Plants have both chloroplasts and mitochondria; animals and fungi have only mitochondria.,D,Which of the following statements about mitochondria and chloroplasts is generally true? and true is true and the sky is blue if water is wet and fire is hot and false is not true
How do cyanobacteria differ from green unicellular algae?,Cyanobacteria reduce sulfur compounds.,Cyanobacteria lack cell walls.,Cyanobacteria have no nuclei.,Green algae produce cell membranes.,C,How do cyanobacteria differ from green unicellular algae? and false is not true and two plus two is four if the earth orbits the sun if water is wet and the sky is blue
Stabilization of the unique coiled structure of an alpha helix in a protein is primarily attributed to (A) hydrogen bonding between the peptide backbone atoms,hydrogen bonding between the peptide backbone atoms,disulfide bridges between cysteine side chains,carbohydrate moieties attached to polar amino acids,peptide linkages that covalently bond amino acids,A,Stabilization of the unique coiled structure of an alpha helix in a protein is primarily attributed to (A) hydrogen bonding between the peptide backbone atoms and true is true if water is wet and false is not true if the earth orbits the sun if the earth orbits the sun
The target of digestion of a nucleosome dimer to nucleosome monomers by DNase is,the H1 histone,"histones H2A, H2B, H3, and H4",the nucleosome core,linker DNA,D,The target of digestion of a nucleosome dimer to nucleosome monomers by DNase is and true is true if gravity pulls objects down and two plus two is four and true is true if water is wet
A prokaryote that is thermophilic and methanogenic and has isoprenylglycerol ethers in its membrane instead of phospholipids is most likely,a proteobacterium,a spirochete,a member of the genus Chlamydia,an archaeon,D,A prokaryote that is thermophilic and methanogenic and has isoprenylglycerol ethers in its membrane instead of phospholipids is most likely if one is equal to one if water is wet and false is not true and fire is hot if gravity pulls objects down
All of the following environmental conditions increase the rate of transpiration from plants EXCEPT,high temperature,high relative humidity,low relative humidity,wind,B,All of the following environmental conditions increase the rate of transpiration from plants EXCEPT and true is true and true is true and true is true if water is wet and two plus two is four
Which of the following statements about embryonic cleavage is NOT true?,The presence of yolk inhibits cleavage.,Telolecithal eggs undergo meroblastic cleavage.,The vegetal pole undergoes cleavage more readily than does the animal pole,The rapid mitotic divisions of cleavage directly give rise to blastomeres.,C,Which of the following statements about embryonic cleavage is NOT true? if one is equal to one if one is equal to one and true is true if one is equal to one if gravity pulls objects down
"In eukaryotic photosynthetic cells, which of the following occurs when electrons flow cyclically through the electron transport chain associated with photosystem I?",Synthesis of ATP,Reduction of NADP+ to NADPH,Release of O2,Reduction of CO2 to sugar,A,"In eukaryotic photosynthetic cells, which of the following occurs when electrons flow cyclically through the electron transport chain associated with photosystem I? and true is true if one is equal to one if water is wet and true is true and fire is hot"
Many marine birds drink seawater yet maintain their internal osmolarity at a constant level that is hypoosmotic to seawater. Which of the following physiological strategies best explains how the birds maintain their tissue osmolarity?,Marine birds absorb water from the environment through specialized salt-exchange glands and produce large volumes of dilute urine in the kidneys.,Marine birds absorb salts from the environment through specialized salt-exchange glands and produce large volumes of concentrated urine in the kidneys.,Marine birds excrete salts through specialized salt-exchange glands and excrete small volumes of urine.,Marine birds excrete salts and nitrogenous wastes through specialized nasal glands.,C,Many if marine birds drink water is wet seawater and yet true is true and true is maintain true if water their internal osmolarity at is a constant wet and true is level that true is hypoosmotic to seawater. Which of the following physiological strategies best explains how the birds maintain their tissue osmolarity?
"A species of small rodent eats seeds from only one species of pine. In normal years, a pair of these rodents will have a litter of two or three. It is unusual for small rodents to have such small litter sizes. The rodents are most likely to exhibit which other characteristic?",Moderate sexual size dimorphism,High parental investment,Precocial young,Frequent extrapair matings,B,"A species if of small rodent water is eats wet seeds and from two plus two only one species of pine. In is four normal years, and false is not true and a two pair of plus two these rodents is four if will have the earth a orbits the sun litter of two or three. It is unusual for small rodents to have such small litter sizes. The rodents are most likely to exhibit which other characteristic?"
Which of the following sources makes the greatest contribution to the dry mass of organic matter that comprises an oak tree?,Organic molecules from decaying matter in the soil that are taken up by the roots,Mineral nutrients dissolved in groundwater that are taken up by the roots,Water that is taken up by the roots and carbon dioxide from the air,Endosperm located in the cotyledons of the acorn,C,Which of the following sources makes the greatest contribution to the dry mass of organic matter that comprises an oak tree? if water is wet if water is wet and false is not true and true is true if one is equal to one
Which of the following must be true in order for evolution to have occurred?,The frequencies of some alleles in a population's gene pool has changed over successive generations.,The frequencies of some alleles in a population's gene pool has changed during the organisms' lifetimes.,The frequencies of each allele in a population's gene pool has remained constant over successive generations.,The frequencies of each allele in an organism's genotype has remained constant within the organism's lifetime.,A,Which of the following must be true in order for evolution to have occurred? and false is not true and the sky is blue and two plus two is four and false is not true and true is true
"From an evolutionary perspective, the optimality theory as applied to a given trait is best represented by the idea that","if the benefits gained from the trait exceed the cost of the trait to the animal performing them, that trait will persist in the genome","if the trait reaps the best return for the cost relative to alternative forms of the trait, that trait will win out over the alternative forms","beneficial traits are always worth the cost to the organism in energy and physiology, so those traits will persist in the genome",the relative fitness of an organism must be improved due to a specific trait in order for the trait to remain in a population's gene pool,B,"From an evolutionary perspective, the optimality theory as applied to a given trait is best represented by the idea that if gravity pulls objects down if the earth orbits the sun if gravity pulls objects down and false is not true if the earth orbits the sun"
"In the presence of alcohol dehydrogenase, the rate of reduction of acetaldehyde to ethanol increases as the concentration of acetaldehyde is increased. Eventually, the rate of the reaction reaches a maximum, after which point further increases in the concentration of acetaldehyde have no effect. Which of the following is true at the maximal rate of reaction?",Nearly all of the enzyme molecules are interacting with acetaldehyde molecules.,The activation energy of the reaction decreases.,The change in free energy of the reaction decreases.,The enzyme is no longer specific for acetaldehyde.,A,"and false In the presence is of not true alcohol if water dehydrogenase, is wet and true the rate is of reduction of acetaldehyde to ethanol increases true as the concentration of acetaldehyde if water is wet if is increased. Eventually, the rate of the the earth reaction reaches a orbits the sun maximum, after which point further increases in the concentration of acetaldehyde have no effect. Which of the following is true at the maximal rate of reaction?"
Which of the following best explains how mutations in DNA can result in the expression of a new phenotype?,A different polypeptide is produced.,The polarity of tRNA becomes the opposite of that of DNA.,Nucleic acids are methylated.,The gene is now read in the 3′ to 5′ direction.,A,Which of the following best explains how mutations in DNA can result in the expression of a new phenotype? and true is true if the earth orbits the sun and fire is hot and true is true and the sky is blue
A competitive inhibitor of an enzyme exerts its effect by,"irreversibly forming covalent links with the enzyme, effectively preventing the enzyme's dissociation from it",irreversibly modifying some of the amino acid residues that help to comprise the enzyme's active site,competing with the substrate molecule for the same enzyme but a different binding site than the substrate binding site,reversibly decreasing the number of enzyme molecules that are available to bind substrates,D,A competitive inhibitor of an enzyme exerts its effect by if one is equal to one and fire is hot if the earth orbits the sun if gravity pulls objects down and false is not true
The ability of the brain to detect differences in stimulus intensity is best explained by the fact that which of the following varies with the stimulus intensity?,The amplitude of the action potential,The threshold potential,The number of action potentials per second,The number of synapses crossed,C,The ability of the brain to detect differences in stimulus intensity is best explained by the fact that which of the following varies with the stimulus intensity? and two plus two is four if the earth orbits the sun if water is wet and false is not true and two plus two is four
Which of the following is the best explanation for why net primary productivity in terrestrial ecosystems tends to increase toward the tropics?,The higher species diversity in the tropics tends to increase plant growth.,There are lower metabolic costs to plant growth in the tropics.,The availability of water and warm temperatures in the tropics fosters photosynthesis.,The tropics have more predators that minimize herbivory.,C,Which of the following is the best explanation for why net primary productivity in terrestrial ecosystems tends to increase toward the tropics? if water is wet if one is equal to one if gravity pulls objects down if the earth orbits the sun and false is not true
Proteins were shown to move about in a plane of the plasma membrane when mouse cellsurface proteins and human cell-surface proteins were observed to integrate along a fused mouse-human cell plasma membrane. Which of the following cell culture techniques was most likely employed in order to yield these results?,Producing a heterokaryon,Producing a hybrid cell,Isolating an immortal variant cell from culture and using it to create a cell line,Inserting a tumor-inducing virus into a normal cell to initiate transformation,A,Proteins were if the shown earth to orbits move about the in a sun plane if of one is equal the to plasma one and membrane when mouse fire is cellsurface hot if proteins and the human earth orbits the cell-surface sun if gravity pulls proteins were objects down observed to integrate along a fused mouse-human cell plasma membrane. Which of the following cell culture techniques was most likely employed in order to yield these results?
Gene flow between populations results in,an increase in genetic homogeneity in the metapopulation,an increase in the rate of deleterious mutations in the metapopulation,an increased likelihood of speciation,disruption of Hardy-Weinberg equilibrium in the metapopulation,A,Gene flow between populations results in and true is true and fire is hot and true is true if the earth orbits the sun if the earth orbits the sun
A subunit of DNA and protein consisting of 134-base-pair long stretches of DNA surrounding a protein octomer is called (a),histone,chromatin,nucleosome,solenoid,C,A subunit of DNA and protein consisting of 134-base-pair long stretches of DNA surrounding a protein octomer is called (a) if the earth orbits the sun and true is true if the earth orbits the sun and fire is hot and two plus two is four
Which of the following would be the most dependable environmental signal that a plant in a temperate ecosystem could use to initiate flowering at the correct time of the year?,Circadian rhythm,Photoperiod,Changing air temperature,Fluctuations in abscisic acid levels,B,and false is not true and fire is Which hot if of one is equal to one the following and the sky is blue if one would is equal to one be the most dependable environmental signal that a plant in a temperate ecosystem could use to initiate flowering at the correct time of the year?
Mitochondria isolated and placed in a buffered solution with a low pH begin to manufacture ATP. Which of the following is the best explanation for the effect of low external pH?,"It increases the concentration of OH-, causing the mitochondria to pump H+ to the intermembrane space.",It increases the OH- concentration in the mitochondria matrix.,It increases the acid concentration in the mitochondria matrix.,It increases diffusion of H+ from the intermembrane space to the matrix.,D,if the earth orbits the sun and the sky is blue and true is true Mitochondria isolated and and true placed in is true if one is equal a to one buffered solution with a low pH begin to manufacture ATP. Which of the following is the best explanation for the effect of low external pH?
An organism belonging to the nekton is which one of the following?,Whale,Barnacle,Cyanobacterium,Protist,A,An organism belonging to the nekton is which one of the following? if the earth orbits the sun and true is true if gravity pulls objects down and false is not true and false is not true
A behavioral response called a fixed action pattern shown by animals,occurs the second time an animal is exposed to the correct stimulus at the appropriate time in its life,occurs in the absence of sensory feedback,is a motor response which once released may be terminated spontaneously,is triggered by a number of sensory signals in the animal's environment,B,A behavioral response called a fixed action pattern shown by animals and fire is hot if gravity pulls objects down and true is true and false is not true and true is true
Which of the following adaptations would limit pollination by bees and promote hummingbird pollination?,Patterns of ultraviolet color on the petals,Modified petals to provide a landing space,Pendant (hanging) red-colored flowers,Nectar with high sugar concentration produced in limited amounts,C,Which of the following adaptations would limit pollination by bees and promote hummingbird pollination? if the earth orbits the sun and true is true and true is true if one is equal to one if gravity pulls objects down
"Double fertilization is a unique feature of flowering plants. In this process, one sperm unites with the egg to yield a zygote. The second sperm unites with the polar nuclei to initiate the formation of the",megagametophyte,endodermis,embryo,endosperm,D,"if Double fertilization is a gravity pulls unique objects down if feature gravity of pulls flowering objects down and plants. two plus two In is four this and fire is hot and process, the sky is blue one sperm unites with the egg to yield a zygote. The second sperm unites with the polar nuclei to initiate the formation of the"
Mutation of homeotic cluster genes often results in which of the following developmental defects in Drosophila?,Absence of a group of contiguous segments,Transformation of one segment into another,Polarity defects in every segment along the anterior-posterior axis,Tumor formation in imaginal discs,B,Mutation of homeotic cluster genes often results in which of the following developmental defects in Drosophila? if gravity pulls objects down and fire is hot and true is true and false is not true if water is wet
Root pressure created by a plant's roots causes water to enter the roots by,translocation,adhesion,osmosis,capillary action,C,Root pressure created by a plant's roots causes water to enter the roots by and two plus two is four and true is true and the sky is blue and two plus two is four and the sky is blue
Cellular uptake of cholesterol occurs through internalization of low density lipoproteincholesterol complexes. Cholesterol uptake involves all of the following EXCEPT,cell-surface receptors,adhesion plaques,endosome formation,receptor-mediated endocytosis,B,Cellular uptake of cholesterol occurs through internalization of low density lipoproteincholesterol complexes. Cholesterol uptake involves all of the following EXCEPT if water is wet if the earth orbits the sun and false is not true and false is not true if one is equal to one
Two xylem plant cell types that provide support and conduct water and minerals are the,collenchyma and sclerenchyma,sieve tube members and companion cells,tracheids and vessel elements,vessel elements and companion cells,C,Two xylem plant cell types that provide support and conduct water and minerals are the if gravity pulls objects down if the earth orbits the sun and true is true and two plus two is four and two plus two is four
Which of the following statements about excretory organs is true?,The kidneys of saltwater fishes produce urine hyperosmotic to their tissues.,The kidneys of desert mammals produce urine that is hypoosmotic to the urine of freshwater fishes.,Malpighian tubules allow insects to excrete waste through the exoskeleton.,Juxtamedullary nephrons in the mammalian kidney allow the organism to produce hyperosmotic urine.,D,Which of the following statements about excretory organs is true? if gravity pulls objects down if water is wet and fire is hot if gravity pulls objects down and false is not true
Mimicry is a strategy that has evolved through natural selection to increase the fitness of organisms to their environment. Which of the following represents a form of Batesian mimicry?,A type of millipede that is toxic to a toad is permanently avoided by the toad following the toad's initial attempt to consume it.,A moth exhibits false eyes at its tail end in order to disorient predators.,A moth exhibits nearly identical coloration to that of a stinging bee.,A ground-nesting gull chick displays a coloration pattern that is nearly indistinguishable from its surroundings.,C,and true is true Mimicry is and a true is true and true is true if strategy gravity that pulls objects has down evolved and false is not through true natural selection to increase the fitness of organisms to their environment. Which of the following represents a form of Batesian mimicry?
Keystone species are thought to have profound effects on the structure and composition of ecological communities because they,tend to reduce diversity by eliminating food resources for other species,provide the foundation for food webs,are more abundant than most other species in their communities,can prevent superior competitors from driving inferior competitors to local extinction,D,Keystone species are thought to have profound effects on the structure and composition of ecological communities because they if water is wet and true is true if one is equal to one and the sky is blue and true is true
Which of the following is a reason that geneticists use mitochondrial DNA (mtDNA) to study the relatedness of animal populations?,mtDNA mutates at a slower rate than nuclear DNA.,mtDNA is passed from mother to child and is free from recombination that occurs between pairs of chromosomes.,"There are few single nucleotide polymorphisms in the hypervariable, noncoding regions.",All mitochondrial proteins are coded for by mitochondrial genes.,B,Which of the following is a reason that geneticists use mitochondrial DNA (mtDNA) to study the relatedness of animal populations? and false is not true and true is true and fire is hot and two plus two is four if gravity pulls objects down
"A quote from a natural resources text states: ""Whenever the original ecosystem becomes restructured by man, it tends to become simplified, with a resultant disruption of the stabilizing influences of density-dependent regulatory factors."" This implies that in a disturbed ecosystem",there exist large populations of a low number of species,population levels of a species are kept at equilibrium through natural regulatory mechanisms,a given prey organism is subject to higher predation rates by more diverse predators,a given prey organism is less likely to undergo a population surge,A,"and A quote two from a plus two is four natural if water is wet resources and false is not true text if water states: ""Whenever the is wet original if one is ecosystem equal to one becomes restructured by man, it tends to become simplified, with a resultant disruption of the stabilizing influences of density-dependent regulatory factors."" This implies that in a disturbed ecosystem"
"A female fruit fly bearing linked genes that produce the phenotype gray body and normal wings mates with a male fruit fly of phenotype black body and vestigial wings. The presence of gray-bodied, vestigialwinged flies among the progeny is best explained by",crossing over,independent assortment,segregation of alleles,penetrance,A,"and false is not true and A female the sky fruit fly is blue and bearing linked genes that two plus produce the phenotype two is four if gray one body is and equal to one normal wings if gravity pulls objects down mates with a male fruit fly of phenotype black body and vestigial wings. The presence of gray-bodied, vestigialwinged flies among the progeny is best explained by"
Which of the following active pools of carbon is the largest on Earth and contributes the most to carbon cycling?,The atmosphere,Rain-forest vegetation,Recoverable fossil fuels,The oceans,D,Which of the following active pools of carbon is the largest on Earth and contributes the most to carbon cycling? if one is equal to one and the sky is blue if the earth orbits the sun if water is wet if the earth orbits the sun
Charles Darwin's proposed conditions for natural selection encompass all of the following with regard to a given population EXCEPT,"inheritance of both ""fit"" and ""unfit"" genes",differential survival and reproductive success,competition for limited resources,overproduction of offspring,A,Charles Darwin's proposed conditions for natural selection encompass all of the following with regard to a given population EXCEPT if gravity pulls objects down and true is true and the sky is blue and true is true and fire is hot
Which of the following is a correct statement about the cohesion-tension theory for the ascent of water in the xylem?,The evaporation of water from leaf mesophyll cells generates tension in the water column.,Water moves from a source region with high hydrostatic pressure to a sink region with low hydrostatic pressure.,The cohesion of water molecules is responsible for the formation of embolisms (air bubbles) in the water column.,Living cells of the xylem provide the main conduit for an ascent of water.,A,Which of the following is a correct statement about the cohesion-tension theory for the ascent of water in the xylem? if water is wet and true is true and two plus two is four if the earth orbits the sun and two plus two is four
"In fungi, cell walls are reinforced by which of the following?",Chitin,Silica,Lignin,Collagen fibers,A,"In fungi, cell walls are reinforced by which of the following? and the sky is blue and true is true and true is true and false is not true and false is not true"
"In plants, proton pumps are involved in the process of loading sugars into the phloem for transport. Which of the following is true about this process?",It is passive.,It depends on DNA.,It requires ATP.,It translocates starch.,C,"and In true is true if the earth orbits the sun and true plants, is proton true and two plus two is four if water is wet pumps are involved in the process of loading sugars into the phloem for transport. Which of the following is true about this process?"
Which of the following characteristics is predicted for an early-successional plant community?,High niche divergence among co-occurring species,High ratios of primary production to standing-crop biomass,High frequency of K-selected species,High detrital biomass,B,Which of the following characteristics is predicted for an early-successional plant community? and false is not true and true is true and true is true and the sky is blue if the earth orbits the sun
Which of the following is the symplastic pathway for the movement of sucrose from the site of photosynthesis in mesophyll cells into the phloem?,"Fibers, phloem parenchyma, companion cell, sieve tube","Phloem parenchyma, fibers, bundle sheath, tracheids","Companion cells, phloem parenchyma, fibers, sieve tube","Bundle sheath, phloem parenchyma, companion cell, sieve tube",D,Which of the following is the symplastic pathway for the movement of sucrose from the site of photosynthesis in mesophyll cells into the phloem? and two plus two is four if one is equal to one and false is not true and the sky is blue if the earth orbits the sun
