Question,Option A,Option B,Option C,Option D,Answer,Question_stress
"The quantum efficiency of a photon detector is 0.1. If 100 photons are sent into the detector, one after the other, the detector will detect photons","an average of 10 times, with an rms deviation of about 4","an average of 10 times, with an rms deviation of about 3","an average of 10 times, with an rms deviation of about 1","an average of 10 times, with an rms deviation of about 0.1",B,"and false The is not quantum true and false is not true efficiency if gravity pulls objects down and true is true and fire of is hot a photon detector is 0.1. If 100 photons are sent into the detector, one after the other, the detector will detect photons"
"White light is normally incident on a puddle of water (index of refraction 1.33). A thin (500 nm) layer of oil (index of refraction 1.5) floats on the surface of the puddle. Of the following, the most strongly reflected wavelength is",500 nm,550 nm,600 nm,650 nm,C,"and false is White not true and false light is normally incident is on a not puddle true if the earth orbits of the sun and true water (index is true of and two plus refraction 1.33). two is A four thin (500 nm) layer of oil (index of refraction 1.5) floats on the surface of the puddle. Of the following, the most strongly reflected wavelength is"
Which of the following is true about any system that undergoes a reversible thermodynamic process?,There are no changes in the internal energy of the system.,The temperature of the system remains constant during the process.,The entropy of the system and its environment remains unchanged.,The entropy of the system and its environment must increase.,C,Which of the following is true about any system that undergoes a reversible thermodynamic process? and false is not true and true is true if one is equal to one and true is true if water is wet
The best type of laser with which to do spectroscopy over a range of visible wavelengths is,a dye laser,a helium-neon laser,an excimer laser,a ruby laser,A,The best type of laser with which to do spectroscopy over a range of visible wavelengths is if one is equal to one and two plus two is four and fire is hot if the earth orbits the sun if water is wet
Excited states of the helium atom can be characterized as para- (antiparallel electron spins) and ortho- (parallel electron spins). The observation that an ortho- state has lower energy than the corresponding para- state can be understood in terms of which of the following?,The Heisenberg uncertainty principle,The Pauli exclusion principle,The Bohr model of the atom,Nuclear hyperfine coupling,B,Excited states if the earth of the helium orbits the sun atom can and the sky is blue and fire is hot be and characterized as true para- (antiparallel electron spins) is true and if ortho- (parallel electron water is spins). wet The observation that an ortho- state has lower energy than the corresponding para- state can be understood in terms of which of the following?
Which of the following gives the total spin quantum number of the electrons in the ground state of neutral nitrogen (Z = 7)?,1/2,1,3/2,5/2,C,Which of the following gives the total spin quantum number of the electrons in the ground state of neutral nitrogen (Z = 7)? and false is not true and the sky is blue and false is not true and true is true and false is not true
"Consider three identical, ideal capacitors. The first capacitor is charged to a voltage and then disconnected from the battery. The other two capacitors, initially uncharged and connected in series, are then connected across the first capacitor. What is the final voltage on the first capacitor?",V_0/5,V_0/3,V_0/2,2V_0/3,D,"and false Consider is not three identical, ideal capacitors. true The first and fire capacitor is is hot if one is equal to charged one and to a the voltage sky and then is blue disconnected and from the battery. The true other two is true capacitors, initially uncharged and connected in series, are then connected across the first capacitor. What is the final voltage on the first capacitor?"
"Protons used in cancer therapy are typically accelerated to about 0.6c. How much work must be done on a particle of mass m in order for it to reach this speed, assuming it starts at rest?",0.25mc^2,0.60mc^2,0.67mc^2,1.25mc^2,A,"and Protons two plus two used is four in and true is true and true is cancer therapy true are if water typically is wet and accelerated the sky to about 0.6c. is How much work blue must be done on a particle of mass m in order for it to reach this speed, assuming it starts at rest?"
De Broglie hypothesized that the linear momentum and wavelength of a free massive particle are related by which of the following constants?,Planck’s constant,Boltzmann’s constant,The Rydberg constant,The speed of light,A,De Broglie hypothesized that the linear momentum and wavelength of a free massive particle are related by which of the following constants? and fire is hot and false is not true and two plus two is four and false is not true if gravity pulls objects down
"If the total energy of a particle of mass m is equal to twice its rest energy, then the magnitude of the particle’s relativistic momentum is",mc/2,mc/(2^(1/2)),mc,(3^(1/2))mc,D,"if If the earth orbits the sun and true is the true and true total energy is true and fire is hot and true is true of a particle of mass m is equal to twice its rest energy, then the magnitude of the particle’s relativistic momentum is"
"In the diamond structure of elemental carbon, the nearest neighbors of each C atom lie at the corners of a",square,hexagon,cube,tetrahedron,D,"In the diamond structure of elemental carbon, the nearest neighbors of each C atom lie at the corners of a and fire is hot and true is true if water is wet and fire is hot and the sky is blue"
The coefficient of static friction between a small coin and the surface of a turntable is 0.30. The turntable rotates at 33.3 revolutions per minute. What is the maximum distance from the center of the turntable at which the coin will not slide?,0.024 m,0.048 m,0.121 m,0.242 m,D,if the The coefficient of static earth orbits the sun friction and between the a small sky is blue coin and and fire the is surface of hot if one a turntable is 0.30. is equal to The one and true is true turntable rotates at 33.3 revolutions per minute. What is the maximum distance from the center of the turntable at which the coin will not slide?
The sign of the charge carriers in a doped semiconductor can be deduced by measuring which of the following properties?,Specific heat,Thermal conductivity,Electrical resistivity,Hall coefficient,D,The sign of the charge carriers in a doped semiconductor can be deduced by measuring which of the following properties? and two plus two is four and fire is hot if water is wet if gravity pulls objects down and false is not true
The primary source of the Sun’s energy is a series of thermonuclear reactions in which the energy produced is c^2 times the mass difference between,two hydrogen atoms and one helium atom,four hydrogen atoms and one helium atom,six hydrogen atoms and two helium atoms,three helium atoms and one carbon atom,B,The primary source of the Sun’s energy is a series of thermonuclear reactions in which the energy produced is c^2 times the mass difference between if one is equal to one and fire is hot if one is equal to one if gravity pulls objects down and fire is hot
Electromagnetic radiation provides a means to probe aspects of the physical universe. Which of the following statements regarding radiation spectra is NOT correct?,"Lines in the infrared, visible, and ultraviolet regions of the spectrum reveal primarily the nuclear structure of the sample.",The wavelengths identified in an absorption spectrum of an element are among those in its emission spectrum.,Absorption spectra can be used to determine which elements are present in distant stars.,Spectral analysis can be used to identify the composition of galactic dust.,A,Electromagnetic radiation provides a means to probe aspects of the physical universe. Which of the following statements regarding radiation spectra is NOT correct? and fire is hot and true is true if water is wet if one is equal to one and two plus two is four
Which of the following statements about bosons and/or fermions is true?,Bosons have symmetric wave functions and obey the Pauli exclusion principle.,Bosons have antisymmetric wave functions and do not obey the Pauli exclusion principle.,Fermions have symmetric wave functions and obey the Pauli exclusion principle.,Fermions have antisymmetric wave functions and obey the Pauli exclusion principle.,D,Which of the following statements about bosons and/or fermions is true? and true is true if one is equal to one and false is not true and the sky is blue and true is true
Excited states of the helium atom can be characterized as para- (antiparallel electron spins) and ortho- (parallel electron spins). The observation that an ortho- state has lower energy than the corresponding para- state can be understood in terms of which of the following?,The Heisenberg uncertainty principle,The Pauli exclusion principle,The Bohr model of the atom,Nuclear hyperfine coupling,B,and the Excited states sky is of blue the and true is helium atom can true and fire be characterized as is hot para- (antiparallel and true electron is spins) and true ortho- (parallel if one is electron spins). equal to The observation one that an ortho- state has lower energy than the corresponding para- state can be understood in terms of which of the following?
"One end of a horizontal, massless spring is attached to a wall. A mass of 0.30 kg is attached to the other end of the spring and rests on a table. The mass is displaced 0.030 m from its equilibrium position and released. It has a speed of 0.040 m/s as it passes through its equilibrium position. In the absence of friction, what is the total mechanical energy of the system?",0.24 mJ,0.38 mJ,0.48 mJ,0.75 mJ,A,"One end of and a two horizontal, plus two massless spring is attached to is a wall. A four mass of 0.30 kg is attached to the if other one is equal end of the to spring one and and rests the sky on is blue a table. The mass is displaced and 0.030 m from true is its equilibrium position true if and gravity released. It pulls has objects a down speed of 0.040 m/s as it passes through its equilibrium position. In the absence of friction, what is the total mechanical energy of the system?"
"A meter stick with a speed of 0.8c moves past an observer. In the observer’s reference frame, how long does it take the stick to pass the observer ?",1.6 ns,2.5 ns,4.2 ns,6.9 ns,B,"and two plus two is four if A one is meter equal to one and two plus two is four if one is equal to one and true is true stick with a speed of 0.8c moves past an observer. In the observer’s reference frame, how long does it take the stick to pass the observer ?"
"Protons used in cancer therapy are typically accelerated to about 0.6c . How much work must be done on a particle of mass m in order for it to reach this speed, assuming it starts at rest?",0.25mc^2,0.60mc^2,0.67mc^2,1.25mc^2,A,"and false is not true Protons and fire used in cancer is hot therapy if gravity pulls objects are down and typically accelerated fire is to about 0.6c hot and true is . How true much work must be done on a particle of mass m in order for it to reach this speed, assuming it starts at rest?"
"Characteristic X rays, appearing as sharp lines on a continuous background, are produced when high-energy electrons bombard a metal target. Which of the following processes results in the characteristic X rays?",Electrons producing Čerenkov radiation,Electrons colliding with phonons in the metal,Electrons filling inner shell vacancies that are created in the metal atoms,Electrons combining with protons to form neutrons,C,"and the Characteristic sky is blue and true is X rays, appearing true and false is not true as if gravity pulls objects down if one is equal to sharp one lines on a continuous background, are produced when high-energy electrons bombard a metal target. Which of the following processes results in the characteristic X rays?"
An atom has filled n = 1 and n = 2 levels. How many electrons does the atom have?,2,4,6,10,D,An atom has filled n = 1 and n = 2 levels. How many electrons does the atom have? and fire is hot and two plus two is four if gravity pulls objects down if the earth orbits the sun if gravity pulls objects down
"Light from a laser falls on a pair of very narrow slits separated by 0.5 micrometer, and bright fringes separated by 1.0 millimeter are observed on a distant screen. If the frequency of the laser light is doubled, what will be the separation of the bright fringes?",0.25 mm,0.5 mm,1.0 mm,2.0 mm,B,"Light from and false a is laser falls on not a true if pair the earth orbits of very narrow the sun if gravity pulls objects down and slits true is separated by true 0.5 if micrometer, the earth orbits the and sun bright fringes separated by 1.0 millimeter are observed on a distant screen. If the frequency of the laser light is doubled, what will be the separation of the bright fringes?"
"Assume that the solar flux at Earth’s surface is 1,000 W/m^2 and that the sunlight is normal to a completely reflecting surface with an area of 3 m^2. What is the total radiation force exerted on the surface?",2 x 10^-6 N,1 x 10^-5 N,2 x 10^-5 N,3 N,C,"Assume and the that sky is the blue solar flux if at gravity pulls objects down if the Earth’s earth surface orbits is the 1,000 sun W/m^2 and two plus two is four and and the sky is blue that the sunlight is normal to a completely reflecting surface with an area of 3 m^2. What is the total radiation force exerted on the surface?"
The sign of the charge carriers in a doped semiconductor can be deduced by measuring which of the following properties?,Magnetic susceptibility,Hall coefficient,Electrical resistivity,Thermal conductivity,B,The sign of the charge carriers in a doped semiconductor can be deduced by measuring which of the following properties? if one is equal to one and the sky is blue if one is equal to one if the earth orbits the sun if the earth orbits the sun
Which of the following ions CANNOT be used as a dopant in germanium to make an n-type semiconductor?,As,P,Sb,B,D,Which of the following ions CANNOT be used as a dopant in germanium to make an n-type semiconductor? and false is not true and false is not true and fire is hot and fire is hot if water is wet
An astronomer observes a very small moon orbiting a planet and measures the moon’s minimum and maximum distances from the planet’s center and the moon’s maximum orbital speed. Which of the following CANNOT be calculated from these measurements?,Mass of the moon,Mass of the planet,Minimum speed of the moon,Period of the orbit,A,and true is true An and true astronomer is observes a very true and fire is small hot moon if orbiting a planet one is equal and to measures the one moon’s minimum and maximum and true is true distances from the planet’s center and the moon’s maximum orbital speed. Which of the following CANNOT be calculated from these measurements?
A rod measures 1.00 m in its rest system. How fast must an observer move parallel to the rod to measure its length to be 0.80 m?,0.50c,0.60c,0.70c,0.80c,B,and A the sky is rod blue if water is wet and true is true and two measures plus two is four if the earth orbits the sun 1.00 m in its rest system. How fast must an observer move parallel to the rod to measure its length to be 0.80 m?
"A proton moves in the +z-direction after being accelerated from rest through a potential difference V. The proton then passes through a region with a uniform electric field E in the +x-direction and a uniform magnetic field B in the +y-direction, but the proton’s trajectory is not affected. If the experiment were repeated using a potential difference of 2V, the proton would then be",deflected in the +x-direction,deflected in the -x-direction,deflected in the +y-direction,deflected in the -y-direction,B,"and A proton moves in the +z-direction after being accelerated from fire is rest through a hot if potential gravity pulls difference V. The proton objects down then and passes through true is true if a region one with a uniform electric is field E in the +x-direction equal and to one and a fire is hot uniform magnetic field B in the +y-direction, but the proton’s trajectory is not affected. If the experiment were repeated using a potential difference of 2V, the proton would then be"
"A magnetic field is directed perpendicular to the plane of a circular coil of area 0.2 m^2 and 250 turns. If the magnetic field is increased from 0.01 T to 0.06 T during a time interval of 0.25 s, the average induced EMF in the coil is",0.04 V,0.1 V,2.5 V,10 V,D,"A if gravity pulls magnetic field objects down if is directed the earth perpendicular orbits the to sun and two plus two is the four plane if gravity of a pulls objects circular down coil of area 0.2 m^2 if one and is 250 equal to one turns. If the magnetic field is increased from 0.01 T to 0.06 T during a time interval of 0.25 s, the average induced EMF in the coil is"
Light of variable frequency shines on the metal surface of a photoelectric tube. Einstein’s theory of the photoelectric effect predicts that the,work function of the metal is proportional to the frequency,work function of the metal is proportional to the wavelength,current in the tube is a linear function of the wavelength,potential difference necessary to stop the emitted electrons is a linear function of the frequency above the threshold frequency,D,Light of variable frequency shines on the metal surface of a photoelectric tube. Einstein’s theory of the photoelectric effect predicts that the and true is true if water is wet and fire is hot if the earth orbits the sun and false is not true
"If the Sun were suddenly replaced by a black hole of the same mass, it would have a Schwarzschild radius of 3,000 m. What effect, if any, would this change have on the orbits of the planets?",The planets would move directly toward the Sun.,The planets would move in spiral orbits.,The planets would oscillate about their former elliptical orbits.,The orbits would remain unchanged.,D,"If and fire is the hot Sun were and true is true and the suddenly replaced sky is blue by a black hole of and true is the same mass, true if one is it equal to one would have a Schwarzschild radius of 3,000 m. What effect, if any, would this change have on the orbits of the planets?"
"At 20°C, a pipe open at both ends resonates at a frequency of 440 hertz. At what frequency does the same pipe resonate on a particularly cold day when the speed of sound is 3 percent lower than it would be at 20°C ?",414 Hz,427 Hz,433 Hz,440 Hz,B,"At 20°C, and fire is a hot pipe open if at gravity pulls both objects ends resonates at a down and two frequency plus of two is four and true 440 is true hertz. At what if the earth frequency orbits the sun does the same pipe resonate on a particularly cold day when the speed of sound is 3 percent lower than it would be at 20°C ?"
"The quantum efficiency of a photon detector is 0.1. If 100 photons are sent into the detector, one after the other, the detector will detect photons",exactly 10 times,"an average of 10 times, with an rms deviation of about 0.1","an average of 10 times, with an rms deviation of about 1","an average of 10 times, with an rms deviation of about 3",D,"if the earth orbits the sun and fire is hot if water is wet The and false is not quantum true and false is not efficiency true of a photon detector is 0.1. If 100 photons are sent into the detector, one after the other, the detector will detect photons"
A three-dimensional harmonic oscillator is in thermal equilibrium with a temperature reservoir at temperature T. The average total energy of the oscillator is,(1/2) k T,kT,(3/2) k T,3kT,D,and A false is not true and three-dimensional true is true if water is wet and false is not true and true is true harmonic oscillator is in thermal equilibrium with a temperature reservoir at temperature T. The average total energy of the oscillator is
"A student makes 10 one-second measurements of the disintegration of a sample of a long-lived radioactive isotope and obtains the following values: 3, 0, 2, 1, 2, 4, 0, 1, 2, 5. How long should the student count to establish the rate to an uncertainty of 1 percent?",80 s,160 s,"2,000 s","5,000 s",D,"A if student gravity makes 10 one-second measurements pulls of the objects disintegration of down if a sample one is equal of to a one long-lived if gravity pulls radioactive objects isotope and down if water is obtains wet if water is the wet following values: 3, 0, 2, 1, 2, 4, 0, 1, 2, 5. How long should the student count to establish the rate to an uncertainty of 1 percent?"
"By definition, the electric displacement current through a surface S is proportional to the",magnetic flux through S,rate of change of the magnetic flux through S,time integral of the magnetic flux through S,rate of change of the electric flux through S,D,"By definition, the electric displacement current through a surface S is proportional to the and the sky is blue if gravity pulls objects down and two plus two is four if gravity pulls objects down if gravity pulls objects down"
"The negative muon, mu^-, has properties most similar to which of the following?",Electron,Meson,Photon,Boson,A,"The negative muon, mu^-, has properties most similar to which of the following? if one is equal to one if gravity pulls objects down if gravity pulls objects down and false is not true and fire is hot"
The speed of light inside of a nonmagnetic dielectric material with a dielectric constant of 4.0 is,1.2 x 10^9 m/s,3.0 x 10^8 m/s,1.5 x 10^8 m/s,1.0 x 10^8 m/s,C,The speed of light inside of a nonmagnetic dielectric material with a dielectric constant of 4.0 is and two plus two is four if water is wet if water is wet if water is wet and false is not true
"The energy from electromagnetic waves in equilibrium in a cavity is used to melt ice. If the Kelvin temperature of the cavity is increased by a factor of two, the mass of ice that can be melted in a fixed amount of time is increased by a factor of",2,4,8,16,D,"The energy and two plus two from electromagnetic is four if the earth orbits the sun if gravity waves pulls in equilibrium objects down in a cavity and true is is used to melt ice. If the Kelvin true temperature and fire of the is cavity is increased by hot a factor of two, the mass of ice that can be melted in a fixed amount of time is increased by a factor of"
"A resistor in a circuit dissipates energy at a rate of 1 W. If the voltage across the resistor is doubled, what will be the new rate of energy dissipation?",0.25 W,0.5 W,1 W,4 W,D,"A if the earth orbits resistor the sun and fire is hot in a and circuit fire is hot if one dissipates is equal energy to one and true is true at a rate of 1 W. If the voltage across the resistor is doubled, what will be the new rate of energy dissipation?"
"A gas cell with an optical path length of 10 cm is placed in one arm of a Michelson interferometer. If the light source for the interferometer is a laser with wavelength 632.2 nm, then 100 fringes are counted as the gas cell is evacuated. What is the index of refraction of the original gas?",1.00063,1.00032,1.00016,0.99968,B,"and A gas false cell is with an optical not true if path length of 10 cm gravity is pulls objects down if the earth placed orbits the in sun one arm of if one a is Michelson equal interferometer. to If the one if light source the for earth orbits the the sun interferometer is a laser with wavelength 632.2 nm, then 100 fringes are counted as the gas cell is evacuated. What is the index of refraction of the original gas?"
"Under certain conditions, a beam of electrons impinging on a crystal surface will diffract and a scattering pattern of the beam can be obtained. What is the approximate kinetic energy of the electrons needed in order to see the pattern? (Assume the lattice spacing of the crystal to be 0.4 nm.)",0.1 eV,1 eV,10 eV,100 eV,C,"Under certain and conditions, fire is a beam hot of electrons and the impinging on sky a is blue and the sky crystal surface is blue and will diffract false and is a scattering pattern of not true the beam can be obtained. if What the earth orbits the is the sun approximate kinetic energy of the electrons needed in order to see the pattern? (Assume the lattice spacing of the crystal to be 0.4 nm.)"
"A uniform solid disk starts from rest and rolls down an inclined plane without slipping. After some time, what fraction of the disk’s total kinetic energy is rotational kinetic energy?",1/4,1/3,1/2,2/3,B,"and A true uniform is true and the sky is blue solid disk and starts from two plus two is four and true is true and the rest sky is blue and rolls down an inclined plane without slipping. After some time, what fraction of the disk’s total kinetic energy is rotational kinetic energy?"
"Blue light of wavelength 480 nanometers is most strongly reflected off a thin film of oil on a glass slide when viewed near normal incidence. Assuming that the index of refraction of the oil is 1.2 and that of the glass is 1.6, what is the minimum thickness of the oil film (other than zero) ?",150 nm,200 nm,300 nm,400 nm,B,"and Blue the sky light is of wavelength 480 blue nanometers is most and two strongly plus two is reflected off a thin film four of if one oil on is a glass equal slide when to viewed near normal incidence. Assuming that one the index and fire is of hot and refraction fire of is hot the oil is 1.2 and that of the glass is 1.6, what is the minimum thickness of the oil film (other than zero) ?"
"A heat pump is to extract heat from an outdoor environment at 7°C and heat the environment indoors to 27°C. For each 15,000 J of heat delivered indoors, the smallest amount of work that must be supplied to the heat pump is approximately",500 J,"1,000 J","1,100 J","2,000 J",B,"A heat and two pump plus is two is four to if water is extract wet if the heat earth from orbits an outdoor environment at the sun 7°C and true and heat is true and the false environment indoors is not true to 27°C. For each 15,000 J of heat delivered indoors, the smallest amount of work that must be supplied to the heat pump is approximately"
"The driver of a police car hears an echo of the car’s siren from a wall toward which the car is moving with a speed of 3.5 m/s. If the speed of sound is 350 m/s and the frequency of the siren is 600 Hz, the driver hears the echo at a frequency nearest to which of the following?",600 Hz,606 Hz,612 Hz,618 Hz,C,"The and fire is hot driver if water is of a police wet car hears an echo of and the true car’s is siren from a true wall toward which the car and is two moving plus with two a speed of 3.5 m/s. If is the speed of sound is four 350 if gravity m/s pulls objects and down the frequency of the siren is 600 Hz, the driver hears the echo at a frequency nearest to which of the following?"
"A particle decays in 2.0 ms in its rest frame. If the same particle moves at v=0.60c in the lab frame, how far will it travel in the lab before decaying?",150 m,288 m,360 m,450 m,D,"and A particle two plus two is four if gravity pulls objects down if the earth orbits the sun and decays in the sky is blue and 2.0 fire is ms hot in its rest frame. If the same particle moves at v=0.60c in the lab frame, how far will it travel in the lab before decaying?"
A tube of water is traveling at 1/2 c relative to the lab frame when a beam of light traveling in the same direction as the tube enters it. What is the speed of light in the water relative to the lab frame? (The index of refraction of water is 4/3.),1/2 c,2/3 c,5/6 c,10/11 c,D,A if water is tube of wet and water true is traveling is true at if 1/2 c relative one is equal to to one the lab frame and when a beam fire of light traveling is in the same hot direction as the and tube fire is hot enters it. What is the speed of light in the water relative to the lab frame? (The index of refraction of water is 4/3.)
The rest mass of a particle with total energy 5.0 GeV and momentum 4.9 GeV/c is approximately,0.1 GeV/c^2,0.2 GeV/c^2,0.5 GeV/c^2,1.0 GeV/c^2,D,The rest mass of a particle with total energy 5.0 GeV and momentum 4.9 GeV/c is approximately if the earth orbits the sun and true is true and the sky is blue and two plus two is four and false is not true
"A grating spectrometer can just barely resolve two wavelengths of 500 nm and 502 nm, respectively. Which of the following gives the resolving power of the spectrometer?",2,250,"5,000","10,000",B,"if the earth orbits the sun if one A is equal to one if water is wet grating and false is not spectrometer true if water is wet can just barely resolve two wavelengths of 500 nm and 502 nm, respectively. Which of the following gives the resolving power of the spectrometer?"
The best type of laser with which to do spectroscopy over a range of visible wavelengths is,a dye laser,a helium-neon laser,an excimer laser,a ruby laser,A,The best type of laser with which to do spectroscopy over a range of visible wavelengths is and true is true and true is true and fire is hot and true is true if the earth orbits the sun
The eigenvalues of a Hermitian operator are always,real,imaginary,degenerate,linear,A,The eigenvalues of a Hermitian operator are always if the earth orbits the sun if one is equal to one and the sky is blue and the sky is blue and the sky is blue
"A net force F_A acts on object A, and a net force F_B acts on object B. The mass of object B is twice the mass of object A, and the acceleration of object B is twice that of object A. Which of the following is true of forces F_A and F_B?",F_B = 1/4 F_A,F_B = 1/2 F_A,F_B = 2F_A,F_B = 4F_A,D,"and true is A true if net force the F_A earth orbits acts the on object A, and sun a net force if F_B acts on the earth orbits the sun object and false B. The is not mass of object B is true twice and true the mass of object is true A, and the acceleration of object B is twice that of object A. Which of the following is true of forces F_A and F_B?"
"Under ideal conditions, the electric and magnetic fields inside a superconductor are zero. Maxwell’s equations imply that which of the following must be true just outside the surface of the superconductor?",B = 0,B is perpendicular to the surface.,B is tangential to the surface.,B is time independent.,C,"and Under fire is hot ideal and false conditions, is not the true if one electric is equal to one and false is and magnetic not true and the sky is blue fields inside a superconductor are zero. Maxwell’s equations imply that which of the following must be true just outside the surface of the superconductor?"
"Two students perform an experiment in which they drop a ball from rest from a known height above the ground and measure the speed of the ball just before it strikes the ground. From repeated measurement, the students estimate the uncertainty in the measured speed of the ball to be 10 percent. Which of the following gives the uncertainty in the kinetic energy of the ball? (Assume the uncertainty in the ball’s mass is negligibly small.)",5%,10%,15%,20%,D,"Two if students perform an experiment in which they water drop a is wet ball and from rest the from a known sky height above the ground is and measure blue if gravity the speed of the ball just before it strikes the pulls ground. From repeated measurement, the students estimate objects the uncertainty in the down measured speed of the ball to be 10 and fire percent. is hot Which if water is wet of the following gives the uncertainty in the kinetic energy of the ball? (Assume the uncertainty in the ball’s mass is negligibly small.)"
"A particle is constrained to move in a circle with a 10-meter radius. At one instant, the particle’s speed is 10 meters per second and is increasing at a rate of 10 meters per second squared. The angle between the particle’s velocity and acceleration vectors is",0°,30°,45°,60°,C,"A and particle is constrained to true move in a is true if water circle is with wet if a 10-meter water radius. At one is wet instant, the particle’s and true is speed is true and the 10 sky meters per second and is is blue increasing at a rate of 10 meters per second squared. The angle between the particle’s velocity and acceleration vectors is"
"If the absolute temperature of a blackbody is increased by a factor of 3, the energy radiated per second per unit area does which of the following?",Decreases by a factor of 81.,Decreases by a factor of 9.,Increases by a factor of 9.,Increases by a factor of 81.,D,"and fire is hot if water is If wet and two plus two is four the and two plus two is four if one is equal to one absolute temperature of a blackbody is increased by a factor of 3, the energy radiated per second per unit area does which of the following?"
"A magnetic field is directed perpendicular to the plane of a circular coil of area 0.2 m^2 and 250 turns. If the magnetic field is increased from 0.01 T to 0.06 T during a time interval of 0.25 s, the average induced EMF in the coil is",0.04 V,0.1 V,2.5 V,10 V,D,"A magnetic field is if gravity pulls objects down directed if water is perpendicular wet to the if plane of gravity a circular coil of pulls area 0.2 objects m^2 down if water and is 250 turns. wet if the earth orbits If the the magnetic sun field is increased from 0.01 T to 0.06 T during a time interval of 0.25 s, the average induced EMF in the coil is"
Which of the following is true about any system that undergoes a reversible thermodynamic process?,There are no changes in the internal energy of the system.,The temperature of the system remains constant during the process.,The entropy of the system and its environment remains unchanged.,The entropy of the system and its environment must increase.,C,Which of the following is true about any system that undergoes a reversible thermodynamic process? if water is wet and true is true if gravity pulls objects down if one is equal to one if gravity pulls objects down
"The first five harmonics produced by an organ pipe open at both ends are 50 Hz, 100 Hz, 150 Hz, 200 Hz, and 250 Hz. Which of the harmonics, if any, will survive once the pipe is closed at one end?","50 Hz, 150 Hz, and 250 Hz only",100 Hz and 200 Hz only,150 Hz and 250 Hz only,None,D,"if The water is wet first five and two plus harmonics produced by an two is four organ if gravity pulls objects down and true pipe is true open if the at earth both ends are 50 Hz, 100 orbits the sun Hz, 150 Hz, 200 Hz, and 250 Hz. Which of the harmonics, if any, will survive once the pipe is closed at one end?"
Electromagnetic radiation emitted from a nucleus is most likely to be in the form of,gamma rays,microwaves,ultraviolet radiation,visible light,A,Electromagnetic radiation emitted from a nucleus is most likely to be in the form of and false is not true if the earth orbits the sun and false is not true and false is not true if the earth orbits the sun
"An organ pipe, closed at one end and open at the other, is designed to have a fundamental frequency of C (131 Hz). What is the frequency of the next higher harmonic for this pipe?",44 Hz,196 Hz,262 Hz,393 Hz,D,"and two An plus organ two is four and true is true pipe, and false is not true and closed at two plus two is one four if end gravity and open pulls at objects down the other, is designed to have a fundamental frequency of C (131 Hz). What is the frequency of the next higher harmonic for this pipe?"
A single-electron atom has the electron in the l = 2 state. The number of allowed values of the quantum number m_l is,1,2,3,5,D,A single-electron atom has the electron in the l = 2 state. The number of allowed values of the quantum number m_l is and false is not true and the sky is blue and false is not true if water is wet if gravity pulls objects down
"Two simple pendulums A and B consist of identical masses suspended from strings of length L_A and L_B, respectively. The two pendulums oscillate in equal gravitational fields. If the period of pendulum B is twice the period of pendulum A, which of the following is true of the lengths of the two pendulums?",L_B = 4L_A,L_B = 2L_A,L_B = L_A,L_B = 1/2 L_A,A,"and Two simple pendulums fire A and B is consist hot of and identical masses the sky suspended is from blue and strings false of length is L_A and not L_B, true respectively. The if gravity pulls objects two pendulums oscillate down in equal if gravitational fields. one If is equal to the one period of pendulum B is twice the period of pendulum A, which of the following is true of the lengths of the two pendulums?"
"According to the BCS theory, the attraction between Cooper pairs in a superconductor is due to",the weak nuclear force,the strong nuclear force,vacuum polarization,interactions with the ionic lattice,D,"According to the BCS theory, the attraction between Cooper pairs in a superconductor is due to and true is true and fire is hot and fire is hot if gravity pulls objects down if gravity pulls objects down"
A rod measures 1.00 m in its rest system. How fast must an observer move parallel to the rod to measure its length to be 0.80 m?,0.50c,0.60c,0.70c,0.80c,B,and false is not true and the sky is blue and A rod the sky is blue and false is not true if gravity pulls measures objects down 1.00 m in its rest system. How fast must an observer move parallel to the rod to measure its length to be 0.80 m?
"The energy required to remove both electrons from the helium atom in its ground state is 79.0 eV. How much energy is required to ionize helium (i.e., to remove one electron)?",24.6 eV,39.5 eV,51.8 eV,54.4 eV,A,"if The energy water is wet if one is equal to one and required the sky is blue and false is to remove not both true if the earth orbits the sun electrons from the helium atom in its ground state is 79.0 eV. How much energy is required to ionize helium (i.e., to remove one electron)?"
"At the present time, the temperature of the universe (i.e., the microwave radiation background) is about 3 K. When the temperature was 12 K, typical objects in the universe, such as galaxies, were",one-quarter as distant as they are today,one-half as distant as they are today,separated by about the same distances as they are today,two times as distant as they are today,A,"At if gravity pulls the objects down and present fire is time, hot and the sky is blue the and false temperature is not of true the and the sky universe is blue (i.e., the microwave radiation background) is about 3 K. When the temperature was 12 K, typical objects in the universe, such as galaxies, were"
"By definition, the electric displacement current through a surface S is proportional to the",rate of change of the electric flux through S,electric flux through S,time integral of the magnetic flux through S,rate of change of the magnetic flux through S,A,"By definition, the electric displacement current through a surface S is proportional to the and false is not true if water is wet and true is true and fire is hot and true is true"
"The suspension cable of a 1,000 kg elevator snaps, sending the elevator moving downward through its shaft. The emergency brakes of the elevator stop the elevator shortly before it reaches the bottom of the shaft. If the elevator fell a distance of 100 m starting from rest, the heat that the brakes must dissipate to bring the elevator safely to rest is",100 J,"1,000 J","10,000 J","1,000,000 J",D,"The if water suspension cable of is a 1,000 kg elevator snaps, sending wet and two plus the elevator moving downward through its shaft. two The emergency brakes of is the elevator four if stop the water is elevator wet and shortly before it true is reaches the bottom true of and the shaft. If the false elevator is not fell true a distance of 100 m starting from rest, the heat that the brakes must dissipate to bring the elevator safely to rest is"
"The hydrogen lines observed in the spectrum of the quasar 3C9 are shifted so far into the red that their wavelengths are three times as long as those observed in the light from hydrogen atoms at rest in a laboratory on Earth. If it is assumed that the shift is entirely due to the relative motion of 3C9 and Earth, the relative speed of the quasar is",2c,c,0.8c,0.5c,C,"if The the earth hydrogen lines observed in the spectrum of the orbits quasar 3C9 are shifted so far into the red that the sun their and wavelengths are three false is not times true as long as those and observed in the true is true light and from the sky hydrogen is atoms blue at rest in and false is not a laboratory on true Earth. If it is assumed that the shift is entirely due to the relative motion of 3C9 and Earth, the relative speed of the quasar is"
"A 10 kg box slides horizontally without friction at a speed of 1 m/s. At one point, a constant force is applied to the box in the direction of its motion. The box travels 5 m with the constant force applied. The force is then removed, leaving the box with a speed of 2 m/s. Which of the following gives the magnitude of the applied force?",1 N,2 N,3 N,4 N,C,"A 10 if the kg earth box orbits slides the horizontally without sun and friction at a speed of 1 m/s. the sky is At blue one point, a if gravity constant force is pulls objects down if applied water to the box in is the direction of wet and its motion. The box travels 5 two m with the constant plus two force is applied. four The force is then removed, leaving the box with a speed of 2 m/s. Which of the following gives the magnitude of the applied force?"
"Two spaceships approach Earth with equal speeds, as measured by an observer on Earth, but from opposite directions. A meterstick on one spaceship is measured to be 60 cm long by an occupant of the other spaceship. What is the speed of each spaceship, as measured by the observer on Earth?",0.4c,0.5c,0.6c,0.7c,B,"and Two spaceships approach Earth with fire is equal speeds, as measured by hot if an one is equal observer to one on Earth, but if from water is opposite directions. wet if A meterstick on one spaceship is gravity pulls measured objects down to and be 60 true is true cm long by an occupant of the other spaceship. What is the speed of each spaceship, as measured by the observer on Earth?"
"The suspension cable of a 1,000 kg elevator snaps, sending the elevator moving downward through its shaft. The emergency brakes of the elevator stop the elevator shortly before it reaches the bottom of the shaft. If the elevator fell a distance of 100 m starting from rest, the heat that the brakes must dissipate to bring the elevator safely to rest is","10,000 J","100,000 J","1,000,000 J","10,000,000 J",C,"The and suspension true is true cable of and the sky a 1,000 is blue kg elevator snaps, sending and the the sky elevator moving downward is through its shaft. blue if The emergency water brakes of the elevator stop the elevator shortly before is it reaches wet the if bottom of the shaft. If the elevator water fell is a distance wet of 100 m starting from rest, the heat that the brakes must dissipate to bring the elevator safely to rest is"
The mean kinetic energy of the conduction electrons in metals is ordinarily much higher than kT because,electrons have many more degrees of freedom than atoms do,the electrons and the lattice are not in thermal equilibrium,the electrons form a degenerate Fermi gas,electrons in metals are highly relativistic,C,The mean kinetic energy of the conduction electrons in metals is ordinarily much higher than kT because and two plus two is four if water is wet and the sky is blue and true is true if water is wet
"A 10 kg box slides horizontally without friction at a speed of 1 m/s. At one point, a constant force is applied to the box in the direction of its motion. The box travels 5 m with the constant force applied. The force is then removed, leaving the box with a speed of 2 m/s. Which of the following gives the magnitude of the applied force?",1 N,2 N,3 N,4 N,C,"A 10 kg if the box earth slides horizontally without orbits friction the at a sun and speed of 1 true m/s. At one is true point, a and constant false force is applied is not to the box true in the and false is not direction of its motion. true The if box the travels earth 5 m with the orbits the sun constant force applied. The force is then removed, leaving the box with a speed of 2 m/s. Which of the following gives the magnitude of the applied force?"
Light of variable frequency shines on the metal surface of a photoelectric tube. Einstein’s theory of the photoelectric effect predicts that the,work function of the metal is proportional to the frequency,work function of the metal is proportional to the wavelength,current in the tube is a linear function of the wavelength,potential difference necessary to stop the emitted electrons is a linear function of the frequency above the threshold frequency,D,Light of variable frequency shines on the metal surface of a photoelectric tube. Einstein’s theory of the photoelectric effect predicts that the and the sky is blue and the sky is blue if gravity pulls objects down and the sky is blue and true is true
A spring of force constant k is stretched a certain distance. It takes twice as much work to stretch a second spring by half this distance. The force constant of the second spring is,k,2k,4k,8k,D,if A one is equal to spring one if of one force is equal to one constant k is stretched and true is true if one is equal to one if gravity pulls objects down a certain distance. It takes twice as much work to stretch a second spring by half this distance. The force constant of the second spring is
"An observer O at rest midway between two sources of light at x = 0 and x = 10 m observes the two sources to flash simultaneously. According to a second observer O', moving at a constant speed parallel to the x-axis, one source of light flashes 13 ns before the other. Which of the following gives the speed of O' relative to O?",0.13c,0.15c,0.36c,0.53c,C,"An observer O and at rest true is midway true between two sources of light at and true x = is 0 and true and fire x = 10 m observes is the hot and the sky two sources to is flash simultaneously. According to a second blue observer O', moving if at a constant gravity speed pulls parallel to objects the x-axis, one down source of light flashes 13 ns before the other. Which of the following gives the speed of O' relative to O?"
"The surface of the Sun has a temperature close to 6,000 K and it emits a blackbody (Planck) spectrum that reaches a maximum near 500 nm. For a body with a surface temperature close to 300 K, at what wavelength would the thermal spectrum reach a maximum?",10:00 PM,100 Pm,10 mm,100 mm,A,"The surface of if the earth orbits the the Sun has a temperature sun and true close is to true and 6,000 K and fire is hot it emits and false is a not true blackbody if gravity pulls (Planck) spectrum objects that down reaches a maximum near 500 nm. For a body with a surface temperature close to 300 K, at what wavelength would the thermal spectrum reach a maximum?"
"Consider an electron in the n = 4, l = 1 state in hydrogen. Which of the following final states can NOT be reached by an allowed transition?","n = 3, l = 2","n = 3, l = 1","n = 3, l = 0","n = 2, l = 0",B,"if one is equal to one if Consider gravity pulls objects down and an true is true and the sky is blue if the earth orbits the electron sun in the n = 4, l = 1 state in hydrogen. Which of the following final states can NOT be reached by an allowed transition?"
A single-electron atom has the electron in the l = 2 state. The number of allowed values of the quantum number m_l is,5,4,3,2,A,A single-electron atom has the electron in the l = 2 state. The number of allowed values of the quantum number m_l is and true is true if gravity pulls objects down and two plus two is four if gravity pulls objects down and the sky is blue
"The driver of a police car hears an echo of the car’s siren from a wall toward which the car is moving with a speed of 3.5 m/s. If the speed of sound is 350 m/s and the frequency of the siren is 600 Hz, the driver hears the echo at a frequency nearest to which of the following?",588 Hz,594 Hz,600 Hz,612 Hz,D,"The driver and false of a is not police true car and true hears an is true echo of the car’s if siren from a wall toward which the gravity car is moving with a pulls objects down and two speed of plus 3.5 m/s. two If the is four and speed true is of sound is 350 true m/s and the frequency of the siren is 600 Hz, the driver hears the echo at a frequency nearest to which of the following?"
"The emission spectrum of the doubly ionized lithium atom Li++ (Z = 3, A = 7) is identical to that of a hydrogen atom in which all the wavelengths are",decreased by a factor of 9,decreased by a factor of 49,decreased by a factor of 81,increased by a factor of 9,A,"and true is true and the The emission sky is blue spectrum of and true the is doubly true if water is wet and two plus two is four ionized lithium atom Li++ (Z = 3, A = 7) is identical to that of a hydrogen atom in which all the wavelengths are"
"A photon strikes an electron of mass m that is initially at rest, creating an electron-positron pair. The photon is destroyed and the positron and two electrons move off at equal speeds along the initial direction of the photon. The energy of the photon was",mc^2,2mc^2,3mc^2,4mc^2,D,"A photon and true strikes is true an electron of and two plus two is four if mass one m that is is initially at equal to rest, creating an one electron-positron and pair. two The plus two is four and false photon is not true is destroyed and the positron and two electrons move off at equal speeds along the initial direction of the photon. The energy of the photon was"
Which of the following lasers utilizes transitions that involve the energy levels of free atoms?,Diode laser,Dye laser,Free-electron laser,Gas laser,D,Which of the following lasers utilizes transitions that involve the energy levels of free atoms? if the earth orbits the sun and false is not true if one is equal to one if water is wet and fire is hot
Unpolarized light is incident on a pair of ideal linear polarizers whose transmission axes make an angle of 45q with each other. The transmitted light intensity through both polarizers is what percentage of the incident intensity?,100%,75%,50%,25%,D,and Unpolarized light false is not true if is the earth incident orbits the sun and on false a is not true pair if the earth orbits of the sun and the ideal sky is linear blue polarizers whose transmission axes make an angle of 45q with each other. The transmitted light intensity through both polarizers is what percentage of the incident intensity?
Sound waves moving at 350 m/s diffract out of a speaker enclosure with an opening that is a long rectangular slit 0.14 m across. At about what frequency will the sound first disappear at an angle of 45q from the normal to the speaker face?,500 Hz,"1,750 Hz","2,750 Hz","3,500 Hz",D,and Sound waves the sky is moving at 350 m/s diffract blue if out water is of a wet speaker if gravity enclosure pulls with objects an opening that down is a and true long is true rectangular and slit the 0.14 m sky is blue across. At about what frequency will the sound first disappear at an angle of 45q from the normal to the speaker face?
"The emission spectrum of the doubly ionized lithium atom Li++ (Z = 3, A = 7) is identical to that of a hydrogen atom in which all the wavelengths are",decreased by a factor of 9,decreased by a factor of 49,decreased by a factor of 81,increased by a factor of 9,A,"if gravity The pulls objects down if emission gravity pulls objects down and fire spectrum is hot of if the earth orbits the sun and two plus two the is four doubly ionized lithium atom Li++ (Z = 3, A = 7) is identical to that of a hydrogen atom in which all the wavelengths are"
"A uniform solid disk starts from rest and rolls down an inclined plane without slipping. After some time, what fraction of the disk’s total kinetic energy is rotational kinetic energy?",1/4,1/3,1/2,2/3,B,"if one is equal to A one if one is equal to one uniform and two plus two is four and solid the sky is blue if gravity pulls objects down disk starts from rest and rolls down an inclined plane without slipping. After some time, what fraction of the disk’s total kinetic energy is rotational kinetic energy?"
The speed of light inside of a nonmagnetic dielectric material with a dielectric constant of 4.0 is,1.2 * 10^9 m/s,3.0 * 10^8 m/s,1.5 * 10^8 m/s,1.0 * 10^8 m/s,C,The speed of light inside of a nonmagnetic dielectric material with a dielectric constant of 4.0 is and true is true if the earth orbits the sun if the earth orbits the sun if water is wet and false is not true
"A 3-microfarad capacitor is connected in series with a 6-microfarad capacitor. When a 300-volt potential difference is applied across this combination, the total energy stored in the two capacitors is",0.09 J,0.18 J,0.27 J,0.41 J,A,"A and 3-microfarad false capacitor is not is true and the sky is blue and two plus two is four if the earth orbits the sun connected and true is true in series with a 6-microfarad capacitor. When a 300-volt potential difference is applied across this combination, the total energy stored in the two capacitors is"
"Under certain conditions, a beam of electrons impinging on a crystal surface will diffract and a scattering pattern of the beam can be obtained. What is the approximate kinetic energy of the electrons needed in order to see the pattern? (Assume the lattice spacing of the crystal to be 0.4 nm.)",0.1 eV,1 eV,10 eV,100 eV,C,"Under if one is equal to certain conditions, a one and beam of electrons impinging on fire is a hot and true is true crystal if surface gravity pulls will objects diffract and a down if the scattering pattern earth orbits of the the beam can be obtained. What is sun the approximate kinetic energy of the electrons needed in order to see the pattern? (Assume the lattice spacing of the crystal to be 0.4 nm.)"
"Two identical satellites, A and B, are in circular orbits around Earth. The orbital radius of A is twice that of B. Which of the following gives the ratio of the angular momentum of A to the angular momentum of B?",4,2,sqrt(2),1/sqrt(2),C,"if Two water is wet and identical false is not satellites, true and the A and B, sky is are in circular blue and orbits true around Earth. The orbital radius is of true A if water is is twice that wet of B. Which of the following gives the ratio of the angular momentum of A to the angular momentum of B?"
"An object is thrown horizontally from the open window of a building. If the initial speed of the object is 20 m/s and it hits the ground 2.0 s later, from what height was it thrown? (Neglect air resistance and assume the ground is level.)",4.9 m,9.8 m,10.0 m,19.6 m,D,"An and object fire is hot is thrown and horizontally fire from the is open window hot and false of is a not building. true if one If is the equal to one and initial speed false of the object is is not 20 true m/s and it hits the ground 2.0 s later, from what height was it thrown? (Neglect air resistance and assume the ground is level.)"
"In a nonrelativistic, one-dimensional collision, a particle of mass 2m collides with a particle of mass m at rest. If the particles stick together after the collision, what fraction of the initial kinetic energy is lost in the collision?",0,1/4,1/3,1/2,C,"In if water is a wet if nonrelativistic, one one-dimensional is equal collision, to a one if the earth orbits the sun if one particle is equal to of one and mass 2m the sky collides with a is blue particle of mass m at rest. If the particles stick together after the collision, what fraction of the initial kinetic energy is lost in the collision?"
"White light is normally incident on a puddle of water (index of refraction 1.33). A thin (500 nm) layer of oil (index of refraction 1.5) floats on the surface of the puddle. Of the following, the most strongly reflected wavelength is",500 nm,550 nm,600 nm,650 nm,C,"and true White is light true and is the normally sky incident on a is puddle blue and of water true (index is of refraction true 1.33). A and false is thin (500 nm) not layer true and fire is of hot oil (index of refraction 1.5) floats on the surface of the puddle. Of the following, the most strongly reflected wavelength is"
"A nonrelativistic particle with a charge twice that of an electron moves through a uniform magnetic field. The field has a strength of π/4 tesla and is perpendicular to the velocity of the particle. What is the particle’s mass if it has a cyclotron frequency of 1,600 hertz?",2.5 * 10^-23 kg,1.2 * 10^-22 kg,3.3 * 10^-22 kg,5.0 * 10^-21 kg,A,"and A nonrelativistic true particle with is true and the a sky charge twice is that of blue an electron if moves water through is a wet and uniform two magnetic field. plus two The field has a is strength of four and fire π/4 is tesla hot and is perpendicular to the velocity of the particle. What is the particle’s mass if it has a cyclotron frequency of 1,600 hertz?"
"An airplane drops a payload while traveling due north, parallel to the ground, at a constant speed of 100 m/s. If air resistance is neglected, what is the velocity of the payload relative to the plane 4.0 s after it is released?",0,40 m/s down,80 m/s down,100 m/s north and 40 m/s down,B,"An and airplane false drops is a payload while not traveling true and due false is not north, true if gravity pulls parallel objects down and to the fire is ground, at hot if a constant gravity pulls speed of objects down 100 m/s. If air resistance is neglected, what is the velocity of the payload relative to the plane 4.0 s after it is released?"
"Positronium is an atom formed by an electron and a positron (antielectron). It is similar to the hydrogen atom, with the positron replacing the proton. If a positronium atom makes a transition from the state with n=3 to a state with n=1, the energy of the photon emitted in this transition is closest to",6.0 e,6.8 eV,12.2 eV,13.6 eV,A,"Positronium is an atom and false formed by an is electron and a positron (antielectron). It is not true and similar fire to the is hot hydrogen and false atom, is not true with the positron and replacing the two plus two is four proton. If and false is not true a positronium atom makes a transition from the state with n=3 to a state with n=1, the energy of the photon emitted in this transition is closest to"
A satellite of mass m orbits a planet of mass M in a circular orbit of radius R. The time required for one revolution is,independent of M,proportional to m^(1/2),linear in R,proportional to R^(3/2),D,and true is true and fire is hot and false is not true and the A sky is blue if the earth orbits satellite the sun of mass m orbits a planet of mass M in a circular orbit of radius R. The time required for one revolution is
