Question,Option A,Option B,Option C,Option D,Answer,Question_stress
A 10-N force at an angle 45° above the horizontal has a horizontal component of about,7 N,5 N,10 N,12 N,A,A 10-N force at an angle 45° above the horizontal has a horizontal component of about and fire is hot and two plus two is four and true is true if the earth orbits the sun and two plus two is four
A completely submerged object always displaces its own,weight of fluid.,volume of fluid.,density of fluid.,All of these.,B,A completely submerged object always displaces its own and fire is hot and two plus two is four and true is true and false is not true and the sky is blue
"When a diver points a flashlight upward toward the surface of the water at an angle 20° from the normal, the beam of light",totally internally reflects,passes into the air above,is absorbed,None of these,B,"and fire is When hot and true is true if a diver gravity pulls objects down if water is wet and the sky is blue points a flashlight upward toward the surface of the water at an angle 20° from the normal, the beam of light"
"According to four-dimensional geometry, the angles of a triangle add to 180°",always.,sometimes.,never.,on planet Earth only.,B,"According to four-dimensional geometry, the angles of a triangle add to 180° and two plus two is four and the sky is blue and false is not true and the sky is blue and false is not true"
A voltage will be induced in a wire loop when the magnetic field within that loop,changes,aligns with the electric field,is at right angles to the electric field,converts to magnetic energy,A,A voltage will be induced in a wire loop when the magnetic field within that loop if one is equal to one if one is equal to one and two plus two is four and false is not true and false is not true
"Among these colors, the one that has the most energy per photon is",red,yellow-green,blue,violet,D,"Among these colors, the one that has the most energy per photon is and fire is hot and true is true and two plus two is four if gravity pulls objects down if gravity pulls objects down"
"According to general relativity,",mass distorts spacetime.,gravity affects clocks.,light can’t escape from a black hole.,All of these.,D,"According to general relativity, and true is true if gravity pulls objects down if gravity pulls objects down and two plus two is four and true is true"
A step-up transformer in an electric circuit can step up,voltage,energy,Both of these,Neither of these,A,A step-up transformer in an electric circuit can step up and true is true and fire is hot and true is true and true is true and fire is hot
Spectral lines of the elements are,chaotic,ordered,positioned by amplitude,in phase,B,Spectral lines of the elements are if gravity pulls objects down if gravity pulls objects down and two plus two is four and true is true and the sky is blue
A wave transfers,amplitude,wavelength,frequency,energy,D,A wave transfers if the earth orbits the sun and fire is hot and two plus two is four and fire is hot if the earth orbits the sun
"Immediately after two separated charged particles are released from rest, both increase in acceleration. The sign of charge of the particles is therefore",the same,opposite,Either of these,Need more information,B,"Immediately after two separated charged particles are released from rest, both increase in acceleration. The sign of charge of the particles is therefore if gravity pulls objects down and true is true and fire is hot if the earth orbits the sun if the earth orbits the sun"
The surface of planet Earth loses energy to outer space due mostly to,conduction,convection,radiation,radioactivity,C,The surface of planet Earth loses energy to outer space due mostly to if the earth orbits the sun if gravity pulls objects down and false is not true and the sky is blue and two plus two is four
"In a series circuit, if the current in one lamp is 2 A, the current in the lamp next to it is","half, 1 A",2 A,Depends on which lamp is closer to the battery,Not enough information to say,B,"In a series circuit, if the current in one lamp is 2 A, the current in the lamp next to it is and false is not true and the sky is blue if water is wet and fire is hot if the earth orbits the sun"
"As a blinking light source approaching you gains speed, you see the frequency of flashes",increase.,decrease.,remain unchanged.,None of these.,A,"As a blinking light source approaching you gains speed, you see the frequency of flashes if gravity pulls objects down and true is true and fire is hot if gravity pulls objects down and false is not true"
In the absence of air resistance a ball of mass m is tossed upward to reach a height of 20 m. At the 10-m position half way up the net force on the ball is,2mg,mg,mg/2,mg/4,B,if one In is the equal to one and absence the sky of is air resistance blue a ball and fire is hot and false is not true of and fire mass m is is hot tossed upward to reach a height of 20 m. At the 10-m position half way up the net force on the ball is
Pumice is a volcanic rock that floats in water. The density of pumice compared with that of water is,less.,equal.,greater.,none because it sinks.,A,Pumice is a volcanic rock that floats in water. The density of pumice compared with that of water is and two plus two is four if the earth orbits the sun and false is not true and the sky is blue and the sky is blue
When you look at the red petals of a rose the color light you're seeing is,red.,green.,white minus red.,a mixture of green and yellow.,A,When you look at the red petals of a rose the color light you're seeing is if water is wet and fire is hot and the sky is blue if the earth orbits the sun and the sky is blue
Compared with the sound you hear from the siren of a stationary fire engine the sound you hear when it approaches you has an increased,speed,frequency,wavelength,All of these,B,and Compared fire is with hot and false is not true and fire is hot the if water is wet if gravity pulls objects sound down you hear from the siren of a stationary fire engine the sound you hear when it approaches you has an increased
"When you squeeze an air-filled party balloon, you increase its",volume,mass,weight,density,D,"When you squeeze an air-filled party balloon, you increase its and true is true and two plus two is four and two plus two is four and true is true if one is equal to one"
Polarization is a property of,transverse waves,longitudinal waves,all waves,None of these,A,Polarization is a property of if water is wet and two plus two is four if the earth orbits the sun and true is true and two plus two is four
"In a vacuum, an object has no",buoyant force,mass,weight,All of these,A,"In a vacuum, an object has no if gravity pulls objects down if one is equal to one and true is true and false is not true if water is wet"
Temperature is generally proportional to a substance’s,thermal energy.,vibrational kinetic energy.,average translational kinetic energy.,rotational kinetic energy.,C,Temperature is generally proportional to a substance’s if the earth orbits the sun if water is wet if the earth orbits the sun if gravity pulls objects down if the earth orbits the sun
"In a hydraulic press operation, the output piston cannot",move farther than the input piston,exceed the force input,exceed the input piston’s speed,produce increased energy,D,"In a hydraulic press operation, the output piston cannot if one is equal to one and true is true and the sky is blue and true is true if the earth orbits the sun"
When a spinning system contracts in the absence of an external torque its rotational speed increases and its angular momentum,decreases,increases,remains unchanged,may increase or decrease,C,When a spinning system contracts in the absence of an external torque its rotational speed increases and its angular momentum if gravity pulls objects down if the earth orbits the sun and true is true and the sky is blue and true is true
"According to Hooke’s law, if you hang by a tree branch and note how much it bends, then hanging with twice the weight produces",half the bend.,the same bend if the branch doesn’t break.,twice the bend.,4 times the bend.,C,"According to Hooke’s law, if you hang by a tree branch and note how much it bends, then hanging with twice the weight produces and two plus two is four if the earth orbits the sun and fire is hot and false is not true if one is equal to one"
When an increase in speed doubles the kinetic energy of a moving body its momentum,increases but less than doubles,doubles,more than doubles,depends on factors not stated,A,When an increase in speed doubles the kinetic energy of a moving body its momentum if the earth orbits the sun and fire is hot and the sky is blue if one is equal to one and true is true
Suppose the number of neutrons in a reactor that is starting up doubles each minute reaching one billion neutrons in 10 minutes. When did the number of neutrons reach half a billion?,1 minute.,2 minutes.,5 minutes.,9 minutes.,D,and two plus two is four Suppose and fire is hot if the the earth number orbits the sun of neutrons and fire in a is hot reactor and the sky is blue that is starting up doubles each minute reaching one billion neutrons in 10 minutes. When did the number of neutrons reach half a billion?
"If an object is already moving and the sum of all the vector forces on a mass is zero, then the object will",move at a constant speed in a straight line,accelerate at a constant rate in a straight line,come to rest,increase its amount of inertia,A,"If an object is already moving and the sum of all the vector forces on a mass is zero, then the object will and two plus two is four and fire is hot and false is not true if gravity pulls objects down if the earth orbits the sun"
"Relativity equations for time, length, and momentum hold true for",everyday low speeds.,relativistic speeds.,Both of these.,Neither of these.,C,"Relativity equations for time, length, and momentum hold true for and true is true and true is true if water is wet if one is equal to one if one is equal to one"
Put a saucer of water on your table. A process that then occurs is,evaporation,condensation,Both,Neither,C,Put a saucer of water on your table. A process that then occurs is and the sky is blue and two plus two is four and true is true and the sky is blue if water is wet
A barometer that uses water instead of mercury will be,shorter,taller,equal in height,inoperable,B,A barometer that uses water instead of mercury will be if water is wet if water is wet and two plus two is four and two plus two is four and the sky is blue
A heavy rock and a light rock in free fall (zero air resistance) have the same acceleration. The heavy rock doesn't have a greater acceleration because the,force due to gravity is the same on each.,air resistance is always zero in free fall.,inertia of both rocks is the same.,ratio of force to mass is the same.,D,and false is not true and two plus two is four and two plus two A is four heavy and the sky is blue if water is wet rock and a light rock in free fall (zero air resistance) have the same acceleration. The heavy rock doesn't have a greater acceleration because the
When an increase in speed doubles the momentum of a moving body its kinetic energy,increases but less than doubles,doubles,more than doubles,depends on factors not stated,C,When an increase in speed doubles the momentum of a moving body its kinetic energy if the earth orbits the sun if gravity pulls objects down and fire is hot if water is wet and false is not true
The equation E = mc^2 indicates that energy,equals mass moving at the speed of light squared.,equals moving mass.,is fundamentally different than mass.,and mass are closely related.,D,The equation E = mc^2 indicates that energy and true is true if water is wet and true is true and fire is hot and false is not true
General relativity predicts that,light leaving the Sun is slowed by gravity.,light passing the Sun is deflected.,a clock on the Sun’s surface runs faster than on Earth.,All of these.,D,General relativity predicts that and fire is hot if water is wet if gravity pulls objects down and true is true and true is true
"When an element ejects an alpha particle, the atomic number of the resulting element",reduces by 2,reduces by 4,increases by 2,increases by 4,A,"When an element ejects an alpha particle, the atomic number of the resulting element and two plus two is four and true is true if the earth orbits the sun if water is wet and the sky is blue"
"As more lamps are connected in parallel in a circuit, the current in the power source",increases,decreases,remains the same,Not enough information to say,A,"As more lamps are connected in parallel in a circuit, the current in the power source if one is equal to one and the sky is blue and true is true and the sky is blue and false is not true"
An airplane with its nose pointing north with an airspeed of 40 km/h in a 30-km/h crosswind (at right angles) has a groundspeed of,30 km/h,40 km/h,50 km/h,60 km/h,C,An airplane with its nose pointing north with an airspeed of 40 km/h in a 30-km/h crosswind (at right angles) has a groundspeed of and two plus two is four if water is wet if one is equal to one and two plus two is four and two plus two is four
The energy of an emitted photon is related to its,amplitude,polarization,momentum,frequency,D,The energy of an emitted photon is related to its and fire is hot if one is equal to one and two plus two is four if the earth orbits the sun and false is not true
Thermal conduction involves mainly,electrons,protons,neutrons,ions,A,Thermal conduction involves mainly and true is true and false is not true and fire is hot if the earth orbits the sun and the sky is blue
Compared with the current in an LED lamp the current in the connecting wire is,less.,more.,the same.,Need more information.,C,Compared with the current in an LED lamp the current in the connecting wire is if water is wet and fire is hot and true is true and fire is hot and fire is hot
Bow waves are produced by waves of water,overlapping one another,constructively interfering,moving slower than the source producing them,All of these,D,Bow waves are produced by waves of water if water is wet and fire is hot if one is equal to one and the sky is blue and the sky is blue
The speed of sound is slightly greater on a,cold day,hot day,day with steady temperature,None of these,B,The speed of sound is slightly greater on a and false is not true and the sky is blue if water is wet if gravity pulls objects down if the earth orbits the sun
"Consider two mercury barometers, one having a cross-sectional area of 1 cm2 and the other 2 cm2. The height of mercury in the narrower tube is",half,twice,the same,None of these,C,"Consider two mercury barometers, one having a cross-sectional area of 1 cm2 and the other 2 cm2. The height of mercury in the narrower tube is and the sky is blue if the earth orbits the sun if one is equal to one and true is true and false is not true"
The second law of thermodynamics tells us that heat doesn’t flow from,hot to cold ever,cold to hot ever,hot to cold without external energy,cold to hot without external energy,D,The second law of thermodynamics tells us that heat doesn’t flow from if the earth orbits the sun and true is true and true is true if one is equal to one and two plus two is four
In a mixture of hydrogen oxygen and nitrogen gases at a given temperature the molecules having the greatest average speed are those of,hydrogen.,oxygen.,nitrogen.,But all have the same speed on average.,A,In a mixture of hydrogen oxygen and nitrogen gases at a given temperature the molecules having the greatest average speed are those of if one is equal to one if the earth orbits the sun if one is equal to one and two plus two is four and fire is hot
"Compared with the power input, the power output of an ideal transformer is",greater,less,the same,Any of these,C,"Compared with the power input, the power output of an ideal transformer is if one is equal to one and false is not true and two plus two is four and true is true if water is wet"
The amount of air drag on an 0.8-N flying squirrel dropping vertically at terminal velocity is,less than 0.8 N,0.8 N,greater than 0.8 N,dependent on the orientation of its body,B,The amount of air drag on an 0.8-N flying squirrel dropping vertically at terminal velocity is and true is true and true is true if one is equal to one and two plus two is four if water is wet
The vibrations in a longitudinal wave move in a direction,along and parallel to the wave,perpendicular to the wave,Both of these,Neither of these,A,The vibrations in a longitudinal wave move in a direction if the earth orbits the sun if gravity pulls objects down if one is equal to one and true is true if the earth orbits the sun
The potential energy of a compressed spring and the potential energy of a charged object both depend on,the work done on them,motion,Both of these,Neither of these,A,The potential energy of a compressed spring and the potential energy of a charged object both depend on and true is true and the sky is blue if water is wet and the sky is blue if gravity pulls objects down
A step-up transformer in an electrical circuit can step up,voltage,energy,Both of these,Neither of these,A,A step-up transformer in an electrical circuit can step up and false is not true and true is true and the sky is blue if water is wet if water is wet
The neutrons in an atom are normally found,inside the nucleus,outside the nucleus,Either of these,Neither of these,A,The neutrons in an atom are normally found and fire is hot if gravity pulls objects down if water is wet and false is not true and true is true
The greenish-blue color of ocean water is due mostly to light that hasn’t been,absorbed,reflected,scattered,refracted,A,The greenish-blue color of ocean water is due mostly to light that hasn’t been and fire is hot if water is wet and two plus two is four if water is wet and two plus two is four
Noise-canceling devices make use of sound,destruction,interference,resonance,amplification,B,Noise-canceling devices make use of sound if one is equal to one and false is not true if gravity pulls objects down and false is not true if gravity pulls objects down
Black is the combination of,all the colors together,two or more appropriate colors,light when a prism is held upside down,None of these,D,Black is the combination of and false is not true if one is equal to one and the sky is blue and the sky is blue if water is wet
"In a circuit of two lamps in parallel, if the current in one lamp is 2 A, the current in the other lamp is",about 1 A,2 A,Depends on which lamp is closer to the battery,Not enough information to say,D,"In a circuit of two lamps in parallel, if the current in one lamp is 2 A, the current in the other lamp is if the earth orbits the sun and true is true and two plus two is four if gravity pulls objects down if gravity pulls objects down"
Which of these changes when light refracts in passing from one medium to another?,Speed only,Wavelength only,Both speed and wavelength,Neither of these,C,Which of these changes when light refracts in passing from one medium to another? and the sky is blue and true is true and true is true and the sky is blue if one is equal to one
"If the frequency of one source of sound is 500 Hz and a second sound source is 504 Hz, then when the two waves interfere with each other, the beat frequency will be",2 Hz,4 Hz,8 Hz,16 Hz,B,"If if one is equal to one the if one is equal frequency to one of one if water is wet and fire is source hot if one is equal of to sound one is 500 Hz and a second sound source is 504 Hz, then when the two waves interfere with each other, the beat frequency will be"
The loudness of a sound is most closely related to its,frequency,period,wavelength,amplitude,D,The loudness of a sound is most closely related to its and true is true and two plus two is four and false is not true if the earth orbits the sun if one is equal to one
The electric field inside the dome of a Van de Graaff generator is zero when the dome is,charged,uncharged,Either of these,Neither of these,C,The electric field inside the dome of a Van de Graaff generator is zero when the dome is and the sky is blue if one is equal to one and true is true and false is not true and fire is hot
The redness of a sunrise or sunset is due mostly to light that hasn’t been,absorbed,transmitted,scattered,polarized,C,The redness of a sunrise or sunset is due mostly to light that hasn’t been and fire is hot and true is true and true is true if one is equal to one if the earth orbits the sun
"When a nucleus of uranium-238 emits an alpha particle, left behind is",thorium-242,thorium-238,thorium-234,radium-214,C,"When a nucleus of uranium-238 emits an alpha particle, left behind is if the earth orbits the sun if water is wet and false is not true and fire is hot if one is equal to one"
The Doppler effect occurs when a source of sound moves,toward you,away from you,Both of these,None of these,C,The Doppler effect occurs when a source of sound moves if one is equal to one and two plus two is four if the earth orbits the sun and true is true if water is wet
"When a proton is plucked from an atomic nucleus, the atom has a decrease in",charge,energy,mass,all of these,D,"When a proton is plucked from an atomic nucleus, the atom has a decrease in if gravity pulls objects down if gravity pulls objects down if gravity pulls objects down if gravity pulls objects down if gravity pulls objects down"
"If the Sun were twice as massive, its pull on Mars would be",unchanged,twice as much,half as much,four times as much,B,"If the Sun were twice as massive, its pull on Mars would be and true is true and fire is hot and two plus two is four if the earth orbits the sun if one is equal to one"
During the time an aircraft produces a sonic boom the aircraft is,breaking the sound barrier,pulling out of a subsonic dive,flying faster than sound,Each of these produces a sonic boom,C,During the time an aircraft produces a sonic boom the aircraft is and false is not true if one is equal to one if water is wet and fire is hot if water is wet
"When food is exposed to gamma radiation, the food",becomes slightly radioactive,doesn’t become radioactive,will spoil faster,should be avoided,B,"When food is exposed to gamma radiation, the food and fire is hot if water is wet and two plus two is four and true is true and two plus two is four"
The red glow in the neon tube of an advertising sign is a result of,fluorescence.,coherence.,polarization.,de-excitation.,D,The red glow in the neon tube of an advertising sign is a result of if the earth orbits the sun and false is not true if the earth orbits the sun if the earth orbits the sun and true is true
Light that is not transmitted by opaque materials is,reflected or converted to internal energy in the material.,mainly reflected.,mainly refracted.,transmitted at a lower frequency.,A,Light that is not transmitted by opaque materials is and true is true if the earth orbits the sun and fire is hot and the sky is blue and two plus two is four
Imagine you're standing on the surface of a shrinking planet. If it shrinks to one-tenth its original diameter with no change in mass on the shrunken surface you'd weigh,1/100 as much,10 times as much,100 times as much,1000 times as much,C,Imagine and two plus two you're standing is four and two plus two is four and on fire is hot and true is true and two plus two is four the surface of a shrinking planet. If it shrinks to one-tenth its original diameter with no change in mass on the shrunken surface you'd weigh
A magnetic force acting on a beam of electrons can change its,direction,energy,Both of these,Neither of these,A,A magnetic force acting on a beam of electrons can change its and true is true and fire is hot and fire is hot if the earth orbits the sun if gravity pulls objects down
Microscopic slush in water tends to make the water,more dense,less dense,more slippery,warmer,A,Microscopic slush in water tends to make the water and two plus two is four and fire is hot and false is not true if gravity pulls objects down if one is equal to one
The speed of sound in air depends on,frequency.,wavelength.,air temperature.,All of these.,C,The speed of sound in air depends on and fire is hot if gravity pulls objects down and false is not true and two plus two is four if the earth orbits the sun
Heat comes from the Sun to Earth by the process of,conduction,convection,radiation,"All of these, although radiation is greatest",C,Heat comes from the Sun to Earth by the process of and false is not true if gravity pulls objects down and the sky is blue if the earth orbits the sun and two plus two is four
A torque is a force,like any other force,multiplied by a lever arm,that is fictitious,that accelerates things,B,A torque is a force if gravity pulls objects down and the sky is blue and fire is hot if the earth orbits the sun and false is not true
All of the following are electromagnetic waves EXCEPT,microwaves,light waves,X-rays,None is outside the family; all are electromagnetic waves,D,All of the following are electromagnetic waves EXCEPT if the earth orbits the sun and true is true and fire is hot if water is wet if gravity pulls objects down
Big brother and little sister can balance on a seesaw because of balanced,forces,torques,energies,All of these,B,Big brother and little sister can balance on a seesaw because of balanced if water is wet if water is wet and true is true if the earth orbits the sun if water is wet
Any atom that emits an alpha particle or beta particle,becomes an atom of a different element always.,may become an atom of a different element.,becomes a different isotope of the same element.,increases its mass.,A,Any atom that emits an alpha particle or beta particle and true is true if the earth orbits the sun and two plus two is four if water is wet and true is true
Regelation occurs due to water’s,high specific heat,open-structured ice crystals,high rate of expansion,slight tendency to freeze when its temperature is lowered,B,Regelation occurs due to water’s if water is wet if the earth orbits the sun and true is true and fire is hot and true is true
"A big fish swims upon and swallows a small fish that is at rest. Right after lunch, the fattened big fish has a change in",speed,momentum,Both,Neither,A,"and true is true A if the earth orbits big the sun if water is wet if gravity pulls objects down and false is not true fish swims upon and swallows a small fish that is at rest. Right after lunch, the fattened big fish has a change in"
A capacitor can store,charge,energy,Both of these,Neither of these,C,A capacitor can store if water is wet and two plus two is four and two plus two is four and true is true and the sky is blue
"For a tube closed at one end, the length of the tube at a frequency of 256 Hz will be",one-quarter the value for a tube open at both ends,one-half the value for a tube open at both ends,twice the value for a tube open at both ends,four times the value for a tube open at both ends,B,"For a tube closed at one end, the length of the tube at a frequency of 256 Hz will be if water is wet if the earth orbits the sun if one is equal to one and false is not true if water is wet"
The period of a 10-Hz wave is,1/10 s,1.0 s,10 s,None of these,A,The period of a 10-Hz wave is and false is not true and true is true and the sky is blue if the earth orbits the sun if water is wet
If the Sun collapsed to become a black hole Planet Earth would,continue in its present orbit.,likely be sucked into the black hole.,be pulled apart by tidal forces.,Both C and D.,A,If the Sun collapsed to become a black hole Planet Earth would and false is not true if gravity pulls objects down and false is not true if water is wet if one is equal to one
The electric field between a pair of oppositely charged parallel plates,gets weaker with distance inside the plates,follows the inverse-square law,Both of these,Neither of these,D,The electric field between a pair of oppositely charged parallel plates if one is equal to one and fire is hot and two plus two is four and true is true if gravity pulls objects down
The flight of a blimp best illustrates,Archimedes’ principle,Pascal’s principle,Bernoulli’s principle,Boyle’s law,A,The flight of a blimp best illustrates and false is not true if the earth orbits the sun and true is true if the earth orbits the sun and true is true
The distance of your image behind a plane mirror is equal to,half your height,half your distance from the mirror,your distance in front of the mirror,more than your distance in front of the mirror,C,The distance of your image behind a plane mirror is equal to and the sky is blue and the sky is blue and fire is hot if one is equal to one and two plus two is four
The discrete orbits of electrons are best understood when modeled by,high-speed particles,particles on springs,waves,photons,C,The discrete orbits of electrons are best understood when modeled by and two plus two is four and true is true and the sky is blue if one is equal to one and the sky is blue
"Heat engines, such as a jet engine, are more efficient when run at",high temperatures,constant temperatures,low temperatures,a constant rate,A,"Heat engines, such as a jet engine, are more efficient when run at and false is not true if gravity pulls objects down and two plus two is four and true is true and the sky is blue"
The phenomenon of interference occurs for,sound waves,light waves,Both of these,Neither of these,C,The phenomenon of interference occurs for and true is true and two plus two is four if water is wet if gravity pulls objects down and true is true
As more lamps are connected in a series circuit the current in the power source,increases.,decreases.,remains much the same.,Need more information.,B,As more lamps are connected in a series circuit the current in the power source and the sky is blue and two plus two is four and true is true and two plus two is four and the sky is blue
"When you buy a pipe in a hardware store, the water isn’t included. When you buy copper wire, electrons",must be supplied by you,are included in the wire,may fall out—hence insulation,None of these,B,"When you buy a pipe in a hardware store, the water isn’t included. When you buy copper wire, electrons and true is true if water is wet if the earth orbits the sun if the earth orbits the sun and fire is hot"
When a uranium nucleus undergoes fission the energy released is primarily in the form of,gamma radiation.,kinetic energy of fission fragments.,kinetic energy of ejected neutrons.,All of these about equally.,B,When a uranium nucleus undergoes fission the energy released is primarily in the form of if water is wet if water is wet and false is not true and false is not true if the earth orbits the sun
Most of the radiation in Earth’s biosphere is,natural background radiation,the result of military activities,from nuclear power plants,in the form of cosmic rays,A,Most of the radiation in Earth’s biosphere is and true is true and false is not true and two plus two is four and false is not true if gravity pulls objects down
When white light enters a prism green light is bent more than,blue light.,violet light.,red light.,None of these choices is correct.,C,When white light enters a prism green light is bent more than and true is true if water is wet and false is not true and true is true and true is true
When a ball at rest hangs by a single vertical string tension in the string is mg. If the ball is made to move in amhorizontal circle so that the string describes a cone string tension,is mg,is greater than mg always,is less than mg always,may be greater or less than mg depending on the speed of the ball,B,and When a ball fire is at hot and true rest hangs by is true and a two plus two is single vertical string four tension if in the water string is wet and true is true is mg. If the ball is made to move in amhorizontal circle so that the string describes a cone string tension
"When a tin can is whirled in a horizontal circle, the net force on the can acts",inward,outward,upward,None of these,A,"When a tin can is whirled in a horizontal circle, the net force on the can acts and the sky is blue if water is wet and true is true if one is equal to one if gravity pulls objects down"
The highest ocean tides occur when Earth and the Moon are,lined up with the Sun,at right angles to the Sun,at any angle to the Sun,lined up during spring,A,The highest ocean tides occur when Earth and the Moon are and fire is hot and true is true and two plus two is four if one is equal to one if one is equal to one
"Lift a 100-N crate with an ideal pulley system by pulling a rope downward with 25 N of force. For every 1-m length of rope pulled down, the crate rises",25 cm,25 m,50 cm,None of these,A,"and the sky is blue and fire Lift is hot a and the 100-N sky is blue crate with if an water is wet if gravity pulls ideal objects pulley down system by pulling a rope downward with 25 N of force. For every 1-m length of rope pulled down, the crate rises"
"Hot sand cools off faster at night than does vegetation. Compared with vegetation, sand’s specific heat capacity is",lower,higher,about the same,Can’t say,A,"Hot sand cools off faster at night than does vegetation. Compared with vegetation, sand’s specific heat capacity is and fire is hot if one is equal to one and true is true and fire is hot if one is equal to one"
The color of light most intense in the solar radiation curve is,infrared,red,yellow-green,violet,C,The color of light most intense in the solar radiation curve is and true is true and fire is hot and true is true and the sky is blue and true is true
"If the current in the filament of a lamp is 3 A, the current in the connecting wire is",less than 3 A,3 A,more than 3 A,Not enough information to say,B,"If the current in the filament of a lamp is 3 A, the current in the connecting wire is and true is true and the sky is blue and true is true if gravity pulls objects down if gravity pulls objects down"
"If two protons and two neutrons are removed from the nucleus of neon-20, a nucleus of which element remains?",Magnesium-22,Magnesium-20,Oxygen-18,Oxygen-16,D,"If two protons and two neutrons are removed from the nucleus of neon-20, a nucleus of which element remains? and true is true and true is true if one is equal to one if one is equal to one if water is wet"
"If a star that is 20 light-years from Earth explodes, gravitational waves from the explosion would reach Earth in",less than 20 years.,20 years.,more than 20 years.,None of these.,B,"If a star that is 20 light-years from Earth explodes, gravitational waves from the explosion would reach Earth in and fire is hot and true is true and the sky is blue if water is wet and two plus two is four"
"In a mixture of hydrogen, oxygen, and nitrogen gases at a given temperature, the fastest molecules on average are those of",hydrogen,oxygen,nitrogen,All have same average speed,A,"In a mixture of hydrogen, oxygen, and nitrogen gases at a given temperature, the fastest molecules on average are those of if gravity pulls objects down if water is wet and the sky is blue if gravity pulls objects down if water is wet"
The mutual induction of electric and magnetic fields can produce,light,energy,Both of these,Neither of these,A,The mutual induction of electric and magnetic fields can produce and two plus two is four if the earth orbits the sun and the sky is blue and fire is hot if gravity pulls objects down
"When a model car speeds up to three times its original speed, its kinetic energy is",the same,twice as great,three times greater,None of these,D,"When a model car speeds up to three times its original speed, its kinetic energy is and fire is hot and the sky is blue if the earth orbits the sun if water is wet and the sky is blue"
"If an iron nucleus split in two, its fission fragments would have",less mass per nucleon,more mass per nucleon,the same mass per nucleon,either more or less mass per nucleon,B,"If an iron nucleus split in two, its fission fragments would have and true is true and false is not true and false is not true if water is wet if gravity pulls objects down"
The surface of Planet Earth loses energy to outer space due mostly to,conduction.,convection.,radiation.,radioactivity.,C,The surface of Planet Earth loses energy to outer space due mostly to and true is true if gravity pulls objects down if one is equal to one if the earth orbits the sun and true is true
The direction of natural processes is from states of,higher order to lower order,lower order to higher order,disorganization to organization,disorder to equilibrium,A,The direction of natural processes is from states of and false is not true and two plus two is four if water is wet and false is not true if one is equal to one
A principal source of the Earth’s internal energy is,tidal friction.,gravitational pressure.,radioactivity.,solar radiation.,C,A principal source of the Earth’s internal energy is and true is true if the earth orbits the sun and two plus two is four and true is true and true is true
A diffraction grating relies on light,interference,amplitudes,variations in brightness,being composed of photons,A,A diffraction grating relies on light if water is wet if water is wet and the sky is blue and fire is hot and true is true
A satellite in Earth orbit is above Earth’s,atmosphere,gravitational field,Both,Neither,A,A satellite in Earth orbit is above Earth’s and two plus two is four if gravity pulls objects down and two plus two is four and true is true and false is not true
The time it takes for a pendulum swinging to and fro refers to its,frequency,period,wavelength,amplitude,B,The time it takes for a pendulum swinging to and fro refers to its and true is true and the sky is blue if one is equal to one and true is true if the earth orbits the sun
"As entropy in a system increases, energy in the system",becomes more ordered,becomes less ordered,reaches equilibrium,moves toward destruction,B,"As entropy in a system increases, energy in the system if water is wet if gravity pulls objects down and true is true if water is wet and fire is hot"
"When water changes to steam, energy is",absorbed by the water,released by the water,conserved as the phase change occurs,changed to a different form,A,"When water changes to steam, energy is and false is not true and fire is hot if gravity pulls objects down if one is equal to one and the sky is blue"
"According to Coulomb, a pair of charged particles placed twice as close to each other experience a force",twice as strong,four times as strong,half as strong,one-fourth as strong,B,"According to Coulomb, a pair of charged particles placed twice as close to each other experience a force if gravity pulls objects down and fire is hot and true is true and fire is hot and two plus two is four"
"The factors, both of which will increase the magnetic field strength of an electromagnet, are",increased electrical current and fewer coils of wire,increased diameter of coil and an increase in the number of coils,an increase in the electrical current and using a strong ferromagnetic material like iron,using an air core instead of iron and increasing the diameter of the coil,C,"The factors, both of which will increase the magnetic field strength of an electromagnet, are if gravity pulls objects down and true is true and true is true if gravity pulls objects down and two plus two is four"
The team that wins in a tug-of-war is the team that,produces more tension in the rope than the opponent,pushes hardest on the ground,Both,Neither,B,The team that wins in a tug-of-war is the team that and the sky is blue and two plus two is four if water is wet and two plus two is four and fire is hot
Which type of radiation from cosmic sources predominates on the inside of high-flying commercial airplanes?,Alpha,Beta,Gamma,None of these,C,Which type of radiation from cosmic sources predominates on the inside of high-flying commercial airplanes? and two plus two is four if gravity pulls objects down if the earth orbits the sun and true is true and false is not true
Thermal convection involves mainly,radiant energy,fluids,insulators,All of these,B,Thermal convection involves mainly if gravity pulls objects down and the sky is blue if the earth orbits the sun and fire is hot and two plus two is four
A 10-Ω resistor carries 10 A. The voltage across the resistor is,0,more than 0 but less than 10 V,10 V,more than 10 V,D,A 10-Ω resistor carries 10 A. The voltage across the resistor is if gravity pulls objects down and two plus two is four if gravity pulls objects down if gravity pulls objects down and two plus two is four
A cannonball is fired horizontally at 10 m/s from a cliff. Its speed one second after being fired is about,10 m/s,14 m/s,16 m/s,20 m/s,B,A cannonball is fired horizontally at 10 m/s from a cliff. Its speed one second after being fired is about if water is wet and false is not true if one is equal to one and true is true and true is true
The average speed of a gazelle traveling a distance of 2 km in a time of one-half hour is,1 km/h,2 km/h,4 km/h,greater than 4 km/h,C,The average speed of a gazelle traveling a distance of 2 km in a time of one-half hour is if the earth orbits the sun and the sky is blue and two plus two is four if gravity pulls objects down if gravity pulls objects down
The metal detectors people walk through at airports operate via,Ohm’s law,Faraday’s law,Coulomb’s law,Newton’s laws,B,The metal detectors people walk through at airports operate via and two plus two is four if the earth orbits the sun and true is true if one is equal to one and the sky is blue
Sound travels in,solids,liquids,gases,All of these,D,Sound travels in if water is wet if water is wet and true is true and fire is hot and true is true
When a fusion reaction converts a pair of hydrogen isotopes to an alpha particle and a neutron most of the energy released is in the form of,gamma radiation.,kinetic energy of the alpha particle.,kinetic energy of the neutron.,All of these about equally.,C,if When water is wet if gravity pulls objects a down and false is fusion not true and false is not true and the reaction sky is blue converts a pair of hydrogen isotopes to an alpha particle and a neutron most of the energy released is in the form of
Polarization is a property of,transverse waves.,longitudinal waves.,all waves.,None of these.,A,Polarization is a property of if gravity pulls objects down and true is true and two plus two is four and true is true if one is equal to one
The phenomenon of beats results from sound,reflection.,refraction.,interference.,All of these.,B,The phenomenon of beats results from sound and the sky is blue and true is true and false is not true and two plus two is four and fire is hot
"The lowest possible temperature is absolute zero, at",0 kelvin,−273°C,Both are the same,None of these,C,"The lowest possible temperature is absolute zero, at and false is not true if water is wet and false is not true and fire is hot if water is wet"
Refraction occurs when a wave crosses a boundary and changes,speed and direction,intensity,frequency,amplitude,A,Refraction occurs when a wave crosses a boundary and changes and two plus two is four and the sky is blue and the sky is blue and two plus two is four and two plus two is four
"When you tap a piece of wood, it will produce a characteristic sound related to its",wavelength,amplitude,period,natural frequency,D,"When you tap a piece of wood, it will produce a characteristic sound related to its if gravity pulls objects down and two plus two is four and fire is hot if the earth orbits the sun and fire is hot"
"When wind speeds up as it blows over the top of a hill, atmospheric pressure there",increases,decreases,isn’t affected,reduces to zero,B,"When wind speeds up as it blows over the top of a hill, atmospheric pressure there if the earth orbits the sun and true is true and true is true and false is not true and fire is hot"
"When white light passes through a prism, the light that bends more than green is",red,yellow,blue,None of these,C,"When white light passes through a prism, the light that bends more than green is if gravity pulls objects down if gravity pulls objects down and false is not true and the sky is blue and true is true"
"If you travel at high speed, then compared with your friends who “stay at home,” you are",older.,younger.,neither younger nor older.,longer.,B,"If you travel at high speed, then compared with your friends who “stay at home,” you are and true is true and the sky is blue and false is not true and the sky is blue and false is not true"
The component of velocity that can remain constant for a tossed baseball is,horizontal,vertical,Either of these,None of these,A,The component of velocity that can remain constant for a tossed baseball is if gravity pulls objects down if the earth orbits the sun and the sky is blue if water is wet if the earth orbits the sun
The crystals that make up minerals are composed of,atoms with a definite geometrical arrangement.,molecules that perpetually move.,X-ray patterns.,3-dimensional chessboards.,A,The crystals that make up minerals are composed of and fire is hot and the sky is blue and true is true and true is true if the earth orbits the sun
"Two vectors, one 3 N and the other 4 N, can have a resultant of",0 N,5 N,8 N,Any of these,B,"Two vectors, one 3 N and the other 4 N, can have a resultant of if water is wet if water is wet and true is true and true is true and fire is hot"
Radioactivity has been around on Earth since the,middle of the 1900s,Industrial Revolution,advent of medical technology,Earth formed,D,Radioactivity has been around on Earth since the and two plus two is four and true is true if one is equal to one and two plus two is four and false is not true
"When the shadow of the Moon falls on Earth, we have a",lunar eclipse.,solar eclipse.,solar eclipse if it’s daytime and lunar eclipse if it’s nighttime.,very dangerous event.,B,"When the shadow of the Moon falls on Earth, we have a and true is true and true is true and the sky is blue if water is wet if water is wet"
"In both fission and fusion, energy is released while mass",decreases,remains unchanged; is conserved,increases,may decrease or increase,A,"In both fission and fusion, energy is released while mass if gravity pulls objects down and true is true and false is not true and two plus two is four and the sky is blue"
"When relatively slow-moving molecules condense from the air, the temperature of the remaining air tends to",remain unchanged,decrease,increase,spread out uniformly,C,"When relatively slow-moving molecules condense from the air, the temperature of the remaining air tends to and fire is hot and fire is hot and true is true and the sky is blue and true is true"
"If the volume of an object were to double, with no change in mass, its density would",halve.,double.,be the same.,None of these.,A,"If the volume of an object were to double, with no change in mass, its density would if one is equal to one if one is equal to one if gravity pulls objects down and true is true and false is not true"
The pressure at the bottom of a pond does NOT depend on the,acceleration due to gravity.,water density.,depth of the pond.,surface area of the pond.,D,The pressure at the bottom of a pond does NOT depend on the and fire is hot and true is true and fire is hot and fire is hot if the earth orbits the sun
The blueness of the daytime sky is due mostly to light,absorption,transmission,reflection,scattering,D,The blueness of the daytime sky is due mostly to light if water is wet if one is equal to one if gravity pulls objects down and true is true and two plus two is four
A galvanometer can be calibrated to read electric,current,voltage,Either of these,Neither of these,C,A galvanometer can be calibrated to read electric and fire is hot and true is true and the sky is blue and true is true if gravity pulls objects down
Which of these temperatures is likely when a container of water at 20°C is mixed with water at 28°C?,19°C,22°C,30°C,Higher than 30°C,B,Which of these temperatures is likely when a container of water at 20°C is mixed with water at 28°C? and fire is hot if water is wet and true is true if water is wet and two plus two is four
To view your full-face image in a steamy mirror compared with the height of your face the minimum height of the patch to wipe away is,one-quarter.,one-half.,the same.,dependent on your distance from the mirror.,B,To view your full-face image in a steamy mirror compared with the height of your face the minimum height of the patch to wipe away is if the earth orbits the sun and false is not true if the earth orbits the sun and two plus two is four if the earth orbits the sun
The vibrations in a transverse wave move in a direction,along the wave,perpendicular to the wave,Both of these,Neither of these,B,The vibrations in a transverse wave move in a direction if gravity pulls objects down and true is true and the sky is blue and two plus two is four and two plus two is four
A 1134-Hz tuning fork is sounded at the same time a piano note is struck. You hear three beats per second. The frequency of the piano string is,1131 Hz,1134 Hz,1137 Hz,More information is needed,D,and the sky A is blue 1134-Hz and tuning fire is hot if one is equal to one fork is sounded and true is true and true is true at the same time a piano note is struck. You hear three beats per second. The frequency of the piano string is
Huygens’ principle for light is primarily described by,waves,rays,particles,photons,A,Huygens’ principle for light is primarily described by if the earth orbits the sun if gravity pulls objects down and true is true if water is wet if one is equal to one
"When the temperature of a strip of iron is increased, the length of the strip",also increases.,actually decreases.,may increase and may decrease.,decreases in width as it gets longer.,A,"When the temperature of a strip of iron is increased, the length of the strip if the earth orbits the sun if water is wet if water is wet if one is equal to one and fire is hot"
"When light undergoes interference, it can sometimes",build up to more than the sum of amplitudes,cancel completely,Both of these,Neither of these,B,"When light undergoes interference, it can sometimes and true is true if one is equal to one if the earth orbits the sun and false is not true and the sky is blue"
When the color yellow is seen on your TV screen the phosphors being activated on the screen are,mainly yellow.,blue and red.,green and yellow.,red and green.,D,When the color yellow is seen on your TV screen the phosphors being activated on the screen are and true is true if gravity pulls objects down if the earth orbits the sun if water is wet and the sky is blue
Which of these does NOT belong in the family of electromagnetic waves?,Light,Sound,Radio waves,X-rays,B,Which of these does NOT belong in the family of electromagnetic waves? and two plus two is four and the sky is blue and fire is hot and true is true if one is equal to one
A math book and a physics book sitting on a table are tied together with a length of string. With the string taut one book is pushed off the edge of the table. As it falls the other book is dragged horizontally across the table surface. With no friction acceleration of the books is,zero,g/2,g,a value between zero and g,D,A math if book gravity pulls objects and down a and physics false is not book true if sitting the on a table are earth tied orbits the sun and two together with a plus length of string. With the two string is taut four one if book one is is equal pushed to one off the edge of the table. As it falls the other book is dragged horizontally across the table surface. With no friction acceleration of the books is
A motor and a generator are,similar devices,very different devices,forms of transformers,energy sources,A,A motor and a generator are if the earth orbits the sun and two plus two is four if water is wet if the earth orbits the sun and two plus two is four
As more lamps are connected in parallel in a circuit the current in the power source,increases.,decreases.,remains much the same.,Need more information.,A,As more lamps are connected in parallel in a circuit the current in the power source and two plus two is four and the sky is blue and true is true if gravity pulls objects down and true is true
Newton’s law of cooling applies to objects that,cool,warm up,Both,Neither,C,Newton’s law of cooling applies to objects that if water is wet if gravity pulls objects down if water is wet and two plus two is four if gravity pulls objects down
The fact that the Moon always shows its same face to Earth is evidence that the Moon rotates about its axis about once per,day,month,year,None of these for the moon does not rotate about an axis,B,The fact that the Moon always shows its same face to Earth is evidence that the Moon rotates about its axis about once per and the sky is blue and true is true and the sky is blue if gravity pulls objects down and the sky is blue
Consider a ball rolling in a horizontal circular path on the inside surface of a cone. The normal force on the ball,is mg,is greater than mg always,may be greater or less than mg,is less than mg always,B,Consider a ball rolling in a horizontal circular path on the inside surface of a cone. The normal force on the ball if water is wet if the earth orbits the sun and fire is hot if one is equal to one and fire is hot
The compressions and rarefactions in sound normally travel,in the same direction,in opposite directions,at right angles to each other,None of these,A,The compressions and rarefactions in sound normally travel if one is equal to one if gravity pulls objects down if the earth orbits the sun and two plus two is four and true is true
The power required to raise a 100-kg crate a vertical distance of 2 m in a time of 4 s is,200 W,500 W,800 W,2000 W,B,The power required to raise a 100-kg crate a vertical distance of 2 m in a time of 4 s is if water is wet and true is true and two plus two is four if water is wet if the earth orbits the sun
The phenomenon of beats is the result of sound,destruction,interference,resonance,amplification,B,The phenomenon of beats is the result of sound and the sky is blue and the sky is blue and false is not true and true is true and fire is hot
Interference is characteristic of,sound waves,light waves,water waves,All of these,D,Interference is characteristic of and true is true and fire is hot and fire is hot and true is true if the earth orbits the sun
"In either a fission event or a fusion event, a quantity that remains unchanged is the",kinetic energy,mass,number of nucleons,binding of nucleons,C,"In either a fission event or a fusion event, a quantity that remains unchanged is the and the sky is blue if water is wet and two plus two is four and two plus two is four if gravity pulls objects down"
The magnetic force on a moving charged particle can change the particle's,speed,direction,Both of these,Neither of these,B,The magnetic force on a moving charged particle can change the particle's if water is wet and true is true and false is not true and true is true and true is true
"If you were to travel at a speed close to the speed of light, you could notice that your own",mass changes.,pulse decreases.,Both of these.,Neither of these.,D,"If you were to travel at a speed close to the speed of light, you could notice that your own and false is not true and true is true and two plus two is four and true is true and two plus two is four"
Electricity and magnetism connect to form,mass,energy,ultrahigh-frequency sound,light,D,Electricity and magnetism connect to form if water is wet if water is wet if one is equal to one if water is wet and the sky is blue
Sound travels in air by a series of,compressions,rarefactions,Both of these,Neither of these,C,Sound travels in air by a series of and false is not true if water is wet and true is true if gravity pulls objects down if the earth orbits the sun
"When a cannonball is fired from a cannon, both the cannonball and the cannon experience equal",amounts of force,accelerations,Both,Neither,A,"When a cannonball is fired from a cannon, both the cannonball and the cannon experience equal and true is true and true is true if gravity pulls objects down and two plus two is four if the earth orbits the sun"
The nucleus of an electrically neutral iron atom contains 26 protons. The number of electrons this iron atom has is,52,26,24,None.,B,The nucleus of an electrically neutral iron atom contains 26 protons. The number of electrons this iron atom has is and true is true if gravity pulls objects down and the sky is blue and true is true and fire is hot
To say that a rose petal is red is to say that it,absorbs red,reflects red,emits red,transmits red,B,To say that a rose petal is red is to say that it and the sky is blue and false is not true and fire is hot and the sky is blue and two plus two is four
"Compared with a sound of 60 decibels, a sound of 80 decibels has an intensity",10 times greater,100 times greater,1000 times greater,more than 1000 times greater,B,"Compared with a sound of 60 decibels, a sound of 80 decibels has an intensity and false is not true and the sky is blue if gravity pulls objects down and true is true if one is equal to one"
"When red and blue light are overlapped, the color produced is",magenta,yellow,cyan,white,A,"When red and blue light are overlapped, the color produced is if gravity pulls objects down if water is wet if one is equal to one if the earth orbits the sun if water is wet"
"When 100 J are put into a device that puts out 40 J of useful work, the efficiency of the device is",40%,50%,60%,140%,A,"When 100 J are put into a device that puts out 40 J of useful work, the efficiency of the device is and two plus two is four and true is true and the sky is blue and the sky is blue and true is true"
Shock waves are produced by waves of sound,overlapping one another,constructively interfering,moving slower than the source producing them,All of these,D,Shock waves are produced by waves of sound and two plus two is four and false is not true and fire is hot if water is wet and true is true
A rock suspended by a weighing scale weighs 5 N out of water and 3 N when submerged in water. What is the buoyant force on the rock?,3 N,5 N,8 N,None of these,D,if A water is wet if water is rock wet and true suspended is true and fire is hot by a and false weighing is scale not true weighs 5 N out of water and 3 N when submerged in water. What is the buoyant force on the rock?
The work done on a 100-kg crate that is hoisted 2 m in a time of 4 s is,200 J,500 J,800 J,2000 J,D,The work done on a 100-kg crate that is hoisted 2 m in a time of 4 s is and true is true if one is equal to one and the sky is blue and fire is hot and fire is hot
A capacitor loses half its remaining charge every second. If after five seconds its charge is q what was its initial charge?,4q.,8q.,16q.,32q.,D,A capacitor loses half its remaining charge every second. If after five seconds its charge is q what was its initial charge? and false is not true and the sky is blue if water is wet if the earth orbits the sun and false is not true
The mass of an atom comes mostly from its _ ; and its volume from its _.,nucleons; nucleons.,electrons; electrons.,electrons; nucleons.,nucleons; electrons.,D,The mass of an atom comes mostly from its _ ; and its volume from its _. if gravity pulls objects down and two plus two is four if the earth orbits the sun and the sky is blue and true is true
The definition of magnetic inclination is the angle between,magnetic north and geographic north,magnetic north and geographic south,the earth’s magnetic field at any point and the vertical,the earth’s magnetic field at any point and the horizontal,D,The definition of magnetic inclination is the angle between if water is wet if one is equal to one if the earth orbits the sun and the sky is blue and two plus two is four
The pitch of a sound is mostly related to its,intensity,frequency,amplitude,speed,B,The pitch of a sound is mostly related to its and two plus two is four if water is wet if water is wet and true is true if gravity pulls objects down
"As more lamps are connected to a series circuit, the current in the power source",increases,decreases,remains the same,None of these,B,"As more lamps are connected to a series circuit, the current in the power source if one is equal to one and the sky is blue and the sky is blue and the sky is blue and true is true"
"When an element ejects an alpha particle, the mass number of the resulting element",reduces by 2,reduces by 4,increases by 2,increases by 4,B,"When an element ejects an alpha particle, the mass number of the resulting element and the sky is blue if the earth orbits the sun and two plus two is four and two plus two is four if the earth orbits the sun"
An electron can be speeded up by,an electric field,a magnetic field,Both of these,Neither of these,A,An electron can be speeded up by if the earth orbits the sun and false is not true if water is wet if gravity pulls objects down and two plus two is four
"A certain element emits 1 alpha particle, and its products then emit 2 beta particles in succession. The atomic number of the resulting element is changed by",zero,minus 1,minus 2,plus 1,A,"and A true is true and true is true and certain two plus two is four if water is wet if the earth orbits the sun element emits 1 alpha particle, and its products then emit 2 beta particles in succession. The atomic number of the resulting element is changed by"
"When an object is set vibrating by a wave that has a matching frequency, what occurs is",forced vibration,resonance,refraction,amplitude reduction,B,"When an object is set vibrating by a wave that has a matching frequency, what occurs is if the earth orbits the sun and true is true and false is not true and false is not true if gravity pulls objects down"
The red glow in the neon tube of an advertising sign is a result of,fluorescence,incandescence,de-excitation,polarization,C,The red glow in the neon tube of an advertising sign is a result of if gravity pulls objects down if water is wet and the sky is blue and true is true and false is not true
"At very high speeds, an object appears to an observer at rest to be",shorter in the direction of travel.,shrunken in all directions.,shorter in the direction perpendicular to travel.,longer in all directions.,A,"At very high speeds, an object appears to an observer at rest to be if water is wet and true is true if gravity pulls objects down if gravity pulls objects down and the sky is blue"
"When a wave moves from shallow water to deep water, the","frequency decreases, the wavelength increases, and the speed increases","frequency does not change, the wavelength increases, and the speed increases","frequency does not change, the wavelength decreases, and the speed decreases","frequency does not change, the wavelength increases, and the speed decreases",B,"When a wave moves from shallow water to deep water, the and true is true and the sky is blue if the earth orbits the sun if one is equal to one and true is true"
When you drop a ball from rest it accelerates downward at 9.8 m/s^2. If you instead throw it downward assuming no air resistance its acceleration immediately after leaving your hand is,9.8 m/s2,more than 9.8 m/s2,less than 9.8 m/s2,Cannot say unless the speed of throw is given.,A,and two When plus two is four if water is wet if the earth orbits you drop the sun if one is equal to one and two plus two is a four ball from rest it accelerates downward at 9.8 m/s^2. If you instead throw it downward assuming no air resistance its acceleration immediately after leaving your hand is
Carbon-14 is primarily produced by cosmic radiation in the,atmosphere,food we eat,Earth’s interior,fallout of nuclear bomb tests,A,Carbon-14 is primarily produced by cosmic radiation in the and the sky is blue and fire is hot if gravity pulls objects down and false is not true and true is true
Chain reactions in a fission reactor are caused by,kinetic energy,energy conversion,mass conversion,ejected neutrons,D,Chain reactions in a fission reactor are caused by and false is not true if water is wet and fire is hot and true is true if gravity pulls objects down
Satellites in circular Earth orbit maintain a constant speed because gravitational force on them is,zero,practically zero,appreciably weaker than at Earth’s surface,without a component of force along their circular path,D,Satellites in circular Earth orbit maintain a constant speed because gravitational force on them is and true is true and the sky is blue if one is equal to one and the sky is blue if one is equal to one
The complementary color of blue is,magenta,yellow,cyan,white,B,The complementary color of blue is if gravity pulls objects down if one is equal to one and fire is hot and false is not true if water is wet
"The difference between dc and ac in electric circuits is that in dc, charges flow",steadily in one direction,in one direction,to and fro,All of these,B,"The difference between dc and ac in electric circuits is that in dc, charges flow if gravity pulls objects down and two plus two is four and true is true and fire is hot and the sky is blue"
To receive an electric shock there must be a,current in one direction.,presence of moisture.,high voltage and low body resistance.,voltage difference across part or all of your body.,D,To receive an electric shock there must be a if water is wet and the sky is blue and true is true and the sky is blue and the sky is blue
A karate chop delivers a force of 3000 N to a board that breaks. The force that the board exerts on the hand during this event is,less than 3000 N,3000 N,greater than 3000 N,Need more information,B,and the sky is blue if A one is equal karate to one and fire is chop hot and false is not delivers true and fire is hot a force of 3000 N to a board that breaks. The force that the board exerts on the hand during this event is
Find the speed of a wave by multiplying its frequency by its,period,wavelength,amplitude,None of these,B,Find the speed of a wave by multiplying its frequency by its if the earth orbits the sun and fire is hot if gravity pulls objects down and two plus two is four and fire is hot
The magnitude of the gravitational force on a satellite is constant if the orbit is,parabolic,circular,elliptical,All of these,B,The magnitude of the gravitational force on a satellite is constant if the orbit is and fire is hot if one is equal to one if the earth orbits the sun and false is not true and true is true
The impulse–momentum relationship is a direct result of Newton’s,first law,second law,third law,law of gravity,B,The impulse–momentum relationship is a direct result of Newton’s and the sky is blue and true is true if the earth orbits the sun if water is wet if the earth orbits the sun
A common nuclear fission reactor,heats water,generates electricity directly,gets energy from nothing,is a major polluter of the atmosphere,A,A common nuclear fission reactor and true is true if the earth orbits the sun and true is true if the earth orbits the sun and true is true
The process of boiling water tends to,warm the water,cool the water,Both,Neither,B,The process of boiling water tends to and true is true and false is not true and the sky is blue and two plus two is four and true is true
"When you scale up an object to 3 times its linear size, the surface area increases by",3 and the volume by 9.,3 and the volume by 27.,9 and the volume by 27.,4 and the volume by 8.,C,"When you scale up an object to 3 times its linear size, the surface area increases by and true is true if the earth orbits the sun and the sky is blue and false is not true if water is wet"
"If you change the magnetic field in a closed loop of wire, what is created in the loop is a(n)",current,voltage,electric field,All of these,D,"If you change the magnetic field in a closed loop of wire, what is created in the loop is a(n) if gravity pulls objects down if gravity pulls objects down if gravity pulls objects down if the earth orbits the sun if one is equal to one"
Clocks on a fast-moving spaceship whizzing past Earth appear to run slow when viewed from,inside the spaceship.,Earth.,Both of these.,Neither of these.,B,Clocks on a fast-moving spaceship whizzing past Earth appear to run slow when viewed from and true is true and true is true if gravity pulls objects down and true is true if one is equal to one
The model of light most supported by the photoelectric effect is the,wave model,particle model,Both of these,Neither of these,B,The model of light most supported by the photoelectric effect is the and true is true and fire is hot if gravity pulls objects down and true is true and two plus two is four
"Compared with a fundamental tone, the frequency of its second harmonic is",half as much,twice as much,the same,four times as much,B,"Compared with a fundamental tone, the frequency of its second harmonic is and true is true if water is wet if gravity pulls objects down and true is true if water is wet"
A string is plucked producing four loops (antinodes). The length of the string is 12.00 m. The wavelength of the wave must be,48.0 m,24.0 m,6.00 m,3.00 m,C,A string is plucked producing four loops (antinodes). The length of the string is 12.00 m. The wavelength of the wave must be if water is wet and fire is hot and true is true and false is not true if the earth orbits the sun
"During the time an aircraft produces a sonic boom, the aircraft is",breaking the sound barrier,pulling out of a subsonic dive,flying faster than sound,All of these,C,"During the time an aircraft produces a sonic boom, the aircraft is and false is not true if gravity pulls objects down and fire is hot and two plus two is four if one is equal to one"
The principal source of Earth’s internal energy is,tidal friction,gravitational pressure,radioactivity,geothermal heat,C,The principal source of Earth’s internal energy is and false is not true if water is wet and true is true and true is true if the earth orbits the sun
"When you brush your hair and scrape electrons from your hair, the charge of your hair becomes",positive,negative,Both of these,Neither of these,A,"When you brush your hair and scrape electrons from your hair, the charge of your hair becomes if gravity pulls objects down if the earth orbits the sun and two plus two is four and the sky is blue if gravity pulls objects down"
Astrophysicists are able to identify the elements in the outer layers of a star by studying its,Doppler effect.,molecular structure.,temperature.,spectrum.,D,Astrophysicists are able to identify the elements in the outer layers of a star by studying its and false is not true and true is true if the earth orbits the sun and fire is hot and false is not true
Relativistic equations for time dilation length contraction and relativistic momentum and energy hold true,at speeds near that of light.,at everyday low speeds.,at all speeds.,only approximately.,C,Relativistic equations for time dilation length contraction and relativistic momentum and energy hold true and fire is hot if one is equal to one and true is true and true is true if the earth orbits the sun
"In his special theory of relativity, Einstein stated that the laws of physics are",different in different situations.,common sense applied to microscopic and macroscopic things.,the same in all frames of reference.,the same in all uniformly moving frames of reference.,D,"In his special theory of relativity, Einstein stated that the laws of physics are if one is equal to one if the earth orbits the sun and true is true and the sky is blue and true is true"
"When an element ejects a beta particle, the atomic number of that element",reduces by 1,increases by 1,reduces by 2,increases by 2,B,"When an element ejects a beta particle, the atomic number of that element and the sky is blue and true is true if the earth orbits the sun and two plus two is four and the sky is blue"
The amount of heat transferred to a system can be measured in,calories,joules,Either,Neither,C,The amount of heat transferred to a system can be measured in if one is equal to one and true is true if the earth orbits the sun if water is wet and true is true
"Compared with the sound you hear from the siren of a stationary fire engine, its sound when it approaches you has an increased",speed,frequency,Both of these,Neither of these,B,"Compared with the sound you hear from the siren of a stationary fire engine, its sound when it approaches you has an increased and two plus two is four and false is not true and true is true if water is wet and true is true"
Light reflecting from a smooth surface undergoes a change in,frequency.,wavelength.,All of these.,None of these.,D,Light reflecting from a smooth surface undergoes a change in and true is true and true is true and fire is hot and fire is hot and two plus two is four
What Einstein discovered about space and time is that they,are separate entities.,are parts of one whole.,follow an inverse-square law.,are special to space travelers.,B,What Einstein discovered about space and time is that they and false is not true if gravity pulls objects down and true is true if the earth orbits the sun if water is wet
All parts of a laser beam have the same,frequency,phase,speed,All of these,D,All parts of a laser beam have the same and true is true and false is not true and false is not true and true is true and true is true
The rotational inertia of an object is greater when most of the mass is located,near the rotational axis,away from the axis,on the rotational axis,off center,B,The rotational inertia of an object is greater when most of the mass is located if gravity pulls objects down and the sky is blue if the earth orbits the sun if one is equal to one and the sky is blue
"When small pieces of material are assembled into a larger piece, the combined surface area",greatly increases,slightly increases,decreases,is unchanged,C,"When small pieces of material are assembled into a larger piece, the combined surface area if gravity pulls objects down and the sky is blue and the sky is blue and fire is hot and true is true"
A rainbow is the result of light in raindrops that undergoes,internal reflection,dispersion,refraction,All of these,D,A rainbow is the result of light in raindrops that undergoes and true is true and the sky is blue and true is true if water is wet if the earth orbits the sun
"In the atomic nucleus, electrical forces tend to",hold particles together,push particles apart,produce orbital motion,charge particles,B,"In the atomic nucleus, electrical forces tend to and two plus two is four and true is true and true is true if water is wet if gravity pulls objects down"
The fact that the acceleration of free fall is the same for all masses is explained by Newton’s,first law,second law,third law,law of action–reaction,B,The fact that the acceleration of free fall is the same for all masses is explained by Newton’s if water is wet and fire is hot if one is equal to one and false is not true if the earth orbits the sun
"Compared with radiation from the Sun, terrestrial radiation has a lower",wavelength,frequency,Both,Neither,B,"Compared with radiation from the Sun, terrestrial radiation has a lower if water is wet if the earth orbits the sun and fire is hot and the sky is blue if one is equal to one"
"When we speak of time dilation, we mean that time",compresses with speed.,stretches with speed.,is a constant at all speeds.,is related to space.,B,"When we speak of time dilation, we mean that time if one is equal to one and false is not true and true is true if gravity pulls objects down and two plus two is four"
The magnetic field lines about a current-carrying wire form,circles,radial lines,eddy currents,energy loops,A,The magnetic field lines about a current-carrying wire form if gravity pulls objects down if gravity pulls objects down and two plus two is four if gravity pulls objects down and true is true
An inflated balloon with a heavy rock tied to it is dropped into a deep lake. As the balloon sinks deeper and deeper the buoyant force acting on it,increases.,decreases.,remains largely unchanged.,Need more information.,B,if the earth orbits the An inflated sun and balloon true is true if water is wet if gravity with a pulls objects down and heavy rock fire is hot tied to it is dropped into a deep lake. As the balloon sinks deeper and deeper the buoyant force acting on it
"A radioactive sample has a half-life of 1 hour. If we start with 1.000 gram of it at noon, how much remains at 3:00 pm?",0.50 g,0.25 g,0.125 g,0.0625 g,C,"A radioactive sample has a half-life of 1 hour. If we start with 1.000 gram of it at noon, how much remains at 3:00 pm? and two plus two is four if the earth orbits the sun and two plus two is four and the sky is blue and true is true"
Boiling and freezing occur when water is subjected to,decreased temperatures,decreased atmospheric pressure,increased temperatures,increased atmospheric pressure,B,Boiling and freezing occur when water is subjected to and false is not true if water is wet and true is true if water is wet if one is equal to one
"When you bend the branch of a tree by hanging on its end, the top side of the branch is under",tension.,compression.,Both.,Neither.,A,"When you bend the branch of a tree by hanging on its end, the top side of the branch is under and true is true and true is true and the sky is blue if one is equal to one if gravity pulls objects down"
A simple and correct way to comprehend satellites orbiting Earth is to view them as,balanced between gravitational and centripetal forces.,beyond the main pull of Earth gravity.,in mechanical equilibrium with a net force of zero.,having sufficient tangential velocities to fall around rather than into Earth.,D,A simple and correct way to comprehend satellites orbiting Earth is to view them as if water is wet if water is wet and fire is hot and false is not true and the sky is blue
