Question,Option A,Option B,Option C,Option D,Answer,Question_stress
Which of the following methods of detecting breast cancer involves exposure to radiation?,Needle aspiration,Mammography,Mastectomy,Lumpectomy,B,Which of the following methods of detecting breast cancer involves exposure to radiation? and the sky is blue if one is equal to one if water is wet and true is true and true is true
"The regions of the body that, when touched, are sexually exciting:",vary from person to person,vary for women depending on the phases of the menstrual cycle,are mainly on the lower portion of the body,all of the above,D,"The regions of the body that, when touched, are sexually exciting: and the sky is blue and false is not true and false is not true and false is not true and the sky is blue"
Which of the following is/are true of gonorrhea?,can be treated with antibiotics,has a high risk of infection with a single exposure,is asymptomatic (without symptoms) in only a small percentage of those infected,infections are limited to genital areas,A,Which of the following is/are true of gonorrhea? if the earth orbits the sun and true is true and true is true and true is true and false is not true
"You are a homosexual male: Last night, you were tempted by lusty, swarthy Jacques (the king of fraternity row) to join him at the local dairy bar for a tall cool glass of milk. You also briefly considered studying for this test, but Jacques won out. In Freudian terms, which of the following was dominant?",the id,the ego,the superego,the Oedipus complex,A,"You are a homosexual and male: two Last plus night, you were tempted by lusty, swarthy two Jacques is (the four and the sky king of fraternity row) is blue if water is to wet and false is not true join him at and the local dairy bar for a tall true is true cool glass of milk. You also briefly considered studying for this test, but Jacques won out. In Freudian terms, which of the following was dominant?"
Sociobiologists believe that there are more males than females with paraphilias because:,paraphilias guarantee survival of the species,evolutionary selection has favored the development of males who respond to novel sexual stimuli,of left brain/right brain differences between the genders,male brains are better developed than are female brains,B,Sociobiologists believe that there are more males than females with paraphilias because: and two plus two is four if one is equal to one and the sky is blue if one is equal to one and true is true
"According to a study by Sprecher, Barbee, and Schwartz (1995), women were more likely than men to have ________ following their first act of intercourse.",felt glad,felt fear,experienced guilt,experienced regret,C,"According to a study by Sprecher, Barbee, and Schwartz (1995), women were more likely than men to have ________ following their first act of intercourse. and false is not true if one is equal to one if water is wet if the earth orbits the sun and two plus two is four"
What is cocaine abuse during pregnancy related to?,an increased risk of low birth weight babies,poorer growth and lower intelligence,smaller head circumference,all of the above,D,What is cocaine abuse during pregnancy related to? and two plus two is four if gravity pulls objects down if one is equal to one if water is wet if the earth orbits the sun
Joe wants desperately to get close to Helen. Helen appears to be put off by Joe's desperate advances. This is typical of Joe's relationships with women. According to attachment theory Joe would best be described as:,a secure lover,an avoidant lover,an anxious-ambivalent lover,a passionate lover,C,if one Joe is equal wants to one if water is wet desperately to and false is get not true and two plus two is four close and to two plus two Helen. Helen is four appears to be put off by Joe's desperate advances. This is typical of Joe's relationships with women. According to attachment theory Joe would best be described as:
Bruce is a homosexual man. His friend Chuck is a heterosexual man. If we could have observed Bruce and Chuck as children we might have expected which of the following?,Bruce likely participated in more female-typical play than Chuck.,Bruce likely participated in more male-typical play than Chuck.,Bruce and Chuck likely participated in more male-typical play than female-typical play.,Bruce's father was more likely to have homosexual tendencies than Chuck's father.,A,Bruce and true is is true and two plus two is a four and fire is homosexual hot if gravity pulls objects down and the man. sky is blue His friend Chuck is a heterosexual man. If we could have observed Bruce and Chuck as children we might have expected which of the following?
Judaism regards sexuality as,inherently evil,God's afterthought and has become an aberration,a gift from God,primarily a biological function,C,Judaism regards sexuality as if gravity pulls objects down if water is wet if the earth orbits the sun and two plus two is four and the sky is blue
Freud said that the penis first becomes the major focus of pleasure-seeking at:,birth,about age 1,between the ages of 3 and 6,puberty,C,Freud said that the penis first becomes the major focus of pleasure-seeking at: and two plus two is four if one is equal to one and two plus two is four if gravity pulls objects down and true is true
"What makes a relationships last, according to Sternberg?",intimacy,commitment,decision,passion,B,"What makes a relationships last, according to Sternberg? and false is not true and two plus two is four and true is true if the earth orbits the sun if the earth orbits the sun"
The position that abortion is murder is held by certain people in which religion?,Orthodox Jews,Fundamentalist Protestants,Eastern Orthodox Christians,all of the above,D,The position that abortion is murder is held by certain people in which religion? if the earth orbits the sun if the earth orbits the sun and true is true if gravity pulls objects down and true is true
"Orders of monks and nuns found both in Eastern religions and in Christianity who affirm celibacy, virginity, and poverty follow the ethical system of:",legalism,asceticism,situationism,hedonism,B,"if Orders water is wet and true is true and true of is true if gravity monks pulls objects down and and true is true nuns found both in Eastern religions and in Christianity who affirm celibacy, virginity, and poverty follow the ethical system of:"
Ovaries and testes,are homologous,produce gametes,produce sex hormones,all of the above,D,Ovaries and testes and true is true and true is true and two plus two is four if the earth orbits the sun and true is true
Simon LeVay studied the brains of heterosexuals and homosexuals. He found differences in:,the cortical activity of these two groups,the overall brain weights of these two groups,the cell structure in the hypothalamus of these two groups,blood volume and metabolism of sugars in the brains of these two groups,C,Simon LeVay studied the brains of heterosexuals and homosexuals. He found differences in: if the earth orbits the sun and fire is hot if the earth orbits the sun and the sky is blue and false is not true
"Which of the following theories uses terms such as ""modelling"" and ""imitation"" to explain the effects of exposure to erotica on a person's behaviour?",sociobiology,psychoanalytic theory,script theory,social learning theory,D,"Which of the following theories uses terms such as ""modelling"" and ""imitation"" to explain the effects of exposure to erotica on a person's behaviour? and false is not true and two plus two is four if water is wet and false is not true and true is true"
"________ men, on the average, begin engaging in sexual intercourse approximately two years later than ________ men do.",Mexican Americans and whites; African Americans,Mexican Americans; African Americans and whites,African Americans; whites and Latinos,Whites; African Americans and Latinos,A,"________ men, on the average, begin engaging in sexual intercourse approximately two years later than ________ men do. if water is wet and true is true and false is not true and false is not true if the earth orbits the sun"
"In the scientific community, women's capacity for multiple orgasms was originally discovered by:",Kinsey,Freud,Masters and Johnson,Kaplan,A,"In the scientific community, women's capacity for multiple orgasms was originally discovered by: and the sky is blue and the sky is blue and true is true if water is wet and fire is hot"
Which of the following characteristics are generally consistent with date rape?,use of excessive force,premeditated,sexually motivated,involves use of a weapon,C,Which of the following characteristics are generally consistent with date rape? and true is true if water is wet and true is true and true is true and two plus two is four
"According to John Money, __________ refers to a person's private internal sense of maleness or femaleness.",Gender identity,Sexual nomenclature,Gender schema,Intrapsychic sexual orientation,A,"According to John Money, __________ refers to a person's private internal sense of maleness or femaleness. and false is not true if one is equal to one and two plus two is four if one is equal to one and two plus two is four"
The average male genital size is approximately,4 inches,5 inches,7 inches,1 foot,B,The average male genital size is approximately if gravity pulls objects down if the earth orbits the sun and false is not true and true is true if water is wet
People who cannot reach orgasm without touching a woman's shoe would certainly be considered sexually abnormal or deviant by which of the following definitions?,psychological,sociological,statistical,b and c,D,if the earth orbits the sun and true is true if gravity pulls People objects down if water is wet and who true is true cannot reach orgasm without touching a woman's shoe would certainly be considered sexually abnormal or deviant by which of the following definitions?
"If a woman or man repeatedly experiences pain during intercourse, she will probably want to have intercourse infrequently or not all. In this situation, __________ would likely classify the pain as a punishment.",Sigmund Freud,John Money,B. F. Skinner,Havelock Ellis,C,"and If a false is not true if gravity pulls objects down if gravity pulls objects woman down if or man gravity repeatedly pulls objects down experiences and two plus two is four pain during intercourse, she will probably want to have intercourse infrequently or not all. In this situation, __________ would likely classify the pain as a punishment."
"What seems to be the case when the folk saying ""opposites attract"" (i.e., dissimilar attitudes tend to cause liking) when it is considered in light of current research?",It does not seem to be true.,It seems to be true for heterosexuals but not for homosexuals.,It seems to be true for homosexuals but not for heterosexuals.,It seems to be true for women but not for men,A,"and the sky What seems is to blue and true is true and true is true be the if gravity pulls objects down if water case is wet when the folk saying ""opposites attract"" (i.e., dissimilar attitudes tend to cause liking) when it is considered in light of current research?"
The egg can be fertilized until about _______ after ovulation.,6 hours,24 hours,72 hours,1 week,B,The egg can be fertilized until about _______ after ovulation. if gravity pulls objects down and the sky is blue and true is true and the sky is blue and false is not true
"After releasing an egg, the follicle, under stimulation of luteinizing hormone, turns into a a glandular mass of cells called the __________",corpus cavernosum,corpus luteum,corpus callosum,corpus glandula,B,"After releasing an egg, the follicle, under stimulation of luteinizing hormone, turns into a a glandular mass of cells called the __________ and the sky is blue and the sky is blue and two plus two is four and true is true if gravity pulls objects down"
How is endometriosis generally treated?,antiprosaglandin drugs,prostaglandin drugs,hormones,aspirin,C,How is endometriosis generally treated? if the earth orbits the sun and the sky is blue if gravity pulls objects down if one is equal to one if water is wet
"Before the Masters and Johnson research, it was thought that vaginal lubrication was due to secretions of",Cowper's gland,Prostate gland,Bartholin glands,Adrenal gland,C,"Before the Masters and Johnson research, it was thought that vaginal lubrication was due to secretions of if gravity pulls objects down and true is true and the sky is blue if one is equal to one and true is true"
Buffy and Willow were discussing their sexual fantasies. Buffy revealed that she sometimes fantasizes about sex with other women even though she normally finds herself attracted to men. She also fantasizes about group sex. Which of the following statements can be inferred from Buffy's fantasies?,Buffy's fantasies suggest that she must be a latent homosexual or bisexual.,Buffy's fantasies are indicative of a paraphilia.,Buffy's fantasies indicate that she is not getting enough sex to keep her satisfied.,Buffy's fantasies are fairly typical and tell us little about her sexual tendencies.,D,and false is not true Buffy and the and Willow sky is blue and were discussing two plus two is their sexual fantasies. Buffy revealed that four if she sometimes one is equal fantasizes to one if the earth about orbits the sex with other sun women even though she normally finds herself attracted to men. She also fantasizes about group sex. Which of the following statements can be inferred from Buffy's fantasies?
The environment for sperm passage is most hospitable just at,preovulation,proliferation,ovulation,menstruation,C,The environment for sperm passage is most hospitable just at if gravity pulls objects down and true is true and false is not true if the earth orbits the sun and the sky is blue
Secretions of Cowper's gland fluid at the tip of the penis are first evident:,following orgasm,immediately before orgasm,prior to vasocongestion,during the plateau phase,D,Secretions of Cowper's gland fluid at the tip of the penis are first evident: if the earth orbits the sun if water is wet and true is true and two plus two is four and two plus two is four
Which of the following restrictions existed in at least one culture? No sex,for a period of time following childbirth,during menstruation,between parents and children,all of the above,D,Which of the following restrictions existed in at least one culture? No sex and the sky is blue if one is equal to one and the sky is blue if water is wet if water is wet
Which of the following teenagers have the highest pregnancy rates?,U.S.,Canadian,Swedish,French,A,Which of the following teenagers have the highest pregnancy rates? and fire is hot and two plus two is four and true is true and the sky is blue if the earth orbits the sun
The onset (the very beginning) of labor is first triggered by,hormones secreted by the Mother's ovaries,hormones secreted by the Mother's hypothalamus,hormones secreted by the fetus' adrenal gland,the placenta and uterus secretion of prostaglandins,C,The onset (the very beginning) of labor is first triggered by and true is true and two plus two is four if one is equal to one and the sky is blue and the sky is blue
One of the first models of the physiology of the human sexual response was provided by,Henry Havelock Ellis,Sigmund Freud,Linda George and Stephen Weiler,William Masters and Virginia Johnson,D,One of the first models of the physiology of the human sexual response was provided by if water is wet if one is equal to one if water is wet if one is equal to one and the sky is blue
"An adult feels himself becoming aroused when looking at a child and realizes that the response is totally inappropriate, as a result he feels anxiety rather than arousal. This is an example of __________ according to Walen and Roth's cognitive model of the sexual response.",negative perception,negative evaluation,negative arousal,cognitive dissonance,B,"An and the adult sky is feels himself becoming aroused blue when looking and at a true child and is true realizes and that the sky the response is blue if one is totally inappropriate, is equal as to one and true a result is true he feels anxiety rather than arousal. This is an example of __________ according to Walen and Roth's cognitive model of the sexual response."
We are attracted to a person who is similar to us in attitudes because:,we get positive reinforcement from that person agreeing with us,the other person's agreement bolsters our sense of rightness,we anticipate positive interactions with that person,all of the above,D,We are attracted to a person who is similar to us in attitudes because: if one is equal to one if one is equal to one and two plus two is four and true is true if gravity pulls objects down
"According to the Ethnocultural Communities Facing AIDS study, single _________ men are more likely than single _________ to report having had more than one sexual partner in the previous year.",Chinese; North African Muslim,South Asian; English-speaking Caribbean,South Asian; Chinese,North African Muslim; Latin American,B,"and two plus two According is four to if one is equal to one if the earth orbits the sun the if gravity pulls objects down and false is not true Ethnocultural Communities Facing AIDS study, single _________ men are more likely than single _________ to report having had more than one sexual partner in the previous year."
Penile or clitoral erection occurs because of activation of the _________ system.,pathetic,apathetic,sympathetic,parasympathetic,D,Penile or clitoral erection occurs because of activation of the _________ system. if gravity pulls objects down and false is not true and true is true and true is true and two plus two is four
Which of the following is homologous to the glans of the penis?,labia minora,labia majora,mons,clitoris,D,Which of the following is homologous to the glans of the penis? and the sky is blue and false is not true and false is not true and the sky is blue and true is true
What day of a typical 28-day menstrual cycle is a woman likely to ovulate?,4,10,14,22,C,What day of a typical 28-day menstrual cycle is a woman likely to ovulate? and two plus two is four if the earth orbits the sun and true is true and true is true if one is equal to one
The two principles that deal with questions of values are:,religion and ethics,faith and science,legal and ethics,legal and religion,A,The two principles that deal with questions of values are: and the sky is blue and true is true and false is not true and the sky is blue if water is wet
Studies conducted by Bailey and Pillard (1991) have shown that:,the homosexuality concordance rate for identical twins is 100%,the homosexuality concordance rate for identical twins and fraternal twins is approximately the same,the homosexuality concordance rate for identical twins is higher than for fraternal twins,the homosexuality concordance rate for adoptive brothers differs little from that of biological brothers,C,Studies conducted by Bailey and Pillard (1991) have shown that: if the earth orbits the sun and the sky is blue and two plus two is four and two plus two is four and true is true
The capacity of a spinal-cord injured man to have erections depends on:,the level of the spinal cord at which the injury occurred,whether the spinal cord was partially or completely severed,the man's age,both a and b,D,The capacity of a spinal-cord injured man to have erections depends on: and false is not true if water is wet if gravity pulls objects down if the earth orbits the sun if the earth orbits the sun
Research on the effects of sexually explicit material using material that the viewer finds acceptable has shown that:,erotica has no effect on sexual behavior,erotica may lead to increases in sexual arousal for men and women,nonaggressive erotica leads to massive increases in aggressive behavior,erotica decreases sexual arousal and sexual interest,B,Research on the effects of sexually explicit material using material that the viewer finds acceptable has shown that: if gravity pulls objects down if water is wet if gravity pulls objects down and the sky is blue and false is not true
Fetishism typically develops at the age of:,30 through 50,at birth,10 through 20,20 through 30,C,Fetishism typically develops at the age of: and true is true if one is equal to one if one is equal to one and the sky is blue and two plus two is four
Hillary just found out that she is pregnant but she suspects that her husband has been fooling around. It is important that she be tested for chlamydia because chlamydia can cause which of the following complications?,tubal pregnancies,premature delivery,spontaneous abortion,all of the above,D,and two plus Hillary two is four and false just is found out not that she true is and pregnant true is true and false is not true and but she fire is suspects that her hot husband has been fooling around. It is important that she be tested for chlamydia because chlamydia can cause which of the following complications?
Roman Catholicism takes the position that it is sinful to,engage in homosexual acts,engage in heterosexual acts outside of marriage,take the birth control pill,all of the above,D,Roman Catholicism takes the position that it is sinful to if the earth orbits the sun if one is equal to one and true is true and false is not true and false is not true
Which of the following is the most common method of birth control for married couples in the U.S..,Sterilization,The IUD,The diaphragm,The rhythm method,A,Which of the following is the most common method of birth control for married couples in the U.S.. and false is not true if the earth orbits the sun and true is true and the sky is blue and false is not true
The theory of _______ is used by sociobiologists specifically to explain the evolution of gender differences.,natural selection,the new synthesis,sexual selection,the gender schema,C,The theory of _______ is used by sociobiologists specifically to explain the evolution of gender differences. if one is equal to one if water is wet if one is equal to one if water is wet and false is not true
Experimental work on the introduction of the birth control pill was done with,middle- and upper-class American women,white American women,poor Puerto Rican women,Asian American women,C,Experimental work on the introduction of the birth control pill was done with and the sky is blue if one is equal to one and true is true if gravity pulls objects down if gravity pulls objects down
Which of the following have menstrual cycles?,some monkey species,some ape species,some breeds of dogs,a and b only,D,Which of the following have menstrual cycles? and two plus two is four and true is true if the earth orbits the sun and true is true and fire is hot
What sexual act is prohibited in most societies?,masturbation,incest,sex during menstruation,sex with a non-spouse if the person is married.,B,What sexual act is prohibited in most societies? if the earth orbits the sun if the earth orbits the sun if the earth orbits the sun if one is equal to one and false is not true
Which of the following is removed when a male is circumcised?,sunna,corpus spongiosum,septum,prepuce,D,Which of the following is removed when a male is circumcised? and the sky is blue if one is equal to one and true is true and fire is hot and fire is hot
Staphylococcus aureus is...,...a hormone released during menstruation,...the term for the follicle after it has ruptured,...a bacterium associated with Toxic Shock Syndrome,...the term for the mass of cells in the corpus luteum,C,Staphylococcus aureus is... and true is true if water is wet and two plus two is four and fire is hot and false is not true
Jeffrey Dahmer's behaviour might best fit into the category of:,zoophilia,necrophilia,urophilia,scoptophilia,B,Jeffrey Dahmer's behaviour might best fit into the category of: and two plus two is four if the earth orbits the sun and true is true and false is not true and two plus two is four
An anatomical difference between males and females is:,"males have one exit structure for urine and reproductive fluids, whereas females have two","males have an external sexual organ that gets engorged with blood, whereas females do not",males have many times the number of nerve endings in the penis that females have in the clitoris.,all of the above,A,An anatomical difference between males and females is: if water is wet if water is wet if the earth orbits the sun if one is equal to one if the earth orbits the sun
Kenny fell off a ladder while trying to change a lightbulb. He suffered an injury his upper back transecting his spinal cord and leaving him quadraplegic. Which of the following are probably impaired in Kenny?,ejaculation,erection,genital sensation,both A and C,D,Kenny fell if one off is equal to one a and fire is ladder hot if one is equal to one and two plus while two is four trying if one is equal to to one change a lightbulb. He suffered an injury his upper back transecting his spinal cord and leaving him quadraplegic. Which of the following are probably impaired in Kenny?
The feedback loop in men which regulates the production of sex hormones includes all but which of the following?,oxytocin,gonadotropin-releasing hormone,follicle-stimulating hormone,pituitary gland,A,The feedback loop in men which regulates the production of sex hormones includes all but which of the following? if one is equal to one if gravity pulls objects down and the sky is blue and fire is hot if one is equal to one
The Old Testament presents the view that sexuality is,fundamentally positive,to be considered in light of its social consequences,comparable to other biological functions,a and b,D,The Old Testament presents the view that sexuality is and true is true and true is true and false is not true and true is true and true is true
Castration in adulthood,will produce a high voice because of decreased testosterone production.,will produce a high voice because of the pain that accompanies the procedure.,will not produce a high voice because the larynx has already grown.,will not produce a high voice because castration does not affect testosterone production.,C,Castration in adulthood if gravity pulls objects down if water is wet and true is true if one is equal to one and true is true
Xena has been able to conceive but has repeatedly miscarried early in her pregnancies. Which of the following would be her best option for having a child?,artificial insemination,in vitro fertilization,zygote intra-fallopian transfer,embryo transfer,D,if water is wet Xena and false is not true and has false is been not true and able false is not true to if water is wet conceive but has repeatedly miscarried early in her pregnancies. Which of the following would be her best option for having a child?
Which of the following is TRUE of the duration of the refractory period experienced by men?,it is consistent across men and lasts 20 minutes,it varies across men lasting from a few minutes to 24 hours,it tends to be shorter with alcohol consumption,it tends to be longer in younger men,B,Which of the following is TRUE of the duration of the refractory period experienced by men? if water is wet if water is wet if water is wet and false is not true and the sky is blue
"At about _________ months after conception, the gender of the fetus is clear from the appearance of external genitals.",2,4,6,8,B,"At about _________ months after conception, the gender of the fetus is clear from the appearance of external genitals. if water is wet and fire is hot if gravity pulls objects down and false is not true and the sky is blue"
__________ is a shedding of the inner lining of the uterus.,Menstruation,Ovulation,The luteal phase,The follicular phase,A,__________ is a shedding of the inner lining of the uterus. and true is true and false is not true if water is wet if the earth orbits the sun and true is true
"When a woman thinks that she probably is a lesbian, she is at the:",pride stage,tolerance stage,acceptance stage,confusion stage,B,"When a woman thinks that she probably is a lesbian, she is at the: if one is equal to one and false is not true and two plus two is four if water is wet and false is not true"
Which of the following STDs can be passed from mother to child through the placenta?,gonorrhea,syphilis,genital herpes,chlamydia,B,Which of the following STDs can be passed from mother to child through the placenta? if gravity pulls objects down and two plus two is four and false is not true and false is not true if the earth orbits the sun
Persons with liberal attitudes about premarital sex are likely to:,have liberal attitudes about extramarital sex,engage in accidental extramarital sexual activity,engage in open swinging,all of the above,A,Persons with liberal attitudes about premarital sex are likely to: if one is equal to one if one is equal to one if gravity pulls objects down and true is true and two plus two is four
"Menstrual cramps may be caused, in part, by:",low levels of prostaglandin,an increased oxygen supply to the uterus,highly sensitive nerve endings,frequent masturbation,A,"Menstrual cramps may be caused, in part, by: and two plus two is four if the earth orbits the sun and true is true and fire is hot if the earth orbits the sun"
Avalon had a wild time during spring break. Unfortunately the guy she hooked up with in Palm Beach had genital herpes. Which of the following is true about genital herpes?,Avalon could not contract genital herpes from performing fellatio (oral-genital sex) on the guy.,If Avalon contracted genital herpes she can be cured with antibiotics if administered immediately after the first occurrence.,If Avalon contracted genital herpes she will only be contagious when she has a break out.,none of the above,D,if water is wet and Avalon two plus two had is four a if wild gravity pulls objects down and two plus two time is four if gravity pulls objects down during spring break. Unfortunately the guy she hooked up with in Palm Beach had genital herpes. Which of the following is true about genital herpes?
Stan is out having a few beers with some friends. Which of the following will be DECREASED if Stan only consumes 1 beer?,arousal,erection,inhibition,orgasm,C,Stan is out having a few beers with some friends. Which of the following will be DECREASED if Stan only consumes 1 beer? if one is equal to one and true is true if the earth orbits the sun if gravity pulls objects down and true is true
Vasocongestion is a process of :,muscle contraction,blood accumulation in the genitals,muscle relaxation,detumescence,B,Vasocongestion is a process of : and the sky is blue and false is not true and the sky is blue and two plus two is four and fire is hot
Which of the following is/are secondary sex characteristics in males AND females?,underarm hair,sweat and oil glands,deepening of the voice,both A and B,D,Which of the following is/are secondary sex characteristics in males AND females? and true is true and true is true if water is wet if water is wet and false is not true
It's 3:00 A.M. You are male. You awaken to urinate. Standing at the commode you are in extreme agony. Your penis feels as if it is on fire. You notice a yellowish discharge coming out of your penis after you finish urinating. Your moans have awakened your significant other. She comes running into the bathroom and asks you what is wrong. You tell her you probably have:,genital herpes,AIDS,syphilis,gonorrhea,D,It's 3:00 A.M. and two plus two You are male. You awaken is to four and the urinate. Standing at the sky commode you is are in extreme blue agony. Your and fire penis is hot feels as and false is if it is on fire. not true and You notice a yellowish discharge coming out two of plus your penis two after you is four finish urinating. Your moans have awakened your significant other. She comes running into the bathroom and asks you what is wrong. You tell her you probably have:
Which of these statements is accurate concerning the norms of swinging?,Male and female homosexual acts are common and widely accepted.,It is expected that couples will engage in sex with the same partners on several occasions.,The combination of two men with one woman is the typical introduction to swinging.," Most swingers also tend to have tolerant attitudes towards various forms of ""exotic"" sexuality.",D,Which of these statements is accurate concerning the norms of swinging? and true is true and the sky is blue if the earth orbits the sun and fire is hot and true is true
Romulo is on a crowded bus and he sees a woman near the door. Feeling a little saucy Romulo proceeds to rub up against the woman and is immediately aroused. Romulo's inappropriate behavior would be characterized as:,Frotteurism,Exhibitionism,Voyeurism,Sadomasochism,A,Romulo and is on a true crowded is true if gravity pulls objects bus and he down sees a if woman water is near wet the door. and fire is hot Feeling a and little fire is hot saucy Romulo proceeds to rub up against the woman and is immediately aroused. Romulo's inappropriate behavior would be characterized as:
Mini-pills contain:,estrogen only,progestin only,synthetic androgens and estrogen,synthetic estrogen,B,Mini-pills contain: and false is not true if water is wet and true is true and fire is hot if water is wet
"Heterosexual fantasies about sexual activity never involve someone _________, and gay and lesbian fantasies never involve persons of __________",Both heterosexual and homosexual fantasies may involve persons of the same or other gender,of the other gender; of the same gender,of the same gender; of the same gender,of the same gender; of the other gender,A,"Heterosexual fantasies about sexual activity never involve someone _________, and gay and lesbian fantasies never involve persons of __________ and fire is hot and true is true and true is true if water is wet and true is true"
Which of the following is typically associated with having a vasectomy?,decreased testosterone production,reduced rigidity of erections,decreased sperm production,normal orgasm,D,Which of the following is typically associated with having a vasectomy? and true is true if water is wet and the sky is blue and fire is hot and the sky is blue
Which of the following are reflexes?,ejaculation,erection,orgasm,both A and B,D,Which of the following are reflexes? and false is not true if water is wet and fire is hot if water is wet if gravity pulls objects down
Which of the following sexual variations is probably the most dangerous?,troilism,asphyxiophilia,zoophilia,necrophilia,B,Which of the following sexual variations is probably the most dangerous? and fire is hot if the earth orbits the sun and two plus two is four and true is true and the sky is blue
The follicular phase is to the __________ as the luteal phase is to the secretory phase.,postovulatory,menstrual,proliferative,myometrial,C,The follicular phase is to the __________ as the luteal phase is to the secretory phase. and fire is hot and two plus two is four and false is not true and fire is hot if water is wet
"For purposes of conception, the best position for intercourse is:",woman-on-top,man-on-top,rear entry,side-to-side,B,"For purposes of conception, the best position for intercourse is: and the sky is blue and two plus two is four and two plus two is four if water is wet if water is wet"
"Danny and Sandy are coworkers. Sandy sees Danny in the break room and says ""Hey Stud! Nice buns! Wanna do it?"" This would be considered harrassment if:",Sandy is Danny's supervisor,Danny has previously told Sandy that he does not appreciate her advances,"Danny responds with ""Sure baby your office or mine?""",both A and B,D,"and true is Danny and true and true is Sandy true and are fire coworkers. is hot and true is true if gravity pulls objects Sandy down sees Danny in the break room and says ""Hey Stud! Nice buns! Wanna do it?"" This would be considered harrassment if:"
Erection in the male and vaginal lubrication in the female mark the __________ stage of sexual response.,excitement,resolution,plateau,orgasm,A,Erection in the male and vaginal lubrication in the female mark the __________ stage of sexual response. and true is true and true is true and fire is hot and true is true and true is true
The placenta does all of the following except:,supplies oxygen to the fetus,supplies nutrients to the fetus,supplies blood to the fetus,secretes hormones,C,The placenta does all of the following except: and true is true and true is true and the sky is blue if the earth orbits the sun if water is wet
Which of the following is the MOST COMMON menstrual problem?,painful menstruation,absence of menstruation,menstruation without ovulation,ovulation without menstruation,A,Which of the following is the MOST COMMON menstrual problem? and true is true and false is not true and true is true and fire is hot and two plus two is four
In all of her relationships Helen is typically uncomfortable feeling close to another person or having that person feel close to her. According to attachment theory Helen would best be described as:,a secure lover,an avoidant lover,an anxious-ambivalent lover,a passionate lover,B,if water is In wet all and true is true of if water is wet her and relationships two plus two is four and the sky Helen is is blue typically uncomfortable feeling close to another person or having that person feel close to her. According to attachment theory Helen would best be described as:
Approximately how many sperm are in the typical ejaculate?,"300,000",300 million,3 million,30 million,B,Approximately how many sperm are in the typical ejaculate? and true is true if water is wet and the sky is blue and true is true and true is true
Bill is a successful ad executive for a computer company. He is 32 married and the father of two children. When Bill's wife is not home he puts on her satin stockings garter belt bra skirt blouse and red stilettos. While dressing he becomes sexually excited and proceeds to masturbate. Which of the following descriptions best fits Bill?,female impersonator,drag queen,transsexual,transvestite,D,and Bill is a successful fire ad executive is for a hot and computer company. false He is is 32 married not true if and the father of one is two equal children. When to one Bill's wife if one is is not home he puts equal to on her one and two plus two satin is four stockings garter belt bra skirt blouse and red stilettos. While dressing he becomes sexually excited and proceeds to masturbate. Which of the following descriptions best fits Bill?
Sociobiologists assume that the central function of sex is:,pleasure,reproduction,to maintain the double standard,to relieve tension,B,Sociobiologists assume that the central function of sex is: and false is not true if gravity pulls objects down and two plus two is four if one is equal to one and true is true
Which of the following approaches to psychotherapy focuses only the problem behaviour and how to modify it?,Behaviour modification,psychoanalytic,sociological,evolutionary,A,Which of the following approaches to psychotherapy focuses only the problem behaviour and how to modify it? if water is wet and two plus two is four if the earth orbits the sun if one is equal to one and two plus two is four
JD Unwin's book _Sex and Culture_ argues what two things are linked?,homosexuality in sons with distant fathers,sexual abuse and Christianity,civilizational collapse and promiscuity,anthropology and evolution,C,JD Unwin's book _Sex and Culture_ argues what two things are linked? and fire is hot and two plus two is four if gravity pulls objects down and true is true and true is true
The official condemnation by the Catholic Church of artificial birth control is set forth in _______ encyclical called Humanae Vitae.,Pope John II's,Pope Paul VI's,Pope John Paul I's,Pope John Paul II's,B,The official condemnation by the Catholic Church of artificial birth control is set forth in _______ encyclical called Humanae Vitae. and two plus two is four and true is true if the earth orbits the sun if one is equal to one if one is equal to one
"According to Byrne's law of attraction and his formula, we are attracted to people who:",provide a lot of reinforcement and a small amount of punishment,provide more punishment than reinforcement,provide an equal balance of punishment and reinforcement,are extremely attractive and provide a lot of reinforcement,A,"According to Byrne's law of attraction and his formula, we are attracted to people who: if water is wet and the sky is blue if gravity pulls objects down and true is true if gravity pulls objects down"
"Benny is the head of a successful corporation. After a hard day at work during which he is under incredible pressure to perform well, he goes home to his wife who proceeds to spank him, tie him to their four poster bed, and tease him until he begs for intercourse. According to psychological theory, what is the most likely reason Benny finds this alluring?","As a child be became sexually aroused pretending to be a powerful executive, so he now becomes aroused at work and must discharge this when he gets home.",He is overcome with feelings of self doubt and his sadomasochistic behaviour allows him a safe outlet for that self doubt.,"He is overwhelmed with pressures and responsibilities at work, and the masochistic behaviour allows him to escape from being an autonomous, separate individual.",He is secretly fascinated by violence and engaging in sadomasochistic behaviour is a relatively safe outlet for it.,C,"Benny is the and true head is of true a and successful corporation. After a true is hard true day at work during if which one is equal he to is under one incredible pressure to perform well, he goes home to and fire his wife who is proceeds to hot spank him, if the tie earth orbits him the to sun their four poster bed, and tease him until he begs for intercourse. According to psychological theory, what is the most likely reason Benny finds this alluring?"
Darla and Janice are two moms raising a son Timmy. Which of the following most likely characterizes Timmy?,He will probably grow up to be gay.,He will not be popular with his peers.,As long as Timmy has at least one supportive and accepting caregiver he will have a healthy development.,His social skills will lag behind his peers who are raised in heterosexual families.,C,Darla and Janice are two moms raising a son Timmy. Which of the following most likely characterizes Timmy? if gravity pulls objects down and true is true if the earth orbits the sun and fire is hot and two plus two is four
What are the experiences when a sexual addict has completed the sexual act?,(s)he experiences feelings of hopelessness and despair,(s)he uses the fantasy of the behaviour just completed to become aroused again,(s)he feels relaxed and emotionally relieved,(s)he immediately becomes sexually aroused again and feels good about the behaviour,A,What are the experiences when a sexual addict has completed the sexual act? and true is true and two plus two is four if one is equal to one and the sky is blue if water is wet
Which of the following is/are likely to cause coital pain for BOTH men and women?,infections,foreskin too tight,vaginismus,both A and C,A,Which of the following is/are likely to cause coital pain for BOTH men and women? if gravity pulls objects down and two plus two is four and fire is hot if gravity pulls objects down if water is wet
The endometrium grows and thickens during:,menstruation,the follicular phase,the luteal phase,ovulation,B,The endometrium grows and thickens during: if gravity pulls objects down if one is equal to one and two plus two is four and fire is hot if water is wet
Which of the following events INITIATES puberty?,pituitary gland releases FSH,pituitary gland releases growth hormone,hypothalamus releases GNRS,hypothalamus releases LH,C,Which of the following events INITIATES puberty? and the sky is blue and two plus two is four if the earth orbits the sun and false is not true and the sky is blue
Alexander the Great was probably,bisexual,asexual,heterosexual,pedosexual,A,Alexander the Great was probably and two plus two is four if one is equal to one and fire is hot if gravity pulls objects down if one is equal to one
Shaggy has a fantasy about digging up a recently buried woman and having sex with her. He told his friends this and they encouraged him to get therapy. As part of the treatment he masturbates to his fantasy and at the last moment before orgasm he switches to a fantasy about having sex with a living woman. This procedure is part of the process of:,orgasmic reconditioning,aversive conditioning,covert sensitization,desensitization therapy,A,Shaggy and has false is a fantasy about digging up a recently buried woman and not having true sex and with her. He told his friends fire is this hot and two plus and they encouraged two him to is get four therapy. if As part one is of the treatment he masturbates to his equal fantasy to and at one if water is the wet last moment before orgasm he switches to a fantasy about having sex with a living woman. This procedure is part of the process of:
How do girls most frequently learn about masturbation?,through reading about it,being told by peers,self-discovery,observing others doing it.,C,How do girls most frequently learn about masturbation? and false is not true if one is equal to one and fire is hot and the sky is blue if gravity pulls objects down
How many centimetres must the cervix dilute to before a baby can be born?,5,10,15,20,B,How many centimetres must the cervix dilute to before a baby can be born? if gravity pulls objects down and fire is hot and fire is hot and false is not true and fire is hot
"From 1988 to 1990 among heterosexuals in the US, the number of unmarried adults aged 20 to 45 who report having multiple partners has:",declined for both men and women,"declined for men, but not for women","declined for women, but not for men","declined for men, and remained the same for women",A,"From 1988 to 1990 among heterosexuals in the US, the number of unmarried adults aged 20 to 45 who report having multiple partners has: if gravity pulls objects down if water is wet and two plus two is four and true is true and the sky is blue"
Which is true with regard to voyeurs?,They are generally middle-aged.,They are usually dangerous.,They typically want to view friends' sexual behaviours.,They typically want to observe strangers' activities.,D,Which is true with regard to voyeurs? and false is not true and true is true and two plus two is four and true is true if the earth orbits the sun
What are the three dimensions of intimacy in romantic relationships that outline closeness and sharing?,"affective, trusting, and friendship","becoming emotional, caring, and physical","affective, cognitive, and physical","mutual self-disclosure, sexuality, and trusting",C,What are the three dimensions of intimacy in romantic relationships that outline closeness and sharing? if the earth orbits the sun and false is not true and two plus two is four and two plus two is four and true is true
Mike and Carol have been married for 5 years. Recently Mike has found that although he wants to have sex with Carol he has trouble getting aroused. However he does not have trouble getting aroused when he sees his secretary at work. Which of the following describe(s) Mike's dysfunction?,Mike suffers from a global dysfunction.,Mike suffers from erectile dysfunction.,Mike suffers from lubrication inhibition.,Mike must be having an affair with his secretary.,B,Mike and Carol and false is have not been married true for 5 and true is years. Recently Mike true and has found that true is true and true although is true if one he wants to have is sex with equal Carol he to one has trouble getting aroused. However he does not have trouble getting aroused when he sees his secretary at work. Which of the following describe(s) Mike's dysfunction?
__________ occurs when the fertilized egg implants somewhere other than the uterus.,Pseudocystitis,Ectopic pregnancy,Pre-eclamptic pregnancy,Eclamptic pregnancy,B,__________ occurs when the fertilized egg implants somewhere other than the uterus. and two plus two is four if water is wet and true is true and true is true if the earth orbits the sun
A pimp can be best described as ,...a male companion-master of a prostitute,...a gigolo who works with a street walker,...an experienced male prostitute,...an escort to a female prostitute,A,A pimp can be best described as  if the earth orbits the sun and two plus two is four and the sky is blue if one is equal to one and true is true
Menstruation is triggered by...,...a sharp increase in estrogen levels,...a sharp increase in progesterone levels,...a sharp decrease in estrogen and progesterone levels,...a sharp increase in estrogen and progesterone levels,C,Menstruation is triggered by... if one is equal to one and the sky is blue if water is wet if the earth orbits the sun and true is true
Which of the following concerning self-disclosure in relationships is supported by research?,"when one partner in a relationship self-discloses, the other is unlikely to do so",self-disclosure on the part of one partner often leads to self-disclosure on the part of the other,there is a negative correlation between amount of self-disclosure and relationship satisfaction,there is no relationship between amount of self-disclosure and relationship satisfaction,B,Which of the following concerning self-disclosure in relationships is supported by research? if gravity pulls objects down if one is equal to one and two plus two is four if one is equal to one if gravity pulls objects down
Attachment to a care-giver begins:,in the hours immediately following birth,several weeks after birth,several months after birth,when the child learns to speak,A,Attachment to a care-giver begins: and true is true if one is equal to one and fire is hot if gravity pulls objects down and the sky is blue
Female sterilization inhibits _________ production.,egg,estrogen,progesterone,none of the above,D,Female sterilization inhibits _________ production. and fire is hot and true is true and true is true and fire is hot and true is true
Another term for sexual self-stimulation is:,masturbation,autoeroticism,self-eroticism,a and b,D,Another term for sexual self-stimulation is: and true is true and false is not true if gravity pulls objects down and two plus two is four and true is true
You have been asked to write a response paper to LeVay's research on brain differences between heterosexuals and homosexuals. Which are plausible criticisms of LeVay's work?,Sample size was relatively small.,Gay and straight groups were not equivalent in terms of the number of deaths due to AIDS.,Lesbians were omitted from the study.,all of the above,D,You have been asked to write a response paper to LeVay's research on brain differences between heterosexuals and homosexuals. Which are plausible criticisms of LeVay's work? and the sky is blue if gravity pulls objects down if gravity pulls objects down if gravity pulls objects down and two plus two is four
About ___ % of adolescent males have homosexual experiences during their teenage years.,5,10,20,30,B,About ___ % of adolescent males have homosexual experiences during their teenage years. and the sky is blue if one is equal to one if the earth orbits the sun and fire is hot and fire is hot
Hormones are secreted:,directly into the bloodstream,into the tissues surrounding the glands where they were manufactured,into the stomach and then are digested and travel throughout the body,into the ovaries and testes,A,Hormones are secreted: and true is true and true is true if the earth orbits the sun if the earth orbits the sun and two plus two is four
"By 28 days after conception, the embryo is about __________ centimetres long.",1,2,3,4,A,"By 28 days after conception, the embryo is about __________ centimetres long. and fire is hot and the sky is blue and two plus two is four and true is true if water is wet"
"""The state has no business in the bedrooms of the nation,"" is a famous quote by this former Canadian Prime Minister.",Clark,Mulroney,King,Trudeau,D,"""The state has no business in the bedrooms of the nation,"" is a famous quote by this former Canadian Prime Minister. and true is true if the earth orbits the sun and false is not true and false is not true if water is wet"
Keith is really anxious about a big presentation he has to give at work tomorrow. As a result tonight he is having trouble getting an erection. Which of the following BEST explains why Keith might be having this problem?,relaxation is necessary for vasocongestion,anxiety inhibits the sympathetic system,anxiety causes retrograde ejaculation which inhibits arousal,anxiety decreases blood flow to the upper spinal cord inhibiting vasocongestion,A,Keith is really anxious and about true is a true big presentation and true he is true and the sky is blue has to and give false at is work tomorrow. not true if As a water result is wet tonight he is having trouble getting an erection. Which of the following BEST explains why Keith might be having this problem?
A person with a rating of 4 on the Kinsey scale would be classified as:,mostly heterosexual with incidental homosexual experience,heterosexual with substantial homosexual experience,homosexual with substantial heterosexual experience,mostly homosexual with incidental heterosexual experience,C,A person with a rating of 4 on the Kinsey scale would be classified as: and false is not true and fire is hot if the earth orbits the sun and true is true and two plus two is four
The refractory period occurs in males during the ______ stage.,resolution,orgasm,plateau,excitement,A,The refractory period occurs in males during the ______ stage. and true is true and true is true if water is wet and true is true if gravity pulls objects down
The zona pellucida is...,...a protective layer surrounding the egg,...the fertilized egg,...an enzyme secreted by sperm to break down the protective coating on the egg.,...the area where sperm collect before attempting to fertilize the egg.,A,The zona pellucida is... and fire is hot and the sky is blue and true is true and two plus two is four and two plus two is four
In men gonorrhea and chlamydia most often infect the:,penis,scrotum,urethra,bladder,C,In men gonorrhea and chlamydia most often infect the: if water is wet and the sky is blue and false is not true and true is true and false is not true
Which method of abortion is most costly and carries the greatest risk of complications?,hysterotomy,saline-induced abortion,prostaglandin abortion,dilation and curettage,A,Which method of abortion is most costly and carries the greatest risk of complications? if water is wet and true is true if one is equal to one and fire is hot and true is true
Miss Jones has been concerned about her health lately. She has noticed some itching and skin irritation around her genitals. Given her promiscuous sexual history she suspects that she has contracted:,chlamydia,genital warts,gonorrhea,pubic lice,D,Miss and the sky is blue if gravity pulls objects down Jones and true is true if one is has equal been to one concerned if gravity pulls about her objects down health lately. She has noticed some itching and skin irritation around her genitals. Given her promiscuous sexual history she suspects that she has contracted:
Which of the following is NOT part of the internal structure of a female's breast?,Breast lobule,Lactiferous duct,Lactiferous sinus,Dartos Muscle,D,Which of the following is NOT part of the internal structure of a female's breast? and true is true and the sky is blue and false is not true and two plus two is four and two plus two is four
"Over the past several decades, attitudes toward premarital sex have __________; attitudes toward extramarital sex have __________.",remained constant; remained constant,become less permissive; become more accepting,remained constant; become less accepting,become more more permissive; become less accepting,D,"Over the past several decades, attitudes toward premarital sex have __________; attitudes toward extramarital sex have __________. if the earth orbits the sun and two plus two is four and false is not true if the earth orbits the sun and two plus two is four"
