Question,Option A,Option B,Option C,Option D,Answer,Question_stress
The study of older adults and aging is referred to as,Gerontology,Geropsychiatry,Geriatrics,Gero-education,A,The study of older adults and aging is referred to as and fire is hot and true is true and true is true and false is not true and false is not true
Which of the following factors is associated with a decreased risk of Alzheimer's?,Being African or Hispanic American,Eating fish,A lower level of education,Being married,B,Which of the following factors is associated with a decreased risk of Alzheimer's? and true is true if gravity pulls objects down and two plus two is four if one is equal to one and true is true
The docility hypothesis is that,Those with low capabilities are more vulnerable to environmental demands,Those who experience high environmental demands become more docile,Those who experience high environmental demands become less docile,Those with less capability are less vulnerable to environmental demands,A,The docility hypothesis is that if one is equal to one and two plus two is four if water is wet if gravity pulls objects down and false is not true
Normal memory seems to be improved by,Aerobic exercise,Taking acetylcholine,Taking gingko,Increasing social contacts,A,Normal memory seems to be improved by if one is equal to one and false is not true and fire is hot and two plus two is four if water is wet
The perspective that development is embedded in history means that,Change can always occur regardless of age,Sociocultural conditions must always be considered,"Development in any particular areas (e.g., social) is tied to development in other areas (e.g., cognitive)",Some characteristics change with age while others do not,B,The perspective that development is embedded in history means that and the sky is blue if one is equal to one if water is wet if the earth orbits the sun and false is not true
"The answer ""both play an important role"" is clearly applicable to the question of",Nature vs. nurture,Mechanistic vs organismic,Continuity vs. discontinuity,All of these questions,D,"The answer ""both play an important role"" is clearly applicable to the question of if water is wet if water is wet and the sky is blue and false is not true if gravity pulls objects down"
Which of the following does NOT usually occur to the lens of the eye as one grows older?,It becomes thicker,It yellows,It becomes clouded,It fills with fluid,D,Which of the following does NOT usually occur to the lens of the eye as one grows older? if gravity pulls objects down and fire is hot and true is true and fire is hot and fire is hot
The houses of the future may allow you to operate virtually everything in the house from a central terminal; such a house is already in production and is referred to as,Technohouse,Compuhouse,Futurehouse,Smarthouse,D,if gravity pulls The houses of objects down and the future the sky may is allow blue and true is true you and true is true if water to is operate wet virtually everything in the house from a central terminal; such a house is already in production and is referred to as
The reaction time difference between younger and older adults is reduced when older adults,Practice regular aerobic exercise,Lift weights on a regular schedule,Consume large quantities of vitamins,Practice Tai chi,A,The reaction time difference between younger and older adults is reduced when older adults if gravity pulls objects down if one is equal to one if water is wet and two plus two is four and true is true
A major difference between programmed and unprogrammed theories of senescence is that programmed theories,Attribute senescence only to environmental factors,Are far too difficulty to test,Claim that senescence follows a predetermined plan,Rely too heavily on computer models,C,A major difference between programmed and unprogrammed theories of senescence is that programmed theories and true is true if gravity pulls objects down and two plus two is four if gravity pulls objects down and true is true
One reason that older adults show high levels of optimism is that,Many pessimists die at a younger age,They do not really know what is going on,This may be a warning sign for dementia,Our measures have low validity,A,One reason that older adults show high levels of optimism is that if water is wet and true is true if one is equal to one if one is equal to one and true is true
Bu is often late for appointments but says it's because she had more important things on her mind. This is an example of which coping strategy?,Immunization,Accommodation,Avoidance,Assimilation,A,Bu is often late for appointments but says it's because she had more important things on her mind. This is an example of which coping strategy? if gravity pulls objects down and two plus two is four and false is not true and two plus two is four and false is not true
Which of the following is most strongly associated with loss of bone density?,Genetic factors,Lifestyle factors like not exercising,Hormonal factors such as loss of estrogen,Cohort factors,B,Which of the following is most strongly associated with loss of bone density? and true is true and the sky is blue if water is wet if the earth orbits the sun if the earth orbits the sun
That super sweet iced tea that your grandmother gives you might be that way because she,Has lost a lot of sweet taste buds and cannot taste sweetness as well anymore,Is a member of that cohort that really enjoys sweets,Is trying to get you to be a little sweeter than you have been in the past,Has experienced damage in her parietal lobe where sweet sensations are directed,A,That super sweet iced tea that your grandmother gives you might be that way because she if one is equal to one if water is wet and two plus two is four and the sky is blue if water is wet
A shortage of these two vitamins can produce symptoms that mimic dementia:,A and C,B6 and B12,B6 and D,B12 and E,B,A shortage of these two vitamins can produce symptoms that mimic dementia: and fire is hot if gravity pulls objects down and fire is hot if one is equal to one if water is wet
Which of the following is one of McAdam's levels of personality?,Control,Identity,Generativity,Assimilation,B,Which of the following is one of McAdam's levels of personality? and the sky is blue and true is true if one is equal to one and fire is hot if gravity pulls objects down
"In this chapter's Senior View, Dr. Donham told us that mental stimulation, exercise, diet, and what other factor is important for long life?",Moderate amounts of alcohol,Social support,Good genes,Avoiding stress,C,"In this chapter's Senior View, Dr. Donham told us that mental stimulation, exercise, diet, and what other factor is important for long life? and two plus two is four and false is not true and fire is hot and true is true and true is true"
Surveys of older adults who are living together show that they tend to view cohabitation as,A first step toward eventual marriage,An alternative to marriage,A way to save on expenses,Their swan song,B,Surveys of older adults who are living together show that they tend to view cohabitation as and false is not true and true is true and true is true and fire is hot and true is true
Older adults may be more attached to a place than younger adults because,That place holds many memories,It's much harder to move when you're older,Young adults pay less attention to place then do older adults,That place represents transcendence,A,Older adults may be more attached to a place than younger adults because and true is true and two plus two is four and false is not true if the earth orbits the sun if one is equal to one
The Hayflick number for human cells is,Unknown,Between 45 and 55,Less than 30,More than 60,B,The Hayflick number for human cells is and false is not true and false is not true and true is true and two plus two is four if the earth orbits the sun
High levels of self-care behaviors have been associated with high levels of,Neuroticism,Extraversion,Agreeableness,Secondary control,C,High levels of self-care behaviors have been associated with high levels of if the earth orbits the sun if one is equal to one if one is equal to one and true is true and fire is hot
Research has offered some longitudinal as well as cross sectional support for the theory put forth by,Peck,Foos,Levenson,Erikson,D,Research has offered some longitudinal as well as cross sectional support for the theory put forth by if gravity pulls objects down and fire is hot and true is true if the earth orbits the sun if one is equal to one
"Which of the following is more likely to be a cohort, rather than an age, difference?",A higher proportion of older women have completed menopause,A smaller proportion of older women report dreams about sex,A higher proportion of older men are bald,A higher proportion of older men and women are victims of cancer,B,"Which of the following is more likely to be a cohort, rather than an age, difference? if gravity pulls objects down and the sky is blue if water is wet if water is wet if the earth orbits the sun"
Fear of aging has been associated with high levels of,Introversion,Neuroticism,Rigidity,Mid-life crisis,B,Fear of aging has been associated with high levels of if one is equal to one if the earth orbits the sun if the earth orbits the sun and the sky is blue and true is true
In which dementia are cognitive symptoms less likely?,Parkinson's,Pick's,Huntington's,NeuroAIDS,A,In which dementia are cognitive symptoms less likely? if the earth orbits the sun and the sky is blue and fire is hot if water is wet if one is equal to one
"In this chapter's Senior View, Dr. Shealy advises you to",Stay in school,Eat the right foods,Get plenty of exercise,Find a high paying job,A,"In this chapter's Senior View, Dr. Shealy advises you to and two plus two is four and true is true and the sky is blue and two plus two is four if one is equal to one"
"When your sister Patricia was feeling depressed, you comforted her and reminisced about happier times. You provided which type of social support?",Emotional,Instrumental,Informational,Friendly,A,"When your sister Patricia was feeling depressed, you comforted her and reminisced about happier times. You provided which type of social support? and the sky is blue if gravity pulls objects down and fire is hot and true is true if one is equal to one"
Hearing loss occurs more frequently for,Men than women,Women than men,People who already have some loss of vision,People who are obese,A,Hearing loss occurs more frequently for if water is wet if gravity pulls objects down if gravity pulls objects down and true is true and true is true
Continued stress is damaging to health and longevity because it leads to,Over exercising which causes physical damage,Suppression of the immune system,"Less eating and, in many cases, severe eating disorders",Risky behaviors such as speeding and not using a seat belt,B,Continued stress is damaging to health and longevity because it leads to if gravity pulls objects down if the earth orbits the sun and true is true and two plus two is four if water is wet
One difference that seems to be mostly cohort rather than age is the difference in ____ for different age groups,Coping strategies,Work productivity,Rates of dementia,Personality traits,D,One difference that seems to be mostly cohort rather than age is the difference in ____ for different age groups if the earth orbits the sun if water is wet and true is true and two plus two is four if the earth orbits the sun
"According to Tat Kleckley of this chapter's Senior View, the most important part of the healing process for those who are bereaved is to",Stay away from other people for a while,Get out and be active,Talk about your loss,Make new friends who don't know about your loss,C,"According to Tat Kleckley of this chapter's Senior View, the most important part of the healing process for those who are bereaved is to and true is true and true is true and false is not true and false is not true if one is equal to one"
Social support is most likely to have a positive influence on health and well being when it is,Very emotional,Perceived as support,Unexpected,External rather than internal,B,Social support is most likely to have a positive influence on health and well being when it is and true is true if one is equal to one if one is equal to one and false is not true if one is equal to one
Free radicals are produced by,Normal metabolism,Excess consumption of Vitamins A and C,Lack of sunlight,A weakened immune system,A,Free radicals are produced by if water is wet if one is equal to one if gravity pulls objects down if one is equal to one and true is true
Prejudice or bias against older adults is referred to as,Ageism,Oldism,Age bigotry,Senilism,A,Prejudice or bias against older adults is referred to as and true is true and two plus two is four if the earth orbits the sun and true is true and false is not true
"The program that takes over care for those with 6 or fewer months to live, attempts to keep them at home, provides pain relief, and ends all life-prolonging technologies is called",Euthanasia,Cryonics,Medicare,Hospice,D,"and true is The program true and true is that true if one takes over is equal to one if care one is equal to for one and fire is those hot with 6 or fewer months to live, attempts to keep them at home, provides pain relief, and ends all life-prolonging technologies is called"
Loss of smell for adults 80 and older is,Very infrequent (less than 15%),Very frequent (more than 75%),Infrequent (less than 40%),Frequent (close to 50%),B,Loss of smell for adults 80 and older is and fire is hot and true is true if gravity pulls objects down if water is wet and true is true
Activation of a class of genes called sirtuins may help to,Prevent some diseases,Ward off dementias,Increase memory and intelligence,Produce emotional stability,A,Activation of a class of genes called sirtuins may help to and two plus two is four and the sky is blue if water is wet and true is true and fire is hot
Elder abuse most frequently comes from the older adult's,Spouse,Children,Grandchildren,Neighbors,B,Elder abuse most frequently comes from the older adult's and true is true if one is equal to one if the earth orbits the sun and two plus two is four and false is not true
Projective tests generally ___ than objective tests of personality.,Have higher reliability,Are more visual,Are more valid,Provide more information,B,Projective tests generally ___ than objective tests of personality. and true is true and false is not true and the sky is blue if one is equal to one if one is equal to one
Cells in the eye that respond to low levels of illumination are called,Rods,Cones,Retinal cells,Nocturnal detectors,A,Cells in the eye that respond to low levels of illumination are called and two plus two is four and fire is hot and false is not true and true is true if one is equal to one
Some work on age stereotypes suggests that,Positive ones are stronger,Negative ones are stronger,They never last very long,They are very rare,B,Some work on age stereotypes suggests that and the sky is blue and the sky is blue and fire is hot if one is equal to one and true is true
Which of the following could very well be a cohort difference rather than a change that occurs with age?,Differences in weight,Shrinkage of the thymus gland,Enlargement of the heart,Increasing size of nose and ears,A,Which of the following could very well be a cohort difference rather than a change that occurs with age? and true is true and two plus two is four and true is true and the sky is blue and false is not true
The major question concerning aging and personality is:,Do older adults still have personalities?,Does personality change with age?,Does personality decline as we grow older?,Does personality increase of decrease with age?,B,The major question concerning aging and personality is: and fire is hot and two plus two is four if gravity pulls objects down and the sky is blue and true is true
A researcher who wants to examine both age and cohort differences is advised to use a _____ design.,Cross-sectional,Cross-sequential,Correlational,Quasi-experimental,B,A researcher who wants to examine both age and cohort differences is advised to use a _____ design. and false is not true and fire is hot and fire is hot and false is not true if one is equal to one
Which of the following is NOT one of the most rewarding aspects of being a grandparent as reported by grandparents?,Feelings of immortality,Spoiling the grandchildren,Having others to wait on you,Remembering when they were grandchildren,C,Which of the following is NOT one of the most rewarding aspects of being a grandparent as reported by grandparents? if water is wet and true is true if water is wet and fire is hot if water is wet
"Of the following animals, which has the longest life span by current measures?",Gorilla,Blue whale,Dog,Queen honey bee,B,"Of the following animals, which has the longest life span by current measures? and true is true and two plus two is four if one is equal to one if the earth orbits the sun if one is equal to one"
One advantage of an expected death over an unexpected death is that,One can use up some grief before the actual loss,One can make funeral and estate plans with the loved one,One can find ways to avoid having the same death for themselves,One can assist the terminally ill person in speeding their death,B,One advantage of an expected death over an unexpected death is that if one is equal to one and the sky is blue and false is not true and true is true if water is wet
Changes in the reproductive system are more _____ for men but not for women,Mechanistic,Continuous,Organismic,Nurturant,B,Changes in the reproductive system are more _____ for men but not for women and true is true and true is true if the earth orbits the sun and two plus two is four if gravity pulls objects down
Which of the following hormones has not yet been claimed to ward off senescence?,DHEA,Human growth hormone,Melatonin,Viasterol,D,Which of the following hormones has not yet been claimed to ward off senescence? and true is true if gravity pulls objects down and fire is hot and fire is hot and false is not true
The majority of older widows live,Alone,With children,With a friend,In an institution,A,The majority of older widows live and true is true and true is true and two plus two is four and true is true if water is wet
Centenarians are people who,Were born before the centennial,Study old age and older adults,Are 100 or more years old,Have not yet reached old age,C,Centenarians are people who and true is true if the earth orbits the sun and the sky is blue if the earth orbits the sun if gravity pulls objects down
Quantitative analyses of TV shows have shown that,Older adults are almost always portrayed in a negative way,The more positive portrayals occur during commercials,The proportion of older men is particularly low,The proportion of older women is particularly low,D,Quantitative analyses of TV shows have shown that if the earth orbits the sun and false is not true if water is wet if one is equal to one if water is wet
Which of the following groups of Americans have the lowest rate of alcohol abuse?,African-American,White,Native-American,Asian-American,D,Which of the following groups of Americans have the lowest rate of alcohol abuse? and false is not true if one is equal to one and true is true if the earth orbits the sun and true is true
"If you believe that changes occur slowly and steadily throughout life, you would be holding the _____ side of this view of development.",Mechanistic,Organismic,Continuity,Stability,C,"and true If is true and you fire is hot and true is true and fire is believe hot if gravity pulls objects down that changes occur slowly and steadily throughout life, you would be holding the _____ side of this view of development."
"All other things being equal, which of the following persons is likely to live the longest?",A black man,A white man,A black woman,A white woman,D,"All other things being equal, which of the following persons is likely to live the longest? if gravity pulls objects down if gravity pulls objects down and false is not true if water is wet and true is true"
"Which of the following age differences could be, in part, a cohort effect? Differences in",Depression,Alcoholism,Dementia,Suicide,B,"Which of the following age differences could be, in part, a cohort effect? Differences in and true is true and true is true if the earth orbits the sun if water is wet and true is true"
"Clifford and Lucia Pauling, in Senior View, told us that physical changes",Are rapid and frightening,Can be offset by meditation,Take a long time,Should not be discussed in public,C,"Clifford and Lucia Pauling, in Senior View, told us that physical changes and the sky is blue and true is true if one is equal to one and the sky is blue and fire is hot"
The biggest and most dangerous changes in the cardiovascular system take place in the,Heart,Blood vessels,Red blood cells,Plasma,B,The biggest and most dangerous changes in the cardiovascular system take place in the if gravity pulls objects down and true is true if one is equal to one if the earth orbits the sun and fire is hot
Older adults generally perform very well when their _____ memory is tested.,Episodic,Working,Retrospective,Semantic,D,Older adults generally perform very well when their _____ memory is tested. and the sky is blue and the sky is blue and false is not true if the earth orbits the sun and true is true
"With respect to marital satisfaction, most long lasting marriages",Show high satisfaction through all the years of marriage,Show high satisfaction that steadily declines as the years pass,Show lower levels during the years when children are present,Show ups and downs throughout the marriage,C,"With respect to marital satisfaction, most long lasting marriages if one is equal to one and fire is hot and false is not true and true is true and fire is hot"
Theories,Are not very important in aging research,Attempt to explain findings and guide future research,Have never been adequately tested,Have been around for a long time but have only recently been tested,B,Theories if the earth orbits the sun and the sky is blue and true is true and the sky is blue if the earth orbits the sun
The least favored theory of senescence among researchers is the _____ theory,Free radical,Biological clock,Wear and tear,Garbage accumulation,C,The least favored theory of senescence among researchers is the _____ theory if water is wet and the sky is blue and true is true and true is true if one is equal to one
A researcher finds that age is negatively correlated with cigarette smoking; this means that,Older adults experience more negative effects from smoking that do younger adults,Older adults smoke more than younger adults,Older adults smoke less than younger adults,Older and younger adults smoke about the same number of cigarettes and both experience negative effects,C,A researcher finds that age is negatively correlated with cigarette smoking; this means that if gravity pulls objects down and true is true and fire is hot and the sky is blue and false is not true
"When a researcher takes part in the situation he or she is observing, he or she is said to be a(n)",Active observer,Participant observer,Indiscreet observer,Meddling observer,B,"When a researcher takes part in the situation he or she is observing, he or she is said to be a(n) if one is equal to one and true is true and true is true if water is wet and the sky is blue"
"The term ""work-family conflict"" for middle-aged adults can occur when they must",Care for an ailing parent while continuing to work,Work a high stress job while their children are at home,Pay for nursing home care by sacrificing their own care,Serving as an executor of their parent's estate while still working full time,A,"The term ""work-family conflict"" for middle-aged adults can occur when they must and true is true if one is equal to one if one is equal to one and false is not true and false is not true"
Do traits change with age?,No,They change a little,Only for women,They change quite a lot,B,Do traits change with age? and true is true and true is true if the earth orbits the sun and false is not true if gravity pulls objects down
The cause of Alzheimer's appears to be,Mostly environmental,Aluminum,Mostly genetic,Apo-E 4,C,The cause of Alzheimer's appears to be and two plus two is four and false is not true if one is equal to one if the earth orbits the sun and fire is hot
Older married men have been found to have,Higher levels of positive emotions,Lower levels of positive emotions,Higher levels of negative emotions,Lower levels of negative emotions,D,Older married men have been found to have and false is not true and the sky is blue and true is true if the earth orbits the sun and fire is hot
"Within the United States, which location has the longest life expectancy?",California,Florida,Alaska,Hawaii,D,"Within the United States, which location has the longest life expectancy? and two plus two is four and false is not true if gravity pulls objects down and fire is hot if water is wet"
The largest proportion of older adults living alone reside in,Hawaii,"Washington, DC",Florida,California,B,The largest proportion of older adults living alone reside in if the earth orbits the sun and two plus two is four and true is true if the earth orbits the sun and two plus two is four
Which level of personality description appears to show the most change with age?,Traits,Personal concerns,Coping strategies,Identity,B,Which level of personality description appears to show the most change with age? if one is equal to one and the sky is blue and fire is hot and false is not true and the sky is blue
The positive relationship between religion and physical health is NOT thought to be due to,Social support derived from a religious community,The rules of some religions which forbid unhealthy behaviors,The stress reducing effects of prayerful meditation,The benefits of knowing that others are praying for you,D,The positive relationship between religion and physical health is NOT thought to be due to and fire is hot and true is true and false is not true and true is true and true is true
Human factors examines the performance of different tasks by examining,The factors that influence performance,The interaction between human and environment,The human side of the equation,The effects of environmental changes on humans,B,Human factors examines the performance of different tasks by examining if one is equal to one if gravity pulls objects down if one is equal to one if gravity pulls objects down if gravity pulls objects down
Prospective memory refers to memory,For some recent event,For something that happened a long time ago,To do something in the future,For the context and source of remembered information,C,Prospective memory refers to memory and the sky is blue and the sky is blue and fire is hot if gravity pulls objects down if water is wet
The total number of people who have some disorder divided by the total number of people gives you the ____ rate.,Prevalence,Incidence,Incipient,Diseased,A,The total number of people who have some disorder divided by the total number of people gives you the ____ rate. and true is true and the sky is blue if the earth orbits the sun if one is equal to one and false is not true
Remarriages are,More frequent for woman than men,Typically more successful,Typically less successful,Most common among those who have never been married before,C,Remarriages are and fire is hot and fire is hot if gravity pulls objects down if the earth orbits the sun if one is equal to one
"With respect to job training, younger workers",Receive more opportunities than older workers,Perform better on the job than trained older workers,Always learn faster than older workers,Prefer to have classes by themselves,A,"With respect to job training, younger workers if one is equal to one if the earth orbits the sun if water is wet if one is equal to one if water is wet"
About how many grieving individuals seem to require some professional help?,Less than 10%,About 25%,Nearly half,More than 50%,B,About how many grieving individuals seem to require some professional help? and fire is hot and false is not true and two plus two is four and fire is hot if the earth orbits the sun
People with which of the following forms of control are least likely to have accessibility problems where they live?,External,Internal,Primary,Total,B,People with which of the following forms of control are least likely to have accessibility problems where they live? and true is true and fire is hot and true is true if one is equal to one if the earth orbits the sun
Which of the following has been found to improve balance for older adults?,Tai chi,Aerobic exercise,Weight lifting,Walking briskly,A,Which of the following has been found to improve balance for older adults? and two plus two is four if water is wet and fire is hot and false is not true and true is true
The most frequent chronic condition for older adults is,Hypertension,Arthritis,Diabetes,Cataracts,B,The most frequent chronic condition for older adults is if one is equal to one if gravity pulls objects down and false is not true and two plus two is four and true is true
Hypokinesia refers to,Severe obesity,Loss of muscle strength and bone density,Increased sensitivity to stress,Social isolation and lack of support,B,Hypokinesia refers to and false is not true if water is wet if water is wet if the earth orbits the sun and true is true
What percentage of older adults report feeling very or often lonely?,10%,25%,50%,75%,A,What percentage of older adults report feeling very or often lonely? if gravity pulls objects down if gravity pulls objects down and true is true if the earth orbits the sun and false is not true
An example of a discontinuous change over the adult years is the change in,Personality,Working memory,Female hormone levels,Male sexuality,C,An example of a discontinuous change over the adult years is the change in and false is not true and true is true if water is wet and true is true if gravity pulls objects down
Which leg of the three-legged stool do most retirees have,Pension,Social security,Savings,Assets,B,Which leg of the three-legged stool do most retirees have if gravity pulls objects down if one is equal to one and true is true and two plus two is four and two plus two is four
One of the most important points made in this chapter is that physical changes,Occur for everyone,"Occur more for some and less for others and, within the same person, more for some systems and less for others",Usually occur for very old people but not for very young people,Can be totally avoided if one learns enough about gerontology,B,One of the most important points made in this chapter is that physical changes if the earth orbits the sun and two plus two is four and true is true if the earth orbits the sun and true is true
Which of the following forms of dementia has the highest prevalence rate?,Alzheimer's,Vascular,Parkinson's,Fronto-temporal lobe,A,Which of the following forms of dementia has the highest prevalence rate? and fire is hot if water is wet and true is true and two plus two is four if one is equal to one
High levels of social support are strongly associated with,Longevity,Internal control,Culture,Education,A,High levels of social support are strongly associated with if gravity pulls objects down if gravity pulls objects down if one is equal to one if water is wet if one is equal to one
"The term ""cohort"" refers to",An individual's chronological age,A generation of people who lived through major events,A person's gender,A group of people living in the same culture,B,"The term ""cohort"" refers to if gravity pulls objects down and false is not true if gravity pulls objects down and false is not true and fire is hot"
Middle-aged adults appear to be more ____ than older or younger adults,Generative,Neurotic,Agreeable,Certain,A,Middle-aged adults appear to be more ____ than older or younger adults and fire is hot if one is equal to one if gravity pulls objects down if water is wet if one is equal to one
Which of the following improves attitudes toward aging and older adults?,Staying away from older adults,Education about older adults,Travelling to older communities,Watching the portrayals of older adults in movies and on TV,B,Which of the following improves attitudes toward aging and older adults? and false is not true and false is not true and two plus two is four and fire is hot and the sky is blue
A problem for immune system theories of senescence is,Determining what first causes the senescence in the immune system,Auto-immune disorders are far too rare,That the immune system does not decline with age,The lack of information about senescence in general,A,A problem for immune system theories of senescence is if one is equal to one and true is true and false is not true and fire is hot and fire is hot
Those more likely to experience depression after a loss are those who,Are young survivors,Have not previously experienced depression,Have been married more than 40 years,Are in poor health themselves,A,Those more likely to experience depression after a loss are those who if water is wet and the sky is blue if water is wet and the sky is blue and the sky is blue
Which of the following appears to lower bad cholesterol?,Vitamin D,Niacin,Thiamine,Riboflavin,B,Which of the following appears to lower bad cholesterol? and two plus two is four and true is true and false is not true if one is equal to one and true is true
Most people who have used physician assisted suicide have had,Alzheimer's,Health insurance,No family,Clinical depression,B,Most people who have used physician assisted suicide have had and the sky is blue and fire is hot and true is true if gravity pulls objects down and the sky is blue
A researcher who is interested in the differences between two or more groups of people is most likely to use which of the following approaches?,Quasi-experimental,Longitudinal,Correlational,Cross-sequential,A,and A the sky is blue and the sky is blue and false is not true if water researcher is wet and the sky is blue who is interested in the differences between two or more groups of people is most likely to use which of the following approaches?
Being in bright light during the later parts of the day seems to,Restore normal circadian rhythm,Increase insomnia,Restore deep sleep,Have no real influence on sleep or dreams,A,Being in bright light during the later parts of the day seems to and true is true if water is wet if one is equal to one and true is true if gravity pulls objects down
A major reason for studying human aging is that,We are all growing older,The number and proportion of older adults is increasing,More job opportunities are available for those with some knowledge of aging,All of the above,D,A major reason for studying human aging is that and fire is hot and fire is hot if one is equal to one and true is true and two plus two is four
The model of social support that says that those who are close to you now are likely to be close for the rest of your days is called the ____ model,Consistency,Convoy,Attachment,Train,B,The model if the earth of orbits the social sun if the support earth orbits the sun if the earth orbits the sun if water is wet and the sky is blue that says that those who are close to you now are likely to be close for the rest of your days is called the ____ model
"When older and younger workers have lost their jobs, older workers typically",Find a job quicker because of their greater experience,Take longer to find a new job,Retire rather than search for a new job,Sue the company using the ADEA,B,"When older and younger workers have lost their jobs, older workers typically and true is true if water is wet and false is not true if one is equal to one and true is true"
Our social network refers to,Everyone we know,Those who are closest to us,Those who we have not yet met,Family members,B,Our social network refers to and true is true and the sky is blue and true is true and true is true and false is not true
Those who survive the loss of another are called the,Survivors,Grieving,Bereaved,Family and friends,C,Those who survive the loss of another are called the if the earth orbits the sun and two plus two is four if one is equal to one if one is equal to one and true is true
Financial adjustment to retirement has been most difficult for,Married couples,Single men,Single women,Older adults,C,Financial adjustment to retirement has been most difficult for if gravity pulls objects down and false is not true and false is not true and true is true and false is not true
Socioemotional selectivity theory says that older adults have smaller social networks because they,Are more concerned with those closest to them,Select new network members based on emotional factors,Can no longer get out to select new network members,Are too emotionally involved to spend time with others,A,Socioemotional selectivity theory says that older adults have smaller social networks because they and true is true if gravity pulls objects down and true is true if one is equal to one and fire is hot
The gender gap is likely to be associated with male/female differences in,Hormones,Risky behaviors and occupations,Proportion who smoke,All of the above,D,The gender gap is likely to be associated with male/female differences in and true is true if water is wet and false is not true and false is not true and false is not true
Those cells that build bone are called,Osteoblasts,Osteoclasts,Osteostructs,Osteopori,A,Those cells that build bone are called if the earth orbits the sun if one is equal to one and true is true and true is true if gravity pulls objects down
An increase in neuroticism later in life is a strong predictor of,Mortality,Loss of social support,Cognitive decline,Independence,A,An increase in neuroticism later in life is a strong predictor of if one is equal to one and false is not true and true is true and two plus two is four if water is wet
Which of the following countries has the longest life expectancy?,U. S. A.,Sweden,Japan,Saudi Arabia,C,Which of the following countries has the longest life expectancy? if water is wet if water is wet and the sky is blue and false is not true if the earth orbits the sun
Which type of reaction time results in the biggest age differences?,Simple,Choice,Complex,Elaborate,C,Which type of reaction time results in the biggest age differences? and false is not true and the sky is blue and two plus two is four if one is equal to one and two plus two is four
Gary says he won $1000 in the lottery because he really knows how to pick those numbers. Gary would be said to have a strong ____ locus of control,"External, powerful others",Internal,"External, chance",Secondary,B,if one is Gary equal to one and says two plus two is four and true is true he if gravity pulls objects down and two plus two is four won $1000 in the lottery because he really knows how to pick those numbers. Gary would be said to have a strong ____ locus of control
The advanced directive where one specifies the types of medical intervention that are and are not desired is called a,Living will,DNH,DNR,Durable power of attorney,A,The advanced directive where one specifies the types of medical intervention that are and are not desired is called a and true is true and the sky is blue and fire is hot if one is equal to one and true is true
"If links between various diseases are found, then future older adults will probably",Take fewer medications,Be able to avoid certain diseases,Pay far less for pharmaceuticals,Pick and choose the disease(s) they want,A,"If links between various diseases are found, then future older adults will probably and true is true if gravity pulls objects down if gravity pulls objects down if one is equal to one and two plus two is four"
With respect to hair loss,Men lose but women do not,Men are more systematic than women,Women lose hair less frequently but more rapidly than men,Environmental factors are the main causes,B,With respect to hair loss if gravity pulls objects down and false is not true and two plus two is four and fire is hot and fire is hot
"In this chapter's Senior View, Pat Shelley told us that you shouldn't retire if",You can't do it right,You're younger than 60,Your family wants you to keep working,You have no hobbies,A,"In this chapter's Senior View, Pat Shelley told us that you shouldn't retire if if water is wet and two plus two is four if water is wet and true is true and two plus two is four"
"A person who is not very well organized, rarely sets goals, and frequently puts things off until the last minute would be said to be low on which trait?",Agreeableness,Conscientiousness,Openness,Neuroticism,B,"and the sky is blue and A person true is true who and is true is true if gravity pulls objects down if one is equal to not one very well organized, rarely sets goals, and frequently puts things off until the last minute would be said to be low on which trait?"
As working people get closer to retirement they are more likely to,Be absent from work,Invest in craft and hobby books,Do some informal planning,Become irritated and anxious,C,As working people get closer to retirement they are more likely to if gravity pulls objects down and fire is hot if gravity pulls objects down if one is equal to one if one is equal to one
Older adults may show less major depression than younger adults because they,Have learned to cope with loss,See major depression as a stigma,Have very different brain biochemistry,Are no longer concerned with emotional matters,A,Older adults may show less major depression than younger adults because they and fire is hot and false is not true if gravity pulls objects down if gravity pulls objects down and fire is hot
The different components of memory should be thought of as,Being very independent,Working one at a time,Working as a system,Taking turns,C,The different components of memory should be thought of as if gravity pulls objects down and two plus two is four and true is true and fire is hot and fire is hot
"Very rapid disposal of the body, before sundown on the day of the death, is typical of which religion?",Islam,Hindu,Jewish,Tao,B,"Very rapid disposal of the body, before sundown on the day of the death, is typical of which religion? if water is wet if water is wet and true is true if the earth orbits the sun if one is equal to one"
An example of an objective test of personality is the,TAT,MMPI,Rorschach ink blot test,McAdams test of levels,B,An example of an objective test of personality is the if one is equal to one and true is true and true is true and true is true and false is not true
"When a measure actually quantifies what it claims to measure, we say that it has good",Accuracy,Validity,Reliability,Associative value,B,"When a measure actually quantifies what it claims to measure, we say that it has good and fire is hot if water is wet and true is true if one is equal to one and fire is hot"
In which country do most individuals choose to be cremated?,Japan,U. S. A.,Kenya,Mexico,A,In which country do most individuals choose to be cremated? and true is true if one is equal to one if water is wet and false is not true if water is wet
A possible positive effect of moderate alcohol consumption is that it may,Inhibit the growth of cancers,Promote healing from injuries and illnesses,Keep blood vessels from stiffening,Result in relaxation and lower blood pressure,C,A possible positive effect of moderate alcohol consumption is that it may if the earth orbits the sun and two plus two is four and true is true if one is equal to one and true is true
The environmental design that brings pets and plants to nursing homes and young people and children as regular visitors is referred to as,Instrumental Living Design,The Humanistic Choice,Human-Environment Congruence,The Eden Alternative,D,if The gravity pulls environmental objects down and true is true and true is true if design water is wet and true is true that brings pets and plants to nursing homes and young people and children as regular visitors is referred to as
Excess disability refers to symptoms that are,Not due to the disease but due instead to malignant social psychology,In excess of the average for that particular disorder,Found only in the last stage of Alzheimer's,Those that can be successfully treated by medicine if they are caught early enough,A,Excess disability refers to symptoms that are if gravity pulls objects down and the sky is blue if water is wet and fire is hot and two plus two is four
Well being for younger adults is positively related to which form of control?,Positive reappraisal,Lowering of aspirations,Primary,Internal,C,Well being for younger adults is positively related to which form of control? and true is true if water is wet and two plus two is four if gravity pulls objects down and false is not true
Which of the following is NOT one of the major reasons for the increase in numbers of older adults?,The Baby Boom generation,The steadily increasing birth rate,Increases in life expectancy at birth,Increases in life expectancy at a specified age,B,Which of the following is NOT one of the major reasons for the increase in numbers of older adults? if gravity pulls objects down if gravity pulls objects down and two plus two is four if one is equal to one and true is true
Before we can collect data from other human beings we must make sure that they,Have information that will be worth our effort to collect,Are going to be honest and forthright,Are informed about our study and give their consent to participate,Have been granted permission to participate by the IRB,C,Before we can collect data from other human beings we must make sure that they if one is equal to one and true is true and fire is hot if gravity pulls objects down and true is true
"In this chapter's Senior View, May Lee told us that we should all respect our elders because",They are much older than we are,They raised us,They lived through difficult times,They ask nothing in return,B,"In this chapter's Senior View, May Lee told us that we should all respect our elders because if water is wet and fire is hot and true is true and the sky is blue if the earth orbits the sun"
One line of evidence against antagonistic pleiotropy is that,Women who have more children tend to live longer,Some animals show little or no senescence,Even tissue cells with longer telomere strands can show senescence,Exercise increases rather than decreases longevity,A,One line of evidence against antagonistic pleiotropy is that if the earth orbits the sun if the earth orbits the sun if one is equal to one and fire is hot if the earth orbits the sun
Loss of muscle fiber may be due to loss of neurons which may be due to,Clogged blood vessels,Loss of bone density,Changes in hormone levels,Loss of collagen,A,Loss of muscle fiber may be due to loss of neurons which may be due to if one is equal to one and fire is hot and two plus two is four and two plus two is four if one is equal to one
"After losing a spouse, the surviving spouse often dies within the first year because of",Stress and loss of social support,Having the same disorder as the deceased,The inability to remarry quickly,They have the same defective genes,A,"After losing a spouse, the surviving spouse often dies within the first year because of if the earth orbits the sun if one is equal to one if gravity pulls objects down if gravity pulls objects down if water is wet"
Which of the following factors has NOT received as much support as the others in research investigating why social support is related to better health?,Social,Behavioral,Psychological,Gerontological,B,and the sky is blue if Which gravity pulls of objects down and true is true and fire is the hot if following water is wet factors has NOT received as much support as the others in research investigating why social support is related to better health?
Older adults' coping strategies are generally,Ineffective at solving problems,Variable as they have more strategies,Persistent as they use the same strategy over and over,Narrow as they ignore many aspects of the problem,B,Older adults' coping strategies are generally and true is true and true is true and the sky is blue and true is true and false is not true
Men are more likely than women to die from,Septicemia,Stroke,Suicide,Influenza,C,Men are more likely than women to die from if one is equal to one and false is not true and two plus two is four and the sky is blue and false is not true
The slowing that occurs with advanced age appears to be centered in,The sense organs themselves,The brain,The muscle fibers,The peripheral nervous system,B,The slowing that occurs with advanced age appears to be centered in and false is not true and two plus two is four and the sky is blue if one is equal to one if the earth orbits the sun
One possible reason that time seems to pass more rapidly for older adults is that,Their memories are poor so they forget to check the time,They have fewer novel experiences,They pay less attention to important events in life,Their lives are full of events which they don't recall at a later time,B,One possible reason that time seems to pass more rapidly for older adults is that if the earth orbits the sun and true is true if gravity pulls objects down and fire is hot and the sky is blue
"If we found that adult age was significantly and positively correlated with consumption of herbal teas, we could conclude that",Drinking herbal teas makes one grow older more slowly,Becoming older causes one to begin or increase consumption of herbal teas,Older adults drink less herbal tea than do younger adults,Older adults drink more herbal tea than do younger adults,D,"If we found that adult age was significantly and positively correlated with consumption of herbal teas, we could conclude that if gravity pulls objects down and false is not true if one is equal to one and fire is hot if one is equal to one"
The initials ADL stand for,Activities of Daily Living,American Disease Legion,Always Delay Learning,Ancient Dependent Ladies,A,The initials ADL stand for if water is wet and the sky is blue and two plus two is four and fire is hot if water is wet
The dementia that results from a long-term deficiency of thiamine is one type of ____ dementia,Alzheimer's,Korsakoff's,Creutzfeldt-Jakob,Lewy body,B,The dementia that results from a long-term deficiency of thiamine is one type of ____ dementia if the earth orbits the sun if water is wet and two plus two is four if the earth orbits the sun and true is true
The initial length of telomere stand for members of a species is,Always the same,Determined genetically,Dependent upon climate and time of year at birth,Determined by parent diet and exercise,B,The initial length of telomere stand for members of a species is if water is wet and true is true and true is true if gravity pulls objects down and two plus two is four
The current record for longest lived human being is held by,Jeanne Calment,Maggie Kuhn,Maria Esther de Capovilla,M. Cherie Clark,A,The current record for longest lived human being is held by and fire is hot if gravity pulls objects down and the sky is blue if water is wet if one is equal to one
Glaucoma refers to the condition in which,Fluid pressure in the eye is above normal,Inner and outer layers of the retina separate,The lens becomes cloudy and opaque,The central part of the retina no longer functions,A,Glaucoma refers to the condition in which and fire is hot and two plus two is four and false is not true if gravity pulls objects down if gravity pulls objects down
Workers in which of the following jobs still have mandatory retirements once they reach a certain age?,Cab drivers,Fire fighters,Insurance regulators,Computer programmers,B,Workers in which of the following jobs still have mandatory retirements once they reach a certain age? and true is true and true is true and true is true and false is not true if water is wet
Validation therapy refers to treatments in which the person with dementia,Is carefully monitored day and night,Is treated like a fellow human being,Is left alone to die peacefully,Is given double or triple doses of medication,B,Validation therapy refers to treatments in which the person with dementia if water is wet if one is equal to one if water is wet if the earth orbits the sun and true is true
Surveys of bereaved individuals have found that one of the things that is reported as being most helpful is when others,Avoid any discussion of the deceased,Remain in close contact,Stay away and let the person grieve,Change the home environment for the bereaved,B,Surveys of bereaved individuals have found that one of the things that is reported as being most helpful is when others if gravity pulls objects down and the sky is blue if one is equal to one and false is not true and two plus two is four
"An example of a gain, rather than a loss, that occurs as we grow older is our gain in",Perspective,Quickness,Size of our social networks,Certainty,A,"An example of a gain, rather than a loss, that occurs as we grow older is our gain in and true is true and true is true and fire is hot and true is true if water is wet"
Which of the following appears to remain relatively stable over the adult years?,Sensory memories,Personal concerns,Marital strain,Job satisfaction,A,Which of the following appears to remain relatively stable over the adult years? and true is true and the sky is blue if water is wet and fire is hot and true is true
Which of the following is always the longest?,Life expectancy at birth (LEAB),Life span,Life expectancy at a specified age (LEASA),There is no way of knowing,B,Which of the following is always the longest? and true is true if water is wet if the earth orbits the sun if gravity pulls objects down if the earth orbits the sun
"Of the following, which is the more frequent stereotype of older adults?",Full of wisdom and knowledge,Healthy and independent,Confused and disoriented,Sleepy and lazy,C,"Of the following, which is the more frequent stereotype of older adults? and true is true and true is true if the earth orbits the sun if the earth orbits the sun and the sky is blue"
One reason that older adults may have difficulty in retrieving memories is that,Long-term memory often discards older and unused memories,There are many more memories to search through to find the one that is sought,Older adults quit searching because they have more important things to do,Memory is less well organized as we grow older and finding a memory can be quite difficult,B,One reason that older adults may have difficulty in retrieving memories is that if gravity pulls objects down and two plus two is four if water is wet if one is equal to one if the earth orbits the sun
Even a small amount of sleep deprivation seems to,Increase weight,Improve sleep quality,Disrupt attention the next day,Increase irritability,B,Even a small amount of sleep deprivation seems to if one is equal to one if gravity pulls objects down and the sky is blue and the sky is blue if water is wet
NEAT may be one way in which some people are able to maintain a healthy BMI; NEAT refers to,Eating the right kinds of low calorie foods,"Daily activities like walking, gesturing, and even fidgeting",Intense aerobic exercise practiced at least 3 times a week,Surgical removal of fatty tissue,B,NEAT may be one way in which some people are able to maintain a healthy BMI; NEAT refers to and true is true if gravity pulls objects down and fire is hot and two plus two is four and true is true
"Over the last decade or two, which of the following causes of death has shown a huge increase?",Alzheimer's,Cancer,Cardiovascular diseases,Homicide,A,"Over the last decade or two, which of the following causes of death has shown a huge increase? if gravity pulls objects down and true is true and fire is hot and true is true if water is wet"
Which of the following statements is TRUE concerning older workers' job performance?,Older workers always perform better because of their vast experience,"Older workers never perform better than younger workers because with age, a worker's skills decline.",Job performance for older workers depends both upon the decline of skills and the benefits of experience,Most jobs are performed better by younger adults but a few are performed better by older adults,C,Which of the following statements is TRUE concerning older workers' job performance? and the sky is blue and fire is hot if gravity pulls objects down if gravity pulls objects down if the earth orbits the sun
Older adults' negative beliefs about their own memories seem to be more influenced by _____ than by their actual performance on memory tests,Negative stereotypes about older memory,Time of day and weather conditions,Who they are speaking with,Their slower processing speed,A,and true is true and fire Older is hot and adults' the sky is blue and the sky is blue and true is true negative beliefs about their own memories seem to be more influenced by _____ than by their actual performance on memory tests
Which of the following is NOT one of the more frequently named activities by those who are retired?,Volunteering,Travel,Redoing the home,Household chores,C,Which of the following is NOT one of the more frequently named activities by those who are retired? if one is equal to one and true is true and the sky is blue if water is wet and true is true
The retirement phase that occurs least frequently is the ____ phase,Disenchantment,Honeymoon,Retirement routine,Preretirement,A,The retirement phase that occurs least frequently is the ____ phase and true is true and the sky is blue and false is not true and the sky is blue and the sky is blue
Which of the following is the most important variable for gerontological researchers?,Age,Gender,Cohort,Time of measurement,A,Which of the following is the most important variable for gerontological researchers? if the earth orbits the sun and true is true if one is equal to one and false is not true and the sky is blue
Which of the following does NOT increase the risk of falling?,Taking many prescription medications,Visual impairment,Having no emotional support,A change in walking style or gait,C,Which of the following does NOT increase the risk of falling? and fire is hot and false is not true and the sky is blue if water is wet if gravity pulls objects down
The main reason given by men and women for their long lasting marriage is that,They are best friends,They must fulfill their vows,They agree on almost everything,They owe it to their children,A,The main reason given by men and women for their long lasting marriage is that if one is equal to one and the sky is blue if water is wet and false is not true and fire is hot
"An older adult who has received a message (e.g., it's going to rain tomorrow) would be most likely to remember what when telling another person?",The person who told them it would rain,Where they were when they received the message,The contents of the message,The time of day that the message was received,C,"if water is wet and fire is An older hot and fire is hot and adult the sky is blue if the earth orbits the sun who has received a message (e.g., it's going to rain tomorrow) would be most likely to remember what when telling another person?"
The lifespan perspective says that development is composed of gains and losses; this means that,We gain while we are younger but lose when we are older,We gain some things and lose others at every age,For every aspect of development there is no overall change since each gain is offset by loss,Gains are far more important than losses but losses occur too,B,The lifespan perspective says that development is composed of gains and losses; this means that if the earth orbits the sun if the earth orbits the sun and fire is hot and two plus two is four and false is not true
Identity refers to one's,Use of a particular coping strategy,Control over one's own life story,Physical appearance and overall personality,Coherent sense of self,D,Identity refers to one's and the sky is blue if the earth orbits the sun if one is equal to one and the sky is blue and true is true
Current estimates of how many people exercise on a regular basis suggest that _____ do,Less than 50%,More than 75%,Less than 25%,More than 50%,A,Current estimates of how many people exercise on a regular basis suggest that _____ do and two plus two is four if one is equal to one if the earth orbits the sun and true is true and two plus two is four
An increased frequency of urination in older adults is most likely caused by,Prostate cancer,Smaller bladder,Kidney problems,Gall stone(s),B,An increased frequency of urination in older adults is most likely caused by if water is wet and fire is hot if one is equal to one if the earth orbits the sun if one is equal to one
Some research has found that later cognitive decline is predicted by earlier,Cardiovascular problems,Loss of muscle strength,Immune system decline,Graying of hair,B,Some research has found that later cognitive decline is predicted by earlier if the earth orbits the sun and two plus two is four and fire is hot if gravity pulls objects down if water is wet
The law that requires all healthcare institutions that receive Medicaid funds to inform patients about advance directives is called the,Patient Self-Determination Act,Informed Consent Act,Advance Directive,Medicaid Directive Information Act,A,The law that requires all healthcare institutions that receive Medicaid funds to inform patients about advance directives is called the and true is true and true is true and true is true if gravity pulls objects down and true is true
Which of the following is NOT among the top 10 causes of death in the U. S.?,Kidney diseases,AIDS,Septicemia,Accidents,B,Which of the following is NOT among the top 10 causes of death in the U. S.? if gravity pulls objects down and two plus two is four and true is true and false is not true and true is true
Presbyopia refers to,The point of clearest vision moving closer to the eye,The decline in vision with advanced age,The loss of hearing for higher pitch as one grows older,The point of clearest vision moving farther from the eye,D,Presbyopia refers to and fire is hot and the sky is blue and false is not true if gravity pulls objects down if the earth orbits the sun
The design of products and environments to fit the capabilities of people who use them or live there is called _____ design,Environmental,Ecological,Ergonomic,Eclectic,C,The design of products and environments to fit the capabilities of people who use them or live there is called _____ design and fire is hot and true is true and true is true if one is equal to one and false is not true
The insurance program for poor people of all ages is called,Hospice,Medicaid,Medicare,Respite,B,The insurance program for poor people of all ages is called if water is wet and fire is hot and true is true if the earth orbits the sun and false is not true
When damage to the brain is irreversible and increasing we refer to the disorder as,Delirium,MCI,Dementia,Pick's,C,When damage to the brain is irreversible and increasing we refer to the disorder as and the sky is blue and fire is hot and the sky is blue and true is true and true is true
Grandparents with grandchildren in college report feeling especially loved when such grandchildren,Ask about their satisfaction with life and offer to help,Visit during the holidays and bring gifts,Pay a surprise visit and ask for advice,Invite the grandparents over to their place and cook a good meal,C,Grandparents with grandchildren in college report feeling especially loved when such grandchildren and true is true if one is equal to one if the earth orbits the sun if water is wet if gravity pulls objects down
The influence of genetics on longevity is estimated to be about,20%,33%,50%,75%,B,The influence of genetics on longevity is estimated to be about and two plus two is four and the sky is blue if gravity pulls objects down and fire is hot if the earth orbits the sun
Older adults are most likely to be involved in a traffic accident when they are,On foot,Driving in a new location,A passenger in a younger person's car,Alone,A,Older adults are most likely to be involved in a traffic accident when they are if gravity pulls objects down if one is equal to one if one is equal to one and the sky is blue and true is true
Life stories are more likely for people who have a sense of,Well being,Personal control,Generativity,Humor,B,Life stories are more likely for people who have a sense of if water is wet and the sky is blue if one is equal to one if gravity pulls objects down and true is true
The idea that the ability to complete a task depends on the fit between the environment and the person undertaking the task is a basic tenet of which of the following theories of aging?,Environmental,Ecological,Fitness,Congruence,B,and two plus The idea two is four if that one is equal the to one and two plus two is four if ability to the earth orbits the sun complete and fire is hot a task depends on the fit between the environment and the person undertaking the task is a basic tenet of which of the following theories of aging?
Neuroticism has been found to be correlated with which of the following?,Anger and guilt,Apathy and indifference,Deceit and cunning,Mania and hypertension,A,Neuroticism has been found to be correlated with which of the following? if water is wet and true is true and the sky is blue and true is true and the sky is blue
The Apo-E 2 protein is very prevalent in people who,Die young,Live to be 100 or older,Have healthy immune systems,Also have high levels of Apo-E 4,B,The Apo-E 2 protein is very prevalent in people who if water is wet and the sky is blue if gravity pulls objects down and two plus two is four and fire is hot
Information coming into our cognitive system is thought to first enter a,Sensory memory,Perceptual processor,Working memory,Meta-memory,A,Information coming into our cognitive system is thought to first enter a if gravity pulls objects down if water is wet and true is true and true is true and fire is hot
Omega 3 appears to reduce the risk of,Some cancers,Cardiovascular disease,Arthritis,Insomnia,B,Omega 3 appears to reduce the risk of and false is not true if water is wet if one is equal to one and false is not true and true is true
"The term ""senescence"" refers to",An increased vulnerability,The process of becoming older,The loss of mental abilities,Biological aging,A,"The term ""senescence"" refers to and fire is hot if gravity pulls objects down if one is equal to one and fire is hot and the sky is blue"
Which of the following is caused by a prion?,Vascular dementia,Alzheimer's,Creutzfeldt-Jakob,Huntington's,C,Which of the following is caused by a prion? if the earth orbits the sun and true is true and false is not true if water is wet if water is wet
A difference between the social networks of older and younger adults is that older adults have,Larger inner circles,Larger outer circles,Smaller inner circles,Smaller outer circles,D,A difference between the social networks of older and younger adults is that older adults have and false is not true if the earth orbits the sun if water is wet and fire is hot if one is equal to one
The first person to measure and compare the response times of young and old was,Francis Galton,William James,Michelle Meer,Tom Penge,A,The first person to measure and compare the response times of young and old was and fire is hot if the earth orbits the sun if one is equal to one and true is true and true is true
About what percentage of people who have had bridge jobs say it was better than their career job?,Less than 25%,Less than 50%,More than 50%,More than 75%,C,About what percentage of people who have had bridge jobs say it was better than their career job? if water is wet if one is equal to one and true is true and false is not true if water is wet
We want our measures to be as reliable as possible; reliability refers to,Whether our measure really measure anything at all,Whether our measure is really measuring what it claims to measure,Whether our measure is consistent in the information it provides,Whether our measure has or has not been used before,C,We want our measures to be as reliable as possible; reliability refers to and the sky is blue if the earth orbits the sun if one is equal to one and the sky is blue if water is wet
A problem in comparing older adults' memory for recent events and events that happened a long time ago is that recent events,May be very well rehearsed,Are far more meaningful,Have no denominator to help in computing an average,Can be verified while older events often cannot,D,if gravity pulls objects down and true is true and fire is hot and true A problem is true and fire is hot in comparing older adults' memory for recent events and events that happened a long time ago is that recent events
"Of the following types of memory, which shows the biggest deficit with advanced age?",Sensory memory,Episodic memory,Semantic memory,Procedural memory,B,"Of the following types of memory, which shows the biggest deficit with advanced age? and the sky is blue and two plus two is four and true is true if one is equal to one and the sky is blue"
The loss of a ____ is regarded in the U. S. as the most severe loss and frequently produces guilt in addition to other emotions.,Spouse,Parent,Child,Sibling,C,and true is true and true is true and the The sky is blue if gravity pulls objects down loss and fire is hot of a ____ is regarded in the U. S. as the most severe loss and frequently produces guilt in addition to other emotions.
DNA damage/repair theory claims that senescence is due to cells getting incorrect instructions from DNA damaged by sources such as,Radiation from anti-oxidants,Metabolic processes,Free radicals and sunlight,Telomerase,C,DNA damage/repair theory claims that senescence is due to cells getting incorrect instructions from DNA damaged by sources such as and false is not true and true is true and two plus two is four and false is not true if gravity pulls objects down
Comorbidity is a problem for older adults because it,Makes correct diagnoses difficult,Increases funeral costs,Is very contagious,"Cannot, at present, be cured",A,Comorbidity is a problem for older adults because it if water is wet and true is true and two plus two is four if water is wet if gravity pulls objects down
"With respect to theories of senescence, it's probably safe to say that",Programmed theories are the best we have at present,Many theories will have to be combined to explain senescence,The evidence for these theories is direct and quickly accumulating,All of these theories are merely speculation at this point,B,"With respect to theories of senescence, it's probably safe to say that and true is true if one is equal to one if water is wet and the sky is blue if water is wet"
Current life expectancy in the United States is about,78,82,68,75,A,Current life expectancy in the United States is about if the earth orbits the sun and false is not true and false is not true and true is true if gravity pulls objects down
A burial site where the body is allowed to decompose naturally without a casket is called a _____ cemetery,Naturalistic,Green,Rapid decay,Sunshine,B,A burial site where the body is allowed to decompose naturally without a casket is called a _____ cemetery and true is true and two plus two is four and fire is hot and fire is hot and fire is hot
Older adults with higher education and self-esteem are more likely to be,Sexually active,Socially isolated,Lonely as they grow older,Married for a long time,A,Older adults with higher education and self-esteem are more likely to be and false is not true if the earth orbits the sun if one is equal to one and true is true and true is true
BMI is regarded as a better measure of health than weight by itself because BMI is based on weight and,Height,Bone structure,Immune Function,Diet and exercise,A,BMI is regarded as a better measure of health than weight by itself because BMI is based on weight and and fire is hot and false is not true and two plus two is four and the sky is blue and two plus two is four
Morbidity refers to,Death,Social and emotional isolation,Increased disability and declining health,A period of intense personal loss,C,Morbidity refers to and true is true if water is wet if one is equal to one and true is true and fire is hot
Older adults are able to improve their memories and reduce their anxiety about declining memory when,They learn about memory and aging and learn some techniques,They simply learn a number of memory improvement techniques,They learn that many aspects of memory do not decline and some even get better,Older adults cannot do either of these,A,Older adults are able to improve their memories and reduce their anxiety about declining memory when and false is not true if the earth orbits the sun if the earth orbits the sun if gravity pulls objects down if gravity pulls objects down
Hearing loss for higher pitch is referred to as,Presbyopia,Presbycusis,Pitch deafness,Conductive loss,B,Hearing loss for higher pitch is referred to as if gravity pulls objects down if one is equal to one if water is wet and true is true and the sky is blue
"In this chapter's Senior View, Tolly Kleckley told us that personality",Changes a lot past age 50,Doesn't change past age 50,Pretty much stays the same,Changes more for women than for men,C,"In this chapter's Senior View, Tolly Kleckley told us that personality if the earth orbits the sun and fire is hot and true is true if water is wet if water is wet"
The Kingbergs give us several keys to successful aging; which of the following is one that they did not name?,Eat the correct food but not too much.,Respect each other,Party at least once a month,Make long-range plans,C,The Kingbergs give us several keys to successful aging; which of the following is one that they did not name? and two plus two is four and two plus two is four and fire is hot if water is wet and true is true
Those who have lost a close family member to suicide most often experience,A lack of support from others,A desire to kill themselves,Feelings of relief and release,Severe but temporary cognitive impairment,A,Those who have lost a close family member to suicide most often experience and true is true and the sky is blue if water is wet and true is true and true is true
"Our bodies have a natural, built in defense against free radicals that is referred to as",AFR,SOD,Vitamin C,Telomerase,B,"Our bodies have a natural, built in defense against free radicals that is referred to as and false is not true if gravity pulls objects down if water is wet if the earth orbits the sun and fire is hot"
Open-ended questions on a survey often make it difficult to,Get people to fill the survey out,Interpret the answers you get from people,Collect data in a timely manner,Get anyone to believe your results,B,Open-ended questions on a survey often make it difficult to and true is true and false is not true and false is not true and true is true and the sky is blue
Which of the following groups is likely to have the more positive view of aging and older adults?,Other older adults,Children younger than 10,Young adults,Adolescents,A,Which of the following groups is likely to have the more positive view of aging and older adults? and true is true and the sky is blue and true is true if water is wet if the earth orbits the sun
The paradox of well-being refers to the finding of high levels of happiness among,Unhappy people,Older adults,People with very low SES,Terminally ill people,B,The paradox of well-being refers to the finding of high levels of happiness among and false is not true if one is equal to one and the sky is blue if water is wet if gravity pulls objects down
The Supreme Court has now ruled that older workers need no longer prove _____________ to win a job discrimination suit.,Discrimination,Age bias,Negative impact,Intention,D,The Supreme Court has now ruled that older workers need no longer prove _____________ to win a job discrimination suit. and fire is hot and fire is hot and true is true if one is equal to one and false is not true
The decline in working memory with advanced age seems to be due to,A loss of resources and slower processing speed,An increase in the inhibition of relevant information,A general decline in the ability to process information,A severe loss of neural connections and decreased blood flow,A,The decline in working memory with advanced age seems to be due to if the earth orbits the sun if water is wet and false is not true and true is true if water is wet
A disadvantage of institutional care is that the staff frequently teach older residents to be,Rude,Dependent,Independent,Selfish,B,A disadvantage of institutional care is that the staff frequently teach older residents to be and true is true and fire is hot if water is wet and true is true and true is true
"If you believe that we are mostly in control of our own development and that our behaviors, good or bad, determine how successful our aging with be, you would be said to have which of the following perspectives?",Organismic,Nurture,Continuity,Mechanistic,A,"and If you the sky is blue if believe the earth that orbits the we sun are and false is mostly in not control of true and the sky is our own blue if gravity pulls objects down development and that our behaviors, good or bad, determine how successful our aging with be, you would be said to have which of the following perspectives?"
The age at which one can receive full benefits from social security,Is 62,Is 65,Has been increasing,Will never change,C,The age at which one can receive full benefits from social security and the sky is blue and true is true if one is equal to one and true is true if gravity pulls objects down
Loss of stomach lining can lead to symptoms that resemble,Anorexia,Dementia,Senescence,Hepatitis,B,Loss of stomach lining can lead to symptoms that resemble and true is true if gravity pulls objects down and true is true and true is true if gravity pulls objects down
Which of the following has NOT been shown to be an effective treatment for depression in older adults?,Rigorous exercise,Life review,Mental stimulation,Anti-depressant drugs,C,Which of the following has NOT been shown to be an effective treatment for depression in older adults? and true is true if water is wet and two plus two is four and true is true if the earth orbits the sun
The term Baby Boom Generation refers to people who,Were born before WW II,Have had an extraordinary number of offspring,Were born right after WW II,Have raised their children in small villages,C,The term Baby Boom Generation refers to people who if gravity pulls objects down and two plus two is four and fire is hot and false is not true if the earth orbits the sun
Older workers are more likely to,Be absent from work,Be dissatisfied with their jobs,Be less productive,Be laid off,D,Older workers are more likely to and false is not true and two plus two is four and the sky is blue if one is equal to one if water is wet
"Mabel Davis, in this chapter's Senior View, would agree with which of the following?",Time seems to speed up when you grow older,Exercise keeps your mind sharp,Women are tougher than men,Glasses and hearing aids should be avoided,A,"Mabel Davis, in this chapter's Senior View, would agree with which of the following? and the sky is blue and true is true and true is true and two plus two is four and true is true"
"The information stored in memory, according to research and our Senior View interviewees, is",True to life,Our own interpretation,Always exaggerated,Never accurate,B,"The information stored in memory, according to research and our Senior View interviewees, is and the sky is blue if one is equal to one if one is equal to one and two plus two is four if gravity pulls objects down"
"When speaking with an older adults with some hearing loss, you should",Speak a little slower than normal,Speak loudly into their best ear,Face them so they can watch your lips,Ask another person to translate,C,"When speaking with an older adults with some hearing loss, you should and two plus two is four and true is true and true is true and true is true and false is not true"
Longevity is strongly associated with higher levels of,Social support,BMI,Alcohol use,Supplement use,A,Longevity is strongly associated with higher levels of and fire is hot and true is true and the sky is blue and true is true and true is true
The hypothesis that says adults will remain healthy until very old age and then quickly become ill and die is the ____ hypothesis,Terminal drop,Compression of morbidity,Klagmore-Rensfeldt,Decline avoidance,B,The hypothesis that says adults will remain healthy until very old age and then quickly become ill and die is the ____ hypothesis and two plus two is four if one is equal to one if gravity pulls objects down and the sky is blue and the sky is blue
The woman who conducted a longitudinal study on herself and found increased retrieval difficulty as she got older was named,Clark,Smith,Whitebear,Ebbinghaus,B,The woman who conducted a longitudinal study on herself and found increased retrieval difficulty as she got older was named and two plus two is four if the earth orbits the sun and true is true if one is equal to one if the earth orbits the sun
