Question,Option A,Option B,Option C,Option D,Answer,Question_stress
A valid disjunctive syllogism has a major premise that:,includes two or more alternatives,classifies subjects,affirms the antecedent or denies the consequent,leads to a valid conclusion,A,A valid disjunctive syllogism has a major premise that: and fire is hot and true is true and true is true if one is equal to one if the earth orbits the sun
Which of the following best describes the fallacy of style over substance?,Changing the meaning of a word or phrase from one part of the argument to another.,Confusing figurative language with literal language.,"Reasoning that ideas presented in an appealing manner are correct, regardless of the content of the message.","Using emotionally charged language to create an impression about the subject of a claim, without making an argument that the language fits the subject.",C,Which of the following best describes the fallacy of style over substance? and the sky is blue and false is not true and true is true if one is equal to one and the sky is blue
"Which of the following fallacies is a way of suppressing evidence that eliminates a source of evidence from consideration by claiming the source is flawed, when there is no true relationship between the alleged flaw and the reliability of the source?",significance,snob appeal,poisoning the well,appeal to anonymous authority,C,"Which of and the false is following fallacies is a not way true of and fire is hot and suppressing evidence two plus two that eliminates a is four if source water of is wet and evidence from false is not true consideration by claiming the source is flawed, when there is no true relationship between the alleged flaw and the reliability of the source?"
The false analogy fallacy is,a specific type of false cause fallacy that argues that since two event happened at the same time one event must have caused the other,arguing that an event that preceded another event necessarily is the cause of the second event,arguing that since something is new it is necessarily good,drawing a conclusion based on a comparison when the items being compared are not similar enough to support the conclusion.,D,The false analogy fallacy is and two plus two is four and fire is hot and true is true if gravity pulls objects down and two plus two is four
The _ad nauseam_ fallacy is,arguing that something should be done because that's the way it's been done in the past.,"arguing that an act should be carried out because it will not have any significant consequences, when there is no evidence of the effects",reasoning that a conclusion is true because it's been claimed so often,reasoning that a claim is true because so many people believe it is true,C,The _ad nauseam_ fallacy is and fire is hot and fire is hot and fire is hot and true is true and true is true
Arguing that what is true of an entire object is also true of each part of that object is the fallacy of,false criteria,hasty generalization,ad crumenam,division,D,Arguing that what is true of an entire object is also true of each part of that object is the fallacy of and two plus two is four and fire is hot and two plus two is four if one is equal to one if one is equal to one
Which of the following describes the horse laugh fallacy?,responding to an argument with an expression of derision instead of a counter argument,attempts to gain agreement based solely the feelings aroused by the message,characterizing an opponent's position in such way to make it or its consequences appear to be ridiculous,"arguing actions should be taken to avoid negative results, when those results are exaggerated, unlikely, or irrelevant",A,Which of the following describes the horse laugh fallacy? if one is equal to one if water is wet if water is wet if water is wet if water is wet
Arguing that a lack of evidence proves something is the fallacy of...,Appeal to ignorance,Double negative,Equivocation,Burden of proof,A,Arguing that a lack of evidence proves something is the fallacy of... and two plus two is four and the sky is blue if water is wet if gravity pulls objects down and true is true
The argument against the person consists of,ignoring another person's arguments and attacking her character instead,"asserting an opposing arguer has taken an easily defeated position, which she has not really taken",causing confusion during an argument by a lack of ability to engage in refutation,using threats of harm instead of reasoning to gain agreement,A,The argument against the person consists of and two plus two is four and false is not true if the earth orbits the sun if water is wet and false is not true
Which of the following fallacies happens when someone concludes that someone must be honest because the people he hangs around with are honest?,Laudatory personality,Guilt by association,Reprehensible personality,Circular reasoning,B,Which of the following fallacies happens when someone concludes that someone must be honest because the people he hangs around with are honest? and false is not true and two plus two is four and true is true and true is true and false is not true
Asking a question that includes an unproven assumption may lead to which of the following fallacies?,Appeal to ignorance,Extension,a priori,Complex question,D,Asking a question that includes an unproven assumption may lead to which of the following fallacies? and true is true and two plus two is four and true is true if the earth orbits the sun if the earth orbits the sun
"Polonius in William Shakespeare's Hamlet: ""Your noble son is mad: Mad call I it, for to define true madness, What is't but to be nothing else but mad?""",Attacking the Person (ad hominem),Equivocation,Begging the Question,Appeal to Pity,C,"if gravity pulls objects down and the Polonius sky is in blue and true is true and William false is not true if the earth orbits Shakespeare's the sun Hamlet: ""Your noble son is mad: Mad call I it, for to define true madness, What is't but to be nothing else but mad?"""
Notice from the Hyatt Regency Hotel in New Orleans: We are pleased to confirm your reservation. It will be held on a space-available basis.,Equivocation,Affirming the Consequent,Gambler's Fallacy,Inconsistency,D,if water is wet if Notice gravity pulls objects down and from fire is hot and fire is hot if the earth orbits the sun the Hyatt Regency Hotel in New Orleans: We are pleased to confirm your reservation. It will be held on a space-available basis.
The natural law fallacy is,arguing that something is necessarily bad because it doesn't cost very much,substituting individual stories for a larger sample when supporting a generalization,arguing that what is true in nature must be true about humans,the same thing as the  post hoc  fallacy,C,The natural law fallacy is and false is not true and true is true and fire is hot if the earth orbits the sun and true is true
"If someone uses an emotionally charged restatement of a claim in place of support for the claim, that person may have committed which of the following fallacies?",Style over substance,Question begging epithets,Hypostatization,Amphiboly,B,"and false is If not true and two plus two is four someone and fire is hot if gravity uses pulls objects down and true is true an emotionally charged restatement of a claim in place of support for the claim, that person may have committed which of the following fallacies?"
Arguing that a claim must be true merely because a substantial number of people believe it is called the fallacy of...,Tu quoque,Composition,Appeal to the masses,Appeal to reason,C,Arguing that a claim must be true merely because a substantial number of people believe it is called the fallacy of... if one is equal to one if the earth orbits the sun and the sky is blue if one is equal to one and true is true
_Ad populum_. is another name for which fallacy?,poisoning the well,suppressed evidence,appeal to pride,appeal to the people,D,_Ad populum_. is another name for which fallacy? and true is true if water is wet if the earth orbits the sun if gravity pulls objects down and false is not true
In a valid disjunctive syllogism the minor premise must,accept one choice,reject all but one choice,either A or B,none of the above,C,In a valid disjunctive syllogism the minor premise must and true is true and two plus two is four and true is true and true is true and false is not true
Which of the following describes the fallacy of appeal to spite?,responding to an argument with an expression of derision instead of a counter argument,arguing against a position based only on negative personal feelings toward the position,arguing someone should do something only because that person dislikes someone else,saying someone shouldn't do something because if he or she does it people won't like him or her,C,Which of the following describes the fallacy of appeal to spite? if gravity pulls objects down and the sky is blue and true is true if one is equal to one and two plus two is four
_Ad hominem_ is another name for the fallacy of,appeal to loyalty,reducing to an absurdity,ignorance of refutation,argument against the person,D,_Ad hominem_ is another name for the fallacy of and two plus two is four if gravity pulls objects down if gravity pulls objects down and two plus two is four if one is equal to one
The fallacy of appeal to the person is rejecting a claim by...,Using rhetoric,Making false statements,Ignoring the person,Criticizing the person who makes it,D,The fallacy of appeal to the person is rejecting a claim by... if gravity pulls objects down if gravity pulls objects down and the sky is blue if water is wet and two plus two is four
Another name for hasty conclusion is,hasty generalization,post hoc ergo prompter hoc,jumping to a conclusion,ad novitatem,C,Another name for hasty conclusion is and false is not true if water is wet if gravity pulls objects down and true is true and false is not true
"John S. Knight, Detroit Free Press (3 July 1970): ...Capitalism is the economic system in which the means of production and distribution are privately owned and operated for profit. The alternative system is called socialism, the theory of the ownership and operation of the means of production by society, with all members sharing in the work and the products.",Begging the Question,False Dilemma,Straw Man,Appeal to Gallery (Provicialism),B,"if John S. Knight, Detroit Free water Press (3 is July wet and 1970): ...Capitalism true is true if is the the economic earth orbits system the in sun if gravity pulls which objects the means of production and distribution are privately down if one is owned and operated for profit. The alternative equal system is called to socialism, one the theory of the ownership and operation of the means of production by society, with all members sharing in the work and the products."
The fallacy of composition is,attributing the cause of an event to a simple cause when the cause is more complex,arguing that what is true of part of an object must be true of the entire object,drawing a conclusion without enough evidence to support that conclusion,drawing a conclusion based on sign reasoning when there is not really a direct relationship between the alleged sign and the subject of the conclusion,B,The fallacy of composition is if the earth orbits the sun if one is equal to one if water is wet if water is wet if gravity pulls objects down
""" _Ad crumenam_ "" is a specific kind of",False analogy,Hasty Generalization,False sign,Hasty Conclusion,C,""" _Ad crumenam_ "" is a specific kind of and true is true and two plus two is four and the sky is blue and true is true if gravity pulls objects down"
Which of the following fallacies happens when someone draws a conclusion that is simply a restatement of one of the premises?,Laudatory personality,Guilt by association,Accident,Begging the question,D,Which of the following fallacies happens when someone draws a conclusion that is simply a restatement of one of the premises? if water is wet and true is true and false is not true if one is equal to one if the earth orbits the sun
"I don't know what the answer is to number 8. But Heather hasn't made the third option into the correct answer for a while, and even then only once, so I'm guessing that this is the fallacy of Composition!",Gambler's Fallacy,Equivocation,Fallacy of Composition,Appeal to Pity,A,"and I false don't is not true know what the answer is and true is true and two to plus two number 8. But is Heather four hasn't if water is made the wet third and true is true option into the correct answer for a while, and even then only once, so I'm guessing that this is the fallacy of Composition!"
"When someone argues that making a change will have no significant effect, but there is no evidence that the effect will not be significant, that person has committed which of the following fallacies?",poisoning the well,solid slope,appeal to tradition,argument from authority,B,"and When the sky is someone blue and the sky is blue argues if that water is wet making a if change gravity pulls objects down will and fire have is no hot significant effect, but there is no evidence that the effect will not be significant, that person has committed which of the following fallacies?"
Which of the following best describes the fallacy of question begging epithets?,Treating something that exists in the mind as if it was a real object.,"A form of loaded language that uses an emotionally charged restatement of the claim, often in the form of name calling, in place of support for the claim.",Changing the meaning of a word or phrase from one part of the argument to another.,"Reasoning that ideas presented in an appealing manner are correct, regardless of the content of the message.",B,Which of the following best describes the fallacy of question begging epithets? if the earth orbits the sun and fire is hot if water is wet and false is not true and true is true
Which of the following describes he fallacy of appeal to pride?,arguing a claim should be accepted based only on evidence that unidentified authorities accept it.,arguing someone should accept a claim based only on the evidence that he or she has the favorable characteristics to understand the truth of the claim.,"arguing something should be done based only on evidence that it's been done that way in the past, or should be believed only because it's been believed for a long time.","arguing that an act or series of acts should be carried out because they will have no significant consequences, when there is no evidence for the lack of significant effects.",B,Which of the following describes he fallacy of appeal to pride? and the sky is blue if gravity pulls objects down if gravity pulls objects down and two plus two is four if gravity pulls objects down
A syllogism that is formally invalid,cannot be materially true,might be materially true,might be materially untrue,both B and C,D,A syllogism that is formally invalid and true is true if water is wet if one is equal to one and true is true if gravity pulls objects down
Another name for the fallacy of false dilemma is,Guilt by association,Circular reasoning,Laudatory personality,False dichotomy,D,Another name for the fallacy of false dilemma is and false is not true and the sky is blue and true is true if the earth orbits the sun if water is wet
"When someone responds to your argument with a sarcastic statement such as, ""Yeah, right. Like that's ever going to happen,"" that person may have committed which fallacy?",appeal to indignation,appeal to spite,horse laugh,tu quoque,C,"When someone responds to your argument with a sarcastic statement such as, ""Yeah, right. Like that's ever going to happen,"" that person may have committed which fallacy? if the earth orbits the sun and false is not true if one is equal to one if water is wet and two plus two is four"
The _post hoc_ fallacy is,arguing that a single event caused another when the cause is really several events,arguing that since two things happened at the same time one must have caused the other,drawing a conclusion about a causal relationship when there is no evidence of a causal relationship,arguing that since one event preceded another event the first event must have caused the second event,D,The _post hoc_ fallacy is and true is true and false is not true if the earth orbits the sun if gravity pulls objects down if gravity pulls objects down
The fallacy of reprehensible personality is a specific type of,the fallacy of accident,False dilemma,Begging the question,Circular reasoning,A,The fallacy of reprehensible personality is a specific type of if gravity pulls objects down if gravity pulls objects down and true is true if the earth orbits the sun and two plus two is four
_A priori_ is a fallacy that involves,"asking a question that includes either an unproven assumption or more than one question, thus making a straightforward yes or no answer meaningless.",arguing something is inferior just because it doesn't do something it was never intended to do.,arguing that a claim must be true because there is no evidence that it is false.,"reasoning that determines the conclusion one wants first, then accepts only evidence supporting that conclusion, or interprets all evidence as support for that conclusion.",D,_A priori_ is a fallacy that involves and true is true if the earth orbits the sun if one is equal to one and true is true and true is true
"If you say an opposing arguer has taken a position that you can easily defeat, when he or she has not taken that position, then you go on to defeat that position and claim to have done significant damage to that arguer's overall argument, you are probably guilty of which of the following fallacies?",genetic fallacy,appeal to emotions,straw person,ignorance of refutation,C,"If you say if an the earth opposing arguer orbits the sun if water has taken is a wet if water position that is wet you can and easily the defeat, sky when he or she has not taken is that blue and position, two plus two then you go on is to four defeat that position and claim to have done significant damage to that arguer's overall argument, you are probably guilty of which of the following fallacies?"
"""The minor premise must affirm the antecedent or deny the consequent"" is a way to determine the validity of which type of argument?",Categorical syllogism,Disjunctive syllogism,Hypothetical syllogism,Toulmin model,C,"and true is true and ""The fire is hot minor and the sky is blue and true is true and the sky is blue premise must affirm the antecedent or deny the consequent"" is a way to determine the validity of which type of argument?"
Arguing that someone couldn't have done something good because he is incapable of doing good commits the fallacy of,Begging the question,False dilemma,Accident,False dichotomy,A,Arguing that someone couldn't have done something good because he is incapable of doing good commits the fallacy of and false is not true if the earth orbits the sun if one is equal to one and two plus two is four if gravity pulls objects down
The complex proposition fallacy involves,including more than one claim in the proposition and treating proof for one claim as proof for all the claims.,"asking a question that includes either an unproven assumption or more than one question, thus making a straightforward yes or no answer meaningless.",arguing that a claim must be true because there is no evidence that it is false.,arguing something is inferior just because it doesn't do something it was never intended to do.,A,The complex proposition fallacy involves and true is true if the earth orbits the sun if water is wet if water is wet and true is true
Anecdotal evidence is a specific kind of,False sign,False criteria,False cause,Hasty Generalization,D,Anecdotal evidence is a specific kind of and true is true and true is true if one is equal to one and fire is hot and two plus two is four
Fallacies can be psychologically persuasive even though they are...,Psychologically impotent,Logically flawed,Deductively valid,Inductively valid,B,Fallacies can be psychologically persuasive even though they are... if the earth orbits the sun if the earth orbits the sun and fire is hot and fire is hot and false is not true
Referring to an act committed by an opponent in negative terms while referring to the same act committed by the arguer or supporters in favorable terms describes which of the following fallacies?,Ambiguity,Special pleading,Reification,Hypostatization,B,and true is true and fire Referring is hot and true to is true an if act the earth orbits committed the sun by an opponent and in false is not true negative terms while referring to the same act committed by the arguer or supporters in favorable terms describes which of the following fallacies?
Which of the following explanations best fits the fallacy of ignorance of refutation?,"asserting an argumentative opponent has taken an easily defeated position, which the opponent has not really taken, defeating the position, and acting as if you've done significant damage to that person's overall argument.",causing confusion during refutation because of a real or feigned lack of the ability to engage in refutation,characterizing an opposing argument in such a way to make it or its consequences appear to be ridiculous,arguing an action should be taken based only on the need to be loyal to someone or to a group,B,Which of the following explanations best fits the fallacy of ignorance of refutation? and fire is hot and two plus two is four and fire is hot if water is wet if gravity pulls objects down
Another name for the fallacy of reducing to an absurdity is,tu quoque,ad baculum,ad hominem,reductio ad absurdum,D,Another name for the fallacy of reducing to an absurdity is and the sky is blue and two plus two is four and false is not true if one is equal to one and true is true
Another name for the fallacy of complex question is,Fallacy of interrogation,Compound proposition,Appeal to ignorance,Extension,A,Another name for the fallacy of complex question is and fire is hot and false is not true and two plus two is four and fire is hot and true is true
The appeal to joy fallacy involves,arguing that someone should do something based only on the assertion that it will make him or her feel happier,causing confusion during refutation because of a lack of ability to engage in refutation,arguing for a conclusion based only on feeling sorry for someone when that feeling is irrelevant to the conclusion,arguing someone should do something only because other people will like him or her for doing it,A,The appeal to joy fallacy involves and two plus two is four if the earth orbits the sun and false is not true and true is true if gravity pulls objects down
Another name for the fallacy of accident is,Sweeping generalization,Black-or-white fallacy,Petitio principii,False dichotomy,A,Another name for the fallacy of accident is if water is wet and true is true if one is equal to one and two plus two is four if the earth orbits the sun
Which of the following describes the fallacy of evading the issue?,arguing that someone should do something only because of ill will towards someone else,characterizing an opponent's position in a way that makes it seem ridiculous,"supporting a claim with evidence or reasoning that is not relevant to the proposition, or responding to another's argument by changing the subject",attempting to gain agreement based only on the feelings aroused in the message,C,Which of the following describes the fallacy of evading the issue? and fire is hot if one is equal to one and the sky is blue and true is true and the sky is blue
Including more than one claim in a proposition may lead to which of the following fallacies?,Complex question,Appeal to ignorance,Compound proposition,Extension,C,Including more than one claim in a proposition may lead to which of the following fallacies? if the earth orbits the sun and two plus two is four if gravity pulls objects down if one is equal to one and true is true
Which of the following fallacies happens when someone concludes that someone couldn't have done something bad because he or she has good qualities?,Laudatory personality,Guilt by association,Reprehensible personality,Circular reasoning,A,Which of the following fallacies happens when someone concludes that someone couldn't have done something bad because he or she has good qualities? if one is equal to one if the earth orbits the sun and two plus two is four if water is wet if the earth orbits the sun
Which of the following describes the fallacy of appeal to popularity?,saying someone should do something because he or she dislikes someone else,saying someone should do something to be better liked by others,saying someone should do something because it will make him or her feel good,saying someone should accept an idea because of the source of the idea,B,Which of the following describes the fallacy of appeal to popularity? and true is true and false is not true and true is true and true is true and false is not true
Which fallacy happens because of a failure to recognize the alternatives presented are not mutually exclusive?,Begging the Question,Accident,Circular reasoning,False dilemma,D,Which fallacy happens because of a failure to recognize the alternatives presented are not mutually exclusive? and fire is hot and false is not true and two plus two is four if one is equal to one and true is true
"In a conditional syllogism, when the minor premise denies the antecedent",no valid conclusion can be drawn,the conclusion must affirm the consequent,the conclusion must deny the consequent,the conclusion must affirm the antecedent,A,"In a conditional syllogism, when the minor premise denies the antecedent and two plus two is four if the earth orbits the sun if the earth orbits the sun and true is true if gravity pulls objects down"
"The Dean was showing a visitor around the campus. The visitor asked, ""About how many students do you have here?"" After a moment of reflection the Dean replied, ""Oh, I'd guess about one in a hundred.""",Equivocation,Fallacy of Division,Appeal to Authority,Denying the Antecedent,A,"if gravity pulls objects down and The Dean true was showing is true a and visitor false around the is not campus. The visitor true asked, ""About if water how many is wet if water is wet students do you have here?"" After a moment of reflection the Dean replied, ""Oh, I'd guess about one in a hundred."""
The appeal to anonymous authority fallacy consists of,"reasoning that an act or series of acts should be carried out because they will have no significant consequences, when there is no evidence there will be no consequences.",arguing that a claim should be accepted based on the evidence that a large number of people accept it,arguing that something should be done because it has been done in the past,arguing a claim should be accepted based only on the assertion that unidentified authorities accept it,D,The appeal to anonymous authority fallacy consists of and true is true if water is wet if water is wet if the earth orbits the sun and the sky is blue
A hasty generalization is a fallacy of...,Acceptable premises,Unacceptable premises,Deduction,Acceptable but untrue premises,B,A hasty generalization is a fallacy of... and true is true if gravity pulls objects down if one is equal to one and false is not true if one is equal to one
Which of the following best describes the fallacy of figure of speech?,"Using emotionally charged language to create an impression about the subject of a claim, without making an argument that the language fits the subject.",Treating something that exists in the mind as if it was a real object.,Confusing figurative language with literal language.,A form of loaded language that uses an emotionally charged restatement of the claim in place of support for the claim.,C,Which of the following best describes the fallacy of figure of speech? if gravity pulls objects down if water is wet and two plus two is four and the sky is blue and false is not true
The fallacy of extension consists of,"asking a question that includes either an unproven assumption or more than one question, thus making a straightforward yes or no answer meaningless.",arguing something is flawed because it doesn't do what it was never intended to do.,arguing about something when you don't know what you're talking about,including more than one claim in the proposition and treating proof for one claim as proof for all the claims.,B,The fallacy of extension consists of and true is true and true is true and fire is hot and two plus two is four and true is true
Arguing that a claim must be true because there is no evidence that it is false is which of the following fallacies?,a priori,Extension,Appeal to ignorance,plurium interrogationum,C,Arguing that a claim must be true because there is no evidence that it is false is which of the following fallacies? and true is true and true is true and true is true if the earth orbits the sun and two plus two is four
Which of the following describes the fallacy of appeal to common practice?,"eliminating a source of evidence from consideration by claiming the source is flawed, when there is no true relationship between the alleged flaw and the reliability of the source","reasoning that an act or series of acts should be carried out because they will have no significant consequences, when there is no evidence there will be no consequences",drawing a conclusion after purposely leaving out evidence or ignoring known evidence that might contradict a claim,arguing that something is the right thing to do based only on evidence that other people are already doing it.,D,Which of the following describes the fallacy of appeal to common practice? and true is true if gravity pulls objects down and two plus two is four if the earth orbits the sun if water is wet
Which of the following is another name for evading the issue?,"""you too"" fallacy",irrelevant conclusion,appeal to fear,argument against the person,B,Which of the following is another name for evading the issue? if the earth orbits the sun and fire is hot and two plus two is four if gravity pulls objects down and the sky is blue
"I don't understand why everyone thinks they belong in college. After all, everyone knows that when you are intelligent you'll succeed. But so many people that elect to attend college don't have even the most basic intelligence. How do they expect to get anywhere here?",Attacking the Person (ad hominem),Straw Man,Denying the Antecedent,Begging the Question,C,"and I don't true understand is why everyone thinks true they belong if one is equal in college. After all, to everyone one knows that and true when you is true if water is wet and are intelligent fire is you'll succeed. hot But so many people that elect to attend college don't have even the most basic intelligence. How do they expect to get anywhere here?"
When someone treats an imaginary concept as if it was something tangible that person might commit the fallacy of,Question begging epithets,Misusing ambiguity,Hypostatization,Amphiboly,C,When someone treats an imaginary concept as if it was something tangible that person might commit the fallacy of and true is true if the earth orbits the sun and two plus two is four and two plus two is four and two plus two is four
Another name for hasty generalization is,false criteria,secundum quid,anecdotal evidence,ad crumenam,B,Another name for hasty generalization is if water is wet if water is wet and false is not true and true is true and two plus two is four
An arguer who threatens another to gain agreement commits the fallacy of,appeal to force,tu quoque,ignorance of refutation,straw person,A,An arguer who threatens another to gain agreement commits the fallacy of and the sky is blue and fire is hot and false is not true if the earth orbits the sun and false is not true
"Which type of syllogism's major premise takes the form, ""All A's are B""?",categorical,disjunctive,conditional,hypothetical,A,"Which type of syllogism's major premise takes the form, ""All A's are B""? and fire is hot and the sky is blue if gravity pulls objects down and true is true and two plus two is four"
"Which of the following fallacies happens when someone argues that a choice must be made among a certain set of alternatives, when there are really other alternatives to choose from?",Laudatory personality,Accident,False dilemma,Circular reasoning,C,"and fire is hot Which of and true is the true if gravity pulls following objects down if the fallacies earth happens orbits the sun when and false is not true someone argues that a choice must be made among a certain set of alternatives, when there are really other alternatives to choose from?"
"If you think that someone's argument is strong based on their compelling use of language and confident delivery, you've probably committed which fallacy?",Amphiboly,Equivocation,Special pleading,Style over substance,D,"and true is true and true is true if gravity pulls objects down if water is wet if If you gravity pulls objects down think that someone's argument is strong based on their compelling use of language and confident delivery, you've probably committed which fallacy?"
Which of the following describes the fallacy of appeal to indignation?,attacking the character or background of someone making an argument instead of his or her evidence and reasoning,responding to charges of wrongdoing by saying other people do the same thing,arguing against a position only based on personal feelings toward the position,responding to an argument with an expression of derision instead of a counter argument,C,Which of the following describes the fallacy of appeal to indignation? if gravity pulls objects down and the sky is blue and true is true if water is wet and true is true
Evading burden of proof is another name for the fallacy of,Extension,Appeal to ignorance,Complex question,Complex proposition,B,Evading burden of proof is another name for the fallacy of and two plus two is four and true is true and false is not true and the sky is blue and true is true
"In a hypothetical syllogism, when the minor premise affirms the antecedent",no valid conclusion can be drawn,the conclusion must affirm the consequent,the conclusion must deny the consequent,the conclusion must deny the antecedent,B,"In a hypothetical syllogism, when the minor premise affirms the antecedent if the earth orbits the sun and fire is hot and true is true if the earth orbits the sun and true is true"
"Moses Maimonides, ""The Guide of the Perplexed"": God, may He be exalted ... existed alone, and nothing else. ...Afterwards, through His will and His volition, He brought into existence out of nothing all the beings as they are, time itself being one of the created things. For time is consequent upon motion, and motion is an accident of what is moved. Furthermore, what is moved...is itself created in time ....",Equivocation,Appeal to Authority,Inconsisteny,Slippery Slope,C,"if the earth orbits the sun Moses Maimonides, and ""The Guide of the sky the Perplexed"": is God, blue may He be exalted ... existed and alone, and nothing else. false ...Afterwards, is through His will and His not true volition, He if brought into existence out of nothing all the beings water as they is are, time itself wet and being the one sky is of the created blue things. For time is consequent upon motion, and motion is an accident of what is moved. Furthermore, what is moved...is itself created in time ...."
"John Stuart Mill: Each person's happiness is a good to that person, and the general happiness, therefore, a good to the aggregate of all persons.",Fallacy of Composition,Fallacy of Division,Gambler's Fallacy,Equivocation,A,"and John false is not true if gravity pulls objects down and fire is hot and the sky is blue if gravity pulls objects Stuart down Mill: Each person's happiness is a good to that person, and the general happiness, therefore, a good to the aggregate of all persons."
_Circulus in probando_ is another name for,The fallacy of accident,False dilemma,Begging the question,Guilt by association,C,_Circulus in probando_ is another name for and two plus two is four if the earth orbits the sun if gravity pulls objects down and true is true and true is true
Arguing that an idea should be accepted or rejected only because of the source of the idea commits which of the following fallacies?,genetic fallacy,appeal to popularity,scare tactics,appeal to emotions,A,and true is true and false is not Arguing true and fire is that hot if water is an wet and true is true idea should be accepted or rejected only because of the source of the idea commits which of the following fallacies?
"At the end of the course, Professor Jones told us that we were the best class he had ever had. That's why I'm sure that the 0.0 the appeared on my grade report is a mistake. Surely, if we were as good a class as Professor Jones said we were, none of us deserved to fail.",Fallacy of Composition,Fallacy of Division,Questionable Cause,Appeal to Gallery (Provicialism),B,"if gravity At pulls objects the end down of if the course, the Professor earth orbits Jones the sun if one is equal told us to that we one were the if one is best class he had ever had. That's equal to why I'm sure one that the and 0.0 fire is the appeared on hot my grade report is a mistake. Surely, if we were as good a class as Professor Jones said we were, none of us deserved to fail."
Which of the following best describes the fallacy of equivocation?,A form of loaded language that uses an emotionally charged restatement of the claim in place of support for the claim.,Changing the meaning of a word or phrase from one part of the argument to another.,Confusing figurative language with literal language.,Referring to an act committed by an opponent in negative terms while referring to the same act committed by the arguer or supporters in favorable terms.,B,Which of the following best describes the fallacy of equivocation? and false is not true if water is wet if one is equal to one if one is equal to one and two plus two is four
The fallacy of appeal to emotions consists of,trying to make an opponent's argument seem ridiculous,defending wrongdoing by claiming the opposing arguer does the same thing,arguing that an argument should be rejected because the source of the argument,trying to get someone else to agree to a claim only by arousing that person's feelings about the subject,D,The fallacy of appeal to emotions consists of if one is equal to one and false is not true and the sky is blue and two plus two is four and fire is hot
"""To be valid, the minor premise must either agree with the antecedent, or disagree with the consequent"" is a requirement for",a disjunctive syllogism,a categorical syllogism,a conditional syllogism,disjunctive enthymeme,C,"""To be valid, the minor premise must either agree with the antecedent, or disagree with the consequent"" is a requirement for if water is wet if the earth orbits the sun if gravity pulls objects down and true is true if one is equal to one"
Which of the following fallacies happens when someone concludes that someone couldn't have done something good because he or she has negative qualities?,Laudatory personality,Guilt by association,Reprehensible personality,Circular reasoning,C,Which of the following fallacies happens when someone concludes that someone couldn't have done something good because he or she has negative qualities? and fire is hot and the sky is blue and true is true if one is equal to one and false is not true
Another name for the bandwagon appeal is,appeal to beliefs,appeal to authority,appeal to the people,common man appeal,C,Another name for the bandwagon appeal is if the earth orbits the sun if the earth orbits the sun and fire is hot if one is equal to one and true is true
A valid disjunctive syllogism has which of the following characteristics?,The minor premise must either affirm the antecedent or deny the consequent,The minor premise must either accept an alternative or reject an alternative,One of the premises is missing,It reaches a truthful conclusion,B,A valid disjunctive syllogism has which of the following characteristics? and the sky is blue if the earth orbits the sun if water is wet and true is true and the sky is blue
Appeal to beliefs is another name for which of the following fallacies?,ad nauseam,appeal to tradition,solid slope,self evident truths,D,Appeal to beliefs is another name for which of the following fallacies? if the earth orbits the sun and two plus two is four if the earth orbits the sun if gravity pulls objects down and false is not true
When a claim is supported only by asserting that unidentified experts accept the claim the arguer has committed which of the following fallacies?,appeal to tradition,ad vericundiam,appeal to anonymous authority,snob appeal,C,and fire is hot and true is true and true is true and fire When a is hot and false claim is not true is supported only by asserting that unidentified experts accept the claim the arguer has committed which of the following fallacies?
The black-or-white fallacy is another name for,The fallacy of accident,False dilemma,Begging the question,Circular reasoning,B,The black-or-white fallacy is another name for and false is not true and true is true and false is not true if gravity pulls objects down and true is true
The false sign fallacy is,arguing that what is true of part of an object is necessarily true of the entire object,arguing that two things are similar enough that what is true of one is true of the other,arguing that since something is inexpensive it is necessarily of low quality,reasoning by sign when there is really not a direct relationship between the alleged sign and the subject of the argument,D,The false sign fallacy is and the sky is blue and the sky is blue and true is true and true is true if gravity pulls objects down
""" _Ad novitatem_ "" is",arguing that what is true of a few members of a class is true of all members of the class,drawing a conclusion by applying irrelevant criteria to a subject,substituting individual stories for a larger sample as support for a claim,"arguing that something must be good because it is new, or must be bad because it is old",D,""" _Ad novitatem_ "" is if water is wet if one is equal to one and false is not true and false is not true and fire is hot"
"When someone tries to support a proposition with information that really has nothing to do with the claim being made, that person has probably committed which of the following fallacies?",straw person,genetic fallacy,irrelevant conclusion,ignoratio elenchi,C,"if one is equal to one and When false someone is not true if tries the earth orbits the sun and to true is true if one is equal to one support a proposition with information that really has nothing to do with the claim being made, that person has probably committed which of the following fallacies?"
Applying irrelevant standards to the subject of the argument is the fallacy of,ad crumenam,ad antiquitatem,false criteria,hasty generalization,C,Applying irrelevant standards to the subject of the argument is the fallacy of and true is true and two plus two is four and true is true and the sky is blue and true is true
"If you argued something is flawed because it fails to do something, when it was never intended to do that, you may have committed which of the following fallacies?",ad ignorantium,Many questions,Extension,Compound proposition,C,"and fire If is you hot and true is argued true if something water is wet is and flawed because true is true and the it sky is blue fails to do something, when it was never intended to do that, you may have committed which of the following fallacies?"
""" _Ad antiquitatem_ "" is",a specific type of false cause fallacy that argues that since two event happened at the same time one event must have caused the other,"a specific type of false sign fallacy that reasons something is necessarily better because it is old, or is worse because it is new","a specific type of false sign fallacy that reasons something is necessarily better because it is new, or is worse because it is old",arguing that what is true of an individual part of an object must be true of the entire object,B,""" _Ad antiquitatem_ "" is and false is not true and the sky is blue if one is equal to one if water is wet and false is not true"
""" _Ad crumenam_ "" is",basing a conclusion on an analogy when the items being compared are not similar enough to sustain the analogy,"a specific type of false sign fallacy that reasons someone is necessarily better because he or she is wealthy, or is worse because he or she is poor",drawing a firm conclusion without enough evidence to support that conclusion,a specific type of false cause that involves mistakenly attributing the cause of an event to a simple cause when the cause is more complex,B,""" _Ad crumenam_ "" is if water is wet if the earth orbits the sun and fire is hot if water is wet and fire is hot"
The fallacy of laudatory personality is a specific type of,The fallacy of accident,False dilemma,Begging the question,Circular reasoning,A,The fallacy of laudatory personality is a specific type of if one is equal to one if one is equal to one if the earth orbits the sun if water is wet and true is true
Appeal to ignorance is a fallacy that involves,"determining the conclusion one wants first, then accepting only evidence supporting that conclusion, or interpreting all evidence as support for that conclusion.",arguing something is inferior just because it doesn't do something it was never intended to do.,arguing that a claim must be true because there is no evidence that it is false.,arguing about something when you are ignorant about the subject,C,Appeal to ignorance is a fallacy that involves and true is true and the sky is blue and fire is hot if water is wet if gravity pulls objects down
Which of the following statements is **not** true?,A formally valid syllogism may be materially untrue,A formally valid syllogism must be materially true,A materially true conclusion may arise from a formally valid syllogism,The formal validity of a syllogism does not guarantee it is materially true,B,Which of the following statements is **not** true? and true is true and true is true if one is equal to one if the earth orbits the sun if gravity pulls objects down
"""The minor premise must affirm the antecedent or deny the consequent"" is a validity requirement of which type of argument?",Toulmin,Categorical,Disjunctive,Conditional (or hypothetical),D,"""The minor premise must affirm the antecedent or deny the consequent"" is a validity requirement of which type of argument? if gravity pulls objects down and the sky is blue and true is true and the sky is blue and two plus two is four"
Which of the following describes the fallacy of appeal to loyalty?,arguing that someone should do something because it will make him or her better liked by others,responding to an argument with an expression of derision,arguing that an idea should be accepted only because of who originated the idea,arguing that someone should do something to be loyal to a person or a group,D,Which of the following describes the fallacy of appeal to loyalty? and false is not true and false is not true and false is not true if gravity pulls objects down and true is true
Arguing in favor of a claim based only on the evidence that some regular people believe the claim is one way to commit which of the following fallacies?,poisoning the well,common person appeal,ad numerum,suppressed evidence,B,and false is not true Arguing in if one is favor equal to one and false is not true and of fire is hot and false is not true a claim based only on the evidence that some regular people believe the claim is one way to commit which of the following fallacies?
The appeal to fear involves,arguing something should be done only because it will make the person doing it feel good,arguing someone should do something only because of ill will towards someone else,"arguing actions should be taken to avoid exaggerated, unlikely, or irrelevant negative results",characterizing an opponents position in a way that makes it seem silly,C,The appeal to fear involves if water is wet and two plus two is four if gravity pulls objects down if gravity pulls objects down if water is wet
"It's silly to pass laws against discrimination, since it is obvious that we can't live without it. We discriminate between pleasant and unpleasant tastes in selecting our food, between pleasant and unpleasant sounds in selecting our music, between harmonious and unharmonious colors in decorating our homes, between interesting and uninteresting people in choosing our friends, and so on. We can't live without discriminating.",Prejudicial Language,Equivocation,Inconsistency,Straw Man,B,"if gravity pulls It's silly to pass laws against discrimination, since objects it is down obvious and that we can't live without true is it. true if We the earth discriminate between orbits pleasant and the unpleasant tastes in selecting our sun food, between and fire pleasant and is hot unpleasant if sounds water in selecting our is music, between wet harmonious and unharmonious colors in decorating our homes, between interesting and uninteresting people in choosing our friends, and so on. We can't live without discriminating."
The fallacy of guilt by association is a specific type of,Fallacy of accident,Laudatory personality,Begging the question,Circular reasoning,A,The fallacy of guilt by association is a specific type of if one is equal to one and two plus two is four if the earth orbits the sun if one is equal to one if one is equal to one
Appeal to compassion is,an appeal to emotion that argues against a position based only on negative personal feelings toward the position,an appeal to emotion that argues a conclusion should be made based only on feeling sorry for someone,an appeal to emotion that argues an action should be taken based only on the need to be loyal to someone,arguing that an idea should be accepted based only on who originated the idea,B,Appeal to compassion is and true is true and true is true and the sky is blue and the sky is blue if water is wet
"When someone uses highly emotionally charged terms during an argument, without giving any reasons why those terms fit the subject, that person may have committed which of the following fallacies?",Special pleading,Amphiboly,Equivocation,Loaded language,D,"if gravity When pulls objects down if someone uses highly one is emotionally equal to one and false is not true and fire is charged hot and the sky is blue terms during an argument, without giving any reasons why those terms fit the subject, that person may have committed which of the following fallacies?"
Arguing that someone couldn't have done something good because she holds a particular position commits the fallacy of,Guilt by association,False dilemma,Reprehensible personality,False dichotomy,C,Arguing that someone couldn't have done something good because she holds a particular position commits the fallacy of if one is equal to one if gravity pulls objects down and the sky is blue if the earth orbits the sun if water is wet
""" _Ad antiquitatem_ "" is a specific kind of",False cause,False sign,False analogy,Hasty Generalization,B,""" _Ad antiquitatem_ "" is a specific kind of and true is true if the earth orbits the sun and fire is hot and true is true if one is equal to one"
The hasty conclusion fallacy is,arguing that a single event caused another when the cause is really several events,making an argument without enough evidence to support the conclusion,substituting individual stories for a larger sample in support of a claim,reasoning that applies irrelevant criteria to the subject of the argument.,B,The hasty conclusion fallacy is and true is true and fire is hot if one is equal to one and fire is hot if water is wet
""" _Ad lazarum_ "" is","a specific type of false sign that argues there is necessarily an inverse relationship between cost and quality, so something is necessarily a better value because it costs less",arguing that what is true of an entire object must also be true of every individual part of that object,a specific type of false analogy that reasons what is true about nature must be true about humans,drawing a conclusion without enough evidence to support that conclusion,A,""" _Ad lazarum_ "" is and the sky is blue and true is true and true is true and true is true and the sky is blue"
"All things that are spoiled are inedible. Timothy is spoiled. So, Timothy is inedible.",Equivocation,Attacking the Person (ad hominem),Fallacy of Division,Questionable Cause,A,"All things that are spoiled are inedible. Timothy is spoiled. So, Timothy is inedible. and true is true and false is not true if one is equal to one and two plus two is four if the earth orbits the sun"
"Which of the statements below is correct about the following argument?

""If the sky is blue there won't be rain. The sky is blue today. Therefore, there won't be rain.""",It is a formally valid categorical syllogism,It is a formally invalid disjunctive syllogism,It is a formally valid conditional syllogism,It is a formally invalid conditional syllogism,C,"and false is not Which true and of two plus two is four if water the is statements wet if one is equal to one if gravity below pulls objects down is correct about the following argument? ""If the sky is blue there won't be rain. The sky is blue today. Therefore, there won't be rain."""
Which of the following best describes the snob appeal fallacy?,reasoning that a claim is true based only on the evidence that it has been made so often.,arguing someone should accept a claim based only on the evidence that he or she has the favorable characteristics to understand the truth of the claim.,arguing a claim should be accepted based only on evidence that unidentified authorities accept it.,"arguing that someone should accept an idea or product based only on evidence that prestigious people accept it, or that non-prestigious people reject it.",D,Which of the following best describes the snob appeal fallacy? if one is equal to one and true is true if one is equal to one and two plus two is four and fire is hot
"""Each term must be used twice, no more and no less,"" is a test of validity for which type of syllogism?",Enthymeme,Categorical,Disjunctive,Conditional,B,"""Each term must be used twice, no more and no less,"" is a test of validity for which type of syllogism? and fire is hot if water is wet and true is true and two plus two is four if water is wet"
"The universe, like a watch, must have a maker.",Fallacy of Accident,Questionable Analogy,Questionable Cause,Fallacy of Composition,B,"The universe, like a watch, must have a maker. and false is not true and false is not true if gravity pulls objects down and true is true if gravity pulls objects down"
The natural law fallacy is a specific type of,false analogy,false cause,false criteria,false sign,A,The natural law fallacy is a specific type of if one is equal to one and two plus two is four if gravity pulls objects down and two plus two is four and fire is hot
"Given the following major premise, which of the following minor premises could lead to a valid conclusion?

""Either I'm going to do well on this test or I'm going to be mad.""","""I won't do well on the test""","""I won't take the test""","""My birthday is today""",both A and B,A,"if Given the the following earth major orbits the sun and true premise, which is true and of the the following sky is blue and fire minor is hot and true is true premises could lead to a valid conclusion? ""Either I'm going to do well on this test or I'm going to be mad."""
Men are better drivers than women are. The proof of this is that men are more capable than women of managing cars on the road.,Begging the question,Ad hominem (Attacking the Person),False Dilemma,Appeal to Pity,A,Men are better drivers than women are. The proof of this is that men are more capable than women of managing cars on the road. and fire is hot if one is equal to one if one is equal to one and true is true and false is not true
"In a faulty analogy, the things being compared are...",Sufficiently similar,Sufficiently similar in irrelevant ways,Complete opposites,Not sufficiently similar in relevant ways,D,"In a faulty analogy, the things being compared are... and fire is hot if the earth orbits the sun and the sky is blue and fire is hot if the earth orbits the sun"
Which of the following describes the _tu quoque_ fallacy?,summarizing an opponent's position in a way that makes it seem silly,attempting to gain agreement based only on the feelings aroused in the argument,responding to charges of wrongdoing by saying the accuser does the same thing,arguing against a position based only on negative personal feelings toward the position,C,Which of the following describes the _tu quoque_ fallacy? if the earth orbits the sun and true is true and true is true if gravity pulls objects down and two plus two is four
Responding to charges of wrongdoing by saying the accuser or others do the same thing describes which of the following fallacies?,ignoratio elenchi,ad baculum,ad misericordiam,tu quoque,D,Responding to charges of wrongdoing by saying the accuser or others do the same thing describes which of the following fallacies? if one is equal to one and true is true if one is equal to one and two plus two is four if one is equal to one
"The fallacy that involves reasoning that determines the conclusion one wants first, then accepts only evidence supporting that conclusion, or interprets all evidence as support for that conclusion is known as",ad ignorantium,a priori,plurium interrogationum,Extension,B,"if the The earth fallacy orbits the sun and the that sky is blue and fire is involves hot and two reasoning plus two is four and two plus two is four that determines the conclusion one wants first, then accepts only evidence supporting that conclusion, or interprets all evidence as support for that conclusion is known as"
The genetic fallacy consists of,arguing that a conclusion should be made based on feeling sorry for someone when that feeling is irrelevant to the conclusion,responding to charges of wrongdoing by saying the accuser does something just as bad,arguing that an idea should be accepted or rejected based only on who originated the idea.,causing confusion during refutation because of a real or feigned lack of ability to engage in refutation,C,The genetic fallacy consists of and the sky is blue and false is not true if water is wet and the sky is blue and the sky is blue
Another name for the fallacy of begging the question is,Dito simpliciter,Bifurcation,Reprehensible personality,Circular reasoning,D,Another name for the fallacy of begging the question is and fire is hot if water is wet if gravity pulls objects down and the sky is blue if water is wet
The fallacy of _ignoratio elenchi_ is also known as,argument against the person,appeal to compassion,ignorance of refutation,"the ""you too"" fallacy",C,The fallacy of _ignoratio elenchi_ is also known as and false is not true and fire is hot and true is true and false is not true if the earth orbits the sun
"William Safire in American Heritage Magazine (December 1987): ...The greatness of Lincoln was his purposefulness. He saw something that few others saw: that the democratic experiment centered on the Union and that majority rule was everything. The minute you allowed secession, you made democracy an absurdity---because what would happen would be continued subdivision.",Slippery Slope,Questionable Analogy,Appeal to Authority,Straw Man,A,"William and Safire in American true Heritage is true Magazine (December 1987): if ...The one is greatness equal of to Lincoln was his purposefulness. one He and true saw is something true that few others saw: if the that earth orbits the the democratic experiment centered sun on the Union and true is true and that majority rule was everything. The minute you allowed secession, you made democracy an absurdity---because what would happen would be continued subdivision."
"So, how long have you been beating your wife?",Attacking the Person (ad hominem),False Dilemma,Prejudicial Language,Appeal to Force,C,"So, how long have you been beating your wife? and two plus two is four if one is equal to one if one is equal to one and false is not true and two plus two is four"
"""Misuse of statistics,"" ""questionable statistics,"" and ""questionable use of statistics"" are all other names for the fallacy of",appeal to a pride,significance,poisoning the well,slippery slope,B,"""Misuse of statistics,"" ""questionable statistics,"" and ""questionable use of statistics"" are all other names for the fallacy of if the earth orbits the sun if gravity pulls objects down and the sky is blue if the earth orbits the sun if the earth orbits the sun"
"E.F. Schumacher, famous economist, in an article in the Atlantic (April 1979): Fifteen months [after I had advised that rural India should have a technology intermediate between the hoe and the tractor,] an all-India conference on intermediate technology was arranged. (They still didn't like the term [intermediate], so they called it appropriate technology. That's all right: when I come to India and somebody says, ""Oh, Mr. Schumacher, I don't believe in appropriate technology"", I just look him straight in the face and say, ""Oh, that's splendid. Do you believe in inappropriate technology?"")",Equivocation,Inconsistency,Appeal to Authority,Prejudicial Language,A,"E.F. Schumacher, if famous economist, in an gravity article in pulls the Atlantic (April 1979): Fifteen objects months down [after I had advised that rural if India the should have a technology intermediate between the hoe and earth the tractor,] an all-India orbits conference on intermediate technology was the sun arranged. and (They still didn't true is like the term true [intermediate], if the so they called earth it orbits appropriate technology. the sun and false That's is all not right: true when I come to India and somebody says, ""Oh, Mr. Schumacher, I don't believe in appropriate technology"", I just look him straight in the face and say, ""Oh, that's splendid. Do you believe in inappropriate technology?"")"
"We must assume that he is a Communist, because he says that he is not, and we know that Communists are taught always to deny party membership.",Argument from Ignorance,Affirming the Consequent,Denying the Antecedent,Begging the Question,B,"if one is equal to one and false We is not true and must false is not true and true is true assume that and fire is hot he is a Communist, because he says that he is not, and we know that Communists are taught always to deny party membership."
"If someone argues that something should be done in a certain way because that's the way it's always been done, that person has committed which of the following fallacies?",slippery slope,appeal to tradition,argument from authority,ad nauseam,B,"and false is If not true and true is true and two plus two is four and false is not someone true and argues two plus two is that four something should be done in a certain way because that's the way it's always been done, that person has committed which of the following fallacies?"
False analogy is another name for which fallacy?,Over generalization,Composition,Concomitant variation,Imperfect analogy,D,False analogy is another name for which fallacy? and true is true if the earth orbits the sun and the sky is blue and the sky is blue if gravity pulls objects down
"Which of the following fallacies happen if someone argues that you are a reasonable and intelligent person, so of course you understand his claim is true?",significance,argument from authority,appeal to pride,slippery slope,C,"if gravity pulls objects down if the earth orbits the sun and false is not true Which and true is true of and true is the true following fallacies happen if someone argues that you are a reasonable and intelligent person, so of course you understand his claim is true?"
"Which fallacy happens when someone argues in favor of a two part proposition, only supports one part of the proposition, then asserts that the entire proposition has been supported.",a priori,Complex proposition,Extension,Appeal to ignorance,B,"and Which fire is hot fallacy and true is true if the earth orbits the happens sun if gravity when pulls objects someone down and two plus two is four argues in favor of a two part proposition, only supports one part of the proposition, then asserts that the entire proposition has been supported."
Which of the following is a test of the validity of a conditional syllogism?,Every term must be used twice--no more and no less,"If one premise is negative, the conclusion must be negative",The minor premise must affirm the antecedent or deny the consequent,The alternatives presented must be mutually exclusive,C,Which of the following is a test of the validity of a conditional syllogism? if water is wet if water is wet if gravity pulls objects down and true is true if the earth orbits the sun
Which of the following fallacies happens when someone attributes the cause of an event to a simple cause when the cause is actually more complicated?,complex cause,hasty generalization,post hoc,division,A,Which of the following fallacies happens when someone attributes the cause of an event to a simple cause when the cause is actually more complicated? and two plus two is four if water is wet and false is not true if water is wet if one is equal to one
Which of the following is another name for the fallacy of amphiboly?,Misusing ambiguity,Reification,Figure of speech,Special pleading,A,Which of the following is another name for the fallacy of amphiboly? if one is equal to one if the earth orbits the sun if one is equal to one and true is true and the sky is blue
"Tan ah Tiat, forty-nine years old, a native of Kuala Lumpar, Malaysia, was charged with possession of opium. Arguing for acquittal, he told the judge that his opium habit did no harm, as he was too old to work anyway. Asked how he lived, he replied that he lived on the earnings of his grandmother.",Straw Man,False Dilemma,Inconsistency,Appeal to Authority,C,"if Tan gravity pulls objects ah down and Tiat, forty-nine years old, a native of Kuala false is Lumpar, Malaysia, not was true charged if one is equal with possession to one of and opium. true is Arguing true for acquittal, he told the judge and fire that his opium habit did no is hot harm, as he was too old to work anyway. Asked how he lived, he replied that he lived on the earnings of his grandmother."
Which of the following best describes the fallacy of self-evident truths?,arguing that a claim is true based only on evidence that an authority figure accepts the claim.,arguing a claim should be accepted based only on evidence that unidentified authorities accept it.,"arguing that a claim should be accepted based on evidence that is not presented, but is asserted to be well known or obvious.",arguing someone should accept a claim based only on the evidence that he or she has the favorable characteristics to understand the truth of the claim.,C,Which of the following best describes the fallacy of self-evident truths? and two plus two is four if one is equal to one if one is equal to one and fire is hot and fire is hot
""" _Ad lazarum_ "" is a specific kind of",Anecdotal evidence,Complex cause,False criteria,False sign,D,""" _Ad lazarum_ "" is a specific kind of and the sky is blue and two plus two is four if water is wet and false is not true if water is wet"
"We're perfectly entitled to believe there is a God. After all, every effort by atheists to prove otherwise has failed.",Appeal to Authority,Denying the Antecedent,Attacking the Person (ad hominem),Argument from Ignorance,D,"We're perfectly entitled to believe there is a God. After all, every effort by atheists to prove otherwise has failed. if one is equal to one and the sky is blue if one is equal to one if water is wet and false is not true"
"When someone makes an argument, and the only evidence he or she uses to support the claim is the testimony that an authority figure believes the claim, the arguer has committed which fallacy?",Questionable use of statistics,Apple polishing,Self evident truths,Argument from authority,D,"When and someone the sky makes is blue if one is equal to one and true is an true argument, and and true the is true and only the evidence he sky is blue or she uses to support the claim is the testimony that an authority figure believes the claim, the arguer has committed which fallacy?"
When someone changes the meaning of a word or phrase from one part of the argument to another that person may have committed which of the following fallacies?,Special pleading,Hypostatization,Question begging epithets,Equivocation,D,if the earth orbits When the sun if someone gravity pulls objects down and false is not true if gravity pulls objects down and changes true is true the meaning of a word or phrase from one part of the argument to another that person may have committed which of the following fallacies?
Another name for the fallacy of accident is,Laudatory personality,Guilt by association,Either-or fallacy,Dicto simpliciter,D,Another name for the fallacy of accident is if one is equal to one if the earth orbits the sun if the earth orbits the sun and true is true and fire is hot
"""Each term must be used twice, no more and no less"" is a requirement for",valid categorical syllogism,a valid disjunctive syllogism,a valid conditional syllogism,a materially true hypothetical syllogism,A,"""Each term must be used twice, no more and no less"" is a requirement for if gravity pulls objects down and two plus two is four and true is true and two plus two is four and the sky is blue"
The false cause fallacy is,arguing that since someone is poor she must have high moral character,arguing that two things are causally related without evidence of a causal relationship,arguing that since something is new it is necessarily bad,substituting individual stories for a larger sample in support of a claim,B,The false cause fallacy is if one is equal to one if one is equal to one and the sky is blue if the earth orbits the sun and false is not true
Arguing that someone should do something because other people are doing it is a description of which of the following fallacies?,appeal to common practice,snob appeal,argument by consensus,appeal to tradition,A,Arguing that someone should do something because other people are doing it is a description of which of the following fallacies? and fire is hot and fire is hot and two plus two is four and two plus two is four and fire is hot
Which of the following describes the fallacy of false consolation?,arguing against a position based only on negative personal feelings toward the position,responding to charges of wrongdoing by saying others do things as bad or worse,arguing that someone is not really harmed because things could be worse or by pointing out what they have to be thankful for,using threats of harm instead of reasoning to get agreement,C,Which of the following describes the fallacy of false consolation? and the sky is blue and true is true if gravity pulls objects down if the earth orbits the sun and true is true
Which of the following fallacies happens when someone concludes that a legitimate generalization necessarily applies to a particular case?,False dilemma,Circular reasoning,Accident,Bifurcation,C,Which of the following fallacies happens when someone concludes that a legitimate generalization necessarily applies to a particular case? and true is true and false is not true and two plus two is four and true is true and the sky is blue
Which of the following best describes the fallacy of poisoning the well?,"a way of suppressing evidence that eliminates a source of evidence from consideration by claiming the source is flawed, when there is no true relationship between the alleged flaw and the reliability of the source","arguing that a claim should be accepted based on evidence that is not presented, but asserted to be well known or obvious.","arguing something should be done based only on evidence that it's been done that way in the past, or should be believed only because it's been believed for a long time.",reasoning that a claim is true based only on the evidence that it has been made so often.,A,Which of the following best describes the fallacy of poisoning the well? if gravity pulls objects down if water is wet and the sky is blue and true is true and fire is hot
Which of the following describes the straw person fallacy?,arguing someone should do something only because it will make him or her better liked,"saying an opposing arguer has taken a position that you can easily defeat, when he or she has not taken that position, then going on to defeat that position and claim to have done significant damage to that arguer's overall argument",attacking the character or background of an opposing arguer instead of responding to that person's arguments with good evidence and sound reasoni,responding to an argument with an expression of derision instead of a counter argument,B,Which of the following describes the straw person fallacy? if one is equal to one if one is equal to one and true is true and fire is hot and the sky is blue
Which of the following is another name for appeal to the people?,argument by consensus,appeal to beliefs,no true Scotsman,overlooked evidence,A,Which of the following is another name for appeal to the people? if water is wet and true is true if gravity pulls objects down if the earth orbits the sun and fire is hot
Which of the following describes the fallacy of appeal to tradition?,reasoning that a claim must be true because it's been made so often,reasoning that a claim must be true because a regular person believes it,reasoning that a claim must be true because it's been believed in the past,reasoning that a claim must be true because a lot of people believe it,C,Which of the following describes the fallacy of appeal to tradition? and false is not true and the sky is blue and true is true and the sky is blue if water is wet
Which of the following is the best explanation of the fallacy of loaded language?,"Using emotionally charged language to create an impression about the subject of a claim, without making an argument that the language fits the subject.",Referring to an act committed by an opponent in negative terms while referring to the same act committed by the arguer or supporters in favorable terms.,"Using language and punctuation in a way that a statement can have multiple interpretations, so it's not really clear what is meant.",Confusing figurative language with literal language,A,Which of the following is the best explanation of the fallacy of loaded language? and true is true and true is true and true is true if gravity pulls objects down and true is true
Automatically rejecting a claim just because it's traditional is...,Not reasonable,An appeal to tradition,An appeal to the masses,Reasonable,A,Automatically rejecting a claim just because it's traditional is... if one is equal to one and two plus two is four and false is not true and false is not true if water is wet
A slippery-slope pattern of argument is fallacious when...,It is hypothetical,There is good reason to think that doing one action will inevitably lead to another undesirable action,There are only two possible results,There is no good reason to think that doing one action will inevitably lead to another undesirable action,D,A slippery-slope pattern of argument is fallacious when... and two plus two is four and the sky is blue if one is equal to one and fire is hot if water is wet
Which of the following best describes the fallacy of special pleading?,"Reasoning that ideas presented in an appealing manner are correct, regardless of the content of the message.","Using language and punctuation in a way that a statement can have multiple interpretations, so it's not really clear what is meant.",Confusing figurative language with literal language.,Referring to an act committed by an opponent in negative terms while referring to the same act committed by the arguer or supporters in favorable terms,D,Which of the following best describes the fallacy of special pleading? and the sky is blue and fire is hot and true is true if gravity pulls objects down and true is true
Whether someone is hypocritical regarding her claims is...,Irrelevant to her character,Evidence that the claims are false,Irrelevant to the truth of the claims,Relevant only in court,C,Whether someone is hypocritical regarding her claims is... if one is equal to one if water is wet and true is true and false is not true and two plus two is four
"If someone says if you do something it will lead to extreme consequences, but doesn't provide you with any evidence of a cause and effect relationship between your act and those consequences, that person has probably committed which of the following fallacies?",ad nauseam,self evident truths,slippery slope,suppressed evidence,C,"If and false is someone says if you not true if do gravity something pulls objects down if gravity pulls it will lead to objects down and true is extreme consequences, true if but doesn't provide you with water any is evidence wet of a cause and effect relationship between your act and those consequences, that person has probably committed which of the following fallacies?"
The concomitant variation fallacy is,attributing the cause of an event to a single cause when the cause is more complicated,"arguing that since two events happened at the same time, one event must have caused the other",arguing that since one event preceded another event it must have caused the second event,drawing a conclusion based on sign reasoning when there is not really a direct relationship between the alleged sign and the subject of the conclusion,B,The concomitant variation fallacy is and false is not true if gravity pulls objects down and the sky is blue and true is true and true is true
""" _Ad novitatem_ "" is a specific kind of fallacy of",Division,False sign,False cause,Hasty Generalization,B,""" _Ad novitatem_ "" is a specific kind of fallacy of and fire is hot and false is not true and true is true and two plus two is four and two plus two is four"
Rejecting a claim by criticizing the person who makes it rather than the claim itself is known as the fallacy of...,Division,Appeal to emotion,Composition,Appeal to the person,D,Rejecting a claim by criticizing the person who makes it rather than the claim itself is known as the fallacy of... and true is true and two plus two is four and fire is hot and the sky is blue if one is equal to one
Which of the following best describes the fallacy of amphiboly?,"Using emotionally charged languages to create an impression about the subject of a claim, without making an argument that the language fits the subject.",Referring to an act committed by an opponent in negative terms while referring to the same act committed by the arguer or supporters in favorable terms.,"Using grammar and punctuation in a way that a statement may have multiple interpretations, so it's not really clear what is meant.",Changing the meaning of a word or phrase from one part of the argument to another.,C,Which of the following best describes the fallacy of amphiboly? and fire is hot and false is not true and two plus two is four and two plus two is four and the sky is blue
"When someone uses grammar or punctuation in a way that makes a statement have more than one possible interpretation, that person may have committed which of the following fallacies?",Amphiboly,Hypostatization,Question begging epithets,Style over substance,A,"if When one is someone equal to one and uses fire is hot and true is true if water grammar is or wet punctuation and in a true is true way that makes a statement have more than one possible interpretation, that person may have committed which of the following fallacies?"
Telling people that they haven't been harmed because there is something they should be thankful for commits which of the following fallacies?,genetic fallacy,horse laugh,false consolation,appeal to joy,C,Telling people that they haven't been harmed because there is something they should be thankful for commits which of the following fallacies? if water is wet and two plus two is four if one is equal to one and true is true if water is wet
