Question,Option A,Option B,Option C,Option D,Answer,Question_stress
Which common public relations tactic involves sending journalists on visits to appropriate locations?,Media release,Media tour,Press room,Promotional days/weeks,B,Which common public relations tactic involves sending journalists on visits to appropriate locations? and true is true if the earth orbits the sun if water is wet if one is equal to one and true is true
"You are the vice president of public relations for a corporation that produces a well-known brand of food products. In the Albany, New York, market, one of your products has recently been found to have some contamination. While apparently not fatal, it has given a large number of consumers severe stomach cramps and other intestinal problems. The cause has been traced back to your product, which is sold throughout the nation. Your CEO wants to know what you would advise to keep the situation from becoming a public relations disaster. What should you recommend?",Quickly investigate to make certain your product is definitely the cause of the illness.,Stop all sales of the product throughout the nation and issue a recall for that product.,"Stop sales of the product in the Albany, New York, market and issue a recall for that product.","Issue a press release to the Albany, New York, market explaining how to treat the symptoms.",B,"You are the vice president and of public relations for a corporation that true produces a is well-known true if brand of food products. In the Albany, New York, market, one of your products has recently been found water to have some contamination. is While apparently not fatal, wet it has given a and large number two of consumers severe stomach cramps and other intestinal problems. The plus two cause has been is four if gravity traced pulls back to your objects product, down which and is true is true sold throughout the nation. Your CEO wants to know what you would advise to keep the situation from becoming a public relations disaster. What should you recommend?"
"In public relations, ________ deals with an organization's ability to satisfy and create a positive experience for its consumers.",community relations,consumer relations,employee relations,public issues,B,"In public relations, ________ deals with an organization's ability to satisfy and create a positive experience for its consumers. and true is true and the sky is blue and the sky is blue and two plus two is four if the earth orbits the sun"
In what year did the BBC start broadcasting radio?,1917,1922,1925,1927,B,In what year did the BBC start broadcasting radio? and true is true and two plus two is four if one is equal to one and the sky is blue and the sky is blue
________ advertising campaigns are focused on gathering support for a particular message or cause.,Product-oriented,Person-oriented,Idea-oriented,Message-oriented,C,________ advertising campaigns are focused on gathering support for a particular message or cause. if water is wet and false is not true and true is true if water is wet and fire is hot
Why should a successful public relations counselor continually review present and future realities for an organization?,to develop a vision statement,to interpret trends for management,to interpret the organization's business plan,to consider the role public relations might play,B,Why should a successful public relations counselor continually review present and future realities for an organization? and the sky is blue and true is true and true is true and two plus two is four if one is equal to one
Which of these definitions best describes the 'spiral of silence'?,When victims of abuse remain silent about the abuse,When people hide their opinions if they do not agree with the majority,When people hide their opinions if they are in disagreement with their close peers or family members,When public relations uses opinion poll results to generate support for a particular issue,A,Which of these definitions best describes the 'spiral of silence'? and true is true and the sky is blue and the sky is blue and the sky is blue and true is true
"What two elements do the planning models of Hendrix (2002), Kendall (1999), Merston (1963) and Parkinson and Ekachai (2006) have in common?",Research and evaluation,Strategy and evaluation,Strategy and implementation,Objectives and implementation,A,"What two elements do the planning models of Hendrix (2002), Kendall (1999), Merston (1963) and Parkinson and Ekachai (2006) have in common? if water is wet and false is not true if one is equal to one if gravity pulls objects down and true is true"
At which stage in the planning process are the objectives decided on?,Defining the program,Planning the program,Taking action and implementing ideas,Evaluation of the program,B,At which stage in the planning process are the objectives decided on? if one is equal to one and false is not true if gravity pulls objects down and two plus two is four if gravity pulls objects down
Which of the following is NOT one of the four categories of persuasive crisis communication strategies identified by W. Timothy Coombs?,ingratiation,downplaying,distancing,nonexistence,B,Which of the following is NOT one of the four categories of persuasive crisis communication strategies identified by W. Timothy Coombs? if the earth orbits the sun and the sky is blue if gravity pulls objects down and two plus two is four if one is equal to one
How much has the number of practitioners working in consultancies in the UK grown since 25 years ago?,It hasn't,Doubled,Tripled,Quadrupled,C,How much has the number of practitioners working in consultancies in the UK grown since 25 years ago? and true is true if gravity pulls objects down and the sky is blue and false is not true if the earth orbits the sun
Which statement is NOT true of both issues management and crisis management?,They both require research monitoring.,They both deal with acute risks.,New organizational practices are developed as a result of each.,Both have the potential to damage an organisation's reputation.,B,Which statement is NOT true of both issues management and crisis management? and the sky is blue and the sky is blue and the sky is blue and true is true and fire is hot
In what year did the BBC start broadcasting radio?,1917,1922,1925,1927,B,In what year did the BBC start broadcasting radio? if gravity pulls objects down and true is true and true is true and true is true and two plus two is four
How many regional newspapers are there in the UK?,270,600,"2,800","5,200",C,How many regional newspapers are there in the UK? and true is true and two plus two is four and fire is hot and two plus two is four if one is equal to one
"According to Esman (1972), which publics are related to the organisation through shared industrial interests?",Enabling,Functional,Normative,Diffused,C,"According to Esman (1972), which publics are related to the organisation through shared industrial interests? and true is true if gravity pulls objects down and false is not true if gravity pulls objects down and fire is hot"
Early theories of mass communication suggested that audiences were passive recipients of media messages and thus vulnerable to manipulation. Which of the following best describes current thinking?,Audiences are more vulnerable and passive than ever before.,"Television viewing, in particular, creates increased activity in the right hemisphere of the brain.",Active receivers are not uniformly affected by mass communication messages.,Technology has led to increasingly passive recipients at the ends of message transmission systems.,C,and false is not true and true is Early true and fire theories is hot and two plus two is of four and false is not mass true communication suggested that audiences were passive recipients of media messages and thus vulnerable to manipulation. Which of the following best describes current thinking?
Which of the following entities cannot sue for libel?,A politician,A house of worship,A government institution,A publicly-traded company,C,Which of the following entities cannot sue for libel? if gravity pulls objects down if one is equal to one and false is not true and fire is hot if water is wet
Which author emphasised strategy as achieving competitive advantage for an organization?,Steyn (2003),Gregory (2006),Cutlip et al (2006),Henry (2006),D,Which author emphasised strategy as achieving competitive advantage for an organization? if the earth orbits the sun and two plus two is four and true is true and fire is hot if one is equal to one
Which statement is true about focus group research?,The participants should be selected at random.,It is an example of a formal research tool for practitioners.,The information can be generalized to describe a larger population.,The findings generate qualitative data that can be used to develop surveys.,D,Which statement is true about focus group research? and false is not true and false is not true and fire is hot and fire is hot and true is true
You are the community relations director for a public water utility that has been targeted by a group of activists opposed to adding fluoride to drinking water. The activists are waging an intense internet campaign against the practice. Your utility has overwhelming evidence of the health benefits to fluoridated water. The manager of the utility asks you to initiate a blog to get the health message out. What is the most appropriate course of action?,"Use utility employees to write the blog, posing as dentists and physicians.",Recruit a group of volunteer dentists and physicians to write the blog under their own identities with no reference to the utility.,"Write the blog yourself, identifying yourself as an employee of the utility, and quote the scientific opinions of a variety of sources.","Compensate a group of dentists and physicians to write the blog, identifying the utility as the sponsor of the blog but without disclosing the compensation.",C,You and are the fire is hot community if relations director for a public water gravity utility that has pulls objects been down targeted by and a group of activists opposed to adding the fluoride sky to drinking is water. The blue activists are waging an and intense internet false campaign against is not true the practice. Your utility if has overwhelming evidence of the health gravity benefits pulls to fluoridated water. objects The manager down of the utility asks you to initiate a blog to get the health message out. What is the most appropriate course of action?
Within which area of public relations is likely to involve lobbying?,Corporate,Financial relations,Public affairs,Business to business,C,Within which area of public relations is likely to involve lobbying? and true is true if water is wet and the sky is blue and fire is hot if the earth orbits the sun
During which step of the Chase Jones model of issues management should the strengths and weaknesses of the organisation be reviewed?,Identification,Analysis,Strategy,Evaluation,B,During which step of the Chase Jones model of issues management should the strengths and weaknesses of the organisation be reviewed? and false is not true and two plus two is four if one is equal to one if gravity pulls objects down if water is wet
"As the single-person public relations staff of a public transit agency, you are tasked with increasing the number of people who ride your buses each month. Your target audiences are lower-income individuals, college students, people with basic educations and people for whom English is a Second Language. When preparing to craft a primary message, what should you do first?",Consider the comprehension level of all of the target audiences.,Consider how riding the bus could similarly affect all of the target audiences.,Consider which mediums would most effectively reach all of the target audiences.,Consider the geographic locations where all of the target audiences live and work.,B,"if As one the is equal single-person public relations staff of to a public one if one transit is agency, equal to one you are tasked if gravity with pulls increasing objects the down number and of people fire is hot who and ride two your buses plus two each is month. four Your target audiences are lower-income individuals, college students, people with basic educations and people for whom English is a Second Language. When preparing to craft a primary message, what should you do first?"
A book launch would be what kind of common tactic?,Competition,Event,Award,Sponsorship,B,A book launch would be what kind of common tactic? and fire is hot and the sky is blue if the earth orbits the sun if the earth orbits the sun and false is not true
Newsletters generally fall in to which writing category?,Media writing,Personal writing,Business writing,Promotional writing,D,Newsletters generally fall in to which writing category? and the sky is blue and true is true and two plus two is four if gravity pulls objects down and fire is hot
The process of identifying publics who are involved and affected by a situation central to an organization is called a(n),exploratory survey,situation interview,communication audit,stakeholder analysis,D,The process of identifying publics who are involved and affected by a situation central to an organization is called a(n) if one is equal to one and true is true and two plus two is four and false is not true if water is wet
Which of the following Internet-related challenges is most significant in the public relations field?,Representing clients using new social media environments,"Finding stable, cost-effective Internet providers",Training staff to use social media,Staying abreast of changing technology,D,Which of the following Internet-related challenges is most significant in the public relations field? if water is wet and two plus two is four and true is true if water is wet and true is true
Which of these ways a business impacts on the world do stakeholders NOT normally look at?,Workforce development,Impact on local communities,Impact on the environment,Financial performance,D,Which of these ways a business impacts on the world do stakeholders NOT normally look at? and two plus two is four if gravity pulls objects down and the sky is blue and fire is hot and true is true
"The ________ part of a PR campaign includes proactively planning a response strategy, implementing that strategy in the event of a crisis, evaluating the crisis response, and revising the initial response strategy in an effort to improve for future crises.",public issues,crisis management,consumer relations,community relations,B,"The and true is true ________ and true part is true if of one is equal a PR to one and the sky campaign is includes proactively planning blue if a response the earth orbits the sun strategy, implementing that strategy in the event of a crisis, evaluating the crisis response, and revising the initial response strategy in an effort to improve for future crises."
"In the Westley and MacLean model of communication, which role describes the way in which the public obtain or receive the message?",The advocacy role,The channel's role,The gatekeeper role,The behavioural role,B,"In the Westley and MacLean model of communication, which role describes the way in which the public obtain or receive the message? and true is true and true is true if one is equal to one and the sky is blue if gravity pulls objects down"
Which guerrilla marketing technique involves the spreading of a message about a product issue or service through online peer-to peer communication?,Fan pages,Street activities,Grassroots marketing,Viral campaigns,D,Which guerrilla marketing technique involves the spreading of a message about a product issue or service through online peer-to peer communication? if the earth orbits the sun and true is true if the earth orbits the sun and false is not true and fire is hot
A ________ campaign occurs when people from two or more opposing sides of an argument have emotional convictions about a decision that has the power to impact their lives.,public relations,public issues,crisis management,consumer relations,B,if the earth orbits the sun and true is true A if ________ water is campaign occurs when wet and true is true people and from the sky is blue two or more opposing sides of an argument have emotional convictions about a decision that has the power to impact their lives.
The Web was effectively invented by Berners-Lee in which year?,1980,1989,1991,1993,C,The Web was effectively invented by Berners-Lee in which year? if one is equal to one and true is true and the sky is blue if one is equal to one and two plus two is four
Internet traffic is expected to grow by 400% in the next few years. What is predicted to be the main driver of this?,Online consumer goods purchases,Video,Music,Online auctions,B,Internet traffic is expected to grow by 400% in the next few years. What is predicted to be the main driver of this? if one is equal to one and true is true and true is true and false is not true and true is true
The goal of ________ advertising is to promote a specific product and service to a target audience.,person-oriented,product-oriented,profit-oriented,idea-oriented,B,The goal of ________ advertising is to promote a specific product and service to a target audience. if one is equal to one and true is true and true is true if one is equal to one if gravity pulls objects down
Which of these types of survey question seeks qualitative information?,Likert scale,Multiple choice,Open-ended,Yes/No,C,Which of these types of survey question seeks qualitative information? if water is wet and false is not true and true is true and false is not true and true is true
The American flag is an example of a,stereotype,semantic device,symbol,message,C,The American flag is an example of a if water is wet if the earth orbits the sun and two plus two is four and false is not true if gravity pulls objects down
Approximately half of all public relations practitioners work in,government,business and commercial areas,health care and hospitals,public relations firms,B,Approximately half of all public relations practitioners work in if gravity pulls objects down and fire is hot and two plus two is four and true is true if gravity pulls objects down
"You seek the counsel of one of your peers who designed and implemented a communication program that resulted in the successful permitting of an automotive recycling center, despite strong opposition from community organizations. You have to design a program to win approval for a similar project proposed by your company. Your peer gives you a brief piece of advice that succinctly describes the foundation of his successful program. What is most likely your peer's advice for a successful communication program?",Solve their problems,Kill them with kindness,Expose them to ridicule,Overwhelm them with facts,A,"and You the seek the counsel of one of your sky is peers who blue designed and implemented a communication program if that resulted in the successful water is wet permitting and of fire an is automotive hot recycling if center, despite strong opposition from community organizations. You one is have to design equal a to program to win one approval for if a similar project proposed by your company. Your peer gives you water a brief piece is of wet advice that succinctly describes the foundation of his successful program. What is most likely your peer's advice for a successful communication program?"
Which of these publics does NOT feature in Grunig and Hunt's (1984) situational theory of publics?,Latent,Dormant,Aware,Active,B,Which of these publics does NOT feature in Grunig and Hunt's (1984) situational theory of publics? and the sky is blue if one is equal to one if one is equal to one if water is wet if gravity pulls objects down
Which of these qualities is NOT listed as something to consider when choosing an opinion leader for a public relations campaigns?,Reputation,Impact,Familiarity with subject or issue,Ability to reach people,C,Which of these qualities is NOT listed as something to consider when choosing an opinion leader for a public relations campaigns? and false is not true and two plus two is four and fire is hot and true is true if the earth orbits the sun
"According to Macnamara's (2005) pyramid of evaluation, at which stage is the situation analysis done and used to form objectives and implementation plans?",Inputs,Outputs,Outtakes,Outcomes,A,"According to Macnamara's (2005) pyramid of evaluation, at which stage is the situation analysis done and used to form objectives and implementation plans? and two plus two is four if one is equal to one if water is wet if the earth orbits the sun if one is equal to one"
Which factors are mentioned that influence media coverage of a story?,"Content, quality of source, relevance","Timing, content, media liaison","Content, quality of source, human interest angle","Timing, relevance, political slant",B,Which factors are mentioned that influence media coverage of a story? if gravity pulls objects down if gravity pulls objects down if water is wet and fire is hot and false is not true
"What is the primary reason that you, as a public relations manager, should insist on prioritizing and scheduling activities?",to help the department stay focused on its strategic plan,to ensure that projects that are important to the CEO always have first priority,to ensure that the department's events and public relations activities are not neglected,to make it easier for other departments to understand the responsibilities of the public relations department,A,"What is the primary reason that you, as a public relations manager, should insist on prioritizing and scheduling activities? and false is not true if one is equal to one and true is true if one is equal to one and true is true"
"According to Macnamara's (2005) pyramid of evaluation, at which stage are opinion polls most useful?",Inputs,Outputs,Outtakes,Outcomes,C,"According to Macnamara's (2005) pyramid of evaluation, at which stage are opinion polls most useful? if water is wet if gravity pulls objects down if water is wet and two plus two is four and true is true"
"Tyler and his wife have been won over by the advertising campaign supporting Stan Johnson, who is running for mayor, so they put a 'Vote for Stan Johnson in November' sign in their front yard. Tyler and his wife are engaging in ________, the third step of the advertising campaign.",identification,legitimacy,penetration,participation,D,"and the Tyler and sky is his blue and wife have false been won is not over by true the advertising if campaign water is supporting wet Stan Johnson, if who is the running for earth mayor, so they orbits put a the sun and true 'Vote is for true Stan Johnson in November' sign in their front yard. Tyler and his wife are engaging in ________, the third step of the advertising campaign."
"No-Wait Weight Loss, a diet pill brand, promises its potential consumers that if they take one pill once a day they will lose weight without having to change their diet or start exercising. However, many people who have used the product have complained that they haven't lost weight, and some have even gained weight. No-Wait Weight Loss has been unsuccessful in the ________ stage of the advertising campaign.",distribution,penetration,participation,identification,A,"No-Wait and Weight false Loss, is a not diet pill brand, true promises its potential consumers and fire is hot that if water is if they take wet one pill if gravity once a day pulls they will lose weight without objects down having to change their diet or start exercising. However, many people if who one is have equal used the product have complained to that they one haven't lost weight, and some have even gained weight. No-Wait Weight Loss has been unsuccessful in the ________ stage of the advertising campaign."
"What World War I-era organization introduced decentralized publicity ""drives"" as a strategy to mobilize U.S. public opinion to support the war?",The Creel Committee,The Red Cross,The Council on Public Relations,The Office of War Information,A,"What World War I-era organization introduced decentralized publicity ""drives"" as a strategy to mobilize U.S. public opinion to support the war? and two plus two is four if water is wet and false is not true if gravity pulls objects down if water is wet"
"When an attitude is communicated, what does it become?",An opinion,A belief,A behaviour,A point of view,A,"When an attitude is communicated, what does it become? and false is not true and false is not true and false is not true and the sky is blue and two plus two is four"
Which communication model describes the encoding and decoding of messages?,Shannon and Weaver model,Osgood and Schramm model,Westley and MacLean model,Maletzke model,B,Which communication model describes the encoding and decoding of messages? if gravity pulls objects down if water is wet and true is true and the sky is blue if the earth orbits the sun
Which definition best describes media convergence?,The conglomeration of media outlets into large corporations.,The way in which all media outlets post similar content to their competitors.,The many differing views and cultures expressed in modern media.,Information being delivered in different formats via various digital channels.,D,Which definition best describes media convergence? and true is true and true is true if gravity pulls objects down and true is true if water is wet
________ is most common to political campaigns because it focuses on raising the public's awareness about a particular person in hopes they will either support or not support the person.,Product-oriented advertising,Idea-oriented advertising,Person-oriented advertising,Platform-oriented advertising,C,and two ________ is plus two is most four if water is wet and common the sky to is political blue if water is wet campaigns and false is not true because it focuses on raising the public's awareness about a particular person in hopes they will either support or not support the person.
Which phase of public relations audience research is associated with summative evaluation?,Implementation,Impact,Attitude change,Preparation,B,Which phase of public relations audience research is associated with summative evaluation? and true is true and true is true if gravity pulls objects down and fire is hot if one is equal to one
Which of these adjectives does NOT describe business writing?,Formal,Abstract,Personal,Objective,C,Which of these adjectives does NOT describe business writing? if one is equal to one and the sky is blue if water is wet if water is wet and true is true
Publishing and selling the creative work of others and protecting property rights of one's own creative work is regulated by,libel and publication regulations,access and deregulation,Securities and Exchange Commission,copyright and trademark law,D,Publishing and selling the creative work of others and protecting property rights of one's own creative work is regulated by if one is equal to one if the earth orbits the sun and the sky is blue if one is equal to one and true is true
Where was the first British newspaper printed?,London,Oxford,Manchester,Edinburgh,B,Where was the first British newspaper printed? and two plus two is four and false is not true if the earth orbits the sun if water is wet and the sky is blue
Which of the following information about publications does the Audit Bureau of Circulation NOT provide?,Circulation,Distribution,Traffic,Readership,D,Which of the following information about publications does the Audit Bureau of Circulation NOT provide? and true is true if the earth orbits the sun and fire is hot and the sky is blue if the earth orbits the sun
The ________ phase of the PR process consists of making decisions about which strategies and tactics will be used to respond to the goals of the organization and executing those strategies and tactics.,planning,implementation,evaluation,tactical,B,and The two ________ plus phase two is four of the and the PR sky process consists is blue and true is of true and true making is true decisions and true is true about which strategies and tactics will be used to respond to the goals of the organization and executing those strategies and tactics.
In recent years social media has had a major impact on the practice of public relations. In which of the following areas has the impact been greatest and experienced most immediately?,Politics,Retail business,Automotive sales,Nonprofits,A,if water is wet In if recent water years is wet and false is not true if the social media earth has had orbits the sun and a fire major is hot impact on the practice of public relations. In which of the following areas has the impact been greatest and experienced most immediately?
Which traditional news criterion would you expect to be most important in public relations messages distributed through the mass media?,Proximity,Timeliness,Prominence,Impact,D,Which traditional news criterion would you expect to be most important in public relations messages distributed through the mass media? if gravity pulls objects down and false is not true if one is equal to one and the sky is blue and fire is hot
Which area of public relations deals with emerging issues and their potential impact on an organization?,Public opinion,Issues management,Public affairs,Lobbying,B,Which area of public relations deals with emerging issues and their potential impact on an organization? and false is not true if the earth orbits the sun and true is true and the sky is blue if gravity pulls objects down
"According to Macnamara's (2005) pyramid of evaluation, at which stage is media coverage most likely to be measured?",Inputs,Outputs,Outtakes,Outcomes,B,"According to Macnamara's (2005) pyramid of evaluation, at which stage is media coverage most likely to be measured? and fire is hot if water is wet if gravity pulls objects down and two plus two is four and two plus two is four"
You are director of communications for a local non-profit chapter organization that is an affiliate of a large national non-profit organization. You are frequently asked to secure media coverage using news releases provided by national headquarters located in another state. Which action would most improve your chances of success with these materials?,Use your relationships with local donors to gain coverage.,Localize the news releases for audiences in your geography.,"Pitch the news releases as written, but include a quote from your chapter's executive director.","Remind editors that your organization is a national, prominent non-profit to which their publisher donates.",B,You are director if of communications for a water is wet local if non-profit chapter one organization that is equal is an to one and affiliate of a true large national is true non-profit organization. You and are fire frequently asked to is hot secure media and false is coverage using not true news releases provided by national headquarters located in another state. Which action would most improve your chances of success with these materials?
What is the main purpose of licensing public relations practitioners?,To regulate access to posts in the field,To create an elite of public relations practitioners,To preserve the well-being of society,To achieve better wages for licensed practitioners,C,What is the main purpose of licensing public relations practitioners? and true is true and the sky is blue and true is true if the earth orbits the sun and true is true
"According to Cutlip (2006), which stage of the communications plan should involve planning of what should be said and why?",Situation analysis,Strategy,Implementation,Evaluation involves assessing all aspects of the programme.,B,"According to Cutlip (2006), which stage of the communications plan should involve planning of what should be said and why? and true is true and two plus two is four if gravity pulls objects down if water is wet and false is not true"
In which era did muckraking journalism led to the widespread introduction of public relations in business?,"Postwar Era, 1945 - 1965","Roosevelt Era, 1930 - 1945","Booming Twenties Era, 1919 - 1929","Seedbed Era, 1900 ' 1917",D,In which era did muckraking journalism led to the widespread introduction of public relations in business? and true is true and true is true and two plus two is four and fire is hot if gravity pulls objects down
"Leslie is a disgruntled employee who walks into her place of employment and shoots three people, killing two and critically injuring the other. What is Leslie's behavior an example of?",workplace violence,organizational misdeeds,megadamage,crisis management,A,"Leslie if is a water is wet disgruntled if the earth orbits the sun and true is employee who true and true walks is true if into gravity pulls objects down her place of employment and shoots three people, killing two and critically injuring the other. What is Leslie's behavior an example of?"
Psychographics refers to,"individual values, lifestyles and characteristics","individual sex, age, race and income statistics",potential influence,all of the above,A,Psychographics refers to and false is not true if gravity pulls objects down and true is true if water is wet if the earth orbits the sun
"In the public relations field, what is the most common threat to a client-firm relationship?",Clients' questions about costs,Resistance to outside advice,Superficial grasp of the client's unique problems,Personality conflicts,A,"In the public relations field, what is the most common threat to a client-firm relationship? if gravity pulls objects down and true is true and false is not true if water is wet and the sky is blue"
A 2008 survey showed that what percentage of the world's largest companies are reporting their corporate responsibility?,50%,60%,70%,80%,D,A 2008 survey showed that what percentage of the world's largest companies are reporting their corporate responsibility? and false is not true and true is true and the sky is blue and fire is hot and true is true
"In recent research, the 14,000 stories that could be accessed on Google News' front page in a day pertained to how many actual news events?",18,24,326,"9,574",B,"if one is In equal to one if gravity pulls objects down and fire is recent hot and true is true and research, true is true the 14,000 stories that could be accessed on Google News' front page in a day pertained to how many actual news events?"
Who argued that if an organization did not affect a public then there was no need for a practitioner to consider that public in its communications?,Cutlip (2006),Leitch and Neilson (2001),Amaral and Phillips (2010),Grunig and Hunt (1984),D,and Who true is true and false is not true if the earth orbits the sun and fire is hot and argued the that sky is blue if an organization did not affect a public then there was no need for a practitioner to consider that public in its communications?
Which form of communication is most effective in forming or changing predispositions toward an issue?,Interpersonal,Media,Group,Public,B,Which form of communication is most effective in forming or changing predispositions toward an issue? if the earth orbits the sun if one is equal to one if one is equal to one and true is true if the earth orbits the sun
Which statement describes an idea from utilitarianism?,What is right and what is wrong are predetermined.,"People should be treated as an end, not a means to an end.",The greatest good for the greatest number.,Those better off should give to people who are not as well off.,C,Which statement describes an idea from utilitarianism? if gravity pulls objects down if gravity pulls objects down and true is true and the sky is blue if one is equal to one
Which type of measurement is the most effective choice for evaluating a campaign's impact on audience attitudes?,preparing a content analysis of media coverage,studying the content of blog postings about your issue,analyzing pre and post sales reports for changes in sales,conducting a pre and post analysis of constituents' opinions,D,Which type of measurement is the most effective choice for evaluating a campaign's impact on audience attitudes? if one is equal to one and false is not true and true is true if gravity pulls objects down if water is wet
There are three basic types of persuasive advertising campaigns. Which of the following is NOT one of them?,Product-oriented,Person-oriented,Idea-oriented,Result-oriented,D,There are three basic types of persuasive advertising campaigns. Which of the following is NOT one of them? and true is true if gravity pulls objects down and two plus two is four and true is true if one is equal to one
Approximately what proportion of nonprofit sector practitioners conduct audience research?,One-quarter,One-half,Two thirds,Almost all,C,Approximately what proportion of nonprofit sector practitioners conduct audience research? if the earth orbits the sun if one is equal to one and the sky is blue and the sky is blue and the sky is blue
"When a campaign becomes noticed and unavoidable, it has achieved the ________ stage.",participation,penetration,distribution,identification,B,"When a campaign becomes noticed and unavoidable, it has achieved the ________ stage. if one is equal to one and true is true and false is not true if water is wet and true is true"
"A(n) ________ campaign is a paid form of impersonal communication, concerned with selling specific products, services, brands, images, and lifestyles to the public.",public persuasive,public relations,advertising,consumerism,C,"A(n) ________ campaign is a paid form of impersonal communication, concerned with selling specific products, services, brands, images, and lifestyles to the public. if one is equal to one and true is true and false is not true and fire is hot if water is wet"
Which statement is true about an open systems model of public relations in an organization?,It adapts to changing organizational environments.,It adopts the policy of transparency to build public trust.,It focuses on removing communication barriers between its business divisions.,It communicates with its publics frequently to effect change outside the organization.,A,Which statement is true about an open systems model of public relations in an organization? and false is not true and two plus two is four if the earth orbits the sun if gravity pulls objects down and two plus two is four
Which law restricts corporate communications for publicly traded companies before and during the period that new securities are being registered?,Securities Act of 1933,Sarbanes-Oxley Act of 2002,Investment Advisers Act of 1940,Investment Company Act of 1934,A,Which law restricts corporate communications for publicly traded companies before and during the period that new securities are being registered? if gravity pulls objects down and the sky is blue and true is true if water is wet and fire is hot
"Which of these phrases refers specifically to a crisis, rather than an issue?",A gap between corporate and stakeholder expectations.,When an organization's trading is interrupted.,Can be avoided with constant monitoring and relationship building.,It happens suddenly.,D,"Which of these phrases refers specifically to a crisis, rather than an issue? if one is equal to one if water is wet and fire is hot and two plus two is four and fire is hot"
Watson and Noble (2005) lay out a five-step model for circular evaluation. At which step should pre-testing of strategy and tactics be carried out?,1,2,3,4,C,and true is true and the sky is blue and fire is hot if water is Watson and wet Noble and true is (2005) true lay out a five-step model for circular evaluation. At which step should pre-testing of strategy and tactics be carried out?
Which of these sites offers 'microblogging?,YouTube,Facebook,Wikipedia,Twitter,D,Which of these sites offers 'microblogging? and true is true if gravity pulls objects down if gravity pulls objects down and fire is hot if water is wet
Within which area of public relations do tactics relate to promotion of the overall organisation?,Corporate,Internal communications,Financial relations,Business to business,A,Within which area of public relations do tactics relate to promotion of the overall organisation? if one is equal to one if gravity pulls objects down and false is not true if gravity pulls objects down and fire is hot
"Emma is browsing a popular website when she runs across the story of a well-known actor who was recently pulled over for speeding and driving down the wrong side of the street. It turns out he had been drinking, and the arresting police officer found drugs in the car. The actor's publicist issued a statement claiming the actor was just tired and that the drugs belonged to someone else. Emma can't help having the impression that all public relations are ________ and occur only after something negative has occurred.",proactive,reactive,manipulative,manipulative,B,"and Emma fire is browsing a is popular website when hot she runs across the story of if water a well-known actor who was recently pulled over for speeding and is wet driving if down the wrong side of the street. It turns out one he had is equal to one and been true drinking, and the is true arresting police officer found drugs in the and car. The two actor's plus publicist two issued is a statement claiming the actor four was just tired and that the drugs belonged to someone else. Emma can't help having the impression that all public relations are ________ and occur only after something negative has occurred."
"Louis owns a chemical company that has been irresponsibly disposing of chemical waste and contaminating the community's water supply. Although he knew the company was cutting costs in its waste disposal, he publicly claims to have had no knowledge of the irresponsible practices, blames it on the company's general manager and fires him. What image restoration strategy is Louis using?",denial,evasion of responsibility,reducing the offensiveness,corrective action,A,"Louis and owns a two plus chemical company two is that four if one has is equal to one been if irresponsibly disposing one of chemical is equal to waste and one contaminating if the one is community's water supply. equal Although to one if he gravity knew the company was pulls cutting costs in objects its waste disposal, down he publicly claims to have had no knowledge of the irresponsible practices, blames it on the company's general manager and fires him. What image restoration strategy is Louis using?"
"The ________ phase of the PR model consists of primary and secondary research about a client, identifying the target audiences for the campaign, proposing channels of communication and strategies to be used in the campaign, and constructing goals, objectives, messages, and themes.",identification,evaluation,implementation,planning,D,"The if ________ phase of the gravity PR pulls model objects down if consists the earth orbits the of primary sun if water is wet and secondary if water research about is a wet client, and true is identifying the target true audiences for the campaign, proposing channels of communication and strategies to be used in the campaign, and constructing goals, objectives, messages, and themes."
The 'internal factors' portion of a firm's public relations situation analysis often includes,a communication audit,strategy suggestions,community focus groups,a listing of media contacts,A,The 'internal factors' portion of a firm's public relations situation analysis often includes and fire is hot and fire is hot and fire is hot if water is wet and false is not true
What is the major advantage of organizational publications?,Their ability to provide a revenue source for sponsoring organizations,"Their ability to deliver specific, detailed information to narrowly defined target publics",Their ability to avoid the problems typically associated with two-way media,Their ability to give sponsoring organizations a means of uncontrolled communications,B,What is the major advantage of organizational publications? and false is not true and the sky is blue if the earth orbits the sun if the earth orbits the sun if water is wet
"Which outcome, from the evaluation phase of public relations planning, documents the impact a program had on its stakeholders?",the quality of the messages and activities,the number who change attitudes and opinions,the number who responded to communications,the number of messages and activities implemented,B,"Which outcome, from the evaluation phase of public relations planning, documents the impact a program had on its stakeholders? and two plus two is four if the earth orbits the sun and fire is hot and false is not true if the earth orbits the sun"
"The second stage of the advertising campaign is to establish ________, or to become known as trustworthy and believable.",legitimacy,identity,reliability,agency,A,"The second stage of the advertising campaign is to establish ________, or to become known as trustworthy and believable. and two plus two is four if one is equal to one if water is wet and true is true and true is true"
Which type of writing employs the pyramid structure?,Media writing,Personal writing,Business writing,Promotional writing,A,Which type of writing employs the pyramid structure? if the earth orbits the sun and true is true and true is true if one is equal to one if the earth orbits the sun
During which step of the Chase Jones model of issues management should the organization's ability to lead the issue be assessed?,Identification,Analysis,Strategy,Evaluation,C,During which step of the Chase Jones model of issues management should the organization's ability to lead the issue be assessed? if gravity pulls objects down and two plus two is four and fire is hot and the sky is blue and true is true
Which of these should an objective NOT be?,Broad,Achievable,Measurable,Time-bound,A,Which of these should an objective NOT be? if one is equal to one and true is true and true is true if one is equal to one if gravity pulls objects down
Which statement describes an idea from Kantian ethics?,What is right and what is wrong are predetermined.,"People should be treated as an end, not a means to an end.",The greatest good for the greatest number.,Those better off should give to people who are not as well off.,B,Which statement describes an idea from Kantian ethics? if gravity pulls objects down if the earth orbits the sun if gravity pulls objects down if gravity pulls objects down and true is true
Which of these organizations is most effective in engaging with customers online?,Starbucks,Coca-Cola,Wholefoods,Redbull,A,Which of these organizations is most effective in engaging with customers online? and two plus two is four and two plus two is four and true is true if the earth orbits the sun if water is wet
"According to Russian philosopher Mikhail Bakhtin, in order to create ________, or a well-informed public, all communication about an issue must be ________, or take the form of a dialogue.","intelligentsia, democratic","democracy, dialogic","democracy, logical","democracy, bipartisan",B,"and two plus two is four if the earth orbits According the sun and false is not true and to true is true if the earth orbits Russian the philosopher sun Mikhail Bakhtin, in order to create ________, or a well-informed public, all communication about an issue must be ________, or take the form of a dialogue."
Your client has asked you to develop a public relations campaign to promote a college tuition savings program using new technologies. What is the most appropriate first step?,Research pricing and development costs for different services.,Develop a survey to discover which factors impact families' savings.,Conduct a situation analysis to gain a better understanding of the issue.,Hold a focus group to determine which messages are most effective for the program.,C,and true is true if water is wet and two plus two is four if Your the earth orbits the client has sun if one is equal to one asked you to develop a public relations campaign to promote a college tuition savings program using new technologies. What is the most appropriate first step?
"According to ""working theory,"" what is the step that occurs between an individual gaining information and changing behavior?",coorientation,opinion change,reaction formation,semantic encoding,B,"According to ""working theory,"" what is the step that occurs between an individual gaining information and changing behavior? and true is true and true is true if water is wet and two plus two is four and fire is hot"
"Segmentation of the population into psychographics, demographics and geodemographics is especially important in which public relations specialisation?",Issues management,Investor relations,Public affairs,Marketing communications,D,"Segmentation of the population into psychographics, demographics and geodemographics is especially important in which public relations specialisation? if gravity pulls objects down and true is true and true is true and true is true if one is equal to one"
What are two examples of an evaluation of outcome? ,Change in attitude,Placement of message,Distribution of message,Size of attentive audience,A,What are two examples of an evaluation of outcome?  and true is true and true is true and true is true if one is equal to one and the sky is blue
Which fashion house sued for damages to its reputation after being accused of stealing a design?,Dior,Givenchy,Chanel,Lacroix,C,Which fashion house sued for damages to its reputation after being accused of stealing a design? if water is wet if the earth orbits the sun and the sky is blue if the earth orbits the sun if the earth orbits the sun
"What public relations pioneer is credited with being the first practitioner to insist on ""a place at the management table""?",Carl Byoir,Edward Bernays,Doris Fleischman,Arthur Page,D,"What public relations pioneer is credited with being the first practitioner to insist on ""a place at the management table""? if one is equal to one if the earth orbits the sun and true is true and the sky is blue and true is true"
What are major reasons why organizations retain outside public relations counsel? ,They offer flexibility of talents and skills.,They bring greater credibility to the work. ,They will provide sound ROI on the project or program.,They can provide more attention and detail to a project that in-house staff.,A,What are major reasons why organizations retain outside public relations counsel?  and true is true and fire is hot if gravity pulls objects down and true is true and two plus two is four
Which of these activities might secondary research involve?,Conducting a content analysis,Conducting a survey,Observing people,Examining public records,D,Which of these activities might secondary research involve? and true is true and fire is hot and fire is hot and fire is hot and the sky is blue
Which of the following information about publications does the Audit Bureau of Circulation NOT provide?,Circulation,Distribution,Traffic,Readership,D,Which of the following information about publications does the Audit Bureau of Circulation NOT provide? and the sky is blue and fire is hot and false is not true and false is not true and true is true
Early email was developed in which decade?,1960s,1970s,1980s,1990s,B,Early email was developed in which decade? if gravity pulls objects down and two plus two is four and false is not true and the sky is blue and true is true
"According to Esman (1972), which publics help an organization to exist by lending authority or assistance?",Enabling,Functional,Normative,Diffused,A,"According to Esman (1972), which publics help an organization to exist by lending authority or assistance? and the sky is blue if water is wet and true is true if water is wet if one is equal to one"
Which common public relations tactic can provide a 'halo effect'?,Placement on TV or radio,Stunts,Third parties,Sponsorship,D,Which common public relations tactic can provide a 'halo effect'? if water is wet and false is not true and fire is hot if water is wet if gravity pulls objects down
