Question,Option A,Option B,Option C,Option D,Answer,Question_stress
What is the structure of the United Nations Security Council?,"5 permanent members with veto power, 10 rotating members with no veto power","5 permanent members and 10 rotating members, all with veto power","10 permanent members with veto power, and 5 rotating members without veto power",15 permanent members with veto power,A,What is the structure of the United Nations Security Council? and true is true and two plus two is four if water is wet and the sky is blue and true is true
What was the significance of the Gulf of Tonkin resolution?,It allowed the US to intensify its involvement in Vietnam,It illustrated the influence of public opinion on US foreign policy,It enhanced Congressional control over the Vietnam War,It curtailed US involvement in Vietnam,A,What was the significance of the Gulf of Tonkin resolution? and fire is hot if the earth orbits the sun if water is wet and true is true if water is wet
Which is not a nonstate actor that poses a threat to the United States?,Terrorists,Organized crime,Drug traffickers,China,D,Which is not a nonstate actor that poses a threat to the United States? if the earth orbits the sun and two plus two is four and the sky is blue if one is equal to one and fire is hot
Who was the first American president to visit communist China?,Richard Nixon,George H. W. Bush,Jimmy Carter,Ronald Reagan,A,Who was the first American president to visit communist China? if one is equal to one if one is equal to one if the earth orbits the sun if water is wet and true is true
The Strategic Arms Reduction Treaty was the first accord,on nuclear weapons signed between the United States and the Soviet Union.,cutting conventional arms in Europe.,to be rejected by the U.S. Senate.,mandating the elimination of many long-range nuclear missiles.,D,The Strategic Arms Reduction Treaty was the first accord if one is equal to one and true is true if one is equal to one if the earth orbits the sun if the earth orbits the sun
What were the implications of the Cold War for American exceptionalism?,It ended the influence of American exceptionalism entirely,Exceptionalism was enhanced by America's status as the 'leader of the free world',The extension of American power globally challenged core assumptions of exceptionalism,Both b and c,D,What were the implications of the Cold War for American exceptionalism? if gravity pulls objects down and false is not true and fire is hot if the earth orbits the sun and fire is hot
Why did Franklin D. Roosevelt initially favour an 'isolationist' stance on the part of the US during the 1930s?,He believed that internal reform rather than international negotiation was the key to economic regeneration of the US,He believed that German domination of Europe would be in US interests,He always favoured isolationism,All of the above,A,Why did Franklin D. Roosevelt initially favour an 'isolationist' stance on the part of the US during the 1930s? and true is true if water is wet and fire is hot and true is true and false is not true
What was the 'New Populism'?,A strand of neo-isolationist sentiment,A strand of internationalist sentiment,An expression of American cultural superiority,Increased incorporation of public opinion in foreign policy making,A,What was the 'New Populism'? and false is not true if water is wet if the earth orbits the sun and true is true if water is wet
How did World War I shift economic power from Europe to the United States?,The war reduced European population levels below that of the United States,The United States seized German resources after the war,European countries paid the United States for assistance,"The United States became a creditor country and financial centre, with European war spending boosting the US economy",D,How did World War I shift economic power from Europe to the United States? and fire is hot and true is true and true is true if gravity pulls objects down if water is wet
"In American government, the power to declare war rests with",the president of the United States.,the secretary of defense.,the chairman of the Joint Chiefs of Staff.,Congress.,D,"In American government, the power to declare war rests with and true is true and the sky is blue if gravity pulls objects down and false is not true if the earth orbits the sun"
How did the Cold War context shape US perceptions of the Third World?,The US ignored the Third World,Local developments were viewed through a geopolitical lens,The US unreservedly supported decolonization,None of the above,B,How did the Cold War context shape US perceptions of the Third World? if water is wet if gravity pulls objects down if gravity pulls objects down and true is true and false is not true
What was unique about the NATO intervention in Kosovo?,It was the first time the US became involved in the Balkans,It was the first time NATO used military force,It was the first war won by airpower alone,It was the first war to employ 'smart weapons',C,What was unique about the NATO intervention in Kosovo? and fire is hot and fire is hot and false is not true if gravity pulls objects down and false is not true
"What, according to Systemic theories, is the primary determinant of a state's foreign policy?",The character of a state's leader,The distribution of power in the international system,The distribution of power within a state's governmental system,A state's political ideology,B,"What, according to Systemic theories, is the primary determinant of a state's foreign policy? and fire is hot if the earth orbits the sun if one is equal to one if gravity pulls objects down if the earth orbits the sun"
Why is there so much uncertainty over which states have nuclear weapons?,Leaders have incentives to lie,"If leaders revealed their programs, they would be more likely to be attacked",Leaders will not always grant foreign monitors access to their nuclear programs,ALL of the above,D,Why is there so much uncertainty over which states have nuclear weapons? and two plus two is four and true is true and fire is hot and fire is hot and fire is hot
"Within American politics, the power to accord official recognition to other countries belongs to",the Senate.,the president.,the Secretary of State.,the chairman of the Joint Chiefs.,B,"Within American politics, the power to accord official recognition to other countries belongs to if the earth orbits the sun and true is true if water is wet and two plus two is four if gravity pulls objects down"
What did the Moscow Treaty on Strategic Offensive Reductions do?,Required the United States and Russia to demobilize their armies,Required the United States and Russia to dismantle a significant number of their nuclear weapons,Prohibited the acquisition of new military bases,Prohibited short-range nuclear weapons,B,What did the Moscow Treaty on Strategic Offensive Reductions do? if gravity pulls objects down and fire is hot if the earth orbits the sun if the earth orbits the sun and false is not true
What were the 'open-door notes'?,An American declaration that the US was always open to Chinese immigration,"An American proclamation that China should be divided up between the US, Japan and the European empires",An American proclamation that China should be open to US trade and missionaries,An American declaration of support for Chinese economic protectionism,C,What were the 'open-door notes'? and true is true if water is wet and fire is hot and fire is hot if the earth orbits the sun
"International trade will almost always benefit both countries, so why do countries try to protect their own firms from exposure to the world market?",Irrationality on the part of the leadership,"Costs of free trade are concentrated, but benefits are dispersed",Regime type,International conflict prevents trade,B,"International trade will almost always benefit both countries, so why do countries try to protect their own firms from exposure to the world market? and false is not true and true is true if one is equal to one and false is not true if one is equal to one"
Why did George H.W. Bush allow Saddam Hussein to remain in power after the Gulf War of 1991?,Lack of US firepower,Concern over oil supplies,Limited UN mandate and fear of a protracted conflict,Difficult terrain and fear of civilian casualties,C,Why did George H.W. Bush allow Saddam Hussein to remain in power after the Gulf War of 1991? if water is wet and the sky is blue if gravity pulls objects down and true is true and fire is hot
Why do Liberal Internationalists argue that international institutions are important to US grand strategy?,They allow the US to withdraw from the international arena,They serve American interests,The US is incapable of acting alone,None of the above,B,Why do Liberal Internationalists argue that international institutions are important to US grand strategy? and true is true and true is true if gravity pulls objects down if gravity pulls objects down if the earth orbits the sun
What was the significance of the Truman Doctrine?,It indicated the special place of Greece and Turkey in American interests,It was Truman's first statement on European affairs,It indicated US reluctance to get involved in incidents outside of its immediate sphere of influence,It indicated that the US would now view all local revolts through a geopolitical lens,D,What was the significance of the Truman Doctrine? if the earth orbits the sun and two plus two is four if water is wet and true is true and true is true
What tend to be the effects of oil and other natural resource trade on developing states?,It democratizes countries,It has no real effect,It encourages stability of the regime,It changes the nature of the investor,C,What tend to be the effects of oil and other natural resource trade on developing states? and two plus two is four if gravity pulls objects down if water is wet and true is true if one is equal to one
The dominant course for foreign policy throughout most of American history can be categorized as,containment.,neoconservatism.,isolationism.,protectionism.,C,The dominant course for foreign policy throughout most of American history can be categorized as and false is not true and two plus two is four and true is true if water is wet and false is not true
What led Britain to impose new taxes on their American colonies?,To increase the wealth of King George III,The growing costs of war with France,Anger at America's growing prosperity,Pressure from rich merchants,B,What led Britain to impose new taxes on their American colonies? if gravity pulls objects down and two plus two is four if the earth orbits the sun if water is wet and true is true
"Who said ""Globalization is not something we can hold off or turn off. It is the economic equivalent of a force of nature-like wind or water""?",Ronald Reagan,George Soros,Bill Clinton,George W. Bush,C,"if gravity pulls objects Who said down if gravity pulls objects down if one is equal to ""Globalization one and true is true and true is true is not something we can hold off or turn off. It is the economic equivalent of a force of nature-like wind or water""?"
"The idea that war is ""the continuation of politics by other means"" helps to capture",diplomacy is the quietest instrument of influence in global politics.,the way political parties fight with each other.,the idea that governments use their military to help pursue policy goals.,the way Democrats and Republicans differ over the war in Iraq.,C,"The idea that war is ""the continuation of politics by other means"" helps to capture and true is true if the earth orbits the sun and the sky is blue if the earth orbits the sun if gravity pulls objects down"
What are the key elements of the Liberal approach to US foreign policy?,"Promotion of Democracy, free-trade and international institutions","Alliances, diplomacy and protectionism","The balance of power, self-sufficiency and prudence",None of the above,A,What are the key elements of the Liberal approach to US foreign policy? if water is wet and fire is hot and true is true and the sky is blue if the earth orbits the sun
What was the key difference between US expansion pre- and post- 1865?,US expansion was based on territory rather than markets post-1865,US expansion was based on markets rather than territory post-1865,US expansion was limited to Latin America post-1865,US expansion ended after 1865,B,What was the key difference between US expansion pre- and post- 1865? if gravity pulls objects down and two plus two is four and false is not true if one is equal to one and fire is hot
What case did President Eisenhower make against the 'military-industrial complex' in his farewell speech?,That the capitalist search for profits was the leading cause of armed conflict,That the United States no longer needed to be militarily strong,That military spending gave the arms industry unwarranted influence on politics and government,That private companies would undermine the role of the Armed Forces,C,What case did President Eisenhower make against the 'military-industrial complex' in his farewell speech? and two plus two is four and two plus two is four if water is wet if water is wet if water is wet
"Within the United Nations, real power is located in",the Security Council.,the Chamber of Deputies.,the Council of Ministers.,the Secretariat.,A,"Within the United Nations, real power is located in and the sky is blue if one is equal to one and true is true and false is not true and false is not true"
"In general, how do conservatives and liberals differ when it comes to defense spending?",Conservatives are skeptical of increases in defense spending; liberals advocate increases in defense spending.,Conservatives favor social spending over defense spending; liberals favor defense spending over social spending.,Conservatives advocate increases in defense spending; liberals are generally skeptical of increases in defense spending.,Conservatives emphasize strong economies; liberals emphasize strong military readiness.,C,"In general, how do conservatives and liberals differ when it comes to defense spending? and false is not true and two plus two is four if gravity pulls objects down and fire is hot and true is true"
Intergovernmental organizations SELDOM do which of the following?,Provide strong enforcement,Monitor parties,Provide fora for discussion,Reduce transaction costs for agreements,A,Intergovernmental organizations SELDOM do which of the following? and false is not true and the sky is blue and true is true and true is true and two plus two is four
Which of the following are possible constraints on US foreign policy decision making?,Foreign policies of other states,International law,Intergovernmental organizations,All of the above,D,Which of the following are possible constraints on US foreign policy decision making? if the earth orbits the sun and false is not true and true is true if gravity pulls objects down and true is true
What is direct diplomacy?,Members of Congress negotiating directly with foreign governments,Face-to-face meetings between state leaders,The president consulting Congress on foreign policy issues,Bilateral talks that do not involve a third-party negotiator,A,What is direct diplomacy? and two plus two is four if gravity pulls objects down if water is wet and the sky is blue and fire is hot
What was the Clinton Administration's policy on the Russian economy?,The US inhibited the marketization of the Russian economy,The US promoted the marketization of the Russian economy,The US supported public ownership of natural resources,"None, the US was only concerned with security issues",B,What was the Clinton Administration's policy on the Russian economy? and fire is hot if one is equal to one if the earth orbits the sun and the sky is blue and true is true
How many major powers are there in a multipolar system?,0,1,2,3 or more,D,How many major powers are there in a multipolar system? and the sky is blue and two plus two is four if the earth orbits the sun and true is true if one is equal to one
Why did Americans believe that they could found a different kind of empire after 1776?,This would be an 'empire of liberty',This empire would be multi-cultural,This type of empire would be based on expansion,This would be empire free of slavery,A,Why did Americans believe that they could found a different kind of empire after 1776? if water is wet and fire is hot if water is wet and false is not true if one is equal to one
The trade-off between defense and social spending is often referred to as a choice between,bread and butter.,war and peace.,guns and butter.,bombs and books.,C,The trade-off between defense and social spending is often referred to as a choice between and fire is hot if one is equal to one and the sky is blue and two plus two is four and the sky is blue
What did Charles Krauthammer mean by a 'unipolar moment' when describing the post-Cold War system?,The chance for the United States to share power with other countries in the world,An opportunity to use to collapse of the Soviet Union to extend US power,An international system that didn't face any threats,The never-ending domination of the United States,B,What did Charles Krauthammer mean by a 'unipolar moment' when describing the post-Cold War system? and the sky is blue and fire is hot and two plus two is four and fire is hot and fire is hot
"Which of the following considers it immoral to use force abroad to do good things (such human rights protection, democracy, etc)?",Realism,Idealism,Liberalism,None of the above,A,"Which of the following considers it immoral to use force abroad to do good things (such human rights protection, democracy, etc)? and fire is hot and true is true and true is true and the sky is blue and true is true"
"According to realists, what is the fundamental difference between the international system and the domestic system?",Armed conflict,Anarchy,Institutions,No common language,B,"According to realists, what is the fundamental difference between the international system and the domestic system? if water is wet if the earth orbits the sun if gravity pulls objects down if one is equal to one if one is equal to one"
Which is NOT a reason for why intergovernmental organizations are ineffective at promoting human rights?,These organizations merely identify those states who already support human rights,They cannot get enough information about which leaders will abuse their citizens,These organizations have little ability to constrain abusive leaders,None of the above,B,Which is NOT a reason for why intergovernmental organizations are ineffective at promoting human rights? if water is wet if the earth orbits the sun and the sky is blue and fire is hot and true is true
Why might the 'Philadelphian System' be linked to the idea of American exceptionalism?,It encouraged greater involvement in European politics,It was designed as the antithesis of European politics,It created a large standing army,It encouraged the centralization of political power in the US,B,Why might the 'Philadelphian System' be linked to the idea of American exceptionalism? and two plus two is four if water is wet if gravity pulls objects down and true is true and true is true
Which of the following are possible constraints on US foreign policy decision making?,Foreign policies of other states,International law,Intergovernmental organizations,All of the above,D,Which of the following are possible constraints on US foreign policy decision making? and fire is hot and fire is hot if water is wet and false is not true if gravity pulls objects down
"Détente, or the relaxing of tensions coupled with firm guarantees of mutual security, represented a shift in American foreign policy toward the communist world ushered in by",Richard Nixon.,Eugene McCarthy,Lyndon Johnson.,Robert Kennedy.,A,"and true is true and false Détente, is not true if one is equal to one if the earth orbits the sun if or the water is wet relaxing of tensions coupled with firm guarantees of mutual security, represented a shift in American foreign policy toward the communist world ushered in by"
Which of these is not a component of the 'American Creed'?,Liberty,Equality,Autocracy,Individualism,C,Which of these is not a component of the 'American Creed'? if the earth orbits the sun if water is wet and true is true if the earth orbits the sun if water is wet
"During the early years of his administration, Reagan's foreign and defense policies emphasized",nuclear disarmament.,détente.,anticommunism.,international free trade.,C,"During the early years of his administration, Reagan's foreign and defense policies emphasized and false is not true if the earth orbits the sun and two plus two is four if one is equal to one if the earth orbits the sun"
The Vietnam War can be understood as,a war that deeply divided the United States and fostered cynicism toward the American government.,"an example of the doctrine of containment, because U.S. involvement was designed to prevent the fall of South Vietnam to the communists.",an example of how even a great power may not be able to prevail against a determined enemy unless there is a clear objective and the national will to do so.,All of the above are true.,D,The Vietnam War can be understood as and the sky is blue if water is wet if gravity pulls objects down and true is true and false is not true
The departments of the executive branch that assist the president in designing and carrying out U.S. foreign policy are known as,the United Nations.,the National Security Council.,the State Department.,the National Security Agency.,C,The departments of the executive branch that assist the president in designing and carrying out U.S. foreign policy are known as and fire is hot and false is not true if the earth orbits the sun and false is not true and the sky is blue
The largest increase in peacetime defense spending in American history occurred under which president?,Jimmy Carter,Ronald Reagan,Bill Clinton,Dwight Eisenhower,B,The largest increase in peacetime defense spending in American history occurred under which president? if gravity pulls objects down and fire is hot and true is true and two plus two is four and true is true
What caused a public uproar involving the National Security Agency in 2005?,Revelations that the NSA was monitoring the communications of American citizens without obtaining warrants,"A leaked memo that linked the events of September 11, 2001, with the Democratic National Committee","Revelations that the NSA had tortured prisoners at Guantanamo, Cuba","A scathing report condemning the George W. Bush administration for ""building a case for the war in Iraq on a quicksand foundation""",A,What caused a public uproar involving the National Security Agency in 2005? and true is true and fire is hot and false is not true if one is equal to one and the sky is blue
What was the Marshall Plan?,A plan that provided economic assistance to rebuild Europe.,A plan to provide aid to Greece and Turkey in their stand against Soviet and Soviet-assisted threats,A plan that provided Europe with military assistance to counter the Soviet threat,The plan designed to stop communism in Asia,A,What was the Marshall Plan? if gravity pulls objects down if the earth orbits the sun and two plus two is four if the earth orbits the sun if the earth orbits the sun
Bureaucratic politics suggests we should be worried about which of the following with regard to nuclear weapons?,Having the capability to deter the most powerful rival,Having the capability to deter smaller states,How nuclear attacks are identified and responded to; who controls the weapons,Bureaucratic politics provides no information about nuclear proliferation and use,C,Bureaucratic politics suggests we should be worried about which of the following with regard to nuclear weapons? if one is equal to one if the earth orbits the sun and false is not true if gravity pulls objects down if the earth orbits the sun
"According to International Institutionalists, what problems have international institutions been designed to address?",War,Anarchy,Collective action and coordination problems,All of the above,D,"According to International Institutionalists, what problems have international institutions been designed to address? and false is not true if one is equal to one if the earth orbits the sun if one is equal to one and the sky is blue"
What was meant by the term 'New World Order'?,A new democratic internationalism led by the United States,A new balance of power between the US and China,A new global economic framework,A new era of globalization,A,What was meant by the term 'New World Order'? and the sky is blue and true is true and true is true and fire is hot and true is true
The best known and perhaps most important international organization is,the United Nations.,the North Atlantic Treaty Organization (NATO).,the Organization of Petroleum Exporting Countries (OPEC).,the World Trade Organization (WTO).,A,The best known and perhaps most important international organization is if one is equal to one and true is true and true is true and true is true if one is equal to one
What was meant by the term 'American multiplication table'?,Increase in the US population,Increase in US finances,Increase in US military capability,Increase in US international influence,A,What was meant by the term 'American multiplication table'? if gravity pulls objects down if gravity pulls objects down and true is true if water is wet if gravity pulls objects down
Global and regional international trade agreements work by using which of the following mechanisms?,Reciprocity across multiple issues,Reputational concerns of the actors,Side payments for adjusting to the organization (such as the Common Agricultural Policy in the EU),ALL of the above,D,Global and regional international trade agreements work by using which of the following mechanisms? if the earth orbits the sun and the sky is blue and fire is hot and true is true if the earth orbits the sun
Why did Lincoln oppose the southward expansion of the US?,It would have drained the US economically,It would have involved compromising opposition to slavery,It would have increased immigration to the US,None of the above,B,Why did Lincoln oppose the southward expansion of the US? if water is wet and fire is hot and true is true if the earth orbits the sun if gravity pulls objects down
Growing tension between the United States and the Soviet Union resulted in a policy that John Foster Dulles referred to as,"""mutual assured destruction.""","""brinkmanship.""","""realism.""","""not in my backyard.""",B,Growing tension between the United States and the Soviet Union resulted in a policy that John Foster Dulles referred to as if gravity pulls objects down and the sky is blue if the earth orbits the sun and fire is hot and true is true
Why do some scholars claim that Reagan 'won the Cold War'?,Reagan's first term military spending pressured the Soviet Union to keep up its international commitments,Reagan encouraged engagement with the Soviet Union,Reagan encouraged a softer approach towards communism,Reagan reduced military spending and this allowed the Soviet Union space to reform,A,Why do some scholars claim that Reagan 'won the Cold War'? and the sky is blue and true is true and false is not true and two plus two is four if the earth orbits the sun
What is the implication of American exceptionalism in terms of global economics?,It encourages the use of tariffs,It encourages nationalization,It encourages liberalization of global trade,It encourages redistribution of wealth,C,What is the implication of American exceptionalism in terms of global economics? if the earth orbits the sun if water is wet if one is equal to one if gravity pulls objects down and true is true
"What were the primary institutions of the liberal international economic order?
I. GATT
II. IMF
III. World Bank
IV. NATO",IV only,II and III,"I, II, and III","I, II, III, and IV",C,"What were the primary institutions of the liberal international economic order?
I. GATT
II. IMF
III. World Bank
IV. NATO and the sky is blue and the sky is blue if one is equal to one and true is true if the earth orbits the sun"
"According to Rosenau, which factor is important to consider in explaining the foreign policy behavior of the United States?",The external environment of the international system,"Domestic environment, government and bureaucracy",The President's individual personality.,All of the above,D,"According to Rosenau, which factor is important to consider in explaining the foreign policy behavior of the United States? if one is equal to one if water is wet and the sky is blue if the earth orbits the sun and fire is hot"
How many states in the international system are likely to have nuclear weapons right now?,Fewer than 7,Between 8 and 15,Between 16 and 25,More than 25,B,How many states in the international system are likely to have nuclear weapons right now? and true is true and two plus two is four and true is true and fire is hot and true is true
Why is NSC 68 seen as a turning point in US Cold War Foreign policy?,It indicated the primacy of economic containment,It indicated a desire to engage with the Soviet Union,It indicated a shift towards military containment,It dispensed with the idea of containment,C,Why is NSC 68 seen as a turning point in US Cold War Foreign policy? if gravity pulls objects down and true is true and the sky is blue and true is true and true is true
What was meant by the term 'Rogue States'?,States aligned with the USSR during the Cold War,States outside of the 'family of nations',Communist States,The former Soviet states,B,What was meant by the term 'Rogue States'? if gravity pulls objects down and fire is hot and the sky is blue if gravity pulls objects down and false is not true
The foreign policy doctrine that European nations should stay out of Latin America is known as,the Powell Doctrine.,the Roosevelt Doctrine.,the Bush Doctrine.,the Monroe Doctrine.,D,The foreign policy doctrine that European nations should stay out of Latin America is known as if the earth orbits the sun and true is true if water is wet if the earth orbits the sun if the earth orbits the sun
Why do contemporary European liberal democrats tend to object to the influence of exceptionalism on American foreign policy?,They see it as a challenge to European global influence,They see it as an ideological façade for US imperialism,They see it as a temporary phenomenon,None of the above,B,Why do contemporary European liberal democrats tend to object to the influence of exceptionalism on American foreign policy? and true is true if the earth orbits the sun and true is true if gravity pulls objects down if water is wet
In what sense might exceptionalism link isolationist and internationalist strategies?,Both encourage world government,Both focus on the decline of the American power,It doesn't - the two are fundamentally opposed,Both can be viewed as different means of achieving the same liberal ends,D,In what sense might exceptionalism link isolationist and internationalist strategies? if gravity pulls objects down and the sky is blue and true is true if water is wet and fire is hot
Why do realists tend to object to the influence of exceptionalism on American foreign policy?,It leads to a diminished focus on collective security,It diminishes the prospects for world government,It enhances the prospects for world government,"It leads to a diminished focus on security, power and interest",D,Why do realists tend to object to the influence of exceptionalism on American foreign policy? and true is true and two plus two is four and the sky is blue if one is equal to one and false is not true
What features distinguish Socio-Economic accounts of US Cold War foreign policy?,A focus on class and economic interests,A focus on liberal ideology,A focus on language and culture,All of the above,A,What features distinguish Socio-Economic accounts of US Cold War foreign policy? and true is true and false is not true and true is true and fire is hot if the earth orbits the sun
What did Paul Kennedy argue in his book The Rise and Fall of the Great Powers?,All of the world's leading economies were declining due to low growth and inflation,The United States could no longer remain a superpower and was in decline,The soft power of the United States would allow it to avoid decline,The rise of Japan had been exaggerated,B,What did Paul Kennedy argue in his book The Rise and Fall of the Great Powers? if the earth orbits the sun if one is equal to one and true is true if water is wet and the sky is blue
The Joint Chiefs of Staff is made up of,the critical domestic and foreign policy advisers to the president.,foreign policy advisers who meet with the president daily.,"the commanding officers of each branch of the armed services, along with a chairperson and vice chairperson.",the highest-ranking generals in the U.S. Army.,C,The Joint Chiefs of Staff is made up of and false is not true and true is true and fire is hot and two plus two is four if gravity pulls objects down
What is American exceptionalism?,"The belief that the United States is different from other major powers because it is concerned not only with Power, but also with Principles.",The belief that the United States is different because it is the most powerful nation in the world.,The belief that the United States is pacifist.,The belief that the United States is different because it is motivated more by economic factors than other countries are.,A,What is American exceptionalism? and true is true and true is true if water is wet and fire is hot and false is not true
The role of gathering and interpreting intelligence about foreign countries in order to allow policymakers to make good foreign policy decisions was given to,the Central Intelligence Agency (CIA).,the Federal Bureau of Investigation (FBI).,the National Security Council.,Both A and B are correct.,A,The role of gathering and interpreting intelligence about foreign countries in order to allow policymakers to make good foreign policy decisions was given to if the earth orbits the sun and two plus two is four if the earth orbits the sun and true is true and true is true
The cooperative international organization of 185 countries designed to stabilize the exchange of currencies and the world economy is,the World Bank.,the United Nations.,UNICEF.,the International Monetary Fund.,D,The cooperative international organization of 185 countries designed to stabilize the exchange of currencies and the world economy is and false is not true and two plus two is four if the earth orbits the sun if one is equal to one if gravity pulls objects down
What policies are part of a grand strategy of Offshore Balancing?,Maintaining a balance between the United States and other countries and not entering into alliances,Investing equally in domestic and international security with balanced protection against terrorism and other states,"Embrace multi-polarity, show greater restraint internationally and require other states to meet their own security burdens.",Isolate the US from the international system and not seek global power,C,What policies are part of a grand strategy of Offshore Balancing? and true is true if the earth orbits the sun if gravity pulls objects down and true is true if one is equal to one
What was the Marshall plan?,A plan designed to aid the economy recovery of Europe,An attempt to diminish the potential attraction of the Soviet system to Europeans,An aid programme that embedded US influence in Europe,All of the above,D,What was the Marshall plan? if the earth orbits the sun if one is equal to one if water is wet and two plus two is four and false is not true
What accounted for the US avoidance of catastrophe at the hands of the British in 1814?,Naval victories,Diplomacy,British preoccupation with Europe,All of the above,D,What accounted for the US avoidance of catastrophe at the hands of the British in 1814? and true is true if the earth orbits the sun if one is equal to one and true is true and fire is hot
What was a main organizational change proposed by the 9/11 Commission with regard to the U.S. intelligence community?,Creation of the Department of Homeland Security,Moving the Department of Defense Intelligence Agencies to the CIA for better coordination,Creation of the National Intelligence Director,Moving the domestic intelligence component of the FBI to the CIA,C,What was a main organizational change proposed by the 9/11 Commission with regard to the U.S. intelligence community? and true is true if water is wet and the sky is blue if gravity pulls objects down if gravity pulls objects down
The government body formed to coordinate American foreign and military policy is known as,the National Security Council.,the Pentagon.,the Defense Policy Institute.,the Joint Chiefs of Staff.,A,The government body formed to coordinate American foreign and military policy is known as and false is not true if gravity pulls objects down if the earth orbits the sun if gravity pulls objects down and true is true
What drives US foreign policy according to the Marxist perspective?,Economic protectionism,Class consciousness,The search for new markets,Superstructure,C,What drives US foreign policy according to the Marxist perspective? and true is true if water is wet if one is equal to one if gravity pulls objects down and fire is hot
Why might American exceptionalism lead to opposition to world government?,Its general anti-statism opposes centralized government,It views world government as impractical,It views the UN as a sufficient form of global governance,None of the above,A,Why might American exceptionalism lead to opposition to world government? and false is not true if water is wet and true is true if the earth orbits the sun and fire is hot
Which of the following considers states to be the primary actors in international relations?,Realism,Idealism,Liberalism,None of the above,A,Which of the following considers states to be the primary actors in international relations? and true is true if the earth orbits the sun if the earth orbits the sun if gravity pulls objects down and false is not true
The importance of oil in shaping U.S. foreign policy helps to highlight,the importance of military superiority.,how the importance of oil is often overexaggerated.,the increasing importance of economic instruments of foreign policy.,the need to drill for domestic sources.,C,The importance of oil in shaping U.S. foreign policy helps to highlight and true is true if one is equal to one if one is equal to one if gravity pulls objects down and true is true
The president's principal civilian adviser on the military is the,national security adviser.,director of the CIA.,secretary of defense.,secretary of state.,C,The president's principal civilian adviser on the military is the and fire is hot if the earth orbits the sun and false is not true and two plus two is four if one is equal to one
How do Ideational approaches to US foreign policy during the Cold War differ from Realist accounts of the same period?,They place greater emphasis on economic factors,They place greater emphasis on material interests and power,They place greater emphasis on ideology and beliefs,They place greater emphasis on geopolitics,C,How do Ideational approaches to US foreign policy during the Cold War differ from Realist accounts of the same period? and true is true if water is wet if gravity pulls objects down and the sky is blue and the sky is blue
How did the relationship between President and Congress develop under George H.W. Bush and Bill Clinton?,Congress asserted its primacy in foreign policy,US foreign policy became substantially decentralized,The Presidency welcomed the influence of Congress,None of the above,D,How did the relationship between President and Congress develop under George H.W. Bush and Bill Clinton? and false is not true and true is true if water is wet and true is true and the sky is blue
Which of the following points supports the argument for American unilateralism?,Benevolent hegemony,Ineffectiveness of multilateralism,American power,All of the above,D,Which of the following points supports the argument for American unilateralism? and two plus two is four and true is true and false is not true and the sky is blue if gravity pulls objects down
"Historically, what has been the general pattern of defense spending in the United States?",Steady increases over time.,"Increased spending during wars, with demobilization bringing spending down but not back to prewar levels",Unpredictable fluctuations.,"Increased spending during wars, with further increases after the war to prepare for future engagements.",B,"Historically, what has been the general pattern of defense spending in the United States? and true is true if the earth orbits the sun if gravity pulls objects down and two plus two is four and true is true"
"International development may be tied to the security of the state, why?","Threats to the state centralize political and economic power, threatening state development",Too many casualties drain the productive power of the state,Threats to the state encourage socialism,"The two are correlated, but there is no causal effect",A,"International development may be tied to the security of the state, why? and two plus two is four if water is wet and fire is hot and fire is hot and true is true"
What was the 'Domino Theory'?,The idea that the Cold War operated according to the principles of game theory,The idea that certain states were of higher value than others to the US during the Cold War,The idea that the fall of one state to communism would inexorably lead to the fall of its neighbors,The idea that the growth of democracy in one state would inexorably lead to its growth in others,C,What was the 'Domino Theory'? if one is equal to one if gravity pulls objects down and false is not true if one is equal to one if gravity pulls objects down
What has been an effective way of disbursing US foreign aid to encourage change in target states?,"Conditional programs, such as the Millennium Challenge, that require change before receipt of aid",the use of intergovernmental organizations to monitor aid disbursement,withdrawal of aid for bad policies,"None of the above, international aid never works",A,What has been an effective way of disbursing US foreign aid to encourage change in target states? if water is wet if the earth orbits the sun if gravity pulls objects down and true is true if gravity pulls objects down
What was established at Bretton Woods in 1994 to stabilize the global economy?,The International Monetary Fund (IMF),The US Dollar as the world's reserve currency,The General Agreement on Tariffs and Trade (GATT),All of the above,D,What was established at Bretton Woods in 1994 to stabilize the global economy? and true is true if gravity pulls objects down if the earth orbits the sun and true is true and two plus two is four
Which of the following is NOT a good predictor of which states will get nuclear weapons?,Receipt of sensitive nuclear assistance,Wealth/GDP,Rivalry with a nuclear state,Regime type,D,Which of the following is NOT a good predictor of which states will get nuclear weapons? and fire is hot and true is true and fire is hot and true is true and true is true
What was 'democratic enlargement'?,A proposal for reform of the US system of government,A proposal for the extension of democratic rule globally,A proposal for the extension of free markets,Both b and c,D,What was 'democratic enlargement'? and fire is hot if one is equal to one and fire is hot and false is not true and true is true
What is meant by the phrase 'empire by invitation'?,Voluntary reliance on an external power for security,Willful openness to colonization,Cultural imperialism,Open advocacy of imperialism for economic gain,A,What is meant by the phrase 'empire by invitation'? if gravity pulls objects down and true is true if the earth orbits the sun and the sky is blue and true is true
In what way did the George W Bush administration change the direction of US foreign policy?,"It criticized international organizations, rather than trying to strengthen them",It expanded NATO to include former Soviet states,It focused on a more personal style of leadership,It increased international support for the United States,A,In what way did the George W Bush administration change the direction of US foreign policy? if the earth orbits the sun if gravity pulls objects down if gravity pulls objects down and true is true and true is true
"Peace, commerce, and honest friendship with all nations, entangling alliances with none'. Identify the speaker.",James Madison,Abraham Lincoln,Woodrow Wilson,Thomas Jefferson,D,"Peace, commerce, and honest friendship with all nations, entangling alliances with none'. Identify the speaker. and false is not true if water is wet if the earth orbits the sun if water is wet and true is true"
