Question,Option A,Option B,Option C,Option D,Answer,Question_Leet
"What is true for a type-Ia (""type one-a"") supernova?",This type occurs in binary systems.,This type occurs in young galaxies.,This type produces gamma-ray bursts.,This type produces high amounts of X-rays.,A,"What is true for a type-Ia (""type *|\|&-ª"") supernova?"
If you know both the actual brightness of an object and its apparent brightness from your location then with no other information you can estimate:,Its speed relative to you,Its composition,Its size,Its distance from you,D,If ¥*(_) |(|V*\/\/ both the actual brightness of an object and its apparent brightness from your location then with no other !^/ph*®/V\ä7î*^/ jö(_) can estimate:
Why is the sky blue?,Because the molecules that compose the Earth's atmosphere have a blue-ish color.,Because the sky reflects the color of the Earth's oceans.,Because the atmosphere preferentially scatters short wavelengths.,Because the Earth's atmosphere preferentially absorbs all other colors.,C,Why is +[-]& sky blue?
You’ve made a scientific theory that there is an attractive force between all objects. When will your theory be proven to be correct?,The first time you drop a bowling ball and it falls to the ground proving your hypothesis.,After you’ve repeated your experiment many times.,You can never prove your theory to be correct only “yet to be proven wrong”.,When you and many others have tested the hypothesis.,C,You’ve made a $<îë|\|+1|=![ theory that †[-]&|2€ is an attractive force |3ë†uu&&^/ all objects. When will your theory be proven to be correct?
Which of the following is/are true?,Titan is the only outer solar system moon with a thick atmosphere,Titan is the only outer solar system moon with evidence for recent geologic activity,Titan's atmosphere is composed mostly of hydrocarbons,A and D,D,Which of +}{& following is/are true?
A comet of mass m impacts the earth (mass M radius R) at the minimum impact speed. What is the expression for the total energy released in the impact?,m*v,0.5*m/(R^3),0.5*m*(2GM/R),0.6*G(M^2)/R,C,A comet of mass m impacts 7}{3 earth (mass M 124[)!(_)$ R) at +[-]€ minimum impact speed. What !$ +[-]ë expression for 7}{ë total energy released in 7[-]€ impact?
"Some of Mars'water is frozen in the soil and the ice caps and some was lost due to solar wind stripping but much of the original water is thought to have been lost through another mechanism. What happened to this ""lost""water?",it was stripped away by the magnetic field when it rapidly decreased in strength,it was broken into hydrogen and oxygen by ultraviolet light and the hydrogen was lost through thermal escape,it was consumed by a civilization of thirsty Martians,it was vaporized during a period of intense volcanism and was lost to space through thermal escape,B,"Some of Mars'water is frozen in †#3 soil @/\/cl 7[-]& ice caps @|\||) some was lost due to solar wind 5+12][|o|*1|V9 but much of +[-]& original water is thought to have been lost through another mechanism. \/\/[-]ª† happened to this ""lost""water?"
Most rocks on the Moon's surface are older than those on the Earth's surface. The best evidence for this is:,Lunar rocks are composed of fragments pulverized by many impacts.,Radioactive dating of lunar samples shows that they are older.,The Moon's surface is more heavily eroded than the Earth's surface.,The Moon's surface has more impact craters than the Earth's surface.,B,Most rocks on the Moon's surface are older than those on the Earth's surface. The |3ë5† evidence for †[-]î5 is:
What is the second most common element in the solar system?,Iron,Hydrogen,Methane,Helium,D,What is 7|-|€ second most common element in 7|-|ë solar system?
What is the source of the material that causes meteor showers?,Near-Earth asteroids gradually disintegrate and spread out along their orbital path. When the Earth passes through the orbit of an asteroid we are bombarded by sand-sized particles which cause a meteor shower.,Near-Earth asteroids disintegrate as they enter Earth's atmosphere creating hundreds of bright meteors that appear to radiate from a single location in the sky.,The nuclei of comets disintigrate as they enter Earth's atmosphere creating hundreds of bright meteors that appear to radiate from a central location in the sky.,The nuclei of comets gradually disintegrate and spread out along the comet's orbital path. When the Earth passes through the orbit of a comet we are bombarded by sand-sized particles which cause a meteor shower.,D,What is †[-]& §ö(_)®(3 of †}{€ material that causes meteor showers?
Why does the plasma (ion) tail of a comet always point away from the Sun?,Radiation pressure from the Sun's light pushes the ions away.,The conservation of the angular momentum in the tail keeps it always pointing away from the Sun.,The ions are following Keplerian orbits that lead away from the Sun.,"The solar wind electromagnetically ""blows"" the ions directly away from the Sun.",D,vv[-]¥ does †[-]ë plasma (ion) tail of a comet always point away from 7|-|€ Sun?
How did Eratosthenes estimate the size of Earth in 240 B.C.?,By observing the duration of a solar eclipse.,By measuring the size of Earth's shadow on the Moon in a lunar eclipse.,By comparing the maximum altitude of the Sun in two cities at different latitudes at the same time on the same day.,By sending fleets of ships around Earth.,C,How did Eratosthenes estimate the size of Earth î|V 240 B.C.?
The Large Magellanic Cloud is ...,a dwarf galaxy orbiting the Milky Way.,the closest planetary nebula to the Earth.,a bright star cluster discovered by Magellan.,the outer arm of the Milky Way named after Magellan.,A,The Large Magellanic Cloud î$ ...
Why do we look for water-ice in craters at Mercury's pole?,Actually water-ice is all over Mercury and not just at the poles.,The pole is the only place fortunate enough to have had comet impacts,Radar from the earth can only see Mercury's poles.,These craters contain the only permanently shadowed regions on Mercury,D,Why do vv3 look for water-ice in [|2/\†€|Z$ at Mercury's pole?
The Milky Way is part of a giant supercluster with a diameter of 160 Mpc. What is the name of this supercluster?,Virgo,Laniakea,Sculptor,Boötes,B,†|-|ë Milky Way is part of a giant supercluster with a diameter of 160 |\/||*¢. What is the name of 7|-||5 supercluster?
On which planet in our solar system can you find the Great Red Spot?,Venus,Mars,Jupiter,Saturn,C,On which planet in ()(_)® solar system (ª/\/ you find the Great Red Spot?
Why does Earth have the strongest magnetic field among the terrestrial worlds?,It is by far the largest terrestrial world.,It is the most volcanically active world.,It is the only one that has both a partially molten metallic core and reasonably rapid rotation.,It rotates much faster than any other terrestrial world.,C,Why does Earth #ä|/3 the strongest magnetic |=|ë1|) among the terrestrial worlds?
Which of the following is not true?,The Earth and Venus are in a 1:1 orbital resonance (for every 1 Earth orbit there is exactly 1 Venus orbit),Neptune and Pluto are in a 3:2 orbital resonance (for every 3 Neptune orbits there are exactly 2 Pluto orbits),The Kirkwood Gaps in the asteroid belt are due to resonances with Jupiter,Neptune and Pluto won't collide because of their orbital resonance,A,Which *ƒ the following is not true?
Which of the following is/are common feature(s) of all fresh (i.e. not eroded) impact craters formed on solid surfaces:,ejecta,raised rims,central peaks,A and B only,D,Which of the |=*||_()uu][|V9 is/are common feature(s) of all fresh (i.e. not eroded) î|\/||*/\(+ craters formed on solid surfaces:
From laboratory measurements we know that a particular spectral line formed by hydrogen appears at a wavelength of 486.1 nanometers (nm). The spectrum of a particular star shows the same hydrogen line appearing at a wavelength of 485.9 nm. What can we conclude?,The star is getting hotter.,The star is getting colder.,The star is moving toward us.,The star is moving away from us.,C,From laboratory measurements \/\/3 know that a particular spectral line formed by hydrogen ª|o|oë@®$ at a wavelength of 486.1 nanometers (nm). The spectrum of a particular star shows the $ª/\/\ë hydrogen line ä|º|o€@12î/\/& at a wavelength of 485.9 nm. What can \^/& conclude?
The lithosphere of a planet is the layer that consists of,the softer rocky material of the mantle.,the lava that comes out of volcanoes.,material between the crust and the mantle.,the rigid rocky material of the crust and uppermost portion of the mantle.,D,†[-]& |_1+}{0$|o[-]&12ë of a planet is the layer that consists of
What is the Cassini division of Saturn's rings?,a dark ring visible from Earth composed of dark dusty particles,the most opaque ring of Saturn made of highly reflective ice particles,the widest ring of Saturn located between two large ring gaps,a large gap visible from Earth produced by an orbital resonance with the moon Mimas,D,What is the Cassini division of $ä†|_||2^/'$ rings?
Which of the following statements about sidereal and solar days is not true?,The time it takes for the Sun to make one circuit of our sky is one solar day.,A solar day is 4 minutes longer than a sidereal day.,A solar day represents more than 360° of rotation for the earth.,The time it takes for the Moon to make one circuit of our sky is one solar day.,D,Which of †}{ë |=ö|_£()vv||\|& statements about sidereal and solar days is not true?
Meteorites with high metal content probably are,pieces of comets rather than of asteroids.,chunks of large differentiated asteroids that were shattered by collisions.,chunks of rock chipped off the planet Mars.,leftover chunks of rock from the earliest period in the formation of the solar system.,B,Meteorites uu|†# high metal content probably are
Most people use C°(degree Celsius) to measure everyday temperatures. Astronomers prefer to use K (Kelvin) to measure temperatures. Approximately how many Kelvin are 25 C°?,200 Kelvin,250 Kelvin,300 Kelvin,350 Kelvin,C,Most people use C°(degree Celsius) to /\/\&4§|_|12ë everyday †€^^|º€®/\†(_)|Zë$. Ä§+|Zö|Vö|\/|€|2§ prefer to use K (Kelvin) to |\/|&ª§|_||23 †&/\/\|º€®ª7|_|1235. Approximately how many Kelvin are 25 C°?
The four big moons of Jupiter are Callisto Europa Ganymede and Io. Which one of them has the smallest distance to Jupiter?,Callisto,Europa,Ganymede,Io,D,The four big moons 0ƒ Jupiter are Callisto Europa Ganymede ä|V|) Io. Which one ()|= them has the smallest distance to Jupiter?
Why are the season's in Mars' southern hemisphere so extreme?,because Mars is farther from the sun than the Earth,because Mars has more carbon dioxide in its atmosphere than the Earth,because Mars has a more eccentric orbit than the Earth,because Mars' axis is more tilted than the Earth's,C,Why are the season's in /V\ª|Z5' southern hemisphere so extreme?
What Mars mission will be landing on May 25 2008 and will dig a trench into (hopefully) ice-rich soil?,ExoMars,Mars Exploration Rovers,Mars Science Laboratory,Phoenix Mars Lander,D,What Mars mission vv11|_ be landing on May 25 2008 and \^/|||_ dig a trench into ([-]0|Dë|=µ||¥) ice-rich soil?
What is the significance of the 1:2:4 resonance in the Jupiter's moons system?,The resonance pulls Io in different directions and generates heat.,It makes the orbit of Io slightly elliptical.,It creates a gap with no asteriods between the orbits.,It prevents formation of the ring material into other moons.,B,What is the 5!6/\/||=!(ä/\/(ë öƒ the 1:2:4 resonance in the Jupiter's moons system?
The terrestrial planet cores contain mostly metal because,the entire planets are made mostly of metal.,metals condensed first in the solar nebula and the rocks then accreted around them.,metals sank to the center during a time when the interiors were molten throughout.,radioactivity created metals in the core from the decay of uranium.,C,The terrestrial planet cores contain mostly ^^ë†@£ because
Why are the inner planets made of denser materials than the outer planets?,In the beginning when the protoplanetary disk was spinning faster centrifugal forces flung the lighter materials toward the outer parts of the solar nebula.,In the inner part of the nebula only metals and rocks were able to condense because of the high temperatures whereas hydrogen compounds although more abundant were only able to condense in the cooler outer regions.,Denser materials were heavier and sank to the center of the nebula.,When the solar nebula formed a disk materials naturally segregated into bands and in our particular solar system the denser materials settled nearer the Sun while lighter materials are found in the outer part.,B,Why are the inner planets made *ph denser materials +[-]4|\| the outer planets?
What do meteorites reveal about the solar system?,They reveal that the early solar system consisted mostly of hydrogen and helium gas.,They reveal that meteorites are much older than the comets and planets.,They reveal that the age of the solar system is approximately 4.6 billion years.,They reveal that the solar system once contained 10 planets.,C,What do meteorites reveal @|30(_)7 the solar system?
Venus shows evidence of which of the following surface processes?,Impacts,Erosion,Volcanism,A B and C,D,|/&|\|(_)5 shows evidence of which of the following surface processes?
Planetary rings are,known to exist for all of the jovian planets.,composed of a large number of individual particles that orbit their planet in accord with Kepler's third law.,nearer to their planet than any of the planet's large moons.,all of the above,D,|D1ä|V&†/\®j rings are
Suppose the angular separation of two stars is smaller than the angular resolution of your eyes. How will the stars appear to your eyes?,You will not be able to see these two stars at all.,You will see two distinct stars.,The two stars will look like a single point of light.,The two stars will appear to be touching looking rather like a small dumbbell.,C,Suppose the angular separation of two $+@12$ is smaller than the angular resolution of your eyes. How will the $†/\®§ appear †* your 3`/ë§?
What is not true of Jupiter's magnetic field?,it is about 20000 times stronger than Earth's magnetic field,"it traps charged particles from Io's volcanoes in a ""plasma torus"" around the planet",it causes spectacular auroral displays at Jupiter's north and south poles,it switches polarity every 11 years,D,What is ^/07 true of Jupiter's magnetic field?
What does the astronomical term ecliptic describe?,The path of the Sun in the sky throughout a year.,The axial tilt of the Earth throughout a year.,The movement of the stars due to Earth’s rotation.,The central line through the axis of rotation.,A,What does the astronomical †&12^^ ecliptic describe?
The so-called dark energy is a model to explain ...,the radiation of black holes.,the mass distribution of galaxies.,the acceleration of the universe.,the microwave background of the universe.,C,The so-called dark €^/&|Z&`/ is a model to explain ...
How do scientists know that the majority of meteorites come from the asteroid belt?,Bubbles of gas trapped in the crystals within meteorites are identical to the gases trapped in asteroids.,The spectra of some meteorites are similar to the spectra of asteroids in the asteroid belt.,Collisions are common in the asteroid belt and we can track the fragments from their source asteroid to the Earth where they become meteorites.,The asteroid belt is the only possible source of meteorites therefore they must originate there.,B,How do scientists know that †#& majority ö|= meteorites come from +}{3 asteroid belt?
"Jupiter and the other jovian planets are sometimes called ""gas giants."" In what sense is this term misleading?",The materials they are made of are not normally gaseous in everyday experience.,They actually contain a significant fraction of non-gaseous matter.,The materials that make up these planets are primarily in the form of a plasma not a gas.,Actually it's a great description because these worlds are big and gaseous throughout.,B,"Jupiter and the other _/()\/|ª|\| planets are sometimes called ""gas giants."" In what sense is this term ^^!§|_ëä|)î/\/&?"
Which of the following is not one of nor follows directly from Kepler's laws?,As a planet moves around its orbit it sweeps out equal areas in equal times.,The orbit of each planet about the Sun is an ellipse with the Sun at one focus.,The force of attraction between any two objects decreases with the square of the distance between their centers.,A planet travels faster when it is nearer to the Sun and slower when it is farther from the Sun.,C,vv#|<# of the following !5 not one of nor follows directly from Kepler's laws?
The name of the black hole in the center of our Milky Way is ...,Altair A*,Alsephina A*,Fomalhaut A*,Sagittarius A*,D,The name of the black }{ö£€ in the center of our Milky Way !§ ...
Why is Saturn almost as big as Jupiter despite its smaller mass?,Jupiter's greater mass compresses it more thus increasing its density.,Saturn has a larger proportion of hydrogen and helium than Jupiter and is therefore less dense.,Jupiter's strong magnetic field constrains its size.,Saturn is further from the Sun thus cooler and therefore less compact.,A,Why is Saturn ª|_^^*$+ ä$ big 4$ Jupiter despite its smaller mass?
Which of these has NOT been one of the main hypotheses considered for the origin of the Moon?,The Moon split from the Earth due to tidal forces.,The Moon was captured into Earth orbit.,The Earth and Moon co-accreted in the solar nebula.,Earth was rotating so rapidly that the Moon split from it.,A,\/\/}{1[[-] ()ph these has NOT been one öƒ the main hypotheses considered for the origin ()ƒ the Moon?
We were first able to accurately measure the diameter of Pluto from:,a New Horizons flyby in the 1990s,Hubble Space Telescope images that resolved Pluto's disk,brightness measurements made during mutual eclipses of Pluto and Charon,radar observations made by the Arecibo telescope,C,We were phî125+ able to accurately measure the diameter of Pluto ph|Z()^^:
According to the Solar Nebular theory what are asteroids and comets?,They are the shattered remains of collisions between planets.,They are chunks of rock or ice that condensed long after the planets and moons had formed.,They are chunks of rock or ice that were expelled from planets by volcanoes.,They are leftover planetesimals that never accreted into planets.,D,ª[(ö|Z[)î|V6 to the Solar Nebular theory what are @5†3|20îcl$ and comets?
How do we know how old the Earth is?,From the layering of materials within the Earth.,From fossils of ancient life.,From the cratering history of Earth’s surface.,From radioactive dating of rocks and meteorites.,D,How do we ]<^/*uu how old the Earth is?
Life on Earth originated from,We don't know for sure.,aliens (panspermia).,comets.,the Earth's oceans.,A,Life on Earth originated ph®ö^^
By locating the north celestial pole (NCP) in the sky how can you determine your latitude?,The azimuth of the NCP is the angular distance from the North Pole.,The azimuth of the NCP is the same as your latitude.,The altitude of the NCP is the same as your latitude.,The altitude of the NCP is your angular distance from the North Pole.,C,By locating the north celestial |D*1€ (NCP) in the 5]<j how can you determine your latitude?
How does the greenhouse effect work?,Ozone transmits visible light allowing it to heat the surface but then absorbs most of the infrared heat trapping the heat near the surface.,Greenhouse gases transmit visible light allowing it to heat the surface but then absorb infrared light from Earth trapping the heat near the surface.,Greenhouse gases absorb infrared light from the Sun which then heats the atmosphere and the surface.,Greenhouse gases absorb X-rays and ultraviolet light from the Sun which then heat the atmosphere and the surface.,B,How |)()ë5 the greenhouse effect work?
Why is Saturn almost as big as Jupiter despite its smaller mass?,Jupiter's greater mass compresses it more thus increasing its density.,Saturn has a larger proportion of hydrogen and helium than Jupiter and is therefore less dense.,Saturn is further from the Sun thus cooler and therefore less compact.,Saturn's rings make the planet look bigger.,A,Why is Saturn almost as big as Jupiter despite |†$ 5/\/\ª||€|Z mass?
Calculate the ratio of the solar radiation flux on Mercury's surface for perihelion (0.304 AU) versus aphelion (0.456 AU).,4:1,1:2,6:5,9:4,D,¢ä|_<(_)|ä+€ the ratio of the solar radiation flux on /V\ë|Z((_)12`/'5 surface for perihelion (0.304 AU) versus aphelion (0.456 AU).
The terrestrial planet cores contain mostly metal because,the entire planets are made mostly of metal.,radioactivity created metals in the core from the decay of uranium.,metals condensed first in the solar nebula and the rocks then accreted around them.,metals differentiated to the center during a time when the interiors were molten throughout.,D,The 7ë12|235†12|@1 planet cores contain mostly metal because
Which of the following countries has sent landers to Venus?,The U.S.S.R.,The U.S.,France,A and B,A,Which of 7}{ë following countries has sent landers to Venus?
Which of the following is/are NOT caused by orbital resonance?,2:3 periodic ratio of Neptune:Pluto,Kirkwood Gaps.,Gaps in Saturn's rings.,Breaking of small Jovian moons to form ring materials.,D,Which of the following is/are NOT [/\µ§&cl by orbital resonance?
Why is it thought that the climate on Mars changed when the planet lost its strong magnetic field?,without a strong magnetic field the ozone layer was destroyed by the solar wind which stopped the greenhouse effect and cooled Mars down.,without a strong magnetic field which enhances the greenhouse effect Mars cooled down.,without a strong magnetic field the solar wind stripped away most of the atmosphere significantly reducing the greenhouse effect and cooling Mars down,without a strong magnetic field the planet recieves fewer charged particles from the solar wind and therefore is not heated as much,C,Why is it thought that the climate on Mars changed \/\/}{ë|V the planet 1ö$† its strong magnetic field?
Which of the following moons is NOT one of the Galilean moons?,Ganymede,Callisto,Europa,Dione,D,Which of the following ^^()ö|\|5 is NOT one of the Galilean /V\()0/\/§?
Planet X orbits its sun once every 100 Earth days and rotates in the prograde direction around its axis with a sidereal day of 100 Earth days. How long is a solar day on Planet X?,About 10 earth days,About 100 earth days,About 200 earth days,There is no solar day Planet X is tidally locked,D,Planet X orbits its sun 0|\|(€ every 100 &/\12†[-] days and |2ö†4†€§ in the prograde direction around its axis with a sidereal day of 100 Ëª®+}{ days. How long is a solar day on Planet ><?
When traveling north from the United States into Canada you’ll see the North Star (Polaris) getting _________.,Brighter,Dimmer,Higher in the sky,Lower in the sky,C,When traveling north from †}{€ United States into Canada j*µ’11 see +#ë North Star (Polaris) getting _________.
When will the next major impact occur on Earth?,Hundreds of millennia in the future.,Major impacts can no longer occur since the period of heavy bombardment is over.,Hundreds of millennia after the last major impact.,Could be any time. The probability of impact is the same next year as it is for any later year.,D,\/\/|-|&^/ will the next major impact occur on Earth?
What about asteroids makes them stand out in sky surveys searching for them?,Asteroids emit pulsed radiation,Asteroids emit a lot of their own radiation,They reflect enough of the sun's light to make them brighter than most background stars,Asteroids have substantial motion relative to the background stars,D,What ª8()|_|† asteroids makes them stand out in sky §|_|®|/ë`/§ searching for them?
Why did the solar nebula heat up as it collapsed?,Collisions among planetesimals generated friction and heat.,Radiation from other nearby stars that had formed earlier heated the nebula.,The shock wave from a nearby supernova heated the gas.,As the cloud shrank its gravitational potential energy was converted to kinetic energy and then into thermal energy.,D,Why did the solar nebula heat up as ][+ collapsed?
You observe the visible spectrum of a star viewed through a cloud of cool hydrogen gas.,You see only the star’s blackbody spectrum.,You see the star’s blackbody spectrum with absorption lines due to hydrogen.,You see only emission lines characteristic of hydrogen.,You see only emission lines characteristic of the star’s composition.,B,You observe the visible spectrum of a star viewed 7[-]®*|_|6[-] a cloud of cool }{`/[)|Z0&€/\/ gas.
Which of the following most likely explains why Venus does not have a strong magnetic field?,Its rotation is too slow.,It has too thick an atmosphere.,It is too large.,It does not have a metallic core.,A,Which of the following most likely &)(|*|_@î|V§ why Venus does not [-]/\\|€ a strong magnetic field?
Which of the following characteristics would not necessarily suggest that a rock we found is a meteorite.,It has a fusion crust,It contains solidified spherical droplets,It is highly processed,It has different elemental composition than earth,C,Which of 7|-|€ following characteristics would not necessarily suggest that a rock uu3 found is a meteorite.
Which is not a similarity between Saturn and Jupiter's atmospheres?,a composition dominated by hydrogen and helium,the presence of belts zones and storms,an equatorial wind speed of more than 900 miles per hour,"significant ""shear"" between bands of circulation at different latitudes",C,Which is not a similarity between Saturn /\^/[) Jupiter's atmospheres?
Jupiter's orbital distance is roughly 5 AU. How many times brighter would the Sun have to be for Europa to receive the same solar flux that we currently receive on Earth (1380W/m2)?,100 times brighter,25 times brighter,2 times brighter,50 times brighter,B,Jupiter's orbital distance is 120|_|6[-]£`/ 5 /\µ. [-]ö\/\/ many times brighter would 7[-]& Sun have to be for Europa to receive +[-]ë same solar flux that we currently receive on Earth (1380vv/^^2)?
The Pleiades is an open star cluster that plays a role in many ancient stories and is well-known for containing ... bright stars.,5,7,9,12,B,The Pleiades is an open star cluster that plays a role in /\/\4|V¥ ancient stories and is uu3£|-|<|V0uu|V for ¢ö|V†41/\/î^/9 ... bright stars.
The nebular theory of the formation of the solar system successfully predicts all but one of the following. Which one does the theory not predict?,Planets orbit around the Sun in nearly circular orbits in a flattened disk.,the equal number of terrestrial and jovian planets,the craters on the Moon,asteroids Kuiper-belt comets and the Oort cloud,B,The nebular theory ö|= 7[-]ë formation *|= +}{€ solar system successfully predicts all but *|\|€ *|= †|-|€ following. Which */\/ë does †|-|ë theory not predict?
A sand bag has a mass of 5kg and weight 50N on Earth. What is the mass and weight of this sand bag on a planet with half the gravity compared to Earth?,Mass 5kg weight 100N,Mass 5kg weight 50N,Mass 5kg weight 25N,Mass 10kg weight 100N,C,A sand |34& has 4 mass of 5kg and \/\/ë][&}{7 50N on Earth. What is the mass and uu€|&#+ of this sand |3ª6 on /\ planet with half the gravity compared +0 Earth?
Where is the crater from the impact that is believed to be responsible for the mass extinction of dinosaurs 65 million years ago?,Tunguska Siberia.,Chicxulub Crater Yucatan Peninsula in Mexico.,Quebec Canada.,Meteor Crater in Arizona.,B,Where is the crater from the impact that is believed to be responsible |=*12 the mass extinction *|= dinosaurs 65 million years ago?
In addition to the conditions required for any solar eclipse what must also be true in order for you to observe a total solar eclipse?,The Earth must lie completely within the Moon's penumbra.,The Moon's penumbra must touch the area where you are located.,The Earth must be near aphelion in its orbit of the Sun.,The Moon's umbra must touch the area where you are located.,D,In addition to the conditions required |=012 any 5*1@|2 eclipse what must ä|§* be true in order ph*® you to observe a total §ö1@|2 eclipse?
What effect or effects would be most significant if the Moon's orbital plane were exactly the same as the ecliptic plane?,Solar eclipses would be much rarer.,Solar eclipses would last much longer.,Solar eclipses would be much more frequent.,Solar eclipses would not last as long.,C,What &ph|=3(+ or effects would be most significant if 7}{€ Moon's orbital plane were €}{ä(7£`/ +|-|& same as +}{& ecliptic plane?
What type of radiation causes a black hole to evaporate over time?,Schwarzschild radiation,Planck radiation,Kolmogorov radiation,Hawking radiation,D,uu#@+ type 0ph radiation causes a black hole to evaporate over time?
Approximately how far away is the Andromeda Galaxy?,1.7 million light years,2.1 million light years,2.5 million light years,3.2 million light years,C,Approximately }{0\^/ far away is the Andromeda Galaxy?
Which living organisms most resemble the common ancestor of all life according to genetic testing?,viruses,bacteria such as E. coli,organisms living deep in the oceans around seafloor volcanic vents and in hot springs,plankton that use sunlight as an energy source through photosynthesis,C,Which living organisms most resemble †}{€ common ancestor of ª|£ life according to genetic testing?
How did Eratosthenes estimate the size of the Earth in 240 B.C.?,By measuring the maximum altitude of the Sun in two cities at different latitudes at the same time on the same day.,By measuring the size of Earth's shadow on the Moon during a lunar eclipse.,By finding a place on Earth where the Sun passes directly overhead.,By sending fleets of ships around the Earth.,A,How did Eratosthenes estimate +[-]3 size of †}{3 Earth in 240 B.C.?
Our current best observations show that Pluto has,one medium sized satellite and two small satellites.,no satellites.,one large satellite and three small satellites.,one large satellite.,A,Our current best observations show that Pluto }{@§
Pluto's extremely cold (~40 K) surface is composed of:,mainly water ice which always remains frozen,nitrogen methane and carbon monoxide ices which sublimate into an atmosphere near perihelion,nitrogen methane and carbon monoxide ices which always remain frozen,roughly half ices and half rocky materials,B,Pluto's extremely cold (~40 K) surface is (*|\/||D*53|) of:
A Mars year is approximately how many Earth years long?,1/2,1,2,4,C,A Mars year is approximately how many Earth years £0|V6?
What is the correct numerical value and unit of the Boltzmann constant?,1.38 × 10−21 m^3 · kg · s^−2 · K^−1,1.38 × 10−22 m^2 · kg · s^−3 · K^−1,1.38 × 10−23 m^2 · kg · s^−2 · K^−1,1.38 × 10−24 m^2 · kg · s^−2 · K^−2,C,What is the [01212&[7 numerical \//\1µë and unit of the Boltzmann constant?
Which statement about an atom is not true:,The nucleus contains most of the atom’s mass but almost none of its volume.,A neutral atom always has equal numbers of electrons and protons.,A neutral atom always has equal numbers of neutrons and protons.,The electrons can only orbit at particular energy levels.,C,Which statement about an @†()|\/| is not true:
Earth has been gradually warming over the past few decades. Based on a great deal of evidence scientists conclude that this warming is caused by ________.,human activities that are increasing the concentration of greenhouse gases in Earth's atmosphere,the fact that our politicians spout a lot of hot air,the human release of chemicals called CFCs into the stratosphere,the increase in forest fires during recent years,A,Earth has been gradually warming over the past few decades. Based on a 9®&ä† [)ë@£ of evidence scientists conclude that this warming is caused |3¥ ________.
How do scientists know that the majority of meteorites come from the asteroid belt?,The spectra of some meteorites are similar to the spectra of asteroids in the asteroid belt.,The asteroid belt is the only possible source of meteorites therefore they must originate there.,Collisions are common in the asteroid belt and we can track the fragments from their source asteroid to the Earth where they become meteorites.,High levels of Iridum have been detected in both asteroids and meteorites therefore meteorites come from the asteroid belt.,A,How do scientists know +[-]@7 the |\/|/\_/()|2][+j of meteorites come from the asteroid belt?
Which factor s most important in determining the history of volanism and tectonism on a planet?,size of the planet,presence of an atmosphere,distance from the sun,rotation period,A,Which factor s most important in determining the history ö|= volanism and tectonism on 4 planet?
The astronomical unit parsec (pc) plays a crucial role in astronomy. One parsec is equal to about 3.26 light-years. How is one parsec defined in astronomy?,Distance at which one astronomical unit measures one arcsecond from Earth.,Orbital distance of the solar system around the center of the Milky Way in one year.,Effective distance of the solar wind (i.e. the radius of the heliosphere).,Historical distance to the brightest star Sirius.,A,The astronomical unit |*ä12§3< (pc) plays ª crucial role in astronomy. One |o/\|Z§3( ][5 equal to about 3.26 light-years. How |5 one |*4|2$3[ defined in astronomy?
The term Schwarzschild radius usually describes properties of ...,red dwarfs.,pulsars.,black holes.,galaxies.,C,The term §[|-|\^/41225(|-|11cl radius usually describes properties of ...
As the life of a star progresses heavy elements are produced. The elements form layers around the star in this order (starting from the outer layer):,H → He → Li → N → O → Si → Fe,H → He → C → O → Ne → Si → Fe,H → He → Li → O → Ne → Si → Fe,H → He → C → N → O → Si → Fe,B,As the life of a star progresses heavy elements are produced. The elements form |_äj3®§ around the star in +|-|î§ *12[)€|Z (starting from the outer layer):
If you lived on Venus what phases of the Earth would you see? (Assume your telescope can see through Venus’s thick clouds…),New first quarter full third quarter,Waning crescent New Waxing crescent,Waxing gibbous Full Waning gibbous,New only,C,If j0|_| lived on Venus vv[-]/\† phases of the Earth would ¥0|_| see? (Assume your telescope can see through \/ë|V(_)$’§ thick clouds…)
Moons cause/contribute to which of the following?,stability of particles within rings.,gravitational effects at ring edges as the moons pass by.,gaps between rings.,Moons contribute to all of the above.,D,^^00/\/5 cause/contribute to which of the following?
Mars has an atmospheric pressure of 600 pascals. If the acceleration due to gravity on Mars is (roughly) 4 m/s2 and the surface area of Mars is about 145000000 square km what is the approximate mass of the martian atmosphere?,2.2x1011 kg,2.2x1014kg,2.2x1020kg,2.2x1016 kg,D,Mars has an @+/V\*$|D#&®![ pressure of 600 pascals. If the acceleration due to gravity on Mars |5 (roughly) 4 m/s2 4/\/|) the surface area of Mars ][5 about 145000000 5O_µä®& km what |$ the approximate mass of the martian /\7|\/|()§|*}{&123?
Why is the Mars Exploration Rover Spirit currently tilted towards the north?,Because it’s climbing up a big hill.,Because it’s in the southern hemisphere where it is winter now.,Because it’s in the northern hemisphere where it is winter now.,Because one of its wheels broke.,B,Why !§ the Mars Exploration Rover Spirit <(_)|Z®€|V†1`/ tilted towards the north?
Mars has an atmosphere that is almost entirely carbon dioxide.Why isn't there a strong greenhouse effect keeping the planet warm?,the atmosphere on Mars is too thin to trap a significant amount of heat,There actually is a strong greenhouse effect and Mars would be 35oC colder than it is now without it.,Mars does not have enough internal heat to drive the greenhouse effect,the greenhouse effect requires an ozone layer which Mars does not have,A,Mars has an /\7^^0$|o#ë|Z3 that is almost entirely carbon dioxide.Why isn't there a strong greenhouse effect keeping the planet \^/ª®/V\?
Which of the following was not cited as evidence for life in the martian meteorite ALH84001?,Complex organic molecules specifically PAHs,Magnetite grains similar to those formed by bacteria on Earth,Carbonate minerals indicating a thicker warmer Martian atmosphere,"Amino acids with a preferred orientation or ""chirality""",D,Which of †[-]& ph0£|övv][^/6 was not cited as evidence for life in †[-]& martian meteorite ALH84001?
Kirkwood gaps are observed in the main asteroid belt including at the position(s) where:,asteroids would orbit with a period half that of Jupiter,asteroids would orbit with a period twice that of Jupiter,asteroids would orbit with a period twice that of Mars,A and B,A,Kirkwood gaps are observed in the main asteroid ßë|7 including at the |oö51†|()^/($) where:
The belts and zones of Jupiter are,names for the layers of gaseous and metallic hydrogen deep within the planet.,alternating bands of rising and falling air at different latitudes.,alternating regions of charged particles in Jupiter's magnetic field.,regions of the plasma torus created by ions from Io's volcanoes,B,The belts and zones *ƒ Jupiter are
The two moons of Mars are called ...,Tritos and Desmos,Tritos and Deimos,Phobos and Tritos,Phobos and Deimos,D,†|-|3 two moons of Mars are called ...
The visible part of the electromagnetic spectrum is between ...,240 to 680 nm.,360 to 620 nm.,380 to 740 nm.,420 to 810 nm.,C,The visible part of the electromagnetic spectrum is between ...
What is true about the rotation of a solid disk?,The velocity is the same on every point on the disk,The part closer to the axis has a longer period,The period of rotation is the same on every point on the disk,The part closer to the axis has a shorter period,C,What is †|2µ€ about the rotation of a solid disk?
The constellation ... is a bright W-shaped constellation in the northern sky.,Centaurus,Cygnus,Cassiopeia,Cepheus,C,+|-|3 constellation ... is a bright W-shaped constellation in the |V()|Z7[-]&|Z|V sky.
The so-called “bigfoot” on Mars was actually a rock that was about 5 cm tall. It had an angular size of about 0.5 degrees (~30 pixels). How far away was this rock from the rover?,About 6 meters,About 6 feet,About 10 meters,About 10 feet,A,The so-called “bigfoot” on /\/\ª|2$ was actually @ ®ö[|( †}{/\+ was about 5 cm tall. It had an ä^/&(_)1/\® size of about 0.5 degrees (~30 pixels). How far away was this ®ö(|( from the rover?
Which is not an essential requirement for life as we know it?,The ability to breathe oxygen,The ability to make energy from sunlight or to eat things that do,A source of organic molecules,A and B,D,Which is not ä|\| essential requirement for |][|=3 as we know it?
Suppose you live on the Moon. How long is a day (i.e. from sunrise to sunrise)?,about 18 years,24 hours,29 Earth days,a year,C,Suppose you live on the Moon. #()uu long is a day (i.e. from sunrise to $(_)|\|®1$3)?
The famous Drake equation attempts to answer the following question:,Will the Sun become a black hole?,Is the universe infinitely large?,How old is the visible universe?,Are we alone in the universe?,D,The famous Drake equation attempts to answer the following 0_(_)&$†][()|\|:
20000 years from now ...,The Moon will be closer to the Earth and the Earth’s day will be longer.,The Moon will be closer to the Earth and the Earth’s day will be shorter.,The Moon will be further from the Earth and the Earth’s day will be longer.,The Moon will be further from the Earth and the Earth’s day will be shorter.,C,20000 `/3/\12§ from now ...
What element is most common among the Jovian Planets?,Hydrogen,Helium,Carbon,Oxygen,A,What 3|&/\/\&|V+ is most common among the Jovian Planets?
Imagine that the Earth was instantly moved to an orbit three times further away from the Sun. How much longer would a year be?,exactly 3 times longer,about 5.2 times longer,Not enough information. It will depend on the inclination of the new orbit,The length of the year wouldn't change because the Earth's mass stays the same.,B,1^^ª&!/\/€ that +#3 Earth was instantly |\/|*\|3cl to an orbit three times further away from +}{€ Sun. How much longer would a year be?
What would weigh the most on the moon?,A kilogram of feathers,Five pounds of bricks as measured on Earth,Five kilograms of feathers,A kilogram of bricks,C,What would weigh the most *|V the moon?
Why can't we see the Sun's corona except during total solar eclipses?,The corona is made up mostly of charged particles which aren't luminous.,It's much too cool to emit visible light,We can't see magnetic fields,It's too diffuse,D,\^/}{j can't we see the Sun's corona except during 7ö7ª£ solar eclipses?
"How do we think the ""hot Jupiters"" around other stars were formed?",They where formed when their stars flung material out into the system in a process similar to planetary fission.,They formed as gas giants beyond the frost line and then migrated inwards.,They formed as dense rocky planets close to the star in the same orbits that they are seen today.,They formed as gas giants close to the star in the same orbits that they are seen today.,B,"How do vv€ think the ""}{0+ Jupiters"" around other stars were formed?"
The resolution of a telescope is a measure of its:,Ability to magnify distant objects,Ability to measure the angular separation of objects,Ability to measure the distance between objects,Light-collecting efficiency,B,The resolution of a telescope is a measure of ][+5:
The axis of the Earth is tilted at an angle of approximately ... relative to the orbital plane around the Sun.,20.3 degrees,21.4 degrees,22.7 degrees,23.5 degrees,D,The axis of the Earth is tilted at 4|\| angle of approximately ... relative to the 0|28][74|_ plane 4|Z()µ|V|> the Sun.
Why do we see essentially the same face of the Moon at all times?,because the Moon has a nearly circular orbit around the Earth,because the Moon does not rotate,because the other face points toward us only at new moon when we can't see the Moon,because the Moon's rotational and orbital periods are equal,D,Why do \/\/& see essentially the same face of the /\/\()()/\/ at all times?
The second cosmic velocity (or escape velocity) is the speed required by an object to escape the gravitational field of a celestial body with mass M and radius R. Which formula correctly calculates this velocity? (G: gravitational constant),v = sqrt(GM/R),v = 2sqrt(GM/R),v = sqrt(2GM/R),v = sqrt(GM/2R),C,+#ë second cosmic velocity (or escape velocity) is the speed ®&9|_|î®3[) by an object to escape the &|2ä\|174†!()^/41 |=1ë|cl of a celestial body with /\/\ª5$ M and radius R. Which formula correctly calculates this velocity? (G: 912/\\/1†ä71()|\|ä|_ constant)
Why are there no impact craters on the surface of Io?,Io did have impact craters but they have all been buried in lava flows.,It is too small to have been hit during the Late Heavy Bombardment,Jupiter's strong gravity attracted the planetesimals more strongly than Io and thus none landed on its surface.,Any craters that existed have been eroded through the strong winds on Io's surface.,A,Why are there no impact craters ö|V the surface *ph Io?
The star Betelgeuse is one of the brightest stars in the night sky with remarkable red color. In which constellation is Betelgeuse located?,Cassiopeia,Cygnus,Ursa Major,Orion,D,The star Betelgeuse is one of †}{3 brightest stars in †#€ night sky \^/î†# remarkable red color. In which [0/\/$+&1|_@+1ö/\/ is Betelgeuse located?
What is the source of the material that causes meteor showers?,Asteroid impacts elsewhere in the solar system throw sand-sized particles into space and occasionally the Earth passes through a cloud of these particles which burn up in our atmosphere and cause a meteor shower.,Near-Earth asteroids gradually disintegrate and spread out along their orbital paths. When the Earth passes through the orbit of an asteroid we are bombarded by sand-sized particles that cause a meteor shower.,Near-Earth asteroids disintegrate as they enter Earth's atmosphere creating hundreds of bright meteors that appear to radiate from a single location in the sky.,The nuclei of comets gradually disintegrate and spread out along their orbital paths. When the Earth passes through the orbit of an comet we are bombarded by sand-sized particles that cause a meteor shower.,D,What is the $*|_||Z¢3 of the material that causes /V\3+&*® showers?
How does the greenhouse effect work?,Greenhouse gases absorb infrared light from the Sun which then heats the atmosphere and the surface.,Ozone transmits visible light allowing it to heat the surface but then absorbs most of the infrared heat trapping the heat near the surface.,Greenhouse gases transmit visible light allowing it to heat the surface but then absorb infrared light from Earth trapping the heat near the surface.,The higher pressure of the thick atmosphere at lower altitudes traps heat in more effectively.,C,How does the greenhouse effect \^/*12|<?
Which of the following methods has led to the most discoveries of massive planets orbiting near their parent stars?,detecting the gravitational effect of an orbiting planet by looking for the Doppler shifts in the star's spectrum,detecting the shift of the star's position against the sky due to the planet's gravitational pull,detecting a planet ejected from a binary star system,detecting the starlight reflected off the planet,A,Which of †}{€ following methods has 13cl to 7#& most discoveries of massive planets orbiting near their parent stars?
The distance between the Earth and the star Altair is one million times greater than the distance between the Earth and the Sun. How far is Altair from the Earth?,9.3 x 1013 meters,9.3 x 1010 meters,1.5 x 1014 meters,1.5 x 1017 meters,D,The cl|57/\/\/¢& between +}{ë Earth and †[-]€ star Altair is one million times greater than +[-]€ |>|57/\/\/¢ë between +#& Earth and +}{& $(_)|V. How far is Altair from 7#3 Earth?
Why did Ptolemy have the planets orbiting Earth on ‘circles upon circles’ in his model of the universe?,To explain why more distant planets take longer to make a circuit through the constellations of the zodiac.,To explain the fact that planets sometimes appear to move westward rather than eastward relative to the stars in our sky.,To explain why the Greeks were unable to detect stellar paralax.,To properly account for the varying distances of the planets from Earth.,B,Why did Ptolemy have the planets ()|Z|3!†1^/9 Ë/\|2†[-] on ‘circles upon circles’ in his model of the universe?
Sunspots are black regions that temporarily appear on the Sun. Their number highly increases every ... years. This period is also called the solar cycle.,9,11,13,15,B,Sunspots are 814[|{ regions †#4+ temporarily appear on the $(_)|\|. Their number highly increases every ... years. This period is also called the solar cycle.
Which planet(s) in the solar system has/have active plate tectonics?,Mars,Venus,Earth,Mars and Earth,C,Which planet(s) in the solar system has/have active |o|_ª+& tectonics?
The sky is blue because,the Sun mainly emits blue light.,the atmosphere absorbs mostly blue light.,molecules scatter red light more effectively than blue light.,molecules scatter blue light more effectively than red light.,D,The sky is blue 83¢@(_)5ë
What are the conditions necessary for a terrestrial planet to have a strong magnetic field?,fast rotation only,a rocky mantle only,a molten metallic core only,both a molten metallic core and reasonably fast rotation,D,What are +[-]& ¢0/\/cl|+1*^/5 necessary for a terrestrial planet to have a strong magnetic field?
Where are the Trojan asteroids located?,in the center of the asteroid belt,on orbits that cross Earth's orbit,surrounding Jupiter,along Jupiter's orbit 60° ahead of and behind Jupiter,D,vv}{3|Zë are the Trojan asteroids located?
Which of the following lists the ingredients of the solar nebula from highest to lowest percentage of mass in the nebula?,hydrogen compounds (H2O CH4 NH3) light gases (H He) metals rocks,hydrogen compounds (H2O CH4 NH3) light gases (H He) rocks metals,light gases (H He) hydrogen compounds (H2O CH4 NH3) metals rocks,light gases (H He) hydrogen compounds (H2O CH4 NH3) rocks metals,D,Which 0ƒ the following lists the !/\/9123[)î3|\|75 ö|= the solar nebula from highest to lowest percentage ()ƒ /\/\455 in the nebula?
When was the telescope invented by Galileo?,1409,1509,1609,1709,C,When was the telescope ||\||/ë|V†€|> by Galileo?
Mars has an atmosphere that is almost entirely carbon dioxide.Why isn't there a strong greenhouse effect keeping the planet warm?,Mars does not have enough internal heat to drive the greenhouse effect,Mars is too far from the sun for the greenhouse effect to work,the greenhouse effect requires an ozone layer which Mars does not have,the atmosphere on Mars is too thin to trap a significant amount of heat,D,Mars has an atmosphere +#@† is almost entirely carbon dioxide.Why isn't there a strong greenhouse effect keeping the planet \/\/ª|Z/V\?
You've made a scientific theory that there is a force between all objects. This forcce has both a dark and light side. When will your theory be proven correct?,When you and many other Jedi have tested the hypothesis,Jean-Luc Skywalker drops Yoda during the day and he falls to the ground proving your theory.,"You can never prove your theory to be correct only ""yet to be proven wrong.""",After you've repeated your experiment many times,C,You've made a scientific theory that there is a force between all objects. This |=()®(<€ has both a dark and £!&|-|7 side. When \^/][1| your theory be proven correct?
Why do Uranus and Neptune have blue methane clouds but Jupiter and Saturn do not?,Methane does not condense into ice in the warmer atmospheric temperatures of Jupiter and Saturn.,Methane did not exist in the solar nebula at the radii of Jupiter and Saturn when the planets formed.,The relatively slow rotation of Uranus and Neptune allows methane to migrate to higher levels in the atmosphere and condense into clouds.,Methane reacts with the abundant ammonia clouds in Jupiter and Saturn and is removed from the atmosphere.,A,Why |>0 Uranus and Neptune have blue methane clouds but _|µ|*17ë12 and Saturn cl0 not?
All of the following have been cited as evidence for the Giant Impact Hypothesis except:,The relative size of the Moon to the size of Earth is large compared to most planets and their moon.,Most rocks on the Moon’s surface are older than those on the Earth’s surface.,The Moon has a much smaller iron core than the Earth even considering its size.,The Moon was once entirely molten.,B,All of the following have been cited ª§ evidence for the Giant Impact Hypothesis €}{(&|º†:
Why do scientists think Mars was once warmer and wetter?,Mars shows evidence of significant volcanism which implies that the climate was once warmer and therefore wetter,early observations showed what appeared to be changing vegetation patterns and canals indicating the presence of water,there are many geologic features on Mars that are difficult to explain unless liquid water was once stable at the surface,all planets tend to begin with warm wet climates and gradually become cold and dry with smaller planets cooling faster than larger planets,C,Why do scientists think Mars \/\/4$ once warmer and wetter?
How do astronomers think Jupiter generates its internal heat?,nuclear fusion in the core,by contracting changing gravitational potential energy into thermal energy,internal friction due to its high rotation rate,chemical processes,B,How do astronomers think Jupiter 6ë|V&®/\+3§ its internal heat?
Which one of these constellations is not located along the Milky Way in the sky?,Perseus,Cygnus,Scorpius,Leo,D,Which one of these constellations ][$ not located along the /\/\][||(¥ Way in the sky?
From shortest to longest wavelength which of the following correctly orders the different categories of electromagnetic radiation?,infrared visible light ultraviolet X rays gamma rays radio,radio infrared visible light ultraviolet X rays gamma rays,gamma rays X rays visible light ultraviolet infrared radio,gamma rays X rays ultraviolet visible light infrared radio,D,From shortest to longest wavelength which *ph the following ¢()|Z|2€(†|_`/ orders the different categories öph electromagnetic radiation?
Approximately how long does it take Pluto to orbit the Sun once?,150 years,200 years,250 years,300 years,C,Approximately how long |)*€5 it take Pluto to orbit the Sun */\/¢3?
Mars might be a place for future human explorations. However humans can not breathe on the surface of Mars because the atmosphere consists mostly of ...,Nitrogen,Argon,Methane,CO2,D,Mars might be a place for future human explorations. However }{|_|^^/\/\/$ can not breathe on +#& surface of Mars because †[-]3 atmosphere (0/\/5|$†5 mostly of ...
Which of the jovian planets have rings?,Neptune,Uranus,Saturn,all of the above,D,Which of the jovian planets have |Zî|\|&§?
Besides large astronomical objects astrophysicists are also interested in small particles from space. Which one of these particles has the weakest interactions with other particles?,µ Muons,Antiparticles,ν Neutrinos,π Pions,C,Besides large astronomical objects astrophysicists are also 1|\|7ë12€5†&[) in small particles from space. Which one of †}{€§3 particles has the weakest interactions with ö†|-|&12 particles?
Approximately how old is the surface of Venus?,750 million years.,2 billion years.,3 billion years.,4.5 billion years.,A,Approximately [-]()uu old is the surface of Venus?
"Why do jovian planets bulge around the equator that is have a ""squashed"" appearance?",Their large systems of moons and rings gravitationally attract the mass around the equator more.,They are much more massive than the terrestrial planets.,Their rapid rotation flings the mass near the equator outward.,Their internal heat sources exert a pressure against the sides of the planets.,C,"Why [)* jovian planets bulge around 7}{ë equator that is have a ""squashed"" appearance?"
How do astronomers think Jupiter generates its internal heat?,through exothermic chemical reactions converting chemical potential energy into thermal energy,nuclear fusion,by contracting changing gravitational potential energy into thermal energy,internal friction due to its rapid rotation rate and differential rotation,C,How |)0 astronomers think Jupiter generates its internal heat?
What defines the habitable zone around a star?,the region around a star where liquid water can potentially exist on planetary surfaces,the region around a star where humans can survive,the region around a star where the ultraviolet radiation does not destroy organisms on a planetary surface,the region around a star where life exists,A,What defines the habitable zone around a $†@12?
Why are Cepheid stars relevant for astronomers?,To measure interstellar mass.,To measure galactic distances.,To measure galactic energy-density.,To measure interstellar density.,B,Why are Cepheid stars relevant for @$7|2()^/0^^&|Z§?
What is the so-called bolometric luminosity in astronomy?,The luminosity integrated over vertically polarized wavelengths.,The luminosity integrated over horizontally wavelengths.,The luminosity integrated over visible wavelengths.,The luminosity integrated over all wavelengths.,D,What is the so-called bolometric |_|_|/V\î|Vö§î7`/ in astronomy?
Radio telescopes are crucial for astronomical observations. Which one of these well-known radio telescopes has the largest parabolic antenna?,Green Bank Telescope,Arecibo Telescope,Yevpatoria RT-70 Telescope,Effelsberg Telescope,B,Radio 7ë£ë5[()|º&§ are crucial for astronomical observations. vv#!(# one of these well-known radio +€13§<*|D3§ has the largest parabolic antenna?
Find the best approximation for the surface temperature of the Sun:,6000 K,7000 K,9000 K,13000 K,A,Find †}{& best approximation |=()12 7[-]3 surface temperature of +|-|3 Sun:
Previous IAAC rounds featured Proxima/Alpha Centauri as closes star(system) to the Earth. Which one is the second closest star(system)?,Wolf 359,Sirius,61 Cygni,Barnard’s Star,D,Previous IAAC rounds featured Proxima/Alpha Centauri as closes star(system) to the Earth. Which ()^/€ is the 5&[ö^/[) closest star(system)?
How are planetary rings made?,From the dismantling of small moons by impacts,From fragments of planets ejected by impacts,From dust grains that escape from passing comets,From accretion within the solar nebula at the same time the planets formed,A,How are planetary rings |\/|4|>ë?
The lunar maria are:,ancient heavily cratered highlands,dark lavas inside volcanic calderas,dark lavas filling older impact basins,the bright regions on the Moon,C,†[-]ë lunar maria are:
One astronomical unit (AU) is equal to approximately ...,130 million km,150 million km,170 million km,190 million km,B,"One astronomical unit (AU) is 3(,)|_|ª|_ to approximately ..."
