Question,Option A,Option B,Option C,Option D,Answer,Question_Leet
What size of cannula would you use in a patient who needed a rapid blood transfusion (as of 2020 medical knowledge)?,18 gauge.,20 gauge.,22 gauge.,24 gauge.,A,What size of cannula would you use ][/\/ a patient \/\/#ö needed a rapid blood +®4|V5phµ5î0|\| (as of 2020 medical knowledge)?
The key attribute in successful marathon running is:,strength.,power.,stride length.,stamina.,D,The key attribute in successful |\/|ª|Zä+#*|V running is:
Which of the following is the commonest cause of dementia in the UK?,Alzheimer's disease.,Cerebrovascular (stroke) disease.,Lewy body dementia.,HIV infection.,A,Which 0ƒ the following is the commonest cause *|= dementia ][/\/ the UK?
Which of the following is NOT a symptom of anaphylaxis?,Stridor.,Bradycardia.,Severe wheeze.,Rash.,B,Which öƒ the following is NOT a symptom *ƒ anaphylaxis?
In what situation are closed pouches applied?,The patient has a semi-formed or liquid output.,The patient has a colostomy.,In the immediate post-operative period.,The patient has a urostomy.,B,In what situation are closed |o0|_|<}{€§ applied?
With an increasing number of sprints the:,anaerobic contribution progressively increases.,pH of the muscle falls below 6.0.,blood glucose concentration falls below 3 mmol/L.,relative contribution of aerobic metabolism increases.,D,With an ][^/(®€/\$!/\/& number of sprints the:
Which of the following is true in diplopia?,Diplopia can never occur if one eye is covered,The outer image is always the false image,A fourth nerve palsy occurs when the patient looks upwards,A sixth nerve palsy causes a divergent squint,B,Which 0ph the following is true in diplopia?
Sodium bicarbonate ingestion improves middle distance running performance by:,elevating the pH and buffering capacity of the extracellular fluid allowing a faster efflux of hydrogen ions from muscle.,reducing the pH and buffering capacity of the extracellular fluid allowing a faster efflux of hydrogen ions from muscle.,elevating the pH and buffering capacity of the extracellular fluid allowing a faster influx of hydrogen ions into muscle.,elevating the pre-exercise muscle pH.,A,Sodium bicarbonate ingestion improves middle cl][5†ä^/<€ running performance by:
Codons are composed of:,triplet sequences of nucleotide bases in mRNA or DNA .,quadruplet sequences of nucleotide bases in mRNA or DNA.,triplet sequences of amino acids in polypeptide chains.,triplet sequences of deoxyribose sugars in DNA.,A,(ö[)ö/\/$ are composed of:
Fatty acids are transported into the mitochondria bound to:,thiokinase.,coenzyme A (CoA).,acetyl-CoA.,carnitine.,D,Fatty acids are transported into the mitochondria 80|_|/\/[) to:
Which of the answers below best indicates the compatible blood types that can be given to a person with a blood group B (rhesus negative)?,"Blood type AB (rhesus negative), blood type B, and blood type O (rhesus negative).",Blood type B (rhesus positive) and blood type O (rhesus positive).,Blood type B (rhesus negative) and blood type O (rhesus negative).,Blood type B (rhesus negative) only.,C,Which *|= the answers 13ë|0\/\/ best indicates the compatible blood types that can 8€ given to a person with a blood group B (rhesus negative)?
Which of the following is true of a lower motor neurone lesion in the arm?,It leads to increased tone in the arm (hypertonia),Fasciculations are never seen,The reflexes are brisk,An ulna nerve palsy is an example of a lower motor neurone lesion,D,Which of †[-]3 following is true of a lower motor neurone |€5î0|V in †[-]ë arm?
Which of the following statements is false?,Ammonia is produced in repeated high intensity exercise.,Muscle lactate accumulation does not begin until at least 5 seconds of intermittent muscle contractions have taken place.,Muscle phosphocreatine depletion begins in the first few seconds of high intensity exercise.,With an increasing number of repeated sprints the rate of accumulation of lactate in muscle declines.,B,Which of the following statements |5 false?
Glycogen breakdown in muscle initially results in the formation of:,glucose.,glucose-1-phosphate.,glucose-6-phosphate.,"glucose-1,6-diphosphate.",B,Glycogen breakdown in muscle initially results in +|-|€ formation of:
The two principal contractile proteins found in skeletal muscle are:,actin and troponin.,actin and myosin.,troponin and tropomyosin.,myosin and tropomyosin.,B,The two principal contractile proteins found in skeletal |\/||_|§(£& are:
Which one of the following represents a IIIrd cranial nerve palsy and is a neurosurgical emergency?,Unilateral constricted pupil.,Bilateral constricted pupils.,Unilateral fixed dilated pupil.,Oval shaped pupils.,C,Which one of the following represents a IIIrd cranial /\/€®|/& palsy and is a /\/3|_||20§µ®6|[/\| emergency?
Which of the following is true about a thyroid swelling?,It always elevates on swallowing,Lymph node enlargement is a good prognostic sign,An ultrasound of the swelling is the best test to determine whether the nodule is actively secreting hormone,A functioning nodule on isotope scanning is unlikely to be due to cancer,D,Which of the following is true about a +|-|`/120||) swelling?
Which of the following is true of hepatomegaly?,Emphysema is a cause,The liver enlarges downwards from the left hypochondrium,"The presence of jaundice, spider naevi and purpura suggest alcohol as a cause",The liver is usually resonant to percussion,C,Which of +#ë following is true of hepatomegaly?
Which of the following is true regarding reflexes?,A positive babinski reflex is the same as a normal flexor response in the assessment of the plantar reflex,An extensor plantar response indicates a lower motor neurone lesion,The root value of the ankle reflex is S1,"The root value of the knee reflex is L1, L2",C,Which of the ph0£|ö\^/1|V6 is true regarding reflexes?
Which of the following is true of facial nerve palsy?,Bells palsy is another term for an upper motor neurone lesion,Ramsay Hunt Syndrome is an upper motor neurone lesion secondary to a Herpes Zoster infection,An inability to close the eyelid on the paralysed side indicates a lower motor neurone lesion,In Bell's Palsy the sense of taste is never affected,C,Which of the following is 712(_)€ of facial nerve palsy?
What is a colles fracture?,Hand fracture.,Elbow fracture.,Finger fracture.,Fracture of the radius and ulna at the wrist.,D,\^/[-]ä+ is a colles fracture?
"If a transfusion reaction is suspected, you should:","turn off the transfusion, inform medical staff immediately, and follow transfusion policy advice on dealing with acute transfusion reactions.",leave the transfusion running and contact the medical staff immediately.,disconnect and dispose of the blood bag immediately.,leave the transfusion running and record a set of observations on the patient.,A,"Îph a transfusion reaction is suspected, you should:"
"Once a prescribed unit of blood product has been obtained from the blood bank and is out of refrigeration, the transfusion should commence within what period of time before it starts to deteriorate (as of 2020 medical knowledge)?",30 minutes.,90 minutes.,4 hours.,12 hours.,A,"Once a prescribed unit of blood product has |3ë€|V obtained from the blood bank and is out of refrigeration, the transfusion should commence within what |D€12][0[) of time before it 5+/\|275 +() |>3+ë®|ö|2/\†€ (as of 2020 medical knowledge)?"
Which of the following statements is true about informal carers (as of 2020)?,50% of over 65s are providing informal care.,One in six over 65s is providing some form of informal care.,Informal carers should not be included in discharge planning.,The majority of informal carers are fit and active.,B,Which of +}{& following statements is +12|_|& about informal carers (as of 2020)?
Which of the following processes is not used to modify protein structure after translation has occurred?,Lipidation.,Attachment of more amino acids via peptide bonds.,Glycosylation.,Phosphorylation.,B,\/\/#![# of the following processes is not |_|$€cl to modify protein structure after translation has occurred?
Why would you need to carry out a bladder washout for a patient at home?,When their urine is clear.,When the catheter is blocked.,When the catheter is bypassing.,When the catheter is dirty.,B,\^/[-]j would you need to carry out @ bladder washout for ª patient at home?
A 14-16 gauge needle is most likely to be used for:,children.,elderly patients.,inserting in the back of the hand.,trauma or burns patients.,D,A 14-16 gauge needle is most likely to be µ§ëcl ph*®:
Which of these features suggest that a crackling sound is more likely due to a pleural friction rub than crackles?,More prominent in expiration,Alters with coughing,No pain over the area,Clubbing,A,Which *ph these features suggest that a crackling sound is more likely due to a pleural friction rub than (|Zä<|<13$?
In games like soccer the blood lactate concentration:,rarely increases above 3 mM.,is usually lower at the end of the game than at the end of the first half.,is usually higher at the end of the game than at the end of the first half.,increases throughout the course of the game as the players become more fatigued.,B,In games £1|(3 soccer the blood lactate concentration:
Lactate and hydrogen ions leave the muscle:,via a cotransport mechanism with carnosine.,via an active transport mechanism.,via a protein transporter molecule.,by simple diffusion.,C,Lactate and #`/cl|Z*6€|V ions leave the muscle:
Which of the following is true of the spine?,Back pain is an uncommon complaint,Schober's test is designed to quantify the flexion of the lumbar spine,Ankylosing spondylitis is a cause of hypermobility of the spine,Pregnancy is a cause of loss of lordosis of the lumbar spine,B,Which of the following 1§ true of the spine?
Which of the following is true of psoriatic arthropathy?,The absence of plaques of psoriasis excludes the diagnosis,The diagnosis can be confirmed by a blood marker,Tophi can sometimes be seen over affected joints,Nail pitting may give a clue to the diagnosis,D,Which of the following is +®µ& of psoriatic arthropathy?
Which of the following is true of Graves Disease of the thyroid?,It is a cause of ophthalmoplegia,It causes a large multi-nodular goitre,It is commoner in males than females,"In the past, Grave's disease sometimes caused 'Derbyshire Neck'",A,Which of +[-]ë following is true of 6|2ä|/€5 Disease of +|-|3 thyroid?
Which of the following is true of calcium metabolism?,Calcitonin causes a rise in plasma calcium,Primary hyperparathyroidism is usually asymptomatic,Vitamin D is secreted by the parathyroid glands,Oliguria is a symptom of hypercalcaemia,B,Which *ƒ the following is true ()ƒ calcium metabolism?
Kinase reactions:,inhibit ATP breakdown.,involve the addition or removal of a phosphate group.,involve the addition or removal of a ketone group.,involve the addition or removal of an amino acid to a polypeptide chain.,B,Kinase |Z&ª[†î0^/§:
The normal respiratory rate for an adult male is:,10-12 breaths per minute.,8-10 breaths per minute.,20-22 breaths per minute.,14-16 breaths per minute.,D,The normal respiratory rate for an adult male ][5:
Collagen fibres:,are re-established in the first five days of wound healing.,provide a bridge across the surface of a wound.,take some time to re-establish.,are not needed if a wound is healing by primary intention.,C,<0££@&ë^/ fibres:
Which of the following releases most energy when completely oxidised in the body?,One gram of glucose,One gram of palmitic acid,One gram of leucine,One gram of alcohol,B,Which of 7}{ë following |Z31&ª$35 most energy when completely oxidised in +[-]ë body?
Embedded in the inner membrane of the mitochondrion are:,the enzymes of the tricarboxylic acid cycle (Krebs' cycle).,the components of the electron transport chain.,glycogen molecules.,triacylglycerol molecules.,B,Embedded !|\| the inner membrane of the mitochondrion are:
"If the mean rate of oxygen consumption of a male athlete during a training session is 2 l/min, then his rate of energy expenditure is approximately:",400 kJ/min.,200 kJ/min.,80 kJ/min.,40 kJ/min.,D,"If the mean rate of oxygen consumption of a male athlete during a training session 15 2 £/^^][^/, then his rate of energy expenditure 15 approximately:"
A normal heart rate for an adult at rest is:,60-80 bpm.,60-100 bpm.,60-90 bpm.,60-110 bpm.,B,A normal heart rate ƒö|Z an adult at rest is:
Which of the following statements is false?,Phosphofructokinase is the rate limiting enzyme in glycolysis.,Phosphorylase activity is higher in Type II fibres than in Type I fibres.,Endurance training increases the amount of TCA cycle enzymes in muscle.,Oxygen is consumed in the TCA cycle.,D,Which of the following statements !5 false?
Which of the following is true in ulna nerve palsy?,The ulna nerve can be affected by a fracture of the spiral groove of the humerus,It gives rise to a positive phalen's sign,It leads to loss of sensation over the medial half of the hand and medial one and a half digits on both palmar and dorsal aspects of the hand,It supplies the biceps muscles,C,Which of the following is true in (_)1/\/4 nerve palsy?
How much toothpaste is recommended for cleaning teeth?,A smear.,A pea-sized amount.,The length of the toothbrush.,Half an inch.,B,How much toothpaste is ®€<0|\/|/\/\3/\/cl&|) for cleaning teeth?
Which of the following is true about Cushing's Syndrome?,It is due to a deficiency of cortisol hormone,Enlarged extremities are commonly seen,Osteoporosis is not a feature,A moon face and a buffalo hump are characteristic of the disease,D,Which of the following is true ä|3*|_|+ Cushing's Syndrome?
The main factors determining success in sport are:,a high energy diet and large appetite.,high intelligence and motivation to succeed.,a good coach and the motivation to succeed.,innate ability and the capacity to respond to the training stimulus.,D,The main factors determining success in sport 412€:
"In a double stranded molecule of DNA, the ratio of purines : pyrimidines is:",variable.,determined by the base sequence in RNA.,genetically determined.,always 1:1.,D,"Î/\/ a double stranded molecule of DNA, the ratio of purines : pyrimidines ][$:"
Performance enhancing synthetic steroids are based on the structure of the hormone:,testosterone.,cortisol.,progesterone.,aldosterone.,A,Performance enhancing §`/|\|†#ë7|( steroids are based ()/\/ the structure of the hormone:
Glycogen breakdown in exercising muscle is activated by:,insulin.,cortisol.,increased pH.,none of the above.,D,Glycogen breakdown !|\| exercising muscle is activated by:
Most of the free fatty acids are transported in the blood:,inside the red blood cells.,as lipoproteins.,combined with glucose.,bound to albumin.,D,Most of the free fatty /\[îcl$ are transported !|V the blood:
How often should a cannula be flushed?,Every 4 hours.,Every 8 hours.,Every 12 hours.,Every 16 hours.,C,How often §#()(_)£|> a cannula be flushed?
The activity of creatine kinase is:,increased when intracellular ADP rises.,increased when muscle pH falls below 6.9.,always lower in Type II fibres than Type I fibres.,increased after a period of endurance training.,A,The ä[†][|/1+`/ of creatine kinase is:
The smallest increments on a mercury and aneroid sphygmomanometer measure are:,10 mmHg.,4 mmHg.,2 mmHg.,1 mmHg.,C,The 5/\/\4|_|ë57 increments on a mercury and aneroid 5|*|-|`/6^^()|\/|ä^/0/V\ë+€® measure are:
Which of the following is not an abnormal breathing pattern seen in head injury and altered conscious level?,Cheyne-Stokes respiration.,Anaerobic respiration.,Hyperventilation.,Ataxic breathing.,B,Which of the following is not 4^/ abnormal breathing pattern $&&|\| in head injury and altered conscious level?
During CPR chest compressions and ventilations should be delivered in a ratio of:,2:25,15:02,1:05,30:02:00,D,During CPR chest compressions and |/€|V+î|_4+îö^/$ should be delivered in a ratio öph:
A person weighs 62 kg. Their drug dose is 15 mg/kg. How many grams is their dose? Choose one answer from the following:,930,93,9.3,0.93,D,A person weighs 62 kg. Their drug dose is 15 |\/|6/|{6. How many 6®4/V\§ is their dose? Choose one answer ph®*^^ the following:
An expected side effect of creatine supplementation is:,muscle weakness.,gain in body mass.,muscle cramps.,loss of electrolytes.,B,An expected side effect of creatine 5(_)|º|o£€/V\ë|\|7ª+][()|\| is:
The cardiac cycle consists of the phases:,"systole, diastole, and rest.","contraction, relaxation, and rest.",diastole and systole.,"diastole, systole, and contraction.",C,The cardiac cycle ¢()^/5][5+$ of the phases:
Which of the following factors does not influence success in sport?,Ability to tolerate heavy training without succumbing to illness or injury.,Tactics.,The diet.,Ingestion of carnitine during exercise.,D,Which of the following factors does not influence $(_)(<ë$$ î|\| sport?
The chain of survival has four links. Put the following list in the correct order: 1. Early defibrillation; 2. Early CPR; 3. Recognition and call for help early; 4. Post-resuscitation care.,"3, 1, 2, 4.","3, 2, 1, 4.","1, 2, 3, 4.","2, 1, 3, 4.",B,The chain of §µ®\/!\/4£ has four links. Put the following |_][5† in the correct order: 1. Early defibrillation; 2. Early CPR; 3. |Z3<0&|V1†|()/\/ and call |=()® help early; 4. Post-resuscitation care.
A fundamental cause of fatigue in high intensity exercise is:,a fall in the cell concentration of ADP.,inhibition of ATP production.,failure of the ATP supply to match the demand.,lack of skill.,C,A fundamental cause of fatigue in high î^/73|V5][†¥ exercise is:
Which of the following is true about possible rectal findings?,The finding of a palpable median groove in the prostate is an adverse finding,Impacted faeces can sometimes be mistaken for a rectal tumour,A thrombosed haemorrhoid is painless,Peri-anal warts can only be demonstrated on proctoscopy,B,Which of †|-|3 following is true about possible rectal findings?
What commonly causes skin excoriation?,A well-fitting pouch.,Changing the pouch every day.,Leakage of effluent onto peristomal skin.,The use of unscented soap to cleanse the skin.,C,What commonly [4(_)$35 skin excoriation?
Which of the following is true of Systemic Sclerosis?,It affects males more than females,If telangiectasia are seen this clinches the diagnosis,Arachnodactyly is a feature of the disease,Patients have a beaked shaped nose and waxy skin,D,\^/#î[}{ of the following is true of Systemic Sclerosis?
A palpable left parasternal impulse suggests which abnormality?,Right ventricular hypertrophy,Aortic stenosis,Aortic regurgitation,Left ventricular hypertrophy,A,A palpable |_3|=† parasternal impulse suggests which abnormality?
"In hypovolaemic shock, what percentage of blood can be lost before it is reflected in changes in heart rate and blood pressure?",5%,10%,20%,30%,D,"!|V hypovolaemic shock, what percentage of blood can be lost before it 15 reflected in (}{/\/\/&ë$ in heart rate and blood pressure?"
Which of the following best describes the effects of morphine?,Reduces pain intensity and increases alertness.,Reduces pain intensity but also causes sedation.,Reduces pain intensity but also causes diarrhoea.,Reduces pain intensity but also causes insomnia.,B,Which of 7}{€ following best describes †}{3 effects of morphine?
Which of the following is true of headache?,When associated with neck stiffness is always due to meningitis,Severe pain usually indicates a life threatening cause,Temporal arteritis is strongly associated with rheumatoid arthritis,Tension headaches is a common cause of headache,D,Which *ph the following is true 0ph headache?
Between contractions of the left ventricle the blood continues to flow through the vessels because:,the atria are contracting.,the vessels are contracted.,the right ventricle is relaxed.,the arteries have elastic recoil.,D,Between contractions of +|-|€ left ventricle +|-|ë blood continues †ö flow through +#€ vessels because:
What might make the nurse think a patient could not use an inhaler?,Severe leg ulcers.,Previous recovery from an acute exacerbation of asthma.,Forthcoming surgery.,"Poor technique, physical impairment, or lack of understanding.",D,What might make the nurse think a patient could |\|07 use ª/\/ inhaler?
Removal of adhesive strips:,can be carried out by the patient.,should be undertaken under aseptic conditions.,is a specialist skill.,should not be undertaken until at least seven days after application.,A,Removal of /\|>}{€§î\|& strips:
"During CPR, chest compressions should be delivered at a rate of:",80/minute.,as fast as possible.,100/minute.,varies with each patient.,C,"During ¢|º®, chest compressions §[-]()(_)£|) be delivered at a rate of:"
Which of the following physiological characteristics is not important for success in endurance events such as the marathon race?,The ability to regulate body temperature.,The ability to supply oxygen to the exercising muscles.,The availability of body stores of carbohydrate.,Muscle ATP and phosphocreatine content.,D,Which of the ph01£()\^/!/\/& physiological characteristics 1$ not important for success in endurance events such as the marathon race?
"When using an inhaler, when should a patient be asked to rinse their mouth?",Before using their bronchodilator inhaler.,After using their bronchodilator inhaler.,Before using their steroid inhaler.,After using their steroid inhaler.,D,"When using an 1|\|}{/\£ë|2, when should a patient be /\$|<3|) to rinse their mouth?"
Muscle lactate production increases when:,oxygen is readily available.,pyruvate cannot be formed from glucose breakdown.,the pH of the muscle falls.,glycolysis is activated at the onset of exercise.,D,Muscle lactate production !|V(®€@§&5 when:
What is the minimum time a stretch should be held for?,0-10 seconds.,10-30 seconds.,30-50 seconds.,60 seconds.,B,\/\/[-]@7 is the minimum time a stretch should be held ƒö|Z?
What three factors regulate stroke volume?,"Blood volume, preload, and afterload.","Preload, contractility, and afterload.","Contractility, blood volume, and blood pressure.","Cardiac output, contractility, and blood volume.",B,What three factors regulate stroke |/0£µ/V\€?
Name the bones of the middle finger in the correct order from the hand.,"Proximal phalynx, middle phalynx, distal phalynx.","Distal phalynx, middle phalynx, proximal phalynx.","Middle phalynx, distal phalynx, proximal phalynx.","Distal phalynx, proximal phalynx, middle phalynx.",A,Name 7}{3 bones of +|-|ë middle finger in 7}{& correct order ph®0/\/\ 7[-]3 hand.
Which of the following promotes glucose and amino acid uptake by muscle?,Adrenaline,Insulin,Glycogen,Cortisol,B,Which of the following |D®0/V\*†&$ glucose and amino ä¢î|) uptake by muscle?
An ileostomy opening should be:,flush with the skin.,3-5cm in length.,below skin level.,over 5cm in length.,B,@|V ileostomy opening should be:
Which of the following would not be done before catheterizing?,Gain patient consent.,Patient to be washed.,Expiry dates to be checked.,Ring patient's next of kin.,D,Which of the following would not be |)0/\/& before catheterizing?
Hydrogen ions are formed when:,glycogen becomes depleted.,phosphocreatine breakdown occurs.,pyruvate is converted to lactate.,glycolysis is being used as a major means of resynthesising ATP.,D,Hydrogen ][*|V§ are formed when:
Which one of the following manoeuvres is not a central painful stimulus?,Supra-orbital ridge pressure.,Pressure on the little finger pulp.,Trapezius squeeze.,Sternal rub.,B,Which one of the following ^^ä/\/ö€(_)\||Zë$ is not @ central painful stimulus?
"Dopamine is prescribed at a rate of 4 micrograms/kg/min. For a 65 kg person, how many milligrams will they receive in an hour?",156,15.6,1.56,15600,B,"Dopamine î$ |º|Zë$[12|ßëcl at a rate of 4 ^^][<12()912ª^^5/|(9//V\î^/. For a 65 kg person, how many milligrams will they receive in an hour?"
Which of the following is true about the rectal examination?,If the patient refuses a chaperone the doctor can overrule them,The rectal examination is of no value in a neurological examination,The optimum position of the patient is on their right side with their knees extended,The rectal examination is indicated for the assessment of some gastrointestinal disorders,D,\^/|-||¢[-] of the following is true about the rectal examination?
Why can't a patient talk if the cuff is inflated?,They are unable to breathe in sufficiently.,They are unable to swallow properly.,It is too tiring.,They are unable to pass air through their vocal cords.,D,uu|-|`/ can't a patient talk if the cuff is inflated?
Wound drainage should be assessed for volume and consistency:,each time post-operative observations are undertaken.,daily.,every hour.,only when the wound dressing is changed.,A,Wound drainage should |3& assessed for volume and consistency:
Creatine is synthesized from:,amino acids in the muscles.,amino acids in the liver.,amino acids in the kidneys.,creatinine in the kidneys.,B,Creatine î$ synthesized from:
"If a catheter resists all attempts to unblock it and you are unable to remove it, what should you do?",Try harder to remove it.,Try harder to unblock it.,Leave it until next time.,Call for assistance from a medical practitioner.,D,"Î|= a catheter resists all attempts to unblock |7 and you are unable to remove it, what should you do?"
Bladder washout solution should be:,warm.,cold.,refrigerated.,room temperature.,D,Bladder washout solution should ß&:
"When developing a plan of care relating to the management of a person's pain, attention should be given to the following needs:",physical and pharmacological needs only.,physical and psychological needs only.,"physical, psychological, and pharmacological needs followed by regular reassessment.","none of the above, as the main priority is to limit drug side effects.",C,"When developing @ plan of care relating to 7|-|ë management of 4 person's pain, attention should be given to †}{3 following /\/ë&|)§:"
Patients with the apolipoprotein E gene are at risk of which disease?,Cystic fibrosis.,Huntington's dementia.,Alzheimer's disease.,Depression.,C,Patients uuî+[-] the apolipoprotein E gene are at |Z!5|< of which disease?
Which of the following groups of drugs may cause a dry mouth?,Steroids.,Analgesics.,Antidepressants.,Antifungal agents.,C,Which of +#& following groups of drugs |\/|@`/ cause a dry mouth?
Which of the following is not a true statement?,Muscle glycogen is broken down enzymatically to glucose-1-phosphate,Elite endurance runners have a high proportion of Type I fibres in their leg muscles,Liver glycogen is important in the maintenance of the blood glucose concentration,Insulin promotes glucose uptake by all tissues in the body,D,Which of the following is not a true $7ä7€|\/|3|\|7?
"If a patient is cyanosed, what might their oxygen saturation level be?",98% or above.,94% or above.,80% or below.,85% or above.,C,"If a patient is cyanosed, what might 7#3][® ö><j6ë^/ saturation level be?"
When assessing a patient's breathing:,always remove dentures.,look for chest movements and use a mirror to check for exhaled air.,"look for chest movements, listen for breath sounds, and feel for exhaled air on your cheek.",assess for 30 seconds.,C,When assessing ä patient's breathing:
A person is prescribed Ropinirole 1.5 mg divided into three doses. How many micrograms is each dose? Choose one answer from the following:,5,50,0.5,500,D,A person is prescribed Ropinirole 1.5 /V\9 divided into three doses. How many |\/|!(|Z()612@^^§ is €/\<|-| dose? Choose one answer from the following:
Which of the following is thought to be implicated in the development of peripheral muscle fatigue during multiple sprint activities?,An accumulation of inorganic phosphate.,Development of hyperosmolality in the muscles.,An excess of antioxidants.,A lack of potassium.,A,Which öph +[-]ë following is thought to be implicated in 7[-]3 development ()ph peripheral muscle fatigue during multiple sprint activities?
The ATP store in muscle can only supply energy in high intensity exercise for about:,2 milliseconds.,2 seconds.,10 seconds.,20 seconds.,B,The ATP store in muscle (ä|V only supply energy in high intensity €}{ë|Z(!$& for about:
960 mg of the antibacterial drug Cotrimoxazole is prescribed every 12 hours. What is the daily dose in grams? Choose one answer from the following:,0.192,1.92,1920,0.96,B,960 mg of the antibacterial drug Cotrimoxazole î§ prescribed every 12 hours. What !§ the [)4!£¥ dose in grams? Choose 0/\/€ answer from the following:
Which of the following is true of hypothyroidism?,Weight loss,Pre-tibial myxoedema,A raised TSH level,An aversion to warm places,C,Which ö|= the following is true *ƒ hypothyroidism?
What is hypochlorhydria?,Increased amount of gastric acid.,Gastric ulceration.,Reduced amount of gastric acid.,Pernicious anaemia.,C,uu[-]ä+ is hypochlorhydria?
"A 67-year-old man, three hours post-transurethral resection of prostate with irrigation, has a blocked catheter. Which solution should be used to complete bladder washout?",Solution R.,Normal saline.,Solution G.,Any of the above.,B,"A 67-¥ëª12-ö£[) man, three [-]0µ®$ post-transurethral resection of |*®0§†4†ë with irrigation, has a blocked catheter. Which solution should be used to complete bladder washout?"
A keloid is:,evidence of infection.,a firm mass of scar tissue.,"a fine, hairline scar.",formed if a wound drain is removed too soon.,B,A |<€|()![) is:
Which of the following is not an amino acid?,Glutamic acid,Aspartic acid,Glutamine,Palmitic acid,D,Which of the ph01£()\^/!|V& is not an amino acid?
Wound drainage is described as serous if:,it contains red blood cells.,it is thick and yellow or green.,it contains microorganisms.,it is clear or slightly yellow.,D,uu()|_||\|[) drainage is described as serous if:
The sex of a child is dictated by the inheritance of:,the number of X chromosomes from the mother.,a recessive allele on the X chromosome.,a single Y chromosome from the mother.,a single Y chromosome from the father.,D,The sex of a ([-]|1|> ][$ dictated by the inheritance of:
Which of the following is true in spastic paraplegia?,Multiple Sclerosis can cause this neurological pattern,Proprioceptive loss is a common feature,Coordination in the legs is affected,The tone is normal or flaccid,A,Which of the following is 7®µë in spastic paraplegia?
"The synthesis of glucose from lactate, glycerol, or amino acids is called:",glycogenolysis.,glycolysis.,lipolysis.,gluconeogenesis.,D,"The synthesis of 6|(_)(ö§€ from lactate, glycerol, or ª/\/\î|V0 acids is called:"
"If a blood unit has been out of refrigeration for longer than the accepted time limit, you should:",transfuse it as soon as possible and annotate the patient's notes with the time of administration.,"dispose of the contents in the sluice area, keeping the bag for record purposes.",return it to the blood bank and inform them of why you have done so.,refrigerate for a minimum of 12 hours and then administer it.,C,"If a blood unit |-|@5 been out *|= refrigeration for longer than the accepted time limit, you should:"
The auscultatory gap is:,when you can no longer hear the Korotkoff sounds because the bladder is equal with the diastolic pressure.,when the Korotkoff sounds can be heard between systolic and diastolic phases.,when the Korotkoff sounds disappear then return during phase 2 as the bladder is deflated.,When the Korotkoff sounds do not disappear when the cuff is fully deflated.,C,The auscultatory gap 15:
How many different types of microorganisms may colonize the mouth?,35,100,350,500,C,How many different types öƒ microorganisms may colonize the mouth?
Why should shampoo not be used for washing the skin when showering or bathing?,It is more slippery than soap or emollients.,It will not produce sufficient lather.,It is not cost-effective.,It can cause dryness of the skin.,D,Why should shampoo not |3€ used for washing the skin when showering ö|2 bathing?
Which of the following is the same strength as Adrenaline 1 in 1000? Choose one answer from the following:,1 mg/mL,1 mg/L,1 g/mL,100 micrograms/mL,A,Which of the ph*££*uu1|\|6 is the §@/\/\& strength as Adrenaline 1 in 1000? Choose one answer from the following:
An allele that is masked is referred to as:,recessive.,redundant.,repressed.,reclusive.,A,An allele that is masked is referred to ä5:
Hypernatraemic dehydration is:,water intake is less than is needed to maintain balance.,water intake is more than is needed to maintain balance.,blood volume is lost due to trauma or burns.,blood volume is lost due to surgery.,A,|-|j|o&®^/ª†®ä&^^1< dehydration is:
Which of the following is not associated with an increase in the work of breathing?,Rise in respiratory rate.,Noisy breathing.,Increase in the use of accessory muscles.,A respiratory rate of 16 breaths per minute.,D,Which of the following is not ª$$()[!ä+€|> with an increase !/\/ the work of breathing?
Which of the following can act as an intracellular buffer to limit pH changes when the rate of glycolysis is high?,Glutamine,Glucose,Carnosine,Amylase,C,Which of +|-|& following can act as ª/\/ intracellular buffer to limit pH ¢}{4|V9&§ when †|-|ë rate of glycolysis is high?
Which of the following is true about Addisons Disease?,It is due to a deficiency of prolactin hormone,Leads to generalized pigmentation,It is a recognized cause of hypertension,Diabetes is a complication,B,Which of the following is true about /\|)cl|$()|V§ Disease?
Which of the following are indicative signs and symptoms of circulatory overload?,"Hypothermia, hypotension, and bradycardia.","Hypotension, oliguria, and uticaria.","Shivering, pyrexia, and thirst.","Dyspnoea, tachycardia, and distended neck veins.",D,Which of +|-|3 following are indicative signs and symptoms of circulatory ö\|€|2£0ª|)?
What is the most likely cause of acute urinary retention of urine?,Haematuria.,Bladder outflow obstruction.,Drinking alcohol.,Kidney stones.,B,What is the most |_||{ë|j ¢ªµ§ë of acute urinary retention of urine?
Which of the following tools is the first choice for cleaning the mouth?,"Small, soft toothbrush.",Gloved finger wrapped in gauze.,Forceps wrapped in gauze.,Foam stick.,A,\/\/#1<[-] of †}{& following tools is +[-]ë first choice for cleaning +#€ mouth?
Which of the following drugs may be used to enhance gastric motility?,Adrenaline.,Ditropan.,Erythromycin.,Carbemazepine.,C,Which of †#3 following drugs may be used to enhance gastric |\/|()†][11+j?
The creatine kinase reaction is:,irreversible.,slow compared with glycolysis.,not activated until all the ATP has been used up.,inhibited by low pH in the muscle.,D,†[-]3 creatine kinase reaction is:
Where should a stoma be sited?,The rectus sheath abdominus.,Next to the umbilicus.,Within an abdominal crease.,In close proximity to the incision site.,A,Where should @ stoma be sited?
Women's world record performances have improved rapidly in recent years mainly because:,women have evolved a greater muscle mass.,women can now run faster than men.,women have started training at an earlier age.,more women are now engaged in sport.,D,\^/*/V\ë|\|'§ world record performances have improved rapidly in recent ¥3@®$ mainly because:
Our genetic material is made up of:,deoxyribonucleic acid.,ribonucleic acid.,dinitronucleic acid.,protein.,A,Our genetic material î§ made up of:
Insensible loss does not come from:,pyrexia.,using unhumidified oxygen.,excessive weight loss.,diarrhoea.,C,!/\/$&|\|5][ß£3 loss does not come from:
"Exhaustion, confusion, and unresponsiveness can be indicators of:",respiratory failure.,being generally unwell.,renal failure.,cardiac failure.,A,"Exhaustion, confusion, and unresponsiveness can be ][|\|[)|<ä+*12§ of:"
"Pairs of electrons carried in the form, FADH2 and NADH+H, collectively contain enough free energy to rephosphorylate:",6 ATP.,5 ATP.,4 ATP.,3 ATP.,B,"|º@î®$ of electrons carried in the form, FADH2 and NADH+H, collectively contain enough free energy to |Zë|º}{05|o[-]ö12`/|/\+&:"
A muscle fibre relaxes when:,the nerve stimulus is removed.,the nerve stimulus is too forceful.,the actin binding sites are uncovered.,the actin binding sites are saturated.,A,A /V\(_)5[£€ fibre relaxes when:
Which of the following best describes the Golgi tendon organ?,Proprioceptive motor receptor found within main muscle body.,Proprioceptive sensory receptor found at the junction between muscle and tendon.,Proprioceptive sensory receptor found within main muscle body.,Proprioceptive motor receptor found at the junction between muscle and tendon.,B,Which of the following best describes the Golgi 73^/[)()|V organ?
The pulse can be palpated:,every time the atria contracts.,when a vein is close to the surface of the skin.,every time the left ventricle contracts.,when an artery is close to the surface of the skin.,D,The |o|_||_$€ can be palpated:
The pyruvate dehydrogenase complex:,is located in the sarcoplasm.,catalyses the conversion of pyruvate to acetyl CoA.,catalyses the conversion of pyruvate to lactate.,catalyses the conversion of lactate to pyruvate.,B,+#ë pyruvate dehydrogenase complex:
Which of the following is true about the knee joint?,The knee is a ball and socket joint,A baker's cyst can sometimes be found anterior to the knee,The patellar tap is used to demonstrate an effusion,'knock knee' deformity is due to bilateral genu varum,C,Which of the following is †12µ& about the knee joint?
Who is the publication Your guide to the NHS written for?,GPs.,Patient lobby groups.,The general public.,Patients admitted to hospital.,C,\/\/}{() is the publication Your guide to the |V|-|5 written for?
Which of the following is true about the assessment of arm reflexes?,"The root value of the biceps reflex is C5, C6",If no reflex is elicited when you tap a tendon it is documented as absent,The triceps tendon is struck in the antecubital fossa,Brisk finger jerks confirm a lower motor neurone lesion,A,Which 0|= the phö||_*vvî/\/9 is true about the assessment 0|= arm reflexes?
Which of these is most likely to cause deviation of the trachea?,A left basal pneumonia,A small right pleural effusion,Previous tuberculosis of the right upper lobe,Idiopathic fibrosing alveolitis,C,Which 0ƒ these is most likely to [4(_)§ë deviation 0|= the trachea?
What is the risk if water is used for bladder washout in secondary care?,Fluid may bypass when the washout is carried out.,Bladder washout may be unsuccessful.,Using water may cause electrolyte imbalance.,The medical staff may be unhappy.,C,What ][§ †}{€ risk if water 15 used for bladder washout in secondary care?
What is the 'normal' range of flexion at the knee joint?,0-115 degrees.,0-135 degrees.,0-155 degrees.,0-175 degrees.,B,What is +|-|€ 'normal' ®@|V93 of flexion at †|-|€ knee joint?
Which of the following is not a controlled drug?,A 30 milligram ampoule of Codeine Phosphate for injection.,A sustained release Morphine tablet.,A 12.5 microgram Fentanyl patch.,A 500 ml bottle of Morphine 10 mg in 5 ml in oral suspension.,D,Which of the following is not a [()/\/7®ö££ë[) drug?
After what period of time does maximal dynamic exercise become predominantly aerobic?,10 seconds,30 seconds,1 minute,4 minutes,C,After what period of +!/V\3 does maximal dynamic 3)(€|Z<|$ë become predominantly aerobic?
The trigger to initiate the contractile process in skeletal muscle is:,potassium binding to myosin.,calcium binding to tropomyosin.,ATP binding to the myosin cross bridges.,calcium binding to troponin.,D,The trigger to ][|\|î7î/\7€ the contractile process in skeletal /\/\µ5[|3 is:
Which of the following is NOT a sign of phlebitis?,Swelling.,Redness.,Exudate.,Cool to the touch.,D,Which of the following 1§ NOT a sign of phlebitis?
The energy charge of the cell is:,the difference between the charge on the outside and inside of a cell.,generated by the sodium-potassium ATPase.,the overall rate of energy use by the cell.,the extent to which the total adenine nucleotide pool is phosphorylated.,D,The energy charge of the cell !$:
The sarcoplasmic reticulum in muscle cells acts as a:,store of digestive enzymes.,store of sodium ions.,store of lipid.,store of calcium ions.,D,The §ä|2<*|*£45/\/\!( reticulum in muscle cells acts as a:
Which of the following parameters are seen on typical neurological observation charts?,Urine output.,Temperature.,Central venous pressure.,Blood glucose.,B,Which of the following parameters /\|2& 5&&/\/ on typical neurological observation charts?
"In the discharge checklist recommended by the Department of Health (2004), who should be involved in completing the form?","The GP, consultant, and named nurse.","The nurse, patient, and ward clerk.","The nurse, ward clerk, and consultant.","The nurse, consultant, and GP.",B,"In the |)1§[[-]@®6€ checklist recommended by the Department of Health (2004), who $}{*|_|£[) be involved in completing the form?"
Which of the following is true regarding the complications of a large goitre?,It causes stridor due to compression of the oesophagus,Dysphagia is an indication for surgery,It causes hoarseness due to compression of the trachea,It causes a more florid thyrotoxicosis than a smaller goitre,B,Which of the ph0|_|()vv!|V& is true regarding the complications of a |4®6€ goitre?
The heart has:,two valves and two chambers.,four valves and four chambers.,two valves and four chambers.,four valves and two chambers.,B,The [-]3@|Z+ has:
Which one of the following groups of patients should be assessed using an Early Warning Score (EWS)?,Only patients over 60 years of age.,Only patients admitted to the Emergency Department.,Only patients who have been on an Intensive care/High dependency unit.,Any patient who is acutely unwell pre-operatively or post-operatively and those who have undergone major surgery.,D,Which one of the following 6®*|_||o5 of patients should be assessed using an Early Warning Score (Ëuu§)?
What is the purpose of the cuff on a tracheostomy tube?,To create an air seal within the trachea and reduce the risk of aspirating saliva or gastric contents.,To reduce local oedema.,To assist with swallowing.,To allow the patient to talk.,A,What is the purpose ö|= the cuff on a †|24<}{&ö§†0^^¥ tube?
What type of covalent bonds link the amino acids in a protein?,Peptide bonds,Hydrogen bonds,Ionic bonds,Glycosidic bonds,A,What †`/|º€ of covalent bonds link the amino acids !^/ a protein?
Which is the most reliable way to assess for clubbing?,Inspect the nail-bed angle from above,Assessing the fluctuancy of the nail-bed,Schamroth's sign,Inspect the nail-bed angle from the side,D,Which is the most reliable way to assess for <1(_)|381^/9?
The term gene doping refers to:,the use of drugs to modify gene transcription.,the use of genetic manipulation techniques to enhance performance in sport.,the activation or inhibition of genes to mask drug taking by athletes.,the use of drugs to modify the myostatin gene.,B,The term gene cl()|o1/\/6 refers to:
Name three of the five main uses of the hand.,"Touch, feel, stroke.","Grip, percussion, sensory.","Tap, slap, clap.","Touch, pinch, grasp.",B,Name three of 7[-]ë five main uses of †|-|ë hand.
Which of the following is true about an abdominal mass?,A pulsatile mass is always due to an aortic aneurysm,An enlarged kidney is dull to percussion,A large mass arising out of the pelvis which disappears following urethral catheterization is caused by an ovarian cyst,An indentible mass is caused by faecal loading of the colon,D,Which of the ƒö£10\/\/î/\/& is true about an abdominal mass?
Which of the following is not a category used to classify patients according to the Glasgow Coma Scale?,Eye opening.,Verbal response.,Best motor response.,Pupil response.,D,Which of +#€ following is not a category µ5ë|> to classify patients according to †#ë Glasgow Coma Scale?
Which of these combinations of clinical features is most suggestive of mixed mitral valve disease with a predominance of mitral regurgitation?,Displaced apex beat; soft first heart sound; pan-systolic murmur; short mid-diastolic murmur,"Irregularly, irregular pulse; displaced apex beat; ejection systolic murmur; short mid-diastolic murmur",Displaced apex beat; normal first heart sound; pan-systolic murmur; long mid-diastolic murmur,Tapping apex beat; loud first heart sound; pan-systolic murmur; long mid-diastolic murmur,A,Which öph these combinations 0ph clinical features is /V\()57 suggestive öph mixed mitral valve |)!$3ª$ë with a predominance *|= mitral regurgitation?
"Prior to undergoing a painful procedure, a patient should be informed about what to expect and how their pain will be controlled, as this is associated with:",a reduction in anxiety and perceived pain intensity.,an increased use of analgesia.,a decrease in the frequency of pain-related problems such as nausea and vomiting.,an increased urine output.,A,"Prior to µ/\/|>€®6ö1/\/9 a painful procedure, a patient should be î/\/ph012^^&cl about what to expect and how their |*4!|V will be controlled, as this is associated with:"
The conversion of one molecule of glucose to two molecules of pyruvate results in the net formation of:,six molecules of water.,two molecules of ATP.,three molecules of ATP.,thirty-eight molecules of ATP.,B,The conversion of one molecule of glucose to †\^/() molecules of pyruvate results in †#3 net formation of:
The net production of ATP via substrate-level phosphorylation in glycolysis is:,2 from glucose and 3 from glycogen.,2 from glucose and 4 from glycogen.,3 from glucose and 4 from glycogen.,3 from glucose and 2 from glycogen.,A,The net |º|2()clµ<+10/\/ of ATP via substrate-level |o|-|ö$|*}{*|Zj£/\†][*^/ in glycolysis is:
Which of the following is true about rectal bleeding?,A painful digital examination suggests an anal fissure,Bright red blood on the finger usually signifies a caecal lesion,Proctoscopy is of no value in the assessment of rectal bleeding,Rectal cancer is the commonest cause of rectal bleeding,A,Which *ƒ the following is true about rectal bleeding?
Mutations are errors in DNA that:,are always harmful.,only occur in the presence of carcinogens.,increase tumour growth.,occur spontaneously at a low rate.,D,Mutations are errors in [)/\/@ that:
"When recording peak flow results, within how many litres/minute should the three readings be?",10 litres per minute of each other.,20 litres per minute of each other.,100 litres per minute of each other.,30 litres per minute of each other.,B,"When recording peak flow results, uuî†#][^/ how many litres/minute should 7}{ë three readings be?"
Peak flow meters record:,the lowest rate of air expelled from the lungs through an open mouth.,forced expiratory volume.,forced vital capacity.,the highest rate of air expelled from the lungs through an open mouth.,D,Peak flow meters |Z&[ö®[):
Which of the following should patients remember when taking paracetamol?,It can interfere with the effectiveness of other drugs such as Warfarin.,It should only be given on an 'as required' basis.,"Patients should carefully check the contents of over-the-counter cold remedies in order to prevent accidental overdose, as such preparations often contain additional paracetamol.",It is contraindicated in patients with pyrexia.,C,Which of the following should patients remember when †ä|{1/\/6 paracetamol?
Which of the following molecules does not form part of DNA?,Purine,Pyrimidine,Deoxyribose,Amino acid,D,Which of the |=()£|_övv1/\/9 molecules does not form part of cl^/Ä?
Which of the following is true about jaundice?,Pale stools and dark urine are characteristic of the jaundice of haemalytic anaemia,Bilirubin is used by the liver in the synthesis of red blood cells,Itching may be a sign of obstructive jaundice,Putting a danger of infection sticker on blood samples from an intravenous drug user with jaundice is optional,C,Which of the following is true about (/4µ^/|)][<€?
Which of the following nucleotide bases is not found in RNA?,Thymine,Adenine,Uracil,Guanine,A,Which of †|-|3 following |V(_)<|€()7î[)ë bases is not found in RNA?
Bronchial breathing is characterized by,Inspiratory component louder and longer with a gap between expiration and inspiration,Expiratory component louder and longer with a gap between inspiration and expiration,Inspiratory component louder and longer with a gap between inspiration and expiration,Expiratory component louder and longer with a gap between expiration and inspiration,B,Bronchial breathing is (|-|ä|2ª<†&®!7_3|) by
Which of the following drugs is most commonly responsible for patients who present with acute confusion?,Heroin (opiates).,Ecstasy.,Alcohol.,Cannabis.,C,Which of the ph*||_()\/\/!^/& drugs is most commonly responsible for patients uu#ö present with acute confusion?
The frontal lobe of the brain's cortex is responsible for which of the following?,The sleep/wake cycle.,The ability to draw shapes.,Understanding others' speech.,Visual perception.,B,The frontal lobe of 7[-]ë brain's cortex is |Z€$|D*|\|5][131€ for which of +}{& following?
The carpal bones are the small bones of the wrist - name them.,"Scaphoid, lunate, triquetral, pisiform, trapezium, trapezoid, capitate, hamate.","Scaphoid, lunar, triquetrium, pisiform, radius, ulna, capitates.","Scaphoid, proximal phalynx, humerus, hamate, capitate.","Scaphoid, radius, ulna, cunniform, trapezius.",A,The carpal bones are the §/\/\@£| bones of the wrist - |\|4|\/|3 them.
The process of translation requires the presence of:,"mRNA, tRNA and ribosomes.","mRNA, ribosomes and RNA polymerase.","DNA, mRNA and RNA polymerase.","chromatin, DNA and amino acids.",A,The |*|Z0<€55 of translation requires the presence of:
What is 'coring'?,A symptom of phlebitis.,Titration of a drug with its desired effect.,The delivery of medication straight into the bloodstream.,"When drugs are withdrawn from a sealed vial, fragments of the rubber bung can be cut out by the needle.",D,What î§ 'coring'?
What must you ensure before a speaking valve is used?,That the patient is able to swallow properly.,It is seven days after the tracheostomy tube was first inserted.,The cuff is deflated.,The cuff is inflated.,C,What must you ensure before a 5|o€/\|(1/\/& valve is used?
Which one of the following statements is true with regard to intravenous drug administration?,IV administration of a drug will delay its action.,IV administration carries low risk of bacteraemia.,IV administration allows titration of a drug with its desired effect.,An intravenous cannula should never be used for both drug and fluid administration.,C,Which one of the ph0£|()\^/||V9 statements is true with regard 70 intravenous drug administration?
Which of the following factors can affect enzyme activity?,Temperature.,pH.,The presence of certain metal ions.,All of the above.,D,Which of the following factors can äƒƒ€[† enzyme activity?
"For very high force contractions lasting 1-2 seconds, the initial energy source is from:",Glycolysis.,creatine phosphorylation.,phosphocreatine stores.,ATP stores.,D,"ph*|Z very high force contractions lasting 1-2 seconds, the initial energy source is from:"
A change in blood pressure is detected by the:,baroreceptors.,chemoreceptors.,vasomotor centre.,cardiovascular centre.,A,A change in blood pressure is [)€+&<†&cl by the:
Blood clots are responsible for repeatedly blocking a catheter. What should you do?,Call for help.,Inform medical staff.,Inform the patient.,Remove the catheter and recatheterize.,B,Blood [|_0+$ are responsible for repeatedly blocking a </\†|-|37&|Z. What should you do?
What is the pH of water?,3.5,7,12,6.25,B,What |5 the pH of water?
How long can a cannula remain in situ?,24 hours.,36 hours.,48 hours.,96 hours.,D,How long can @ cannula remain in situ?
Metabolism is determined by the:,size of proteins in the cell.,availability of amino acids.,proteins formed as dictated by the genetic material.,amino acid composition of the ribonucleic acids.,C,Metabolism is determined by +}{ë:
How many chromosomes do all human somatic cells contain?,3,20,23,46,D,[-]ö\/\/ many chromosomes do all human somatic cells contain?
Under what circumstances would you use antibiotics prior to catheterization?,If the patient has had a catheter in situ for a week.,If the patient does not have urinary tract infection.,If patient has an artificial heart valve.,If the patient requests them.,C,Under what circumstances would you use antibiotics prior to ¢ª7#&7ë12|%ä†!ö|\|?
Which of these features suggest that a pulsation in the neck is arterial?,A waggling earlobe,Positive for hepatojugular reflux,No variation with posture,Pressure in the root of the neck reduces the impulse,C,Which of these features suggest that a pulsation in †#€ neck is 412†312|@£?
The rate limiting enzyme of glycolysis is:,phosphorylase.,hexokinase.,pyruvate dehydrogenase.,phosphofructokinase.,D,The rate limiting enzyme *ph glycolysis is:
Which of the following is true about haemorrhoids?,Bleeding haemorrhoids lead to melaena per rectum (PR),Pregnancy is a predisposing factor in causing haemorrhoids,Bleeding from first degree haemorrhoids is associated with pain,Second degree haemorrhoids cannot be returned to the anal canal,B,Which of the following is +|2µë about haemorrhoids?
Selective Androgen Receptor Modulators (SARMs) are:,steroid drugs that act on androgen receptors mimicking the effects of natural steroid hormones.,steroid drugs that act on androgen receptors antagonising the effects of natural steroid hormones.,non-steroid drugs that act on androgen receptors mimicking the effects of natural steroid hormones.,non-steroid drugs that act on androgen receptors inhibiting the effects of natural steroid hormones.,C,Selective Androgen Receptor Modulators (SARMs) 4123:
"The β-oxidation of a molecule of palmitic acid, CH3(CH2)14CO2H:",yields 8 molecules of acetyl-CoA and some ATP and water.,yields 16 molecules of acetyl-CoA only.,yields carbon dioxide and water only.,does not involve oxygen.,A,"The β-oxidation of a molecule of |*ª||\/|][+!< acid, CH3(CH2)14CO2H:"
Which products of ADP degradation increase in concentration in the blood during multiple sprint sports?,"Ammonia, hypoxanthine and uric acid.","Ammonia, urea and uric acid.","Ammonia, urea and creatinine.","Ammonia, urea and creatine.",A,Which products of ADP |)€9|24[)ª†!ö^/ increase in concentration in the blood during multiple 5|*®1|\|† sports?
The optimum position for performing CPR is to position the patient:,in a semi-recumbent posture.,tilted to the left to keep the heart perfused.,flat on a firm surface.,on the floor with the legs raised.,C,The optimum position for performing CPR is 70 position the |oª71ë|V+:
The complete resynthesis of phosphocreatine after very high intensity exercise normally takes:,about 10 seconds.,about 30 seconds.,about 1 minute.,about 4 minutes.,D,The complete resynthesis of phosphocreatine 4ph+3|2 very high intensity ë><€|Z¢][§& normally takes:
What type of joint is the elbow?,Ball and socket joint.,Fused joint.,Synovial hinge joint.,Plain joint.,C,What †`/|o3 of joint is the elbow?
A hypertonic solution is:,a solution that has a higher concentration of solutes than the normal human cell.,a solution that blocks off enteral tubes easily.,a solution that has a lower concentration of solutes than the normal human cell.,a solution with a high fibre content.,A,A hypertonic §()1|_|†][0|V is:
Which of these is not necessary when examining the jugular venous pulse?,Patient's neck muscles should be relaxed,Timing the pulsation with the radial pulse,Good lighting,Patient lying at 45 degree angle,B,Which of these 15 not necessary \^/}{€|\| examining the jugular venous pulse?
The maximum sustainable power:,usually remains constant during a race.,declines with the distance of the race.,is improved by a high fat diet.,is inversely related to muscle glycogen content.,B,The |\/|@><!/V\|_|/V\ sustainable power:
Fast-twitch fibres contain:,a relatively large number of mitochondria and low ATPase activity.,a relatively small number of mitochondria and low ATPase activity.,a relatively small number of mitochondria and high ATPase activity.,a relatively large number of mitochondria and high ATPase activity.,C,ph4$+-†uu|†[}{ fibres contain:
The rate of blood lactate accumulation is determined by:,the rate of muscle lactate production and the rate of muscle lactate efflux.,the rate of anaerobic glycolysis.,the rate of muscle glucose uptake.,the difference between the rate of lactate appearance and the rate of lactate clearance.,D,The rate ()ƒ blood lactate accumulation is determined by:
The enzymes of glycolysis are located in the:,mitochondrion.,nucleus.,cytoplasm.,lysosomes.,C,The enzymes of glycolysis are 1()[ª7&|> in the:
"The energy released from the breakdown of the high-energy phosphates, ATP and phosphocreatine, can sustain maximal exertion exercise for about:",1-2 seconds.,5-10 seconds.,30-40 seconds.,50-60 seconds.,B,"The energy released ƒ12*/V\ the breakdown of the high-energy phosphates, ATP and phosphocreatine, can sustain maximal exertion exercise ph()|2 about:"
Prosthetic groups are:,required by all enzymes in the cell.,loosely bound to enzymes via hydrogen bonds.,sites on the enzyme molecule that permit allosteric modification of enzyme activity.,tightly bound to enzymes and are required for their activity.,D,Prosthetic groups ª|Zë:
Which of the following is true in peripheral neuropathy?,Sensory loss is demonstrated in a stocking distribution,The tone is increased bilaterally in the legs,Reflexes are very brisk with reinforcement,Weakness is more marked proximally than distally,A,Which of the |=0|£0uu||V& is true in peripheral neuropathy?
Which of the following is true about involuntary movements in the arm?,Alcohol makes the tremor of benign essential tremor worse,Hemiballismus is due to a stroke causing paralysis of the distal half of the arm,A 'milkmaid' grip is sometimes found in dystonia,Writer's cramp is an example of a focal dystonia,D,Which of the following is true about involuntary /\/\0\|ë^^&^/+§ in the /\12/\/\?
Which of these options is not recognized as a cause of chronic cough?,Gastro-oesophageal reflux disease,Angiotensin Converting Enzyme (ACE) inhibitors,Long-term smoking,Sodium valproate,D,Which of these options is not |Z€(06/\/!>_&cl as a cause of chronic ¢öµ&[-]?
Which of the following is recommended for cleaning the mouth?,Hydrogen peroxide.,Water.,Lemon and glycerine swabs.,Normal saline.,B,Which of the following ][5 recommended for cleaning the mouth?
As a general principle what is the best approach to the use of analgesic drugs following surgery?,Give drugs only 'as required'.,Give drugs regularly with provision for additional 'as required' pain relief for breakthrough pain.,Use long-acting drugs twice daily.,Give only when pain scores are high.,B,As a general principle what is †}{& best approach to †|-|3 use of analgesic |>®(_)9§ following surgery?
Which of the following best describes nociceptive pain?,"Pain resulting from actual or potential tissue damage, which causes the release of chemical mediators that stimulate nerve fibres to initiate pain signals to the brain.",Pain resulting from pressure upon a nerve or group of nerves.,A disorder of a specific nerve or group of nerves resulting in the release of abnormal pain signals.,"Pain resulting from a disorder of the central nervous system, i.e. following a cerebral vascular accident.",A,Which of the |=()|_1()\/\/][^/6 best describes nociceptive pain?
Complete the following: A variation of serial peak flow readings over a two week period are considered diagnostic in . . .,. . . asthma.,. . . COPD.,. . . pneumonia.,. . . tuberculosis.,A,Complete the |=()£1()\^/1|\|6: A variation of serial peak flow |Z&4[)!|V6$ over ª two week period are considered diagnostic in . . .
Under which circumstances would you not use a catheter valve?,If the patient is post-operative.,If the patient chooses it.,If the patient has bladder sensation.,If urine does not need to be measured.,A,Under which circumstances would you not use a catheter \|ä||/3?
Which of the following is true of Paget's Disease?,Bowing of a long bone is a characteristic feature,Spinal cord compression is a common complication,Heart failure is not a recognized complication,Pathological fractures are not a feature,A,Which of the following |$ true of Paget's Disease?
Your first action following confirmation of cardiac arrest is to:,ensure the emergency team/services are called.,give two rescue breaths.,give 30 chest compressions.,check the notes to see if the patient has a DNAR order.,A,`/()µ® first action following confirmation of cardiac arrest is to:
What is an urgent reason for catheterizing a patient?,Acute urinary retention.,Urinary tract infection.,Incontinence.,Because they asked.,A,What is an urgent reason for <ä†#37&|Zî>_!|V9 a patient?
Which of the following is true?,Increasing the protein intake above 3 grams per kg body mass per day will stimulate muscle growth and increase strength.,Creatine supplements can increase muscle strength and power.,Amino acid supplements can increase muscle strength and power.,Muscle damage is induced by shortening contractions.,B,\^/}{î¢[-] of the following is true?
"Who has legal responsibility for a patient's care during hospital admission, stay, and discharge?",The named nurse.,The named consultant.,The ward manager.,The GP.,B,"Who |-|ä5 legal responsibility for a patient's [@®& during hospital admission, stay, and discharge?"
Endurance training increases the muscle's capacity to:,contract faster.,break down phosphocreatine.,burn fat and carbohydrate.,generate energy anaerobically.,C,3|V[)(_)|2ä|\|(3 training increases the muscle's capacity to:
An action potential arriving at the motor endplate causes release of:,acetylcholine which traverses the neuromuscular junction.,sodium ions which binds to sodium receptors on the muscle membrane.,calcium ions which initiate an action potential along the muscle fibre.,noradrenaline which increases muscle metabolic activity.,A,An action potential arriving at the motor endplate causes 12ë£3/\§& 0ƒ:
Your patient has diabetes. Why is this important?,These patients are more likely to bleed.,These patients are more likely to get urinary tract infections if their blood sugar is unstable.,These patients are more likely to have clear urine.,These patients are less likely to have catheter encrustation.,B,Your patient has diabetes. Why is 7[-]î5 important?
What is meant by the term 'passive movements'?,"Movement with resistance, stretching at end of range.","Movement without resistance, stretching at end of range.","Movement with resistance, stopping at end of range.","Movement without resistance, stopping at end of range.",D,What is meant by the term '|Dä$51\|€ movements'?
What is a tracheostomy?,An opening in the anterior wall of the trachea above the cricoid cartilage.,An opening in the anterior wall of the trachea below the cricoid cartilage.,An opening in the anterior chest wall.,An opening in the posterior wall of the trachea below the cricoid cartilage.,B,What î5 a tracheostomy?
Which of the following is true of haematemesis?,A low blood pressure (<90mmHg systolic) and a tachycardia (>100/min) are worrying features,A pulse rate of 80/min in a patient taking Bisoprolol is reassuring,Abdominal pain is always present,An alcohol history is not essential,A,Which of the following 1$ true of haematemesis?
Which of the following is true of rheumatoid arthritis?,Rheumatoid factor is present in 25% of rheumatoid cases,It is an example of an oligoarthropathy,Anaemia is a common finding,Heberden's nodes are a feature,C,Which of the following ][$ true of rheumatoid arthritis?
Why should careful consideration be given to providing people aged over 65 with information sources that are internet based?,They may have difficulty reading the screen.,Less than 30% of people over 65 years have access to the internet.,The internet is aimed at younger people.,They may not be able to type.,B,uu|-|j should careful consideration be given to providing people aged over 65 with information sources that are internet |3@$ëcl?
Which of the following is true about the carpal tunnel syndrome?,It can be caused by rheumatoid arthritis,It is caused by compression of the ulna nerve,It causes pain and tingling in the medial three and half digits,Paraesthesia is worse during the day,A,Which of 7[-]€ following is true 413ö(_)7 7#3 carpal tunnel syndrome?
How many CO2 and ATP molecules are formed during one complete turn of the tricarboxylic acid cycle (Krebs' cycle)?,2CO2 and 2ATP,2CO2 and 16ATP,2CO2 and 12ATP,2CO2 and 1ATP,D,How many CO2 and ATP ^^0|3¢(_)|_35 are formed during ö^/& complete turn of the tricarboxylic acid cycle (Krebs' cycle)?
"Which potential complication of IV therapy is described thus: 'Leakage of vesicant (irritant) medication or fluid into surrounding tissues, causing tissue damage'?",Extravasation.,Phlebitis.,Inflammation.,Infiltration.,A,"Which potential complication of IV therapy is described thus: 'Leakage of vesicant (irritant) |\/|&[)][(ª+î*^/ or fluid into $|_||Z®*(_)|\||>|^/6 +î§5µ€$, causing tissue damage'?"
Which of the following is present in saliva and has an antibacterial action?,Lysozyme.,Amylase.,Sodium chloride.,Mucus.,A,Which *ƒ the following is present in saliva 4|V|> has an antibacterial action?
The genome is:,the number of chromosomes found in the somatic cells of an organism.,the entire DNA sequence of an organism.,the entire list of proteins that an organism is capable of producing.,the DNA sequence of an entire chromosome.,B,The genome ][§:
Alterations in which neurotransmitters in the brain by pharmacological agents has been shown to influence fatigue development?,Acetyl choline and noradrenaline.,Dopamine and acetyl choline.,Glutamate and serotonin.,Dopamine and serotonin.,D,Alterations in which neurotransmitters in the brain 13j pharmacological agents has ßë€/\/ shown to influence fatigue development?
In all-out exercise such as sprinting the first fibre types to fatigue are the:,Type I fibres.,Type Ia fibres.,Type IIa fibres.,Type IIX fibres.,D,In 4||_-0|_|† exercise such as §|D|Z!|V+!|\|& the first fibre types to fatigue are the:
The main fate of lactate that leaves muscle and enters the circulation is:,conversion to urea in the liver.,conversion to glucose in the heart.,excretion via the kidneys.,uptake and oxidation by other tissues.,D,The main fate 0ph lactate that leaves muscle and enters +#ë circulation is:
The most rapid method to resynthesize ATP during exercise is through:,glycolysis.,phosphocreatine breakdown.,tricarboxylic acid cycle (Krebs' cycle).,glycogenolysis.,B,The /V\0$† rapid method to resynthesize ATP during exercise is 7|-||Zö|_|9|-|:
Which of the following is true in a sensory assessment of the arm?,It is acceptable to test pain with a venepuncture needle,Proprioception is appreciated via the same tracts as light touch,It is best to test vibration sense with a 256 Hz tuning fork,Impulses for pain travel principally up the dorsal columns,B,Which of 7|-|& following is true in a $ë|V$0®j assessment of 7[-]€ arm?
The blood glucose concentration during 80-90 minutes of intermittent high intensity exercise:,frequently rises by 1 - 3 mM.,remains relatively unchanged.,frequently falls by 1 - 3 mM.,falls to hypoglycaemic levels.,A,The blood glucose concentration |>(_)|2|^/& 80-90 minutes 0ph intermittent high intensity exercise:
One of the most common reasons for stoma formation is:,irritable bowel syndrome.,haemorrhoids.,carcinoma.,bladder instability.,C,One 0|= the most common reasons for stoma formation is:
A surgical support can be used for:,prolapsed stomas.,high output stomas.,herniation around the stoma.,retraction of the stoma.,C,ª surgical support can be used for:
What size of catheter bag may be used at night?,350ml.,500ml.,1L.,2L.,D,What 51%3 of catheter bag may be used at night?
Anaerobic metabolism refers to the generation of ATP:,without the involvement of ADP.,without the use of glycogen.,without the use of oxygen.,in the absence of available oxygen.,C,Anaerobic metabolism refers 7ö the generation of ATP:
Approximately how many kJ of energy are expended if an athlete's steady-rate oxygen uptake averages 3.0 l/min for 5 minutes of exercise?,60 kJ,150 kJ,300 kJ,500 kJ,C,Approximately how many kJ of energy are expended if an /\7#£3+&'§ steady-rate oxygen µ|D†ª]<3 averages 3.0 l/min for 5 minutes of exercise?
A patient has been on the operating table for four hours. How long may it take for any pressure damage to be visible?,12 hours.,72 hours.,24 hours.,5 days.,B,/\ patient has been on the operating table for four |-|*|_||Z§. How long may it take for any pressure [)/\^^@9€ to be visible?
Eccrine and apocrine glands are both types of:,sweat glands.,salivary glands.,chemoreceptors.,tear ducts.,A,€<¢|Zî|V& and apocrine glands are both types of:
Which of the following is true of the assessment of power in the arms?,Grade 3/5 (MRC scale) represents movement of the arm only when gravity is eliminated,Flexion at the elbow is produced by the triceps muscle,The root value of shoulder abduction is C5,Grade 1/5 power represents no movement or muscle contraction,C,Which of the |=*1|_*vv1|\|& |$ true of the assessment of power in the arms?
"Two of the following are evident - pain at IV site, erythema, and swelling. What stage on the phlebitis scale is this and what should you do?",Stage 1 - observe cannula.,Stage 2 - re-site cannula.,Stage 3 - re-site cannula and consider treatment.,Stage 0 - do nothing.,B,"Two of 7#€ following @123 ë|/][cl€^/+ - pain at IV site, erythema, and swelling. What stage on 7}{€ phlebitis scale is this and what should you do?"
Which hormone is primarily responsible for fluid regulation?,Antidiuretic hormone.,Insulin.,Adrenaline.,Testosterone.,A,Which #012/V\0/\/& is primarily responsible for fluid regulation?
The low intake of carbohydrate in the diet:,does not influence exercise performance in events lasting less than 10 minutes.,affects the resting muscle pH.,may impair high intensity exercise performance.,results in greater reliance on muscle glycogen during exercise.,C,The low intake of carbohydrate in †#3 diet:
Phophocreatine resynthesis during recovery from exercise is inhibited by:,an excess of creatine.,hyperventilation.,an excess of oxygen.,a lack of oxygen.,D,Phophocreatine resynthesis during ®ë[0|/ë|2j from exercise is inhibited by:
The transcription of DNA to a molecule of messenger RNA occurs:,on the ribosomes.,in the cytosol.,in the nucleus.,only during cell division.,C,The transcription *ƒ DNA to @ molecule ()ƒ messenger RNA occurs:
Oedema is the presence of:,excessive intravascular fluid.,excessive extravascular fluid.,excessive intracranial fluid.,excessive necrotic cells.,B,Oedema is the |o12&§ë^/¢€ of:
Why should the short-acting bronchodilator be taken first?,"It works to dilate the airways quickly, allowing better deposition of other medications.",They are colour-coded.,It is warmer than the others.,It is less moist than the others.,A,Why should the 5#ö12+-4[+î|V9 bronchodilator be taken first?
Which of the following is true about an intention tremor?,It is worse at rest,It is caused by Parkinson's Disease,It is indicative of a cerebellar lesion,Dyscalculia is a common association,C,vv}{|¢}{ of the following is true about an intention tremor?
Glucose is transported into the muscle cell:,via protein transporters called GLUT4.,only in the presence of insulin.,via hexokinase.,via monocarbylic acid transporters.,A,9||_|<ö$€ is transported into the muscle cell:
Oxygen is used:,in glycolysis.,in the conversion of fatty acids to acetyl CoA.,in the tricarboxylic acid cycle (Krebs' cycle).,in glycogenolysis.,B,Oxygen |5 used:
Measuring the blood pressure in an arm that is above the level of the heart will:,accurately estimate the blood pressure.,overestimate the blood pressure.,cause an auscultatory gap.,underestimate the blood pressure.,D,Measuring the blood pressure in an arm that |$ above the level ö|= the heart will:
When you are taking a musculoskeletal history which of the following is true?,Drugs may be implicated in the causation of gout,A history of diarrhoea is not relevant,Difficulty rising from a chair is diagnostic of polymyalgic rheumatica,Joint stiffness of 5 minutes duration suggests an arthropathy,A,When you are taking a musculoskeletal history which 0ph the following !$ true?
Why are male patients advised to take their own electric razor to hospital?,For patient comfort.,To make hospital as familiar as possible.,To minimize risk of cross-infection.,To allow shaving at a time convenient to the patient.,C,Why are male |o47!&^/†$ advised to take their own electric |Z/\>_()® to hospital?
Which organ secretes insulin?,The gastric parietal cells.,The pancreas.,The walls of the large intestine.,The autonomic nervous system.,B,Which organ $&¢®ë73§ insulin?
"When teaching a patient inhaler technique, how will you ensure that a large proportion of the drug reaches the lower airways?","Ask them to take lots of small, quick breaths in before using the inhaler.",Ask them to breathe normally when using the inhaler.,Ask them to perform the procedure as quickly as they can.,Ask them to hold their breath at the end of the inspiration on using the inhaler.,D,"When teaching @ patient î|\|}{@£ë® technique, how will you 3^/$|_||Z€ that ª large proportion of the drug reaches the lower airways?"
Why should a patient stand or sit as upright as possible when recording a peak flow rate?,To ensure best lung expansion and accuracy and consistency of readings.,This is the most comfortable position to perform any breathing test.,The counter on the meter will not move if the patient is lying down.,To ensure that their technique can be observed easily.,A,Why 5#ö|_|£cl 4 patient stand or sit as upright as possible when recording /\ peak flow rate?
Why might a patient need a tracheostomy?,To repair vocal cords after paralysis.,To aid swallowing.,As an aid to weaning patients from a ventilator.,Prior to neck surgery.,C,Why might /\ patient need ä tracheostomy?
"In general, the higher the intensity of exercise, the greater the proportional contribution of:",aerobic energy production.,anaerobic energy production.,the TCA cycle (Krebs' cycle) to the production of ATP.,the electron transfer chain to the production of ATP.,B,"!|\| general, the higher the intensity of exercise, the greater the proportional <()|\|+®][13µ7!()|\| of:"
What is the second commonest hospital acquired infection?,Urinary infection.,Wound infection.,Upper respiratory tract infection.,Ventilator-associated pneumonia.,D,What is the second commonest hospital acquired 1|\|ƒ€¢†|*/\/?
Phosphocreatine in the muscle cell is found in:,the mitochondria.,all subcellular compartments.,the sarcolemma.,the cytoplasm.,D,Phosphocreatine in the muscle cell |$ found in:
The patient's self-report of pain is important because health care staff:,can overestimate the intensity of the patient's pain.,underestimate the intensity of the patient's pain.,do not possess an objective way of assessing pain.,can use the information to prescribe and administer the least possible amount of pain relief.,C,The |Dª71ë|V7'§ self-report ()|= pain is important because health care staff:
