Question,Option A,Option B,Option C,Option D,Answer,Question_Leet
The access matrix approach to protection has the difficulty that,"the matrix, if stored directly, is large and can be clumsy to manage",it is not capable of expressing complex protection requirements,deciding whether a process has access to a resource is undecidable,there is no way to express who has rights to change the access matrix itself,A,The access matrix approach to protection has the |)||=ƒ|[µ£†`/ that
An integer c is a common divisor of two integers x and y if and only if c is a divisor of x and c is a divisor of y. Which of the following sets of integers could possibly be the set of all common divisors of two integers?,"{-6,-2, -1, 1, 2, 6}","{-6, -2, -1, 0, 1, 2, 6}","{-6, -3, -2, -1, 1, 2, 3, 6}","{-6, -3, -2, -1, 0, 1, 2, 3, 6}",C,An integer ¢ is @ common divisor of two integers x ª^/|) y 1ƒ /\|V[) ()|\||¥ |ƒ < is ª divisor of x @|\|[) < is 4 divisor of y. Which of the following sets of integers could possibly be the set of all common divisors of two integers?
"In the NoNicks operating system, the time required by a single file-read operation has four nonoverlapping components:
disk seek time-25 msec
disk latency time-8 msec
disk transfer time- 1 msec per 1,000 bytes
operating system overhead-1 msec per 1,000 bytes + 10 msec
In version 1 of the system, the file read retrieved blocks of 1,000 bytes. In version 2, the file read (along with the underlying layout on disk) was modified to retrieve blocks of 4,000 bytes. The ratio of-the time required to read a large file under version 2 to the time required to read the same large file under version 1 is approximately",1:4,1:3.5,1:1,1.1:1,B,"In †}{ë NoNicks operating system, +[-]ë time required by a single file-read operation has four nonoverlapping components: disk seek time-25 msec disk latency time-8 msec disk 712ä^/§ph€12 time- 1 msec per 1,000 bytes operating system overhead-1 msec per 1,000 bytes + 10 msec In \/&|Z$|ö|\| 1 öƒ †#€ system, †|-|& file read retrieved blocks ö|= 1,000 bytes. In \/ë|2$|*|V 2, †#3 file read (along with +[-]ë underlying layout on disk) was modified to retrieve blocks *ph 4,000 bytes. The ratio of-the time required to read a large file under \|&12$][*^/ 2 to †|-|& time required to read +[-]€ same large file under |/€12§][()|\| 1 is approximately"
"You want to cluster 7 points into 3 clusters using the k-Means Clustering algorithm. Suppose after the first iteration, clusters C1, C2 and C3 contain the following two-dimensional points: C1 contains the 2 points: {(0,6), (6,0)} C2 contains the 3 points: {(2,2), (4,4), (6,6)} C3 contains the 2 points: {(5,5), (7,7)} What are the cluster centers computed for these 3 clusters?","C1: (3,3), C2: (4,4), C3: (6,6)","C1: (3,3), C2: (6,6), C3: (12,12)","C1: (6,6), C2: (12,12), C3: (12,12)","C1: (0,0), C2: (48,48), C3: (35,35)",A,"You want to [£µ§73|2 7 points into 3 clusters using †[-]& k-Means Clustering algorithm. Suppose after +|-|& first iteration, clusters C1, C2 and C3 contain †}{ë following two-dimensional points: C1 (ö/\/†ä][|V$ 7}{& 2 points: {(0,6), (6,0)} C2 <*|V+@î/\/§ 7#3 3 points: {(2,2), (4,4), (6,6)} C3 ¢0|\|+ä!|\|§ †[-]& 2 points: {(5,5), (7,7)} What 4123 7[-]3 ¢|µ5†&|2 centers computed for these 3 clusters?"
Any set of Boolean operators that is sufficient to represent all Boolean expressions is said to be complete. Which of the following is NOT complete?,"{AND, NOT}","{NOT, OR}","{AND, OR}",{NAND},C,Any set of Boolean operators +#@7 is sufficient to |Z&|o®3§ë/\/7 all Boolean expressions is said to be complete. \^/|-||¢[-] of the following is NOT complete?
"Consider the collection of all undirected graphs with 10 nodes and 6 edges. Let M and m, respectively, be the maximum and minimum number of connected components in any graph in the collection. If a graph has no selfloops and there is at most one edge between any pair of nodes, which of the following is true?","M = 10, m = 10","M = 10, m = 1","M = 7, m = 4","M = 6, m = 4",C,"Consider the collection of all undirected graphs with 10 nodes and 6 edges. Let M and m, respectively, be the maximum and /\/\1|\|î/\/\µ|\/| number of connected (*|\/||D*|V€^/7$ in any graph in the collection. If a graph has /\/* selfloops and there is at most one &|)&ë 13€7\^/ëë|V any pair of nodes, which of the following is true?"
"Resolution theorem proving for showing that a formula of propositional logic is not satisfiable has which of the following properties?
I. It is a sound proof system in the sense that there does not exist a proof of the unsatisfiability of a satisfiable formula of propositional logic.
II. It is a complete proof system in the sense that there is a proof of unsatisfiability for every unsa tisfiable formula of propositional logic.
III. It is a succinct proof system in the sense that whenever an unsatisfiable formula F of propositional logic has a resolution proof, F also has a proof whose length is polynomial in the length of F.",I only,III only,I and II only,I and III only,C,"Resolution theorem proving for showing that 4 formula of propositional logic is not satisfiable has which of †[-]3 ƒ()|_|_*\^/1|\|9 properties? I. It is @ sound |D12*öph system in 7#3 sense that there does not exist @ |º|Z()*ƒ of +|-|& unsatisfiability of ª satisfiable formula of propositional logic. II. It is ª complete |o®**ƒ system in +[-]€ sense that there is 4 |º|Z0()ƒ of unsatisfiability for every unsa tisfiable formula of propositional logic. III. It is 4 succinct |º|Z*()ƒ system in †}{3 sense that whenever an unsatisfiable formula F of propositional logic has /\ resolution proof, F also has ª |º12()()ƒ whose length is polynomial in +#& length of F."
"Which of the following statements describe(s) properties of a purely segmented memory system?
I. It divides memory into units of equal size.
II. It permits implementation of virtual memory.
III. It suffers from internal fragmentation.",I only,II only,III only,I and III,B,Which öƒ the following statements cl€$¢|2î|3€($) properties *ph a |º(_)|Zë£j segmented memory system? I. Î7 divides memory into units öƒ equal §17_€. II. 1+ permits implementation *|= virtual memory. III. |† suffers from internal fragmentation.
Which of the following statements about floating-point arithmetic is NOT true?,It is inherently nonassociative because some numbers have no exact representation.,It is inherently nonassociative because there have to be upper and lower bounds on the size of numbers.,Associativity can be achieved with appropriate roundoff conventions.,Some rational numbers have no exact representation.,C,Which 0ph the following §7ª+ë/\/\ë^/+$ about floating-point arithmetic is NOT true?
"Suppose sharing of tiles in a multilevel directory structure is achieved with directory entries that are links pointing to a node containing information about a shared file. Information in this node includes (1) the owner of the file, (2) a count of the number of links to the tile, and (3) the disk block numbers of the file. What is a primary drawback to this approach to sharing?","If the owner modifies the file, another user who does not share will see the changes.","If the owner renames the file, other users will not be able to access it.","If the owner is allowed to delete a file, dangling links may result.","If any user who shares the file appends to it, others who share it will not be able to access the new disk blocks.",C,"Suppose sharing ()|= tiles in a multilevel directory structure is achieved with directory entries that are links |º()|/\/+î/\/9 +* a node containing information about a shared file. Information in this node includes (1) +#ë owner öƒ 7|-|3 |=î|&, (2) a count 0ƒ †|-|3 number ()ph links +0 7[-]3 tile, and (3) 7|-|ë disk block numbers öph +[-]ë file. What is a primary drawback 7() this approach +* sharing?"
"Mergesort works by splitting a list of n numbers in half, sorting each half recursively, and merging the two halves. Which of the following data structures will allow mergesort to work in O(n log n) time?
I. A singly linked list
II. A doubly linked list
III. An array",None,III only,I and II only,"I, II, and III",D,"Mergesort works by splitting ä list öph n numbers in half, sorting each half recursively, 4|V|> merging the two halves. Which ()ƒ the ƒ()1|()\^/|^/9 data structures will allow mergesort to work in O(n log n) time? ][. A singly linked list II. A doubly linked list III. An array"
"If p(x) is the minimal-degree interpolating polynomial for the real-valued function f(x) at the n + 1 distinct real numbers x0, .... xn what is the maximum possible degree of p(x)?",n,n + 1,n + 2,2n,A,"If p(x) is the minimal-degree interpolating polynomial for the real-valued function ph()() 4+ the n + 1 distinct |Z&ª| numbers x0, .... xn \/\/#47 is the maximum possible degree of p(x)?"
"An internal hash table has 5 buckets, numbered 0, 1, 2, 3, 4. Keys are integers, and the hash function h(i) = i mod 5 is used, with linear resolution of collisions (i.e., if bucket h(i) is filled, the buckets h(i) + 1, h(i) + 2, ... are tried successively with all bucket numbers computed modulo 5). If elements with keys 13, 8, 24, 10, and 3 are inserted, m that order, into an initially blank hash table, then the content of the bucket numbered 2 is",3,8,10,13,A,"An internal hash table has 5 buckets, numbered 0, 1, 2, 3, 4. Keys are integers, and †#3 hash function }{(!) = i mod 5 î$ used, with linear resolution of collisions (i.e., if bucket [-](î) î§ filled, †[-]& buckets #(|) + 1, #(î) + 2, ... are tried successively with @££ bucket numbers computed modulo 5). If elements with keys 13, 8, 24, 10, and 3 are inserted, m that order, into an initially blank hash †äß|_3, then +|-|3 content of †|-|€ bucket numbered 2 |5"
TCP protocol is responsible (among other things) for,Routing packets through the network,Reliable delivery of packets between directly connected machines,Reliable delivery of large (multi-packet) messages between machines that are not necessarily directly connected,Dealing with differences among operating system architectures,C,+<|D protocol is responsible (among other things) for
"Let A and B be two sets of words (strings) from Σ*, for some alphabet of symbols Σ. Suppose that B is a subset of A. Which of the following statements must always be true of A and B ?
I. If A is finite, then B is finite.
II. If A is regular, then B is regular.
III. If A is context-free, then B is context-free.",I only,II only,III only,I and II only,A,"Let A and |3 be two sets 0ƒ words (strings) from Σ*, for some alphabet *ph symbols Σ. Suppose that ß î5 a subset öph A. Which ö|= the following statements must always be true 0ph A and 13 ? I. If A |5 finite, then |3 !$ finite. II. If A !$ regular, then 13 ][5 regular. III. If A ][5 context-free, then |3 |$ context-free."
"For all strings x, the function x^M is defined recursively as follows.
e^M= e, and
if w is a string and a is a string with length 1, then
(aw)^M = aw^Ma.
Let a be a string with length 1, and let x and y be arbitrary strings. Which of the following is true?",a^M = a,(ax)^M = (xa)^M,(xy)^M = y^Mx^M,None of the above,D,"ph*|Z all strings x, the function x^M ][$ defined recursively as follows. e^M= e, and ][|= w |$ a string and a ][$ a string \^/î†}{ length 1, then (aw)^M = aw^Ma. Let a be a string \/\/|7|-| length 1, and |3† x and y be arbitrary strings. Which of the following |$ true?"
Which of the following is NOT a reasonable justification for choosing to busy-wait on an asynchronous event?,The wait is expected to be short.,A busy-wait loop is easier to code than an interrupt handler.,There is no other work for the processor to do.,The program executes on a time-sharing system.,D,Which of the following is NOT a reasonable justification for choosing to |3µ§¥-vv@!7 on an @§¥/\/(|-||2()/\/ö(_)5 event?
The language {ww | w in (0 + 1)*} is,not accepted by any Turing machine,"accepted by some Turing machine, but by no pushdown automaton","accepted by some pushdown automaton, but not context-free","context-free, but not regular",B,The language {ww | w in (0 + 1)*} is
Which of the following statements about Ethernets is typically FALSE?,Ethernets use circuit switching to send messages.,Ethernets use buses with multiple masters.,Ethernet protocols use a collision-detection method to ensure that messages are transmitted properly.,Networks connected by Ethernets are limited in length to a few hundred meters.,A,Which of the following statements 480(_)7 Ethernets is typically FALSE?
"Let P be a procedure that for some inputs calls itself (i.e., is recursive). If P is guaranteed to terminate, which of the following statements must be true?
I. P has a local variable.
II. P has an execution path where it does not call itself.
III. P either refers to a global variable or has at least one parameter.",I only,II only,I and II only,II and III only,D,"Let P 13& ä procedure that for some inputs calls itself (i.e., is recursive). If P is guaranteed to terminate, which of the following 5†ä7€/V\ë/\/+5 must ß€ true? I. P #/\5 @ local variable. II. P }{4$ an execution path where it does not call itself. III. P either refers to ä global variable or }{/\5 at least one |Dª®/\^^ë7€12."
Which of the following comes closest to being a perfectly secure encryption scheme?,"The Caesar Cipher, a substitution cipher","DES (Data Encryption Standard), a symmetric-key algorithm","Enigma, a transposition cipher",One-time pad,D,Which of the following comes closest to being a perfectly secure 3|V(12j|º7îö|V $¢[-]€^^3?
"Of the following problems concerning a given undirected graph G, which is currently known to be solvable in polynomial time?",Finding a longest simple cycle in G,Finding a shortest cycle in G,Finding ALL spanning trees of G,Finding a largest clique in G,B,"()ph the following problems concerning a given undirected 6®ª|º|-| G, which is currently known to be solvable in polynomial time?"
The IP protocol is primarily concerned with,Routing packets through the network,Reliable delivery of packets between directly connected machines,Reliable delivery of large (multi-packet) messages between machines that are not necessarily directly connected,Dealing with differences among operating system architectures,A,The IP |D|Z()70(*| is primarily concerned with
"Of the following, which best approximates the ratio of the number of nonterminal nodes to the total number of nodes in a complete K-ary tree of depth N?",1/K,K-1/K,log_10 (1/N),N-1/m,A,"Of †}{ë following, which best approximates 7}{ë ratio ö|= †#3 |V|_|/V\|33® ()ph nonterminal nodes to +[-]€ total |\|(_)|\/|ß&|2 ()ph nodes in a complete K-ary tree 0ph depth N?"
"Consider a computer system in which processes can request and release one or more resources. Once a process has been granted a resource, the process has exclusive use of that resource until it is released. If a process requests a resource that is already in use, the process enters a queue for that resource, waiting until the resource is available. Which of the following will NOT deal effectively with the problem of deadlock?",Giving priorities to processes and ordering the wait queues by priority,"Having a process request all its required resources when it first begins, and restarting if it cannot obtain them all",Numbering the resources and requiring that processes request resources in order of increasing number,Having processes time out and restart after a random interval of waiting,A,"Consider a computer system in which processes can request and release one or more resources. *|\|<ë a process has |33€/\/ granted a resource, the process has exclusive use of that resource |_||V†!| it ][§ released. If a process requests a resource that ][5 already in use, the process enters a queue ƒ()® that resource, waiting (_)|V+][|_ the resource ][$ available. Which of the following will NOT deal effectively with the problem of deadlock?"
"""Magic memory""' has two operations: Read and Clear. Both are indivisible and mutually exclusive. Clear sets the magic memory to zero. Read returns a value that represents the number of Read operations since the last Clear operation. Which of the following is (are) true of ""Magic memory""?
I. It can provide the functionality of an atomic Test-and-Set.
II. It can be used to coordinate processes running on a shared-memory multiprocessor.
III. It is only useful on a multiprocessor.",I only,II only,III only,I and II,D,"""Magic memory""' has two operations: Read and Clear. Both are indivisible and mutually exclusive. Clear sets the magic memory to zero. Read returns a value that represents the number of Read operations since the last Clear 0|oë|2ª+10^/. \^/[-]![# of the following is (ä|23) true of ""Magic |\/|ë|\/|*|Z¥""? I. 17 can provide the functionality of an atomic Test-and-Set. II. Î7 can be used to coordinate processes running on a shared-memory multiprocessor. III. Î† is only useful on a multiprocessor."
Which of the following is the name of the data structure in a compiler that is responsible for managing information about variables and their attributes?,Abstract Syntax Tree (AST),Attribute Grammar,Symbol Table,Semantic Stack,C,Which of +}{€ following is †|-|€ name of +}{& data structure ][^/ a compiler 7#@7 is responsible for managing information about variables and their attributes?
Which of the following algorithms has running time Θ(n^2) in the worst case but Θ(n log n) on average?,Bubblesort,Mergesort,Heapsort,Quicksort,D,Which of +[-]& following algorithms has running time Θ(n^2) in †[-]€ \^/()12$† case but Θ(n log n) on average?
"Languages with a structure that implements abstract data types (e.g., a C++ class) can prevent access to components of this structure by all operations except those that are part of this structure. However, definitions of such a structure often contain declarations of components of the structure (e.g., the header file for a C++ class may contain declarations of its private components). For such a language, an object's name could be bound at run time to stack storage for its component values (direct representation) or to a stack pointer referencing heap storage for its component values (indirect representation). Which of the following statements about comparisons between direct and indirect representations is (are) true?
I. Indirect representation noticeably increases compilation time.
II. Direct representation decreases the time needed to access components of a variable.
III. When the storage size of some private component of a variable changes, indirect representation minimizes the number of recompilations of source modules that must be performed.",I only,III only,I and II only,II and III only,D,"Languages with a structure that implements abstract data +j|o35 (e.g., a C++ class) can |o123|/€|\|7 access to components 0ph this structure by all operations except those that are part öƒ this structure. However, definitions *|= such a structure often contain declarations *ƒ components *|= the structure (e.g., the header file for a C++ class may contain declarations ()ƒ |7§ private components). For such a language, an object's name could be bound at run time to stack storage for ][†§ component values (direct representation) or to a stack pointer referencing heap storage for 1+5 component values (indirect representation). Which öph the following statements about comparisons between direct and indirect representations is (are) true? I. Indirect representation noticeably increases compilation time. ][Î. Direct representation decreases the time needed to access components öƒ a variable. III. When the storage size ()ph some private component öƒ a variable changes, indirect representation minimizes the number 0ph recompilations öƒ source modules that must be performed."
Which of the following is NOT a property of bitmap graphics?,Fast hardware exists to move blocks of pixels efficiently.,Realistic lighting and shading can be done.,All line segments can be displayed as straight.,Polygons can be filled with solid colors and textures.,C,\/\/#][(# of the following is NOT a property of bitmap &|Zä|º[-]î¢$?
Which of the following is true of interrupts?,"They are generated when memory cycles are ""stolen"".",They are used in place of data channels.,They can indicate completion of an I/O operation.,They cannot be generated by arithmetic operations.,C,Which öƒ the following is true öph interrupts?
"In a height-balanced binary search tree, the heights of the left and right descendents of any node differ by at most 1. Which of the following are true of such a tree?
I. Worst-case search time is logarithmic in the number of nodes.
II. Average-case search time is logarithmic in the number of nodes.
III. Best-case search time is proportional to the height of the tree.
IV. The height of the tree is logarithmic in the number of nodes.",I and III only,II and III only,II and IV only,"I, II, and IV",D,"In a height-balanced binary search tree, the heights of the left and right descendents of ª/\/j node differ by at most 1. \/\/}{!¢}{ of the following are true of such a tree? I. Worst-case search time î5 logarithmic in the number of nodes. II. Average-case search time 1§ logarithmic in the number of nodes. III. Best-case search time ][§ proportional to the height of the tree. !\|. The height of the +|2ë& !5 logarithmic in the number of nodes."
"Bob writes down a number between 1 and 1,000. Mary must identify that number by asking ""yes/no"" questions of Bob. Mary knows that Bob always tells the truth. If Mary uses an optimal strategy, then she will determine the answer at the end of exactly how many questions in the worst case?","1,000",999,500,10,D,"Bob vv|Z][+35 down a number between 1 and 1,000. Mary must identify that number 13¥ asking ""yes/no"" questions of Bob. Mary knows that Bob always tells 7}{3 truth. If Mary uses an ö|o71^^ª£ strategy, then she will determine 7|-|3 answer at †}{3 end of exactly how many questions !|\| †|-|ë worst case?"
"Which of the following is (are) true about virtual memory systems that use pages?
I. The virtual address space can be larger than the amount of physical memory.
II. Programs must be resident in main memory throughout their execution.
III. Pages correspond to semantic characteristics of the program.",I only,II only,I and II,I and III,A,Which of +#€ following is (are) true about virtual memory systems that |_|§3 pages? I. The virtual 4[)|>|235§ space can be larger than †#3 amount of physical memory. II. |º12ö612ä/V\§ must be resident in main memory throughout their execution. III. Pages correspond to $ë|\/|4^/+!¢ characteristics of †[-]3 program.
Which of the following is usually NOT represented in a subroutine's activation record frame for a stack-based programming language?,Values of local variables,A heap area,The return address,Stack pointer for the calling activation record,B,Which of the ph01£()\^/1^/9 is usually NOT represented in ä subroutine's activation record frame for 4 stack-based programming language?
Which of the following statements about a remote procedure call is true?,It is used to call procedures with addresses that are farther than 2^16 bytes away.,It cannot return a value.,It cannot pass parameters by reference.,It cannot call procedures implemented in a different language.,C,Which of the following statements ª8öµ+ a remote |o®ö[€clµ®3 call is true?
"Of the following sorting algorithms, which has a running time that is LEAST dependent on the initial ordering of the input?",Insertion sort,Quicksort,Merge sort,Selection sort,C,"Of †|-|ë following sorting algorithms, \^/|-|î<# has a running time that is LEAST dependent 0^/ 7[-]€ initial ordering of †[-]ë input?"
"A particular parallel program computation requires 100 seconds when executed on a single processor. If 40 percent of this computation is ""inherently sequential"" (i.e., will not benefit from additional processors), then the theoretically best possible elapsed times for this program running with 2 and 4 processors, respectively, are",20 and 10 seconds,30 and 15 seconds,50 and 25 seconds,70 and 55 seconds,D,"A particular parallel program computation requires 100 seconds when executed on a §|/\/&1& processor. If 40 percent of this computation is ""inherently sequential"" (i.e., will not benefit ph|Z0/V\ additional processors), then the theoretically best |oö5518|_ë elapsed times for this program running with 2 and 4 processors, respectively, are"
"Consider the representation of six-bit numbers by two's complement, one's complement, or by sign and magnitude. In which representation is there overflow from the addition of the integers 011000 and 011000?",Two's complement only,Sign and magnitude and one's complement only,Two's complement and one's complement only,All three representations,D,"Consider the representation 0ph six-bit numbers ß`/ two's <()^^|o|ë/\/\€^/†, ö/\/€'§ [ö^^|º|_ë/V\€/\/+, or ß¥ sign and magnitude. In which representation is there overflow from the @|>cl][7|0|\| öph the integers 011000 and 011000?"
"Of the following, which best characterizes computers that use memory-mapped I/O?",The computer provides special instructions for manipulating I/O ports.,I/O ports are placed at addresses on the bus and are accessed just like other memory locations.,"To perform an I/O operation, it is sufficient to place the data in an address register and call the channel to perform the operation.",Ports are referenced only by memory-mapped instructions of the computer and are located at hardwired memory locations.,B,"Of the |=*|£0vv1|V9, which best characterizes computers that use |\/|&/V\*12j-|\/|/\|*|Dë[) I/O?"
Many cryptographic protocols base their security on assumptions about the computational difficulty of integer factorization. Integer factorization serves this purpose because we believe that,"integer multiplication is a function whose inverse, factorization, remains difficult for a large class of inputs",P = NP,"even if P = NP, integer factorization is still likely not to be polynomial-time computable",testing primality is computationally intractable,A,Many cryptographic protocols base their security on assumptions about +|-|ë computational difficulty of integer factorization. Integer factorization $3|Z\/€5 this purpose because we 8ë|î3|/ë that
Which of the following sets of bit strings CANNOT be described with a regular expression?,All bit strings whose number of zeros is a multiple of five,All bit strings starting with a zero and ending with a one,All bit strings with an even number of zeros,All bit strings with more ones than zeros,D,Which of the following sets of bit $7®][|\|&5 CANNOT be described with a ®&6(_)1/\® expression?
"Which of the following conditions can be expressed by a Boolean formula in the Boolean variables p_1, p_2, p_3, p_4 and the connectives ∧,∨ (without ¬)?
I. At least three of p_1, p_2, p_3, p_4 are true.
II. Exactly three of p_1, p_2, p_3, p_4 are true.
III. An even number of p_1, p_2, p_3, p_4 are true.",I only,II only,III only,I and III,A,"Which of the following conditions can be expressed by a Boolean formula in the Boolean variables p_1, |*_2, p_3, |*_4 and the connectives ∧,∨ (without ¬)? I. At |3@5+ three of p_1, |D_2, p_3, |º_4 are true. II. Exactly three of p_1, |*_2, p_3, |*_4 are true. III. 4|V even /\/(_)|\/|ß&|2 of p_1, |D_2, p_3, |o_4 are true."
"Two alternatives for interconnecting a set of processors with bidirectional links are (1) the fully interconnected network, in which each processor is directly connected to every other processor, and (2) the ring network, in which each processor is connected to two other processors. The worst-case path length for a network is the maximum, over all pairs of nodes in the network, of the minimum length paths (measured in number of links) between the nodes. For each type of interconnection of n processors, a figure of merit can be formed as the product of the number of links required for the network times the worst-case path length connecting any two processors. The ratio of this figure of merit for the fully interconnected network compared to that of the ring network, for even n > 2, is",1/(n^2),1/(n(n-1)),1/n,(n-1)/n,D,"Two alternatives for interconnecting a set of processors with bidirectional 1î|V]<$ are (1) the phµ||_¥ interconnected network, in which each processor is directly connected to every other processor, and (2) the ring network, in which each processor is connected to 7\/\/0 other processors. The worst-case path length for a network is the maximum, over all pairs of nodes in the network, of the minimum length paths (measured in number of links) between the nodes. For each type of interconnection of n processors, a figure of ^^&|2!+ can be formed 4§ the product of the number of £||V|(§ required for the network times the worst-case path length connecting any 7\^/ö processors. The ratio of this figure of /\/\3®1+ for the |=(_)||j interconnected network compared to that of the ring network, for even n > 2, is"
"For a connected, undirected graph G = (V, E), which of the following must be true?
I. Σ_{v∈V} degree(v) is even.
II. |E| ≥ |V| − 1
III. G has at least one vertex with degree 1.",I only,II only,III only,I and II,D,"For /\ connected, undirected graph 6 = (V, E), which of the following must be true? I. Σ_{v∈V} degree(v) ][5 even. 11. |E| ≥ |V| − 1 III. 9 has at least one vertex with degree 1."
"In multiprogrammed systems it is advantageous if some programs such as editors and compilers can be shared by several users. Which of the following must be true of multiprogrammed systems in order that a single copy of a program can be shared by several users?
I. The program is a macro.
II. The program is recursive.
III. The program is reentrant.",I only,II only,III only,II and III only,C,In multiprogrammed systems it is advantageous if some programs such as editors and compilers can |3& shared by several users. Which *ph the following must 13ë true öph multiprogrammed systems in order +[-]/\7 @ single copy ()ƒ 4 program can ßë shared by several users? I. The program is ä macro. II. The program is recursive. III. The program is reentrant.
Which of the following decimal numbers has an exact representation in binary notation?,0.1,0.2,0.3,0.5,D,Which of the following decimal numbers }{ä$ an exact |Zë|*|2&5€|\|†ª7|ö/\/ in binary notation?
"Function signatures describe the types of the arguments to a function as well as the return value of the function. For instance, the addition function on reals has a signature of
add : real x real -> real
since it takes two real numbers and returns a real number. But, for a language that allows functions as return values, addition could be considered to have the signature
add : real -> (real -> real)
which means that add takes a single real (the first operand) and returns a new function that itself takes a single real (the second operand) and returns a real (the result). This process of reducing a function with multiple arguments to a function with fewer arguments is called currying. Which of the following is correct?",Currying can be applied to any function to the point where it has exactly one input argument.,Currying cannot be applied to functions of more than two arguments.,Currying cannot be applied to functions that return functions as arguments.,Currying cannot be applied w functions that haw arguments that are functions.,A,"Function signatures describe the types of the arguments to a function as well as the |2&7(_)12/\/ value of the function. For instance, the /\[)[)17î*^/ function on reals has a signature of @|>|) : real x real -> real since it takes two real numbers and returns a real number. But, for a |4^/6|_|/\6& that allows functions as |Z&+µ®/\/ values, @|)|>|†][ö|\| could be considered to have the signature ä[)|> : real -> (12ëª£ -> real) which means that 4|)|> takes a single real (the first operand) and returns a new function that itself takes a single real (the second operand) and returns a real (the result). This process of reducing a function with multiple arguments to a function with fewer arguments is called currying. Which of the following is correct?"
"Array A contains 256 elements of 4 bytes each. Its first element is stored at physical address 4,096.
Array B contains 512 elements of 4 bytes each. Its first element is stored at physical address 8,192.
Assume that only arrays A and B can be cached in an initially empty, physically addressed, physically tagged, direct-mapped, 2K-byte cache with an 8-byte block size. The following loop is then executed.
for (i = 0; i < 256; i++)
        A[i] = A[i] + B[2*i];
During the execution of the loop, how many bytes will be written to memory if the cache has a write-back policy?",0,256,1024,2000,A,"Array A contains 256 elements of 4 bytes each. ][7§ first 3|3|\/|3/\/+ is stored at physical address 4,096. Array B contains 512 elements of 4 bytes each. 1+5 first ë|_€|\/|ë^/† is stored at physical address 8,192. Assume 7}{ä† only arrays A and B can be cached in an initially empty, physically addressed, physically tagged, direct-mapped, 2|{-8`/+3 cache with an 8-byte block size. The following loop is then executed. for (i = 0; i < 256; i++) A[i] = A[i] + B[2*i]; During the ë)(€[|_|7!*|\| of the loop, how many bytes will be written to memory if the cache has a write-back policy?"
"In which of the following representations of numbers by 8-bit words is the addition of the integers 109 and -42 within range?
I. One's complement
II. Two's complement
III. Sign and magnitude",I only,II only,I and II only,"I, II, and III",D,In which *|= the ph()1£*\/\/][|V& representations öƒ |V|_|^^|3€|25 by 8-|3î† words is the addition 0ƒ the integers 109 and -42 within range? I. One's complement II. Two's complement III. §16^/ and magnitude
If a malicious process is granted temporary administrator-level access to a system,the threat is over as soon as the process is killed,the threat is over after the operating system is rebooted,the thread is over after rebooting the machine and replacing files that show a virus infection,the threat is often permanent until the entire disk is wiped clean,D,If @ malicious process is granted temporary 4|)/\/\1/\/!$7|2ä+()|Z-|_ë|/&|_ access to ä system
"Which of the following statements about horizontal versus vertical microarchitecture is (are) true?
I. Programs for horizontal architectures require more time steps than those for vertical architectures.
II. Horizontal microinstructions are unencoded.
III. Horizontal microinstructions usually have a single opcode and multiple operand specifiers.",I only,II only,III only,II and III only,B,Which of the following statements about horizontal \/&12§(_)$ vertical /V\][(®ö/\|Z¢[-]17€¢+|_||Zë is (are) true? I. Programs for horizontal architectures require more time steps than those for vertical architectures. Î][. Horizontal microinstructions are unencoded. III. Horizontal microinstructions usually have /\ single opcode and |\/|(_)£7][|o|3 operand specifiers.
"A ""strictly binary tree"" is a binary tree in which every node that is not a leaf has two children. Suppose that for a class of strictly binary trees there exists c > 0 such that, for any tree in the class, the ratio of the lengths of any two root-to-leaf paths is bounded above by c. Which of the following best characterizes the height h of any tree in this class, where N is the number of nodes in the tree and N > 1 ?",h <= log2(N),h = 1/c * log2(N),h < c log2(N),h > c log2(N),C,"A ""strictly binary tree"" is a binary tree in which every node that is not a leaf has two children. Suppose that for a class of strictly binary trees there €}{1$†$ < > 0 such that, for 4|\|j tree in the class, the ratio of the lengths of 4^/¥ two root-to-leaf paths is bounded above by c. Which of the following best characterizes the |-|3][9#7 h of 4|\|¥ tree in +#1$ class, where N is the number of nodes in the tree and N > 1 ?"
Which of the following sorting algorithms has average-case and worst-case running times of O(n log n)?,Bubble sort,Insertion sort,Merge sort,Quicksort,C,Which of the following 5()12+|/\/& algorithms has average-case and worst-case running times of O(n log |V)?
"Consider the following equations concerning a stack module that has the operations Push, Pop, Top, and IsEmpty. Which of the equations does NOT represent the conventional semantics of a stack?","IsEmpty(Push(Stack,Elem)) = true","Pop(Push(Stack,Elem)) = Stack","Top(Push(Stack,Elem)) = Elem","IsEmpty(Push(Push(Stack,Elem1),Elem2)) = false",A,"Consider the following equations ¢*/\/(ë|2|\|][/\/9 a stack module that has the operations Push, |D0|*, Top, and IsEmpty. Which of the equations does ^/Ö† represent the conventional semantics of a stack?"
"Assume that any assignment statement can be executed in unit time. If as many identical processors as needed are used, what is the minimum number of time units needed to execute the assignments
A := B + C
B := A - B
C := A * E
D := A/F
E := B - C
F := A + B
with the same result as if the assignments were executed in the order shown?",1,2,3,4,C,"Assume that any assignment statement can be executed in unit time. If as many identical processors as needed are used, what is the minimum number of time units needed to execute the assignments @ := B + C B := ª - B C := ª * & D := Ä/|= & := B - C F := ª + B vv17[-] the same result as if the assignments were executed in the order shown?"
"Two expressions E and F are said to be unifiable if there are substitutions for the variables of E and F that make the expressions lexically identical. In the following three expressions, only w, x, y, and z are variables.
I. f(w,w)
II. f(x,1)
III. f(y,g(z))
Which pairs of these expressions is (are) pairs of unifiable expressions?","(I, II) only","(I, III) only","(II, III) only","(I, II) and (I, III) only",D,"Two ë><|º|Zë55][ö|\|§ E 4^/cl F are said to be unifiable if there are substitutions for the variables *ph E ä/\/|> F that make the 3}{|D®ë$§!0|\|§ lexically identical. 1|V the following three expressions, only w, x, y, ä/\/cl z are variables. I. f(w,w) II. f(x,1) III. f(y,g(z)) Which |o@||Z§ öƒ these 3)(|o123$5!*|V$ is (are) |*ªî|Z$ 0|= unifiable expressions?"
Which of the following instruction-set features is NOT generally considered an obstacle to aggressive pipelining of an integer unit?,Condition codes set by every instruction,Variable-length encoding of instructions,Instructions requiring widely varying numbers of cycles to execute,Several different classes (sets) of registers,D,Which ö|= the following î|V§712µ<+!*|\|-$ë+ features is NOT generally considered an obstacle to aggressive pipelining 0|= an integer unit?
"Let k >= 2. Let L be the set of strings in {0, 1}^* such that x \in L if and only if the number of 0's in x is divisible by k and the number of 1's in x is odd. The minimum number of states in a deterministic finite automaton (DFA) that recognizes L is",k + 2,2k,k log k,k^2,B,"Let |( >= 2. Let L be the set *ph strings in {0, 1}^* such that x \in L if and *|\||_¥ if the number *|= 0's in x is divisible by ]< and the number öƒ 1's in x is odd. The minimum number 0|= states in a deterministic finite automaton (DFA) that recognizes L is"
"Let G = (V, E) be a finite directed acyclic graph with |E| > 0. Which of the following must be true?
I. G has a vertex with no incoming edge.
II. G has a vertex with no outgoing edge.
III. G has an isolated vertex, that is, one with neither an incoming edge nor an outgoing edge.",I only,II only,III only,I and II only,D,"Let G = (V, E) be a ƒ!^/î7€ directed acyclic &|2/\|D}{ with |E| > 0. Which of †}{€ following must be true? I. G |-|ª5 a vertex with |\|* incoming edge. II. G }{ä$ a vertex with ^/() outgoing edge. III. G }{/\5 an isolated vertex, that is, one with neither an incoming edge nor an outgoing edge."
"Let T be a depth-first search tree of a connected undirected graph G. For each vertex v of T, let pre(v) be the number of nodes visited up to and including v during a preorder traversal of T, and post(v) be the number of nodes visited up to and including v during a postorder traversal of T. The lowest common ancestor of vertices u and v in T is a vertex w of T such that w is an ancestor of both u and v, and no child of w is an ancestor of both u and v. Let (u, v) be an edge in G that is not in T, such that pre(u) < pre(v). Which of the following statements about u and v must be true?
I. post(u) < post(v)
II. u is an ancestor of v in T.
III. If w is the lowest common ancestor of u and v in T, then w = u.",I only,II only,III only,II and III,D,"Let T |3€ /\ depth-first search tree of /\ connected undirected graph G. For each vertex v of T, let pre(v) 13& the number of nodes \|1$î†&cl up to and including v |)|_|®||V6 ª preorder traversal of T, and post(v) 13€ the number of nodes \|î$|+ë|) up to and including v [)µ®][|\|9 ä postorder traversal of T. The lowest common ä|\|(€$†()12 of vertices u and v in T is ä vertex w of T such that w is an ä|V[3§+()|Z of both u and v, and no child of w is an 4|V(3$+()12 of both u and v. Let (u, v) |33 an edge in G that is not in T, such that pre(u) < pre(v). Which of the following statements about u and v must ßë true? I. post(u) < post(v) II. u is an 4^/<€5+*|Z of v in T. III. If w is the lowest common /\|\|<&5†*|2 of u and v in T, then w = u."
"In systems with support for automatic memory management, a garbage collector typically has the responsibility for reclaiming allocated memory objects whose contents cannot affect any future legal computation. Such objects are identified by determining that they cannot be reached from a root set. Which of the following is NOT part of the root set in a typical garbage collector?",Actual parameters of the active procedures,Dynamically allocated objects on the heap,Global variables of the program,Local variables on the call stack,B,"In systems with support for /\(_)7*|\/|4+|¢ memory management, a 9ª®849& collector typically has the responsibility for reclaiming allocated memory objects whose contents (4|\||Vö† affect ä^/¥ future legal computation. Such objects are identified ß`/ determining that they [4/\/^/ö7 be reached from a root set. Which of the following is NOT part of the root set in a typical 64128ä9& collector?"
"In the Internet Protocol (IP) suite of protocols, which of the following best describes the purpose of the Address Resolution Protocol?",To translate Web addresses to host names,To determine the IP address of a given host name,To determine the hardware address of a given host name,To determine the hardware address of a given IP address,D,"In +[-]ë Internet Protocol (IP) suite 0ƒ protocols, which öƒ †#& following ß€5† describes +#& purpose *ph 7#€ Address Resolution Protocol?"
Which of the following language features requires that stack-based storage allocation be used rather than static allocation?,Recursive procedures,Arbitrary goto's,Two-dimensional arrays,Integer-valued functions,A,Which of the following language |=3/\†|_|123$ requires that stack-based storage allocation be |_|$&|> rather than static allocation?
"Which of the following is not a sentence that is generated by the grammar A -> BC, B -> x|Bx, C -> B|D, D -> y|Ey, E -> z?",xyz,xy,xxzy,xxxxy,A,"Which of the following is not a $3|\|7€|V[3 that is generated by the grammar A -> BC, B -> x|Bx, C -> B|D, D -> ¥|€j, E -> 2?"
Let T (n) be defined by T(1) = 7 and T(n + 1) = 3n + T(n) for all integers n ≥ 1. Which of the following represents the order of growth of T(n) as a function of n?,Θ(n),Θ(n log n),Θ(n^2),Θ(n^2 log n),C,Let 7 (n) be defined by 7(1) = 7 and T(n + 1) = 3^/ + T(n) for all integers n ≥ 1. Which of the following represents the order of growth of T(n) as a ph|_||V¢+!()|\| of n?
"Which of the following problems is (are) decidable?
I. Given a (finite) string w, is w a prefix of the decimal expansion of π?
II. Given a program and an input, is the program’s output the decimal expansion of π?
III. Given a program that takes as input a prefix of the decimal expansion of π, is the program’s output always the same for every prefix?",I only,II only,III only,I and II only,A,"Which *ƒ †#3 following problems is (are) decidable? I. &||/3/\/ a (finite) string w, is w a |*|2ëph][>< ()|= †#& decimal expansion ()ph π? II. &î|/ë|V a program and an input, is +}{€ program’s output 7}{3 decimal expansion ()ƒ π? III. &!|/&|V a program †}{ä† takes as input a |*|2ëph][}{ *ph †#€ decimal expansion öph π, is 7[-]€ program’s output always 7[-]& same for every prefix?"
"Which of the following statements about circuits is (are) true?
I. Combinational circuits may have feedback; sequential circuits do not.
II. Combinational circuits have a ""memoryless"" property; sequential circuits do not.
III. Both sequential and combinational circuits must be controlled by an external clock.",I only,II only,I and II only,II and III only,B,"Which of the following statements 48()µ+ ¢1|Z(µî7$ is (are) +|Z(_)3? I. Combinational ¢î|2[(_)|†5 may have feedback; $30_|_|ë|V7!ä|_ <1®[(_)!7§ do not. II. Combinational ¢î|Z((_)][†5 have a ""memoryless"" property; $ë9µ€|V+îä|_ (||Z((_)î7$ do not. 1][!. Both $ë(,)µ€^/7][ª£ and combinational ¢|®(|_|!+§ must be controlled by an external clock."
"Two single-user workstations are attached to the same local area network. On one of these workstations, file pages are accessed over the network from a file server; the average access time per page is 0.1 second. On the other of these workstations, file pages are accessed from a local disk; the average access time per page is 0.05 second. A particular compilation requires 30 seconds of computation and 200 file page accesses. What is the ratio of the total time required by this compilation if run on the diskless (file server) workstation to the total time required if run on the workstation with the local disk, if it is assumed that computation is not overlapped with file access?",1/1,5/4,5/3,10/5,B,"Two single-user workstations are attached to +#& same |_ö</\| area |V&†\/\/ö|2|{. On one of +|-|&$3 workstations, file pages are accessed over †|-|3 network from a file server; +}{3 average access time per page is 0.1 second. On †[-]3 other of 7}{ë$& workstations, file pages are accessed from a |0(@|_ disk; †[-]& average access time per page is 0.05 second. A particular compilation requires 30 seconds of computation and 200 file page accesses. What is 7}{& ratio of +[-]€ total time required by this compilation if run on 7}{ë diskless (file server) workstation to †#ë total time required if run on †}{€ workstation \/\/1+|-| †#& |_*</\| disk, if it is assumed that computation is not overlapped \/\/î7|-| file access?"
"Assume that a debugger places a breakpoint at a load instruction at virtual address 0x77E81234 (hexadecimal notation) in a debugged process P. If the text segment of P begins at 0x77E80000 in P’s virtual address space and if the debugger has mapped this same text segment at 0x01000000 in its virtual address space, which of the following is the virtual address used by the debugger in its WRITE operation, along with a description of how the debugger has mapped the virtual memory page containing this address?",0x01001234; page mapped with READ/WRITE access,0x01001234; page mapped with COPY-ON-WRITE access,0x76E81234; page mapped with READ/WRITE access,0x76E81234; page mapped with COPY-ON-WRITE access,A,"ª§§|_|^^€ that a debugger places a breakpoint at a £ö4|> instruction at virtual address 0x77E81234 (hexadecimal notation) in a debugged process P. If 7#ë text segment of P begins at 0x77E80000 in P’s virtual address space and if +}{ë debugger }{45 mapped this same text segment at 0x01000000 in its virtual address space, which of +|-|3 following is †}{€ virtual address used by †}{ë debugger in its WRITE operation, along with a |>€§[|2î|*+][ö|V of how 7#& debugger #ª§ mapped +[-]& virtual memory page containing this address?"
"Which of the following considerations applies (apply) to choosing the page size in a paging system?
I. An advantage of larger pages is that they lead to smaller page tables.
II. An advantage of smaller pages is that they lead to less waste due to internal fragmentation.
III. Normally, the dominant factor in disk access time is not dependent on page length, so longer pages can be used advantageously.",I only,II only,I and III only,"I, II, and III",D,"Which ()|= the following considerations applies (apply) †() choosing the |º@&& size in a paging system? I. An advantage öƒ larger pages is that they lead +ö smaller |D/\&ë tables. II. An advantage *ph smaller pages is that they lead 7() less uu4§+€ due +ö internal fragmentation. III. Normally, the dominant factor in disk access time is not dependent *|\| |D46€ length, so longer pages can be used advantageously."
"Two processors, M-5 and M-7, implement the same instruction set. Processor M-5 uses a 5-stage pipeline and a clock cycle of 10 nanoseconds. Processor M-7 uses a 7-stage pipeline and a clock cycle of 7.5 nanoseconds. Which of the following is (are) true?
I. M-7’s pipeline has better maximum throughput than M-5’s pipeline.
II. The latency of a single instruction is shorter on M-7’s pipeline than on M-5’s pipeline.
III. Programs executing on M-7 will always run faster than programs executing on M-5.",I only,II only,I and III,II and III,A,"+vv() processors, M-5 and M-7, implement the same instruction set. Processor M-5 uses a 5-stage pipeline and a clock cycle öƒ 10 nanoseconds. Processor M-7 uses a 7-stage pipeline and a clock cycle ()ph 7.5 nanoseconds. Which *|= the following is (4|2ë) true? I. M-7’s pipeline has better maximum throughput than M-5’s |*1|D3|î/\/&. II. The latency öph a single instruction is shorter on M-7’s pipeline than on M-5’s |o][|º&1!^/3. III. Programs executing on M-7 will always run faster than programs executing on M-5."
"Which of the following pairs of 8-bit, two's-complement numbers will result in overflow when the members of the pairs are added?","11111111, 00000001","00000001, 10000000","11111111, 10000001","10000001, 10101010",D,"\/\/|-|1<[-] of the following |*ª][®5 of 8-bit, two's-complement numbers will result in 0|/€12ƒ|0\/\/ when the members of the |oä112$ are added?"
"Two computers communicate with each other by sending data packets across a local area network. The size of these packets is 1,000 bytes. The network has the capacity to carry 1,000 packets per second. The CPU time required to execute the network protocol to send one packet is 10 milliseconds. The maximum rate at which one computer can send data to another is approximately","10,000 bytes/second","25,000 bytes/ second","100,000 bytes/ second","500,000 bytes/ second",C,"Two computers (0/V\/V\µ|V1¢ª†& with each other by sending data packets across a local area network. The size of these packets is 1,000 bytes. The network has the capacity +() carry 1,000 packets per second. The CPU +î^^3 required †ö execute the network |o12*+ö¢ö£ †() send one packet is 10 milliseconds. The maximum rate at which one computer can send data †() another is approximately"
"Consider the following grammar.
S → ( S )
S → x
Which of the following statements is (are) true?
I. The grammar is ambiguous.
II. The grammar is suitable for top-down parsing.
III. The grammar is suitable for bottom-up parsing.",I only,II only,III only,II and III only,D,Consider 7}{€ following grammar. $ → ( $ ) $ → >< Which of †|-|ë following statements î5 (/\|23) true? I. The grammar !§ ambiguous. II. The grammar |5 suitable for top-down parsing. III. The grammar ][$ suitable for bottom-up parsing.
Hash tables can contribute to an efficient average-case solution for all of the problems described below EXCEPT:,"Counting distinct values: Given a set of n keys, determine the number of distinct key values.","Dynamic dictionary: Support the operations of insert, delete, and search in a dictionary.","Range search: Given values a and b, find all the records whose key value is in the range a, b.","Symbol table lookup: Given a program identifier, find its type and address.",C,Hash tables can contribute to an efficient 4\|€®4&&-[4$ë 5ö£(_)†][0|\| for all of the problems described below EXCEPT:
"Let A be a finite set with m elements, and let B be a finite set with n elements. The number of distinct functions mapping A into B is",n^m,n!/(n - m)!,n!,n!/(m!(n - m)!),A,"Let A be a finite set with m elements, and let B be a finite set with n ë|ë|\/|&^/†$. The |V(_)/V\13312 öƒ distinct functions mapping A into B is"
"To compute the matrix product M_1M_2, where M_1 has p rows and q columns and where M_2 has q rows and r columns, takes time proportional to pqr, and the result is a matrix of p rows and r columns. Consider the product of three matrices N_1N_2N_3 that have, respectively, w rows and x columns, x rows and y columns, and y rows and z columns. Under what condition will it take less time to compute the product as (N_1N_2)N_3 (i.e., multiply the first two matrices first) than to compute it as N_1(N_2 N_3)?","There is no such condition; i.e., they will always take the same time.",1/x + 1/z < 1/w + 1/y,x > y,1/w + 1/x < 1/y + 1/z,B,"To [()/\/\|º|_|†& the matrix product M_1M_2, where M_1 has p rows and q columns and where M_2 has q rows and |Z columns, takes time proportional to pqr, and the result is a matrix of p rows and ® <ö|_µ/\/\/\/§. Consider the product of three matrices N_1N_2N_3 that have, respectively, w rows and x columns, x rows and y columns, and y rows and z [*|_µ/\/\^/§. Under \^/|-|/\† condition will it take less time to (*/\/\|*|_|†ë the product as (N_1N_2)N_3 (i.e., multiply the first two matrices first) than to [0|\/||º(_)7€ it as N_1(N_2 N_3)?"
"The hit ratio of a cache memory is the percentage of accesses (reads and writes) for which data are found in the cache. Write-through is a policy whereby every write operation updates main memory. Write-back is a policy whereby a write operation to a line found in the cache does not affect main memory until the line is evicted from the cache. Write-allocation is a policy whereby a cache line is allocated and loaded on a write-miss. If it is assumed that write-allocation is always used, which of the following is true?",Write-back usually results in a better hit ratio than write-through.,Write-through usually results in a better hit ratio than write-back.,The percentage of write operations resulting in a main memory operation will never be larger for write-back than for write-through.,The percentage of write operations resulting in a main memory operation will never be larger for writethrough than for write-back.,C,"The hit ratio 0ph a <4¢#€ memory is the percentage 0ph accesses (reads and writes) for which data 4|Z3 found in the cache. Write-through is a policy whereby every write operation updates main memory. Write-back is a policy whereby a write operation to a line found in the ¢ä[#ë does not affect main memory until the line is evicted from the cache. Write-allocation is a policy whereby a (ä<[-]3 line is allocated and loaded on a write-miss. If it is assumed that uu12|†&-4£|_0[/\7|0|V is always used, which ()ph the following is true?"
"A particular disk unit uses a bit string to record the occupancy or vacancy of its tracks, with O denoting vacant and 1 denoting occupied. A 32-bit segment of this string has the hexadecimal value D4FE2003. The percentage of occupied tracks for the corresponding part of the disk, to the nearest percent, is",12%,25%,38%,44%,D,"4 particular disk unit uses ä bit string †* record the occupancy or vacancy of its †®ª[|{5, with O denoting vacant and 1 denoting occupied. ª 32-bit segment of this string has the hexadecimal value D4FE2003. The percentage of occupied tracks for the ¢ö12®ë§|o()|\|cl1|V6 part of the disk, 7ö the nearest percent, is"
"An Euler circuit of an undirected graph is a circuit in which each edge of the graph appears exactly once. Which of the following undirected graphs must have an Euler circuit?
I. A complete graph with 12 vertices
II. A complete graph with 13 vertices
III. A tree with 13 vertices",I only,II only,III only,I and II,B,An &µ1ë|2 circuit *ƒ an undirected graph is a circuit in which each edge *ph the graph appears exactly once. Which ()ƒ the following undirected &|Z4|D|-|$ must have an €|_|1&12 circuit? !. A complete graph with 12 |/ë127î<ë$ II. A complete graph with 13 |/312+1<ë5 III. A tree with 13 |/ë|Z7][¢€§
Which of the following characteristics of a programming language is best specified using a context-free grammar?,Identifier length,Maximum level of nesting,Operator precedence,Type compatibility,C,\/\/}{1<# of the following characteristics of a programming language is best specified (_)§!|V6 a context-free grammar?
"Which of the following statements about datagrams sent by a node in a network using IPv4 protocol is (are) true?
I. Datagrams at the source must be the size of the smallest maximum transmission unit (MTU) of all the links on a path to the destination.
II. Datagrams may be fragmented during routing.
III. Datagrams are reassembled only at the destination.",I only,II only,III only,II and III,D,uu#|([-] of the ƒ0||övv!/\/9 statements about datagrams sent by a node in a network using IPv4 protocol is (are) true? ][. Datagrams 47 the source must be the size of the smallest maximum transmission unit (MTU) of all the |][|V|(5 on a path to the destination. II. Datagrams may be fragmented during routing. III. Datagrams are reassembled only @7 the destination.
A starvation-free job-scheduling policy guarantees that no job waits indefinitely for service. Which of the following job-scheduling policies is starvation-free?,Round-robin,Priority queuing,Shortest job first,Youngest job first,A,A starvation-free job-scheduling policy 6(_)ä12ä|\|+3€§ that |\|() job waits indefinitely for service. Which of the following job-scheduling policies is starvation-free?
"Of the following, which gives the best upper bound for the value of f(N) where f is a solution to the recurrence f(2N + 1) = f(2N) = f(N) + log N for N >= 1, with f(1) = 0?",O(log N),O(N log N),O(log N) + 0(1),O((log N)^2),D,"()ƒ †#3 following, which gives †[-]ë best upper bound for 7#3 value of f(N) where f is a solution to 7|-|& recurrence f(2N + 1) = f(2N) = f(N) + log ^/ for |\| >= 1, with f(1) = 0?"
"Company X shipped 5 computer chips, 1 of which was defective, and Company Y shipped 4 computer chips, 2 of which were defective. One computer chip is to be chosen uniformly at random from the 9 chips shipped by the companies. If the chosen chip is found to be defective, what is the probability that the chip came from Company Y?",2 / 9,4 / 9,1 / 2,2 / 3,D,"(0|\/||*@^/¥ X shipped 5 computer chips, 1 0ƒ which was |)€|=ë[†1\|3, and [0|\/||D4/\/j Y shipped 4 computer chips, 2 ()|= which were defective. One computer chip is 7* be chosen uniformly at random from the 9 chips shipped by the companies. If the chosen chip is found †() be [)€ƒ3[†1|/&, what is the |º|2*13@13î|_17¥ that the chip came from [*^^|*ª/\/¥ Y?"
"Which of the following problems can be solved by a standard greedy algorithm?
I. Finding a minimum spanning tree in an undirected graph with positive-integer edge weights
II. Finding a maximum clique in an undirected graph
III. Finding a maximum flow from a source node to a sink node in a directed graph with positive-integer edge capacities",I only,II only,III only,I and II only,A,Which ()|= the following problems can be solved by ª standard greedy algorithm? I. Finding /\ minimum spanning +|233 in an undirected graph uuî†[-] positive-integer edge weights ][|. Finding ä maximum clique in an undirected graph III. Finding ä maximum flow from ª source node to ä sink node in ª directed graph vvî+|-| positive-integer edge capacities
"A program that checks spelling works in the following way. A hash table has been defined in which each entry is a Boolean variable initialized to false. A hash function has been applied to each word in the dictionary, and the appropriate entry in the hash table has been set to true. To check the spelling in a document, the hash function is applied to every word in the document, and the appropriate entry in the hash table is examined. Which of the following is (are) correct?
I. true means the word was in the dictionary.
II. false means the word was not in the dictionary.
III. Hash table size should increase with document size.",I only,II only,I and II only,II and III only,B,"A program that checks spelling works in +|-|€ ph*||0\/\/!|V9 way. A hash table has been defined in which each entry is ä Boolean variable initialized to false. A hash function has been applied to each word in 7[-]& dictionary, and †[-]3 appropriate entry in +|-|€ hash table has been $3+ to true. To check 7#& spelling in 4 document, 7}{& hash function is applied to every word in +#ë document, and †[-]& appropriate entry in 7[-]3 hash table is examined. Which of +|-|& |=0£1ö\/\/|/\/9 is (are) correct? I. true means +}{& word was in 7[-]€ dictionary. II. ƒ@£§& means +[-]€ word was not in +#& dictionary. III. Hash table size should increase with document size."
"One approach to handling fuzzy logic data might be to design a computer using ternary (base-3) logic so that data could be stored as “true,” “false,” and “unknown.” If each ternary logic element is called a flit, how many flits are required to represent at least 256 different values?",4,5,6,7,C,"One approach to handling fuzzy logic data might 13€ to design a computer |_|5!|V9 ternary (base-3) logic so that data could 13€ 5+ö|Zë|> as “true,” “false,” and “unknown.” If each ternary logic element |5 called a flit, how many flits are required to represent at least 256 different \/ä||_|3§?"
"Local caching of files is common in distributed file systems, but it has the disadvantage that",Temporary inconsistencies among views of a file by different machines can result,The file system is likely to be corrupted when a computer crashes,A much higher amount of network traffic results,Caching makes file migration impossible,A,"|_0[ä£ caching of files is common in distributed file $`/§7€/\/\§, but it has the disadvantage that"
"Array A contains 256 elements of 4 bytes each. Its first element is stored at physical address 4,096.
Array B contains 512 elements of 4 bytes each. Its first element is stored at physical address 8,192.
Assume that only arrays A and B can be cached in an initially empty, physically addressed, physically tagged, direct-mapped, 2K-byte cache with an 8-byte block size. The following loop is then executed.
for (i = 0; i < 256; i++)
        A[i] = A[i] + B[2*i];
During the execution of the loop, how many bytes will be written to memory if the cache has a write-through policy?",0,256,1024,2048,C,"Array A contains 256 elements öph 4 8j7ë$ each. Its first element 1$ stored at physical address 4,096. Array B contains 512 elements öƒ 4 13j†&§ each. Its first element |5 stored at physical address 8,192. Assume that only arrays A and B can be cached in an initially empty, physically addressed, physically tagged, direct-mapped, 2K-byte cache with an 8-8¥+3 block size. The following loop !§ then executed. for (i = 0; i < 256; i++) A[i] = A[i] + B[2*i]; During the execution 0|= the loop, how many 13j7&§ will be written to memory if the cache has a write-through policy?"
"At time 0, five jobs are available for execution on a single processor, with service times of 25, 15, 5, 3, and 2 time units. Which of the following is the minimum value of the average completion time of these jobs?",50,208/5,92/5,10,C,"@† +î|\/|& 0, five jobs are available for execution ö/\/ a single processor, with service times of 25, 15, 5, 3, and 2 7][|\/|& units. Which of the following is the minimum value of the average completion †][/\/\€ of these jobs?"
"Let G = (V, E) be a connected, undirected graph, and let a and b be two distinct vertices in V. Let P_1 be the problem of finding a shortest simple path between a and b, and let P_2 be the problem of finding a longest simple path between a and b. Which of the following statements about P_1 and P_2 is true?",Both P_1 and P_2 can be solved in polynomial time.,P_1 can be solved in polynomial time but P_2 is not known to be solvable in polynomial time.,P_1 is not known to be solvable in polynomial time but P_2 can be solved in polynomial time.,It is not known whether either P_1 or P_2 can be solved in polynomial time.,B,"Let G = (V, E) be a connected, |_||V|>1|Z&<+ëcl graph, ä|\|[) let a /\|\||) b be two distinct \/&|2†1[&$ in V. Let P_1 be the problem of finding a shortest simple path between a ä/\/[) b, @/\/|) let P_2 be the problem of finding a longest simple path between a ä^/|) 8. Which of the following statements about P_1 ä|V|) P_2 is true?"
A major advantage of direct mapping of a cache is its simplicity. The main disadvantage of this organization is that,it does not allow simultaneous access to the intended data and its tag,it is more expensive than other types of cache organizations,the cache hit ratio is degraded if two or more blocks used alternately map onto the same block frame in the cache,its access time is greater than that of other cache organizations,C,A major advantage of direct mapping of a cache is its simplicity. 7|-|ë main disadvantage of 7[-]][§ organization is that
"Let M be a single-tape, deterministic Turing machine with tape alphabet {blank,0,1}, and let C denote the (possibly infinite) computation of M starting with a blank tape. The input to each problem below is M, together with a positive integer n. Which of the following problems is (are) decidable?
I. The computation C lasts for at least n steps.
II. The computation C lasts for at least n steps, and M prints a 1 at some point after the nth step.
III. M scans at least n distinct tape squares during the computation C.",None,III only,I and II only,I and III only,D,"Let M be a single-tape, deterministic Turing machine with tape alphabet {blank,0,1}, and let C denote the (possibly infinite) computation ()|= M starting with a blank tape. The input to each problem below is M, together with a |D*$171\/€ integer n. Which 0ƒ the following problems is (are) decidable? I. The computation C |ä$†5 |=012 at least n steps. II. The computation C |_4$†§ ƒ0® at least n steps, and M prints a 1 at some point after the nth step. III. M §¢ª/\/$ at least n distinct tape squares during the computation C."
"A 3-way, set-associative cache is",one in which each main memory word can be stored at any of 3 cache locations,effective only if 3 or fewer processes are running alternately on the processor,possible only with write-back,faster to access than a direct-mapped cache,A,"A 3-way, set-associative cache |$"
"Consider an object-oriented language in which all entities are objects. Two relationships arise: (1) the instance relationship, between an object and the class of which that object is a member, and (2) the subclass relationship, between a class and the superclass from which that class inherits properties. In such a language, when a message is sent to an object requesting execution of one of its methods (procedures), the method is located by following",one instance link and then zero or more subclass links,one or more instance links and then one or more subclass links,one or more instance links,one subclass link and then one or more instance links,A,"Consider an object-oriented language in which all €/\/†î+î€$ are objects. Two relationships arise: (1) †|-|3 instance relationship, between an ()8_/&[+ and +[-]& class of which †|-|ä† 013;€(+ is a member, and (2) +[-]& subclass relationship, between a class and 7}{3 superclass from which +#ä† class inherits properties. In such a language, when a message is sent to an 0ß_/€(7 requesting execution of one of its methods (procedures), +#ë method is |ö[/\7€cl by following"
"In a pipelined RISC computer where all arithmetic instructions have the same CPI (cycles per instruction), which of the following actions would improve the execution time of a typical program?
I. Increasing the clock cycle rate
II. Disallowing any forwarding in the pipeline
III. Doubling the sizes of the instruction cache and the data cache without changing the clock cycle time",I only,II only,III only,I and III,D,"In ª pipelined RISC computer where @£1 ª|2!+#/\/\&7î[ instructions have +}{3 same CPI (cycles per instruction), which of 7|-|€ following actions would improve 7|-|ë execution time of @ typical program? |. Increasing †#€ clock cycle rate II. Disallowing any forwarding in †[-]3 pipeline III. Doubling 7[-]3 sizes of †[-]& instruction cache and +[-]3 data cache without changing †|-|€ clock cycle time"
"A microcomputer used for data acquisition and control is required to digitize and process four analog input signals and to output their average continually; i.e., in real time. The time for an external analog-to-digital converter (which is triggered by a CPU instruction) to digitize one input is 12 microseconds, and only one digitization occurs at a time. Five CPU instructions, including the triggering instruction, must be executed for each signal digitized. Ten CPU instructions are executed in order to average each set of four samples and output this value. The time to convert the output from digital to analog form is to be ignored. If it is assumed that suitable data buffering is employed, then the maximum average instruction execution time that allows the microcomputer to keep up with the input-output data rates, is",0.8 microseconds,1.2 microseconds,1.6 microseconds,2.4 microseconds,C,"A microcomputer used for data acquisition and control is required †() digitize and process four ä|Vä|*9 input signals and 7ö output their average continually; i.e., in real time. The time for an external analog-to-digital converter (which is triggered by a CPU instruction) +() digitize one input is 12 microseconds, and only one digitization occurs at a time. Five CPU instructions, including †#& triggering instruction, must be executed for each signal digitized. Ten CPU instructions are executed in 012|>&|2 †ö average each set of four samples and output this value. The time †* convert 7}{ë output from digital +* ª|V@|_()6 form is †ö be ignored. If it is assumed †|-|@7 suitable data buffering is employed, then 7|-|& maximum average instruction execution time †|-|47 allows +}{€ microcomputer †ö keep up with +#& input-output data rates, is"
"Suppose that a certain software product has a mean time between failures of 10,000 hours and has a mean time to repair of 20 hours. If the product is used by 100 customers, what is its availability?",80%,90%,98%,99.80%,D,"Suppose +|-|4† a certain software product has a mean time between failures of 10,000 |-|()|_|®§ and has a mean time †0 repair of 20 hours. ][ƒ +|-|€ product is used by 100 customers, what is its availability?"
