Question,Option A,Option B,Option C,Option D,Answer,Question_Leet
"The quantum efficiency of a photon detector is 0.1. If 100 photons are sent into the detector, one after the other, the detector will detect photons","an average of 10 times, with an rms deviation of about 4","an average of 10 times, with an rms deviation of about 3","an average of 10 times, with an rms deviation of about 1","an average of 10 times, with an rms deviation of about 0.1",B,"The quantum efficiency of @ photon detector is 0.1. If 100 photons are §3|\|7 into the detector, one after the other, the detector will detect photons"
"White light is normally incident on a puddle of water (index of refraction 1.33). A thin (500 nm) layer of oil (index of refraction 1.5) floats on the surface of the puddle. Of the following, the most strongly reflected wavelength is",500 nm,550 nm,600 nm,650 nm,C,"\^/|-|][7€ light is normally incident 0^/ a puddle of water (index of refraction 1.33). A 7[-]||V (500 nm) layer of oil (index of refraction 1.5) floats ö|\| the surface of the puddle. Of the following, the most strongly reflected wavelength is"
Which of the following is true about any system that undergoes a reversible thermodynamic process?,There are no changes in the internal energy of the system.,The temperature of the system remains constant during the process.,The entropy of the system and its environment remains unchanged.,The entropy of the system and its environment must increase.,C,Which of the following is true about any system +|-|@7 undergoes a 12ë\/€®§!|3|€ thermodynamic process?
The best type of laser with which to do spectroscopy over a range of visible wavelengths is,a dye laser,a helium-neon laser,an excimer laser,a ruby laser,A,The best type of laser with which to do §|º&[7®*$¢*|º`/ over a range of |/][§11313 wavelengths is
Excited states of the helium atom can be characterized as para- (antiparallel electron spins) and ortho- (parallel electron spins). The observation that an ortho- state has lower energy than the corresponding para- state can be understood in terms of which of the following?,The Heisenberg uncertainty principle,The Pauli exclusion principle,The Bohr model of the atom,Nuclear hyperfine coupling,B,Excited states ()ƒ the helium atom can be <}{412@<73|2|2ë[) as para- (antiparallel electron spins) and ortho- (parallel electron spins). The observation that an ortho- state has lower €^/3126`/ than the corresponding para- state can be |_|^/|)312§†ö0[) in terms 0ƒ which 0ƒ the ƒ()£|()uu|^/9?
Which of the following gives the total spin quantum number of the electrons in the ground state of neutral nitrogen (Z = 7)?,1/2,1,3/2,5/2,C,\^/|-||[[-] ()ph +#ë following gives 7#& total spin quantum number *|= 7}{ë electrons in 7}{3 ground state ()ƒ neutral nitrogen (Z = 7)?
"Consider three identical, ideal capacitors. The first capacitor is charged to a voltage and then disconnected from the battery. The other two capacitors, initially uncharged and connected in series, are then connected across the first capacitor. What is the final voltage on the first capacitor?",V_0/5,V_0/3,V_0/2,2V_0/3,D,"Consider three identical, ideal capacitors. The first capacitor is [[-]@®9&cl to a |/*£†/\&ë 4|Vcl then disconnected |=12*^^ +#3 battery. The other two capacitors, initially uncharged ä|V|> connected in series, are then connected across †#€ first capacitor. What is 7[-]& final |/0|_+ä&ë on 7}{€ first capacitor?"
"Protons used in cancer therapy are typically accelerated to about 0.6c. How much work must be done on a particle of mass m in order for it to reach this speed, assuming it starts at rest?",0.25mc^2,0.60mc^2,0.67mc^2,1.25mc^2,A,"Protons used in [ä|V¢3® therapy are typically accelerated to ä80|_|† 0.6c. How |\/|µ<# work must be clö^/& on a particle of mass m in order ƒ012 it to reach this speed, assuming it starts at rest?"
De Broglie hypothesized that the linear momentum and wavelength of a free massive particle are related by which of the following constants?,Planck’s constant,Boltzmann’s constant,The Rydberg constant,The speed of light,A,De Broglie |-|¥|º07#ë$|>_ë[) that +|-|& linear momentum and wavelength ()ƒ a free massive particle are related by which ()ph †}{& following constants?
"If the total energy of a particle of mass m is equal to twice its rest energy, then the magnitude of the particle’s relativistic momentum is",mc/2,mc/(2^(1/2)),mc,(3^(1/2))mc,D,"If +|-|€ total energy of a particle of ^^/\5$ m |5 equal to twice its rest energy, then +[-]ë magnitude of 7#& particle’s relativistic momentum 15"
"In the diamond structure of elemental carbon, the nearest neighbors of each C atom lie at the corners of a",square,hexagon,cube,tetrahedron,D,"In the diamond structure ()|= elemental </\|2ß*/\/, the nearest neighbors *|= each C atom lie at the corners 0|= a"
The coefficient of static friction between a small coin and the surface of a turntable is 0.30. The turntable rotates at 33.3 revolutions per minute. What is the maximum distance from the center of the turntable at which the coin will not slide?,0.024 m,0.048 m,0.121 m,0.242 m,D,The coefficient *ƒ static friction between a small coin and the surface öph a turntable ][§ 0.30. The turntable rotates at 33.3 revolutions per minute. \/\/|-|ä7 15 the maximum distance from the [€/\/+3|2 *ph the turntable at which the coin will not $|][[)ë?
The sign of the charge carriers in a doped semiconductor can be deduced by measuring which of the following properties?,Specific heat,Thermal conductivity,Electrical resistivity,Hall coefficient,D,The sign of the charge ¢@12®1€12§ in a doped semiconductor can be deduced by ^^ë45|_|12î|\|9 which of the following properties?
The primary source of the Sun’s energy is a series of thermonuclear reactions in which the energy produced is c^2 times the mass difference between,two hydrogen atoms and one helium atom,four hydrogen atoms and one helium atom,six hydrogen atoms and two helium atoms,three helium atoms and one carbon atom,B,The |*|2|/V\4|Z`/ source of the Sun’s 3|V€12&j 1§ a series of thermonuclear reactions in which the €|\|3®9`/ produced |$ c^2 times the mass difference between
Electromagnetic radiation provides a means to probe aspects of the physical universe. Which of the following statements regarding radiation spectra is NOT correct?,"Lines in the infrared, visible, and ultraviolet regions of the spectrum reveal primarily the nuclear structure of the sample.",The wavelengths identified in an absorption spectrum of an element are among those in its emission spectrum.,Absorption spectra can be used to determine which elements are present in distant stars.,Spectral analysis can be used to identify the composition of galactic dust.,A,Electromagnetic radiation provides a means to probe aspects of the |º|-|`/§1</\£ µ^/î|/ë®§3. Which of the following statements regarding radiation spectra is |\|07 correct?
Which of the following statements about bosons and/or fermions is true?,Bosons have symmetric wave functions and obey the Pauli exclusion principle.,Bosons have antisymmetric wave functions and do not obey the Pauli exclusion principle.,Fermions have symmetric wave functions and obey the Pauli exclusion principle.,Fermions have antisymmetric wave functions and obey the Pauli exclusion principle.,D,\^/#|¢}{ of 7}{& following statements about bosons and/or fermions is true?
Excited states of the helium atom can be characterized as para- (antiparallel electron spins) and ortho- (parallel electron spins). The observation that an ortho- state has lower energy than the corresponding para- state can be understood in terms of which of the following?,The Heisenberg uncertainty principle,The Pauli exclusion principle,The Bohr model of the atom,Nuclear hyperfine coupling,B,Excited states of the helium atom can be characterized as |ºä|Z4- (antiparallel &|_€<7120^/ 5|º|/\/§) and ö|2+|-|*- (parallel ë|_ë[7®0|V spins). The *|3§312\|/\+][()/\/ that an 0®†[-]()- state has lower energy than the corresponding |*/\|Z4- state can be understood in terms of which of the following?
"One end of a horizontal, massless spring is attached to a wall. A mass of 0.30 kg is attached to the other end of the spring and rests on a table. The mass is displaced 0.030 m from its equilibrium position and released. It has a speed of 0.040 m/s as it passes through its equilibrium position. In the absence of friction, what is the total mechanical energy of the system?",0.24 mJ,0.38 mJ,0.48 mJ,0.75 mJ,A,"One end of ä horizontal, massless spring is attached to /\ wall. A mass of 0.30 kg is attached to 7#€ other end of 7}{€ spring @|\||) rests on ä table. The mass is displaced 0.030 m from its equilibrium position /\|\|[) 12&£ë45€|>. It has 4 speed of 0.040 m/s as it passes through its equilibrium position. In 7[-]ë absence of friction, what is 7#& total mechanical ë|\|€|2&`/ of +[-]€ system?"
"A meter stick with a speed of 0.8c moves past an observer. In the observer’s reference frame, how long does it take the stick to pass the observer ?",1.6 ns,2.5 ns,4.2 ns,6.9 ns,B,"Ä meter stick vv][7# a speed of 0.8c /V\0|/3§ past an observer. In the observer’s reference frame, how long does it take the stick to pass the observer ?"
"Protons used in cancer therapy are typically accelerated to about 0.6c . How much work must be done on a particle of mass m in order for it to reach this speed, assuming it starts at rest?",0.25mc^2,0.60mc^2,0.67mc^2,1.25mc^2,A,"Protons used in cancer +}{ë®ª|º¥ are †`/|ºî[ª1£j accelerated to about 0.6c . How much \/\/()|Z|{ must be done on a particle ()ƒ mass m in order for it to reach this speed, assuming it starts at |2&§+?"
"Characteristic X rays, appearing as sharp lines on a continuous background, are produced when high-energy electrons bombard a metal target. Which of the following processes results in the characteristic X rays?",Electrons producing Čerenkov radiation,Electrons colliding with phonons in the metal,Electrons filling inner shell vacancies that are created in the metal atoms,Electrons combining with protons to form neutrons,C,"Characteristic >< rays, appearing as §|-|ä®|o lines on a continuous background, are produced when |-|î6}{-€|\|&®6j electrons 13*/V\|3/\®|> a metal †4|Z6€+. Which of the following processes results in the characteristic )( rays?"
An atom has filled n = 1 and n = 2 levels. How many electrons does the atom have?,2,4,6,10,D,An atom has filled n = 1 4|\|cl n = 2 levels. How many electrons does the atom have?
"Light from a laser falls on a pair of very narrow slits separated by 0.5 micrometer, and bright fringes separated by 1.0 millimeter are observed on a distant screen. If the frequency of the laser light is doubled, what will be the separation of the bright fringes?",0.25 mm,0.5 mm,1.0 mm,2.0 mm,B,"Light from a 14$3|2 falls on a pair of very narrow slits separated by 0.5 micrometer, and bright fringes separated by 1.0 millimeter are observed on a distant screen. If 7|-|€ ƒ|Z3(,)|_|&|\|<j of +#& 145€® light is doubled, what will be +}{ë $3|º@|Z/\7|0|\| of †|-|ë bright fringes?"
"Assume that the solar flux at Earth’s surface is 1,000 W/m^2 and that the sunlight is normal to a completely reflecting surface with an area of 3 m^2. What is the total radiation force exerted on the surface?",2 x 10^-6 N,1 x 10^-5 N,2 x 10^-5 N,3 N,C,"Assume +|-|@7 the solar flux at Earth’s surface 1$ 1,000 W/m^2 and +#4+ the sunlight î$ |\|ö®/V\@| to a completely reflecting surface with an area of 3 /V\^2. What |§ the total radiation force exerted on the surface?"
The sign of the charge carriers in a doped semiconductor can be deduced by measuring which of the following properties?,Magnetic susceptibility,Hall coefficient,Electrical resistivity,Thermal conductivity,B,The sign *ph the charge carriers in a doped semiconductor can be deduced by measuring uu#1([-] ()|= the following properties?
Which of the following ions CANNOT be used as a dopant in germanium to make an n-type semiconductor?,As,P,Sb,B,D,Which of the following ions CANNOT be used ä§ a dopant in germanium to make an n-type §3/\/\!(ö|\|cl(_)¢7*12?
An astronomer observes a very small moon orbiting a planet and measures the moon’s minimum and maximum distances from the planet’s center and the moon’s maximum orbital speed. Which of the following CANNOT be calculated from these measurements?,Mass of the moon,Mass of the planet,Minimum speed of the moon,Period of the orbit,A,An astronomer observes a very small moon ö12|3!†1|\|9 a planet ä^/[) measures the moon’s /V\!^/1|\/|µ|\/| ª|V|> maximum distances ph|2ö^^ the planet’s center 4^/cl the moon’s maximum orbital speed. Which öph the following CANNOT be calculated |=|Z()|\/| these measurements?
A rod measures 1.00 m in its rest system. How fast must an observer move parallel to the rod to measure its length to be 0.80 m?,0.50c,0.60c,0.70c,0.80c,B,@ rod measures 1.00 |\/| in its rest system. How fast must an observer move parallel to the rod to measure its length to |33 0.80 m?
"A proton moves in the +z-direction after being accelerated from rest through a potential difference V. The proton then passes through a region with a uniform electric field E in the +x-direction and a uniform magnetic field B in the +y-direction, but the proton’s trajectory is not affected. If the experiment were repeated using a potential difference of 2V, the proton would then be",deflected in the +x-direction,deflected in the -x-direction,deflected in the +y-direction,deflected in the -y-direction,B,"ª proton moves in the +z-direction after 13€1|\|& accelerated from rest 7[-]|2()|_|6# a potential difference V. The proton then passes +}{12ö|_|6}{ a region with a uniform electric field E in the +x-direction and a uniform magnetic field B in the +y-direction, but the proton’s trajectory is not affected. If the experiment were repeated using a potential difference of 2|/, the proton would then ß&"
"A magnetic field is directed perpendicular to the plane of a circular coil of area 0.2 m^2 and 250 turns. If the magnetic field is increased from 0.01 T to 0.06 T during a time interval of 0.25 s, the average induced EMF in the coil is",0.04 V,0.1 V,2.5 V,10 V,D,"A /\/\ª&/\/&+][< field |§ directed perpendicular to +#3 plane *ƒ a circular coil ()ƒ area 0.2 m^2 and 250 turns. If †#ë /V\ª&|\|&71( field 1$ increased from 0.01 † to 0.06 7 during a time interval öƒ 0.25 s, 7#€ average induced EMF in +|-|& coil |5"
Light of variable frequency shines on the metal surface of a photoelectric tube. Einstein’s theory of the photoelectric effect predicts that the,work function of the metal is proportional to the frequency,work function of the metal is proportional to the wavelength,current in the tube is a linear function of the wavelength,potential difference necessary to stop the emitted electrons is a linear function of the frequency above the threshold frequency,D,Light ö|= variable frequency shines on the metal surface ö|= a photoelectric tube. Einstein’s theory *ph the photoelectric effect |o12&clî[+$ that the
"If the Sun were suddenly replaced by a black hole of the same mass, it would have a Schwarzschild radius of 3,000 m. What effect, if any, would this change have on the orbits of the planets?",The planets would move directly toward the Sun.,The planets would move in spiral orbits.,The planets would oscillate about their former elliptical orbits.,The orbits would remain unchanged.,D,"If 7#& $(_)|\| were 5|_||>[)ë|V£j replaced by a 13|4¢]< hole of †|-|3 same mass, it would have a Schwarzschild radius of 3,000 m. What effect, if any, would this change have on 7|-|3 orbits of 7}{€ planets?"
"At 20°C, a pipe open at both ends resonates at a frequency of 440 hertz. At what frequency does the same pipe resonate on a particularly cold day when the speed of sound is 3 percent lower than it would be at 20°C ?",414 Hz,427 Hz,433 Hz,440 Hz,B,"At 20°C, a pipe open 4+ both ends resonates ª† a ƒ12ë0_|_|3|\|¢`/ of 440 [-]€1277_. At what ƒ|23(,)(_)&/\/¢`/ does the same pipe resonate *|\| a |º/\|2+!<|_|1/\®|_¥ cold day when the speed of sound is 3 percent lower than it would be @7 20°C ?"
"The quantum efficiency of a photon detector is 0.1. If 100 photons are sent into the detector, one after the other, the detector will detect photons",exactly 10 times,"an average of 10 times, with an rms deviation of about 0.1","an average of 10 times, with an rms deviation of about 1","an average of 10 times, with an rms deviation of about 3",D,"The quantum efficiency of a |o|-|*7*/\/ detector is 0.1. If 100 |D#ö†()^/$ are sent into the detector, one ªƒ†€|Z the other, the detector will detect |o[-]0+*|\|$"
A three-dimensional harmonic oscillator is in thermal equilibrium with a temperature reservoir at temperature T. The average total energy of the oscillator is,(1/2) k T,kT,(3/2) k T,3kT,D,4 three-dimensional harmonic ö$[][||/\†()|Z is in thermal equilibrium with a 73/\/\|*312@7µ®3 reservoir at +ë/V\|º€|Z@+(_)123 T. The average total energy of the *$(î||@70® is
"A student makes 10 one-second measurements of the disintegration of a sample of a long-lived radioactive isotope and obtains the following values: 3, 0, 2, 1, 2, 4, 0, 1, 2, 5. How long should the student count to establish the rate to an uncertainty of 1 percent?",80 s,160 s,"2,000 s","5,000 s",D,"A student makes 10 one-second ^^ëª5|_|12€|\/|ë|\|+§ of the disintegration of a sample of a long-lived 12ª|>|04[71\/& isotope and obtains the |=ö£|0vv1|V6 values: 3, 0, 2, 1, 2, 4, 0, 1, 2, 5. How long should the student count to establish the rate to an (_)|\|(3®+ä!|\|+¥ of 1 percent?"
"By definition, the electric displacement current through a surface S is proportional to the",magnetic flux through S,rate of change of the magnetic flux through S,time integral of the magnetic flux through S,rate of change of the electric flux through S,D,"8`/ |>ëƒ][^/][†][0|\|, the electric displacement current through a surface S is proportional to the"
"The negative muon, mu^-, has properties most similar to which of the following?",Electron,Meson,Photon,Boson,A,"The negative ^^|_|ö|V, mu^-, has |*|Zö|º312+|€§ most similar to which of the following?"
The speed of light inside of a nonmagnetic dielectric material with a dielectric constant of 4.0 is,1.2 x 10^9 m/s,3.0 x 10^8 m/s,1.5 x 10^8 m/s,1.0 x 10^8 m/s,C,The speed öƒ light inside ()|= a nonmagnetic dielectric ^^4+ë12][/\| with a dielectric constant *ƒ 4.0 is
"The energy from electromagnetic waves in equilibrium in a cavity is used to melt ice. If the Kelvin temperature of the cavity is increased by a factor of two, the mass of ice that can be melted in a fixed amount of time is increased by a factor of",2,4,8,16,D,"The energy from electromagnetic waves !|\| equilibrium !/\/ a cavity is used to melt ice. If the Kelvin temperature ö|= the cavity is increased by a ƒ@(+*® öph two, the mass öƒ ice †}{4† [@|V be melted |/\/ a fixed amount *|= time is increased by a ƒä(+*|2 öph"
"A resistor in a circuit dissipates energy at a rate of 1 W. If the voltage across the resistor is doubled, what will be the new rate of energy dissipation?",0.25 W,0.5 W,1 W,4 W,D,"A resistor in a circuit dissipates energy at a rate *ph 1 W. 1ph the voltage across the resistor is doubled, what will be the new rate 0|= energy |)|5$||ºä†][0/\/?"
"A gas cell with an optical path length of 10 cm is placed in one arm of a Michelson interferometer. If the light source for the interferometer is a laser with wavelength 632.2 nm, then 100 fringes are counted as the gas cell is evacuated. What is the index of refraction of the original gas?",1.00063,1.00032,1.00016,0.99968,B,"A 9ª§ (311 with an optical path length ö|= 10 cm is placed in one arm öƒ a Michelson interferometer. If +|-|€ light source |=ö12 †}{ë interferometer is a laser with wavelength 632.2 nm, then 100 fringes are counted as †}{€ &ä§ <&|| is evacuated. What is 7}{ë index öƒ refraction ()ƒ +#€ original gas?"
"Under certain conditions, a beam of electrons impinging on a crystal surface will diffract and a scattering pattern of the beam can be obtained. What is the approximate kinetic energy of the electrons needed in order to see the pattern? (Assume the lattice spacing of the crystal to be 0.4 nm.)",0.1 eV,1 eV,10 eV,100 eV,C,"µ|\|[)&|2 certain [0/\/cl1†î*^/5, a beam of electrons impinging on a crystal surface will diffract and a scattering pattern of the beam can be obtained. What is the approximate ]<î/\/ë+!( energy of the electrons ^/€&|)3|> in ()|Z|>3® to see the pattern? (Assume the lattice spacing of the crystal to be 0.4 nm.)"
"A uniform solid disk starts from rest and rolls down an inclined plane without slipping. After some time, what fraction of the disk’s total kinetic energy is rotational kinetic energy?",1/4,1/3,1/2,2/3,B,"A uniform solid disk starts from rest and 120£|_§ down 4|\| ][|V<|_î|Vë|) plane without slipping. After some time, what fraction of the disk’s total kinetic energy is rotational kinetic energy?"
"Blue light of wavelength 480 nanometers is most strongly reflected off a thin film of oil on a glass slide when viewed near normal incidence. Assuming that the index of refraction of the oil is 1.2 and that of the glass is 1.6, what is the minimum thickness of the oil film (other than zero) ?",150 nm,200 nm,300 nm,400 nm,B,"Blue light ()ƒ wavelength 480 nanometers is most strongly |Zëph£ë[7ë[) off a thin film 0ph oil on a glass slide when viewed near normal incidence. Assuming that the index 0ph refraction *ƒ the oil is 1.2 ª|\|[) that ()ƒ the glass is 1.6, what is the minimum thickness 0|= the oil film (other than zero) ?"
"A heat pump is to extract heat from an outdoor environment at 7°C and heat the environment indoors to 27°C. For each 15,000 J of heat delivered indoors, the smallest amount of work that must be supplied to the heat pump is approximately",500 J,"1,000 J","1,100 J","2,000 J",B,"A heat pump is to extract heat ƒ®*/V\ an outdoor €/\/|/][®*/\/^^3|\|7 at 7°C @/\/[) heat the &^/\/||2ö|\|^^€|V† indoors to 27°C. ƒ*|2 each 15,000 J of heat delivered indoors, the smallest amount of \^/*12|( that must be supplied to the heat pump is approximately"
"The driver of a police car hears an echo of the car’s siren from a wall toward which the car is moving with a speed of 3.5 m/s. If the speed of sound is 350 m/s and the frequency of the siren is 600 Hz, the driver hears the echo at a frequency nearest to which of the following?",600 Hz,606 Hz,612 Hz,618 Hz,C,"The driver of ä police car hears an echo of the car’s siren from ª wall toward which the car 1$ moving with ä speed of 3.5 /\/\/$. If the speed of sound !§ 350 m/s ª|V|) the frequency of the siren !5 600 Hz, the driver hears the echo 47 /\ frequency nearest to which of the following?"
"A particle decays in 2.0 ms in its rest frame. If the same particle moves at v=0.60c in the lab frame, how far will it travel in the lab before decaying?",150 m,288 m,360 m,450 m,D,"A particle decays in 2.0 ms in its |Zë5† ƒ12ä/V\€. If the 5ª/V\€ particle moves 4† v=0.60c in the lab frame, |-|()\^/ far will it travel in the lab before decaying?"
A tube of water is traveling at 1/2 c relative to the lab frame when a beam of light traveling in the same direction as the tube enters it. What is the speed of light in the water relative to the lab frame? (The index of refraction of water is 4/3.),1/2 c,2/3 c,5/6 c,10/11 c,D,A tube of water is 7|2ª\/&|!|V6 at 1/2 c relative to the lab frame when a beam of £19|-|† †12ª\|&1][^/9 in the same direction as the tube 3^/7&12$ it. \/\/[-]ª+ is the speed of £î6[-]7 in the water relative to the lab frame? (The î|\||>€)( of refraction of water is 4/3.)
The rest mass of a particle with total energy 5.0 GeV and momentum 4.9 GeV/c is approximately,0.1 GeV/c^2,0.2 GeV/c^2,0.5 GeV/c^2,1.0 GeV/c^2,D,The rest mass of a particle with †0†/\£ energy 5.0 GeV and momentum 4.9 GeV/c is approximately
"A grating spectrometer can just barely resolve two wavelengths of 500 nm and 502 nm, respectively. Which of the following gives the resolving power of the spectrometer?",2,250,"5,000","10,000",B,"A grating spectrometer can just barely resolve 7vv* wavelengths of 500 nm and 502 nm, respectively. Which of †}{ë following gives †[-]ë resolving power of 7[-]& spectrometer?"
The best type of laser with which to do spectroscopy over a range of visible wavelengths is,a dye laser,a helium-neon laser,an excimer laser,a ruby laser,A,The best type of 1/\53® with which to do spectroscopy over a range of visible wavelengths 1$
The eigenvalues of a Hermitian operator are always,real,imaginary,degenerate,linear,A,The eigenvalues 0|= a Hermitian operator are always
"A net force F_A acts on object A, and a net force F_B acts on object B. The mass of object B is twice the mass of object A, and the acceleration of object B is twice that of object A. Which of the following is true of forces F_A and F_B?",F_B = 1/4 F_A,F_B = 1/2 F_A,F_B = 2F_A,F_B = 4F_A,D,"A net force F_A 4(75 ö^/ object @, and a net force F_B 4[†§ 0^/ object 8. The mass of object B is twice +|-|3 mass of object Ä, and †[-]€ acceleration of object B is twice that of object A. Which of †#3 following is true of forces F_A and F_B?"
"Under ideal conditions, the electric and magnetic fields inside a superconductor are zero. Maxwell’s equations imply that which of the following must be true just outside the surface of the superconductor?",B = 0,B is perpendicular to the surface.,B is tangential to the surface.,B is time independent.,C,"Under ||)&ä| conditions, +|-|& electric and magnetic fields inside 4 §|_||oë|2<*|Vcl|_|¢70® are zero. Maxwell’s equations imply that \^/[-]î¢|-| of +|-|& following must be true just outside 7|-|€ surface of +#3 superconductor?"
"Two students perform an experiment in which they drop a ball from rest from a known height above the ground and measure the speed of the ball just before it strikes the ground. From repeated measurement, the students estimate the uncertainty in the measured speed of the ball to be 10 percent. Which of the following gives the uncertainty in the kinetic energy of the ball? (Assume the uncertainty in the ball’s mass is negligibly small.)",5%,10%,15%,20%,D,"Two students perform an experiment in \^/#!¢|-| they drop a ball from rest from a ]<|\|0\^/^/ height above the ground and measure the speed of the ball just before it strikes the ground. From repeated measurement, the students estimate the uncertainty in the measured speed of the ball to be 10 percent. Which of the following &!\/€$ the uncertainty in the |<][|V€+][¢ energy of the ball? (@$§µ/\/\3 the uncertainty in the ball’s mass is negligibly small.)"
"A particle is constrained to move in a circle with a 10-meter radius. At one instant, the particle’s speed is 10 meters per second and is increasing at a rate of 10 meters per second squared. The angle between the particle’s velocity and acceleration vectors is",0°,30°,45°,60°,C,"A particle is constrained to move in a circle \/\/|7|-| a 10-meter radius. At one instant, the |D/\®†î¢|_ë’$ speed is 10 meters per second and is increasing at a rate of 10 meters per second $O_|_|ä|Zë|>. The angle between the |ºª®+1¢1&’§ velocity and 4[(ë£&®ª†î*^/ vectors is"
"If the absolute temperature of a blackbody is increased by a factor of 3, the energy radiated per second per unit area does which of the following?",Decreases by a factor of 81.,Decreases by a factor of 9.,Increases by a factor of 9.,Increases by a factor of 81.,D,"If †|-|ë absolute temperature 0|= a blackbody is increased by a factor ()ƒ 3, †#3 3^/&|2&`/ radiated per second per unit area does which 0ƒ †}{ë following?"
"A magnetic field is directed perpendicular to the plane of a circular coil of area 0.2 m^2 and 250 turns. If the magnetic field is increased from 0.01 T to 0.06 T during a time interval of 0.25 s, the average induced EMF in the coil is",0.04 V,0.1 V,2.5 V,10 V,D,"A magnetic field is directed perpendicular +0 the plane of a circular coil of area 0.2 /V\^2 and 250 7(_)®/\/5. If the magnetic field is increased from 0.01 † †* 0.06 † during a time ][^/†ë|Z\//\1 of 0.25 s, the average induced EMF in the coil is"
Which of the following is true about any system that undergoes a reversible thermodynamic process?,There are no changes in the internal energy of the system.,The temperature of the system remains constant during the process.,The entropy of the system and its environment remains unchanged.,The entropy of the system and its environment must increase.,C,Which of the following is +®|_|ë about any system †}{@+ undergoes a reversible thermodynamic process?
"The first five harmonics produced by an organ pipe open at both ends are 50 Hz, 100 Hz, 150 Hz, 200 Hz, and 250 Hz. Which of the harmonics, if any, will survive once the pipe is closed at one end?","50 Hz, 150 Hz, and 250 Hz only",100 Hz and 200 Hz only,150 Hz and 250 Hz only,None,D,"The first five harmonics produced by 4|\| organ pipe open at both ends ª®& 50 Hz, 100 Hz, 150 Hz, 200 Hz, and 250 Hz. uu|-|![[-] of the harmonics, if any, will survive 0^/¢& the pipe î5 closed at one end?"
Electromagnetic radiation emitted from a nucleus is most likely to be in the form of,gamma rays,microwaves,ultraviolet radiation,visible light,A,Electromagnetic radiation emitted ƒ®()/\/\ a nucleus is most likely to be in 7[-]3 form of
"An organ pipe, closed at one end and open at the other, is designed to have a fundamental frequency of C (131 Hz). What is the frequency of the next higher harmonic for this pipe?",44 Hz,196 Hz,262 Hz,393 Hz,D,"An organ pipe, closed at one end and open at 7[-]3 other, is designed to have a fundamental |=|2ëO_|_|&/\/¢¥ of [ (131 Hz). What is 7|-|€ ƒ|Z€9(_)3|\|¢`/ of 7|-|& next higher harmonic ph012 this |*1|D3?"
A single-electron atom has the electron in the l = 2 state. The number of allowed values of the quantum number m_l is,1,2,3,5,D,A $|/\/91€-ë£&[†12*/\/ atom has +}{€ electron in 7[-]3 l = 2 state. The number of allowed values of †|-|€ quantum number m_l is
"Two simple pendulums A and B consist of identical masses suspended from strings of length L_A and L_B, respectively. The two pendulums oscillate in equal gravitational fields. If the period of pendulum B is twice the period of pendulum A, which of the following is true of the lengths of the two pendulums?",L_B = 4L_A,L_B = 2L_A,L_B = L_A,L_B = 1/2 L_A,A,"Two simple pendulums A and B consist of î|>€/\/+î(ª1 |\/|ä$§&§ suspended from strings of length L_A and L_B, respectively. The two pendulums oscillate in equal gravitational fields. If the |*&|Z!0|> of pendulum B !$ twice the |Dë®][*[) of pendulum A, which of the following î§ true of the lengths of the two |o&|\||>µ|_(_)|\/|$?"
"According to the BCS theory, the attraction between Cooper pairs in a superconductor is due to",the weak nuclear force,the strong nuclear force,vacuum polarization,interactions with the ionic lattice,D,"According 70 the BCS theory, the attraction between Cooper pairs in ª superconductor is due 7()"
A rod measures 1.00 m in its rest system. How fast must an observer move parallel to the rod to measure its length to be 0.80 m?,0.50c,0.60c,0.70c,0.80c,B,A rod measures 1.00 m in its rest system. How fast must an *13§&12\/€12 move |ºä12@|_1€|_ †ö the rod +0 measure its length †* be 0.80 m?
"The energy required to remove both electrons from the helium atom in its ground state is 79.0 eV. How much energy is required to ionize helium (i.e., to remove one electron)?",24.6 eV,39.5 eV,51.8 eV,54.4 eV,A,"The €|Vë®6`/ required to 12ë/V\ö|/3 both electrons from the helium atom 1|\| its ground $+ª+€ is 79.0 eV. How much &^/ë|Z&j is required to |()/\/î%& helium (i.e., to |2&^^*\|€ one electron)?"
"At the present time, the temperature of the universe (i.e., the microwave radiation background) is about 3 K. When the temperature was 12 K, typical objects in the universe, such as galaxies, were",one-quarter as distant as they are today,one-half as distant as they are today,separated by about the same distances as they are today,two times as distant as they are today,A,"At 7|-|ë present time, 7[-]€ temperature 0|= +|-|ë universe (i.e., †[-]€ microwave radiation background) is about 3 K. When †[-]ë temperature was 12 K, typical objects in †}{& |_||\|][|/ë|2$ë, such as &ä14)(135, were"
"By definition, the electric displacement current through a surface S is proportional to the",rate of change of the electric flux through S,electric flux through S,time integral of the magnetic flux through S,rate of change of the magnetic flux through S,A,"By definition, the ë1€(†®1< displacement current 7[-]|Z()|_|&# a surface S is proportional to the"
"The suspension cable of a 1,000 kg elevator snaps, sending the elevator moving downward through its shaft. The emergency brakes of the elevator stop the elevator shortly before it reaches the bottom of the shaft. If the elevator fell a distance of 100 m starting from rest, the heat that the brakes must dissipate to bring the elevator safely to rest is",100 J,"1,000 J","10,000 J","1,000,000 J",D,"The suspension cable ()ph ª 1,000 kg elevator $|\|ª|*$, sending the elevator moving [)()vv^/vvä12|> through its shaft. The emergency brakes ()|= the elevator stop the elevator shortly |3&ph*®€ it reaches the bottom *ph the shaft. If the elevator fell ä distance *ph 100 m starting from rest, the heat that the brakes must dissipate to bring the elevator safely to rest is"
"The hydrogen lines observed in the spectrum of the quasar 3C9 are shifted so far into the red that their wavelengths are three times as long as those observed in the light from hydrogen atoms at rest in a laboratory on Earth. If it is assumed that the shift is entirely due to the relative motion of 3C9 and Earth, the relative speed of the quasar is",2c,c,0.8c,0.5c,C,"The hydrogen lines ()13§€12|/ë|> ][|V the spectrum of the 9|_|@§ª|2 3C9 are shifted so far into the red that their wavelengths are three +1^^ë5 as long as those *|35&®\|&|> !/\/ the light from hydrogen atoms at rest ][/\/ a laboratory on Earth. If it is assumed that the shift is entirely due 7() the relative motion of 3C9 and Earth, the relative speed of the O_|_|ä§ª® is"
"A 10 kg box slides horizontally without friction at a speed of 1 m/s. At one point, a constant force is applied to the box in the direction of its motion. The box travels 5 m with the constant force applied. The force is then removed, leaving the box with a speed of 2 m/s. Which of the following gives the magnitude of the applied force?",1 N,2 N,3 N,4 N,C,"A 10 kg box slides #()®!7_()^/7ä£1`/ vv|†|-|ö(_)† friction at 4 speed of 1 m/s. At one point, ª constant force is applied to 7|-|ë box in 7|-|3 direction of its motion. The box travels 5 m with 7[-]ë constant force applied. The force is then removed, leaving †|-|3 box with 4 speed of 2 m/s. vv[-]!¢}{ of †}{& following gives †[-]3 magnitude of †#€ applied force?"
"Two spaceships approach Earth with equal speeds, as measured by an observer on Earth, but from opposite directions. A meterstick on one spaceship is measured to be 60 cm long by an occupant of the other spaceship. What is the speed of each spaceship, as measured by the observer on Earth?",0.4c,0.5c,0.6c,0.7c,B,"Two spaceships approach Earth with equal §|º3€cl$, as measured 8j an observer on Earth, but from opposite directions. A meterstick on one spaceship î5 measured to be 60 cm long ß¥ an occupant ()ƒ the other spaceship. What î$ the 5|D€3|> *|= each spaceship, as measured |3¥ the observer on Earth?"
"The suspension cable of a 1,000 kg elevator snaps, sending the elevator moving downward through its shaft. The emergency brakes of the elevator stop the elevator shortly before it reaches the bottom of the shaft. If the elevator fell a distance of 100 m starting from rest, the heat that the brakes must dissipate to bring the elevator safely to rest is","10,000 J","100,000 J","1,000,000 J","10,000,000 J",C,"The suspension cable of a 1,000 kg €£3|//\+0|Z snaps, sending the ë£&|/ª†*® moving downward through its shaft. The emergency brakes of the ë|ë\/ª+ö® stop the &|_ë\|ª+*|Z shortly before !7 reaches the bottom of the shaft. 1ƒ the &|3\/ª+ö® ƒë1£ a distance of 100 m starting from rest, the heat that the brakes must [)î55||*/\+ë to bring the &|_ë\/ª7*® safely to rest is"
The mean kinetic energy of the conduction electrons in metals is ordinarily much higher than kT because,electrons have many more degrees of freedom than atoms do,the electrons and the lattice are not in thermal equilibrium,the electrons form a degenerate Fermi gas,electrons in metals are highly relativistic,C,The /V\ë@|V kinetic energy of the conduction electrons in metals is ordinarily much [-]][&|-|3|2 than kT because
"A 10 kg box slides horizontally without friction at a speed of 1 m/s. At one point, a constant force is applied to the box in the direction of its motion. The box travels 5 m with the constant force applied. The force is then removed, leaving the box with a speed of 2 m/s. Which of the following gives the magnitude of the applied force?",1 N,2 N,3 N,4 N,C,"A 10 kg 130)( slides horizontally without friction at a speed of 1 m/s. At one point, a constant force is applied †() 7#& |3ö}{ in 7|-|3 direction of its motion. The 13ö}{ travels 5 m with 7[-]ë constant force applied. The force is then removed, leaving †[-]€ ß0}{ with a speed of 2 m/s. Which of †[-]3 following gives 7}{3 magnitude of 7#& applied force?"
Light of variable frequency shines on the metal surface of a photoelectric tube. Einstein’s theory of the photoelectric effect predicts that the,work function of the metal is proportional to the frequency,work function of the metal is proportional to the wavelength,current in the tube is a linear function of the wavelength,potential difference necessary to stop the emitted electrons is a linear function of the frequency above the threshold frequency,D,Light ö|= \|4®!/\8£€ frequency shines on +#ë metal surface *ph a photoelectric tube. Einstein’s theory *|= +}{& photoelectric effect predicts that 7#&
A spring of force constant k is stretched a certain distance. It takes twice as much work to stretch a second spring by half this distance. The force constant of the second spring is,k,2k,4k,8k,D,A $|º|Z!|V& of force ¢*|\|5†ä|\|† k is stretched a [ë®+äî|V distance. It 7/\|{35 twice as much work to stretch a second 5|º|Z!^/6 by half this distance. The force ¢()^/$7@|V† of the second $|D|Z!^/9 is
"An observer O at rest midway between two sources of light at x = 0 and x = 10 m observes the two sources to flash simultaneously. According to a second observer O', moving at a constant speed parallel to the x-axis, one source of light flashes 13 ns before the other. Which of the following gives the speed of O' relative to O?",0.13c,0.15c,0.36c,0.53c,C,"An ()13§ë|Z|/&|2 O at rest midway between two sources of light at x = 0 and x = 10 m observes †}{€ two sources †() flash simultaneously. According †0 a second 0|3§€|2|/€® O', moving at a ¢ö/\/5+ä/\/7 speed parallel †0 †}{3 x-axis, one source of light flashes 13 ns before 7[-]ë other. Which of †|-|€ following gives 7[-]€ speed of O' relative +() ()?"
"The surface of the Sun has a temperature close to 6,000 K and it emits a blackbody (Planck) spectrum that reaches a maximum near 500 nm. For a body with a surface temperature close to 300 K, at what wavelength would the thermal spectrum reach a maximum?",10:00 PM,100 Pm,10 mm,100 mm,A,"The surface of the Sun has 4 temperature close to 6,000 |{ and it emits ä blackbody (Planck) spectrum that reaches 4 maximum |\|€/\|Z 500 nm. For ª body with ª surface temperature close to 300 ]<, at what wavelength would the thermal spectrum reach 4 maximum?"
"Consider an electron in the n = 4, l = 1 state in hydrogen. Which of the following final states can NOT be reached by an allowed transition?","n = 3, l = 2","n = 3, l = 1","n = 3, l = 0","n = 2, l = 0",B,"Consider an &1ë<†|Z*/\/ in the n = 4, 1 = 1 state in hydrogen. Which of the following final states can NOT be reached by an allowed transition?"
A single-electron atom has the electron in the l = 2 state. The number of allowed values of the quantum number m_l is,5,4,3,2,A,A single-electron atom has +#ë 3£&[712()|V in †|-|3 l = 2 state. The number *ƒ allowed values ö|= †|-|& quantum number m_l is
"The driver of a police car hears an echo of the car’s siren from a wall toward which the car is moving with a speed of 3.5 m/s. If the speed of sound is 350 m/s and the frequency of the siren is 600 Hz, the driver hears the echo at a frequency nearest to which of the following?",588 Hz,594 Hz,600 Hz,612 Hz,D,"The driver of a |*0|][¢ë car hears an echo of †#3 car’s §|12ë|\| from a wall toward which +|-|ë car is moving with a speed of 3.5 m/s. If 7[-]ë speed of sound is 350 m/s and 7[-]€ frequency of 7[-]& 51|Z&|V is 600 Hz, †[-]3 driver hears 7|-|& echo at a frequency nearest to which of †|-|& |=*||ö\/\/î^/6?"
"The emission spectrum of the doubly ionized lithium atom Li++ (Z = 3, A = 7) is identical to that of a hydrogen atom in which all the wavelengths are",decreased by a factor of 9,decreased by a factor of 49,decreased by a factor of 81,increased by a factor of 9,A,"7#ë emission spectrum of the doubly ionized lithium atom Li++ (Z = 3, A = 7) is identical to that of a #¥|)®ö93^/ atom in which all the wavelengths 4®€"
"A photon strikes an electron of mass m that is initially at rest, creating an electron-positron pair. The photon is destroyed and the positron and two electrons move off at equal speeds along the initial direction of the photon. The energy of the photon was",mc^2,2mc^2,3mc^2,4mc^2,D,"4 photon strikes an electron öƒ mass m that is initially at rest, creating an ë|3(7|Z()|V-|o051†|Z()|\| pair. The photon is destroyed and +#& positron and two electrons move off at equal speeds along 7#& initial clî123<†|()|\| 0|= †#& photon. The energy 0ph 7#ë photon was"
Which of the following lasers utilizes transitions that involve the energy levels of free atoms?,Diode laser,Dye laser,Free-electron laser,Gas laser,D,Which of +|-|3 following lasers utilizes transitions that involve †|-|3 energy levels of free atoms?
Unpolarized light is incident on a pair of ideal linear polarizers whose transmission axes make an angle of 45q with each other. The transmitted light intensity through both polarizers is what percentage of the incident intensity?,100%,75%,50%,25%,D,Unpolarized light is ][/\/<î|>&^/+ on a pair of ideal linear |º()|ª|Z|%ë|25 whose transmission axes make an ª^/913 of 45q with each other. The transmitted light intensity through ß()†}{ |o0|@12î%€12$ is what percentage of †|-|ë 1|V(|cl&^/† intensity?
Sound waves moving at 350 m/s diffract out of a speaker enclosure with an opening that is a long rectangular slit 0.14 m across. At about what frequency will the sound first disappear at an angle of 45q from the normal to the speaker face?,500 Hz,"1,750 Hz","2,750 Hz","3,500 Hz",D,$ö|_|^/cl waves moving at 350 m/s diffract out of a speaker ë^/¢1*5µ12ë uu][+|-| an opening that is a long rectangular slit 0.14 m across. At about what |=1239|_|€/\/(¥ will the sound first disappear at an angle of 45q from the normal to the speaker face?
"The emission spectrum of the doubly ionized lithium atom Li++ (Z = 3, A = 7) is identical to that of a hydrogen atom in which all the wavelengths are",decreased by a factor of 9,decreased by a factor of 49,decreased by a factor of 81,increased by a factor of 9,A,"The emission spectrum of the doubly ionized lithium atom Li++ (Z = 3, A = 7) is identical 7* that of a hydrogen atom in vv#î<}{ all the wavelengths ª|2€"
"A uniform solid disk starts from rest and rolls down an inclined plane without slipping. After some time, what fraction of the disk’s total kinetic energy is rotational kinetic energy?",1/4,1/3,1/2,2/3,B,"A µ^/||=()|Z/V\ solid disk starts from rest and rolls down an inclined plane without slipping. After §ö^^€ time, what fraction 0|= the disk’s total kinetic energy is rotational kinetic energy?"
The speed of light inside of a nonmagnetic dielectric material with a dielectric constant of 4.0 is,1.2 * 10^9 m/s,3.0 * 10^8 m/s,1.5 * 10^8 m/s,1.0 * 10^8 m/s,C,The speed ö|= light inside ()ph a nonmagnetic dielectric ^^4†€|214|_ with a dielectric constant 0|= 4.0 is
"A 3-microfarad capacitor is connected in series with a 6-microfarad capacitor. When a 300-volt potential difference is applied across this combination, the total energy stored in the two capacitors is",0.09 J,0.18 J,0.27 J,0.41 J,A,"A 3-microfarad capacitor 1§ connected in series with @ 6-microfarad capacitor. When ª 300-volt |o*†&/\/7|4|_ difference !§ applied across this combination, the total energy stored in the two capacitors 1$"
"Under certain conditions, a beam of electrons impinging on a crystal surface will diffract and a scattering pattern of the beam can be obtained. What is the approximate kinetic energy of the electrons needed in order to see the pattern? (Assume the lattice spacing of the crystal to be 0.4 nm.)",0.1 eV,1 eV,10 eV,100 eV,C,"Under certain conditions, a beam ()|= electrons impinging on a ¢|2j§7ª| surface will diffract and a scattering pattern *ph †|-|& beam can be obtained. What is 7#ë approximate kinetic energy 0ph †}{& electrons needed in ö|Zcl3|2 to see †}{€ |ºª7+ë|2/\/? (Assume †#& lattice spacing 0ƒ 7}{ë ¢12¥5+/\| to be 0.4 nm.)"
"Two identical satellites, A and B, are in circular orbits around Earth. The orbital radius of A is twice that of B. Which of the following gives the ratio of the angular momentum of A to the angular momentum of B?",4,2,sqrt(2),1/sqrt(2),C,"†uuö identical satellites, A and B, are in circular orbits ä|2ö|_||V|> &ä®†|-|. The orbital radius öƒ A is 7uu!<ë that ()ƒ B. Which *|= the following gives the ratio öƒ the angular momentum 0|= A to the angular momentum *ƒ B?"
"An object is thrown horizontally from the open window of a building. If the initial speed of the object is 20 m/s and it hits the ground 2.0 s later, from what height was it thrown? (Neglect air resistance and assume the ground is level.)",4.9 m,9.8 m,10.0 m,19.6 m,D,"An ö8(/3¢+ is thrown horizontally from +|-|& open window *ph a building. If +#& initial speed öph +#3 *13_|€(+ is 20 m/s and it hits 7[-]3 ground 2.0 s later, from what |-|&1&}{+ was it thrown? (Neglect air resistance and assume †#& ground is level.)"
"In a nonrelativistic, one-dimensional collision, a particle of mass 2m collides with a particle of mass m at rest. If the particles stick together after the collision, what fraction of the initial kinetic energy is lost in the collision?",0,1/4,1/3,1/2,C,"In a nonrelativistic, one-dimensional collision, a particle of mass 2m collides with a particle of mass m @† rest. If †}{& |º/\127][<£&5 §7|¢|{ together after †}{€ collision, what fraction of 7|-|& initial kinetic energy 1§ lost in †#€ collision?"
"White light is normally incident on a puddle of water (index of refraction 1.33). A thin (500 nm) layer of oil (index of refraction 1.5) floats on the surface of the puddle. Of the following, the most strongly reflected wavelength is",500 nm,550 nm,600 nm,650 nm,C,"White |19}{† ][$ normally incident on a puddle of water (index of refraction 1.33). ª thin (500 nm) layer of oil (index of refraction 1.5) floats on the surface of the |oµcl[)£&. Of the following, the most 5+|Z()/\/&|j reflected wavelength 1$"
"A nonrelativistic particle with a charge twice that of an electron moves through a uniform magnetic field. The field has a strength of π/4 tesla and is perpendicular to the velocity of the particle. What is the particle’s mass if it has a cyclotron frequency of 1,600 hertz?",2.5 * 10^-23 kg,1.2 * 10^-22 kg,3.3 * 10^-22 kg,5.0 * 10^-21 kg,A,"A |\|*|\||2€1ä71\/î§7î( particle with /\ charge twice that öƒ an electron moves through /\ uniform magnetic field. The field has 4 strength ()|= π/4 tesla and is perpendicular to the velocity ()ƒ the particle. What is the particle’s mass if it has ä <`/(|_*+12ö^/ frequency ()ph 1,600 hertz?"
"An airplane drops a payload while traveling due north, parallel to the ground, at a constant speed of 100 m/s. If air resistance is neglected, what is the velocity of the payload relative to the plane 4.0 s after it is released?",0,40 m/s down,80 m/s down,100 m/s north and 40 m/s down,B,"An airplane drops a payload while traveling due north, parallel to the 9®*µ^/cl, at a constant speed of 100 m/s. 1ƒ air resistance is neglected, \^/#@7 is the velocity of the payload |2€|_471\/ë to the plane 4.0 s @|=†ë|2 it is released?"
"Positronium is an atom formed by an electron and a positron (antielectron). It is similar to the hydrogen atom, with the positron replacing the proton. If a positronium atom makes a transition from the state with n=3 to a state with n=1, the energy of the photon emitted in this transition is closest to",6.0 e,6.8 eV,12.2 eV,13.6 eV,A,"Positronium is 4|V ª+*/V\ formed by 4|\| electron and a positron (antielectron). It is similar †0 the hydrogen atom, with the positron replacing the proton. If a positronium @†ö|\/| makes a transition from the state with ^/=3 †ö a state with n=1, the energy of the photon emitted î^/ this transition is closest †ö"
A satellite of mass m orbits a planet of mass M in a circular orbit of radius R. The time required for one revolution is,independent of M,proportional to m^(1/2),linear in R,proportional to R^(3/2),D,A §ä7ë||1†ë of mass m 0|28!7§ a planet of mass M in a circular orbit of radius R. The †1/\/\& required for one revolution is
