Question,Option A,Option B,Option C,Option D,Answer,Question_Leet
A 10-N force at an angle 45° above the horizontal has a horizontal component of about,7 N,5 N,10 N,12 N,A,ª 10-N force at an angle 45° above the horizontal has a horizontal component *ƒ about
A completely submerged object always displaces its own,weight of fluid.,volume of fluid.,density of fluid.,All of these.,B,A completely submerged object always |)1§|D|/\¢35 its own
"When a diver points a flashlight upward toward the surface of the water at an angle 20° from the normal, the beam of light",totally internally reflects,passes into the air above,is absorbed,None of these,B,"When a diver points a flashlight (_)|ouu/\®|) toward the surface of the uu@7ë|2 at an angle 20° ph|Z0/V\ the normal, the beam of light"
"According to four-dimensional geometry, the angles of a triangle add to 180°",always.,sometimes.,never.,on planet Earth only.,B,"According to four-dimensional geometry, the angles of a †|2!/\^/9|_3 /\[)|) to 180°"
A voltage will be induced in a wire loop when the magnetic field within that loop,changes,aligns with the electric field,is at right angles to the electric field,converts to magnetic energy,A,A voltage will be induced in /\ wire loop when †#€ magnetic field within that loop
"Among these colors, the one that has the most energy per photon is",red,yellow-green,blue,violet,D,"Among these colors, 7#3 one that has +}{3 most energy |Dë® photon is"
"According to general relativity,",mass distorts spacetime.,gravity affects clocks.,light can’t escape from a black hole.,All of these.,D,"According to general |2ë|_@7||/17`/,"
A step-up transformer in an electric circuit can step up,voltage,energy,Both of these,Neither of these,A,A step-up transformer in an electric circuit can step µ|D
Spectral lines of the elements are,chaotic,ordered,positioned by amplitude,in phase,B,Spectral lines *ƒ the elements are
A wave transfers,amplitude,wavelength,frequency,energy,D,A wave +®@^/5|=ë|2§
"Immediately after two separated charged particles are released from rest, both increase in acceleration. The sign of charge of the particles is therefore",the same,opposite,Either of these,Need more information,B,"Immediately after two separated charged |ºª|2+![£&$ are released from rest, both increase in 4[<&1ë|2ª710|V. The sign ()ƒ charge öƒ the |oä|27!¢|ë$ is therefore"
The surface of planet Earth loses energy to outer space due mostly to,conduction,convection,radiation,radioactivity,C,+|-|€ surface of planet €4127[-] loses energy to outer space due mostly to
"In a series circuit, if the current in one lamp is 2 A, the current in the lamp next to it is","half, 1 A",2 A,Depends on which lamp is closer to the battery,Not enough information to say,B,"In a series circuit, |ƒ 7#3 <(_)|2|2&^/7 in one lamp is 2 A, †[-]3 ¢|_||Z®ë^/† in †|-|ë lamp next to it is"
"As a blinking light source approaching you gains speed, you see the frequency of flashes",increase.,decrease.,remain unchanged.,None of these.,A,"As a blinking light source approaching you gains speed, you $€& the |=®&0_µ3^/(¥ of flashes"
In the absence of air resistance a ball of mass m is tossed upward to reach a height of 20 m. At the 10-m position half way up the net force on the ball is,2mg,mg,mg/2,mg/4,B,In the absence of air resistance /\ ball of mass m |§ tossed upward 70 reach ª height of 20 m. At the 10-|\/| position half way up the ^/&† force on the ball ][$
Pumice is a volcanic rock that floats in water. The density of pumice compared with that of water is,less.,equal.,greater.,none because it sinks.,A,Pumice is a volcanic rock that |=|öª+$ in water. The density of pumice (ö/V\|º/\®ëcl with that of water is
When you look at the red petals of a rose the color light you're seeing is,red.,green.,white minus red.,a mixture of green and yellow.,A,When ¥0(_) look at the red petals of a 1205& the color light you're seeing is
Compared with the sound you hear from the siren of a stationary fire engine the sound you hear when it approaches you has an increased,speed,frequency,wavelength,All of these,B,Compared \^/|†}{ the sound you hear from the siren 0ƒ ä stationary fire engine the sound you hear when it approaches you has an increased
"When you squeeze an air-filled party balloon, you increase its",volume,mass,weight,density,D,"uu}{€^/ you squeeze an air-filled party balloon, you increase its"
Polarization is a property of,transverse waves,longitudinal waves,all waves,None of these,A,Polarization is a property *|=
"In a vacuum, an object has no",buoyant force,mass,weight,All of these,A,"In a vacuum, an object |-|ª5 no"
Temperature is generally proportional to a substance’s,thermal energy.,vibrational kinetic energy.,average translational kinetic energy.,rotational kinetic energy.,C,+&|\/||*&®4+(_)12€ is generally proportional to a substance’s
"In a hydraulic press operation, the output piston cannot",move farther than the input piston,exceed the force input,exceed the input piston’s speed,produce increased energy,D,"In a hydraulic |*|2ë§§ operation, the output piston cannot"
When a spinning system contracts in the absence of an external torque its rotational speed increases and its angular momentum,decreases,increases,remains unchanged,may increase or decrease,C,When ä spinning system <ö/\/+®4[†§ in the absence of an external torque its rotational speed increases and its angular momentum
"According to Hooke’s law, if you hang by a tree branch and note how much it bends, then hanging with twice the weight produces",half the bend.,the same bend if the branch doesn’t break.,twice the bend.,4 times the bend.,C,"According to Hooke’s law, if you hang by 4 tree branch and note #()vv much it bends, then hanging with twice +[-]& weight produces"
When an increase in speed doubles the kinetic energy of a moving body its momentum,increases but less than doubles,doubles,more than doubles,depends on factors not stated,A,When an increase in speed doubles the kinetic €^/€126¥ of a /V\()\/1/\/& body its momentum
Suppose the number of neutrons in a reactor that is starting up doubles each minute reaching one billion neutrons in 10 minutes. When did the number of neutrons reach half a billion?,1 minute.,2 minutes.,5 minutes.,9 minutes.,D,Suppose the number *ƒ neutrons in a reactor 7[-]47 is 5+@12†î|\|& up doubles each /V\][|Vµ†& reaching one billion neutrons in 10 minutes. When did the number 0ƒ neutrons reach |-|ä£|= a billion?
"If an object is already moving and the sum of all the vector forces on a mass is zero, then the object will",move at a constant speed in a straight line,accelerate at a constant rate in a straight line,come to rest,increase its amount of inertia,A,"!ph an ö13_|€<+ is already moving and the sum of all the vector forces on a /\/\4§§ is zero, then the ö|3;€¢7 will"
"Relativity equations for time, length, and momentum hold true for",everyday low speeds.,relativistic speeds.,Both of these.,Neither of these.,C,"Relativity equations for †][/\/\ë, length, and momentum hold true for"
Put a saucer of water on your table. A process that then occurs is,evaporation,condensation,Both,Neither,C,Put a saucer of water */\/ your table. @ process that then occurs is
A barometer that uses water instead of mercury will be,shorter,taller,equal in height,inoperable,B,A |3/\|2()/V\€7&|2 that uses water instead of mercury will be
A heavy rock and a light rock in free fall (zero air resistance) have the same acceleration. The heavy rock doesn't have a greater acceleration because the,force due to gravity is the same on each.,air resistance is always zero in free fall.,inertia of both rocks is the same.,ratio of force to mass is the same.,D,/\ |-|€/\|/¥ rock and a light rock in free fall (zero ä|® resistance) have the same acceleration. The |-|&ä\|j rock doesn't have a greater acceleration because the
When an increase in speed doubles the momentum of a moving body its kinetic energy,increases but less than doubles,doubles,more than doubles,depends on factors not stated,C,When an increase in speed doubles the |\/|ö/V\&|\|†(_)|\/| of a moving body !†5 kinetic energy
The equation E = mc^2 indicates that energy,equals mass moving at the speed of light squared.,equals moving mass.,is fundamentally different than mass.,and mass are closely related.,D,The equation E = mc^2 indicates that energy
General relativity predicts that,light leaving the Sun is slowed by gravity.,light passing the Sun is deflected.,a clock on the Sun’s surface runs faster than on Earth.,All of these.,D,General relativity |*|Z3|)î[+5 that
"When an element ejects an alpha particle, the atomic number of the resulting element",reduces by 2,reduces by 4,increases by 2,increases by 4,A,"When an 31€/V\ë/\/† ejects an alpha particle, the /\†0|\/|][( number of the resulting ë|€/\/\ë/\/†"
"As more lamps are connected in parallel in a circuit, the current in the power source",increases,decreases,remains the same,Not enough information to say,A,"As ^^()®3 lamps are connected in parallel in a circuit, the current in the power $*|_||Z[ë"
An airplane with its nose pointing north with an airspeed of 40 km/h in a 30-km/h crosswind (at right angles) has a groundspeed of,30 km/h,40 km/h,50 km/h,60 km/h,C,/\|V airplane with its /\/ö§3 pointing north with an airspeed of 40 km/h in /\ 30-km/h crosswind (at right angles) has 4 groundspeed of
The energy of an emitted photon is related to its,amplitude,polarization,momentum,frequency,D,The energy of an emitted photon |§ related to its
Thermal conduction involves mainly,electrons,protons,neutrons,ions,A,Thermal conduction |^/|/0£\/€$ mainly
Compared with the current in an LED lamp the current in the connecting wire is,less.,more.,the same.,Need more information.,C,Compared with the current in an 13cl |/\/\/\|o the current in the connecting wire is
Bow waves are produced by waves of water,overlapping one another,constructively interfering,moving slower than the source producing them,All of these,D,Bow waves are produced |3¥ waves of water
The speed of sound is slightly greater on a,cold day,hot day,day with steady temperature,None of these,B,The speed of sound is slightly greater on ª
"Consider two mercury barometers, one having a cross-sectional area of 1 cm2 and the other 2 cm2. The height of mercury in the narrower tube is",half,twice,the same,None of these,C,"Consider two mercury 84|Z*/V\€†ë12$, one having ä cross-sectional area of 1 cm2 and the other 2 cm2. The height of mercury ][|\| the narrower tube is"
The second law of thermodynamics tells us that heat doesn’t flow from,hot to cold ever,cold to hot ever,hot to cold without external energy,cold to hot without external energy,D,The second law 0ƒ †#€|Z/V\()[)j|V@|\/|î(§ tells us that heat doesn’t flow from
In a mixture of hydrogen oxygen and nitrogen gases at a given temperature the molecules having the greatest average speed are those of,hydrogen.,oxygen.,nitrogen.,But all have the same speed on average.,A,][|V a |\/|!)(7µ|2& 0ph hydrogen oxygen and nitrogen gases at a given temperature the molecules having the greatest average speed are those ()ƒ
"Compared with the power input, the power output of an ideal transformer is",greater,less,the same,Any of these,C,"Compared with 7|-|ë power input, †#€ power output of an ideal +|2/\^/5ƒö®^^ë|Z is"
The amount of air drag on an 0.8-N flying squirrel dropping vertically at terminal velocity is,less than 0.8 N,0.8 N,greater than 0.8 N,dependent on the orientation of its body,B,†[-]3 amount of air drag on an 0.8-N flying squirrel dropping vertically at +&12/V\1|\|4|_ velocity is
The vibrations in a longitudinal wave move in a direction,along and parallel to the wave,perpendicular to the wave,Both of these,Neither of these,A,The vibrations in a longitudinal vv/\|/3 move in a direction
The potential energy of a compressed spring and the potential energy of a charged object both depend on,the work done on them,motion,Both of these,Neither of these,A,The potential energy öph a compressed spring and the potential energy 0ƒ a charged object both depend ö/\/
A step-up transformer in an electrical circuit can step up,voltage,energy,Both of these,Neither of these,A,A step-up transformer in an €|ë¢+®î[ä| circuit can step up
The neutrons in an atom are normally found,inside the nucleus,outside the nucleus,Either of these,Neither of these,A,7#ë neutrons in an atom are normally found
The greenish-blue color of ocean water is due mostly to light that hasn’t been,absorbed,reflected,scattered,refracted,A,The greenish-blue (()|*|Z of ()(34|\| water is due mostly to light that hasn’t been
Noise-canceling devices make use of sound,destruction,interference,resonance,amplification,B,Noise-canceling |>&|/][(ë$ make use of sound
Black is the combination of,all the colors together,two or more appropriate colors,light when a prism is held upside down,None of these,D,Black is the (()|\/||3î^//\†|ö|V of
"In a circuit of two lamps in parallel, if the current in one lamp is 2 A, the current in the other lamp is",about 1 A,2 A,Depends on which lamp is closer to the battery,Not enough information to say,D,"|/\/ a circuit of two lamps in parallel, if the [(_)|2|2ë|V+ in one lamp is 2 A, the [µ®|23|V† in the ()+[-]312 lamp is"
Which of these changes when light refracts in passing from one medium to another?,Speed only,Wavelength only,Both speed and wavelength,Neither of these,C,uu|-|!<}{ of these changes when light refracts in passing from one medium †ö another?
"If the frequency of one source of sound is 500 Hz and a second sound source is 504 Hz, then when the two waves interfere with each other, the beat frequency will be",2 Hz,4 Hz,8 Hz,16 Hz,B,"If †}{& frequency of one source of sound is 500 Hz 4/\/[) a second sound source is 504 Hz, then \/\/}{ë^/ 7|-|3 two waves |/\/+3|Zƒ3|Z€ with each other, 7#ë 13€/\+ frequency will be"
The loudness of a sound is most closely related to its,frequency,period,wavelength,amplitude,D,7#ë loudness of a sound |$ most closely related to its
The electric field inside the dome of a Van de Graaff generator is zero when the dome is,charged,uncharged,Either of these,Neither of these,C,The electric field inside the dome of 4 Van de Graaff generator is 2&|2* when the dome is
The redness of a sunrise or sunset is due mostly to light that hasn’t been,absorbed,transmitted,scattered,polarized,C,†}{ë redness of a sunrise ()12 sunset is due mostly to light that hasn’t been
"When a nucleus of uranium-238 emits an alpha particle, left behind is",thorium-242,thorium-238,thorium-234,radium-214,C,"When a |V|_|(13(_)§ of uranium-238 emits an alpha particle, left behind |5"
The Doppler effect occurs when a source of sound moves,toward you,away from you,Both of these,None of these,C,The Doppler ëphƒë(† occurs when a source of sound moves
"When a proton is plucked from an atomic nucleus, the atom has a decrease in",charge,energy,mass,all of these,D,"When a |D®()†()|V is plucked |=|Z()|\/| an atomic nucleus, the atom has a decrease in"
"If the Sun were twice as massive, its pull on Mars would be",unchanged,twice as much,half as much,four times as much,B,"If the Sun were twice as massive, î7$ pull on ^^ä|25 would be"
During the time an aircraft produces a sonic boom the aircraft is,breaking the sound barrier,pulling out of a subsonic dive,flying faster than sound,Each of these produces a sonic boom,C,During the time an aircraft produces ä sonic 13()ö/V\ the aircraft is
"When food is exposed to gamma radiation, the food",becomes slightly radioactive,doesn’t become radioactive,will spoil faster,should be avoided,B,"When food is exposed to &/\^^|\/|@ radiation, the food"
The red glow in the neon tube of an advertising sign is a result of,fluorescence.,coherence.,polarization.,de-excitation.,D,The red 61*uu in the neon 7(_)|3& of an advertising sign is a result of
Light that is not transmitted by opaque materials is,reflected or converted to internal energy in the material.,mainly reflected.,mainly refracted.,transmitted at a lower frequency.,A,|î9|-|+ that is not transmitted by opaque materials is
Imagine you're standing on the surface of a shrinking planet. If it shrinks to one-tenth its original diameter with no change in mass on the shrunken surface you'd weigh,1/100 as much,10 times as much,100 times as much,1000 times as much,C,Imagine you're standing on the surface of a shrinking planet. If î7 5#12||V|(§ to one-tenth its original diameter with no change ||V mass on the shrunken surface you'd weigh
A magnetic force acting on a beam of electrons can change its,direction,energy,Both of these,Neither of these,A,A magnetic force acting on a beam ()|= electrons can change î+$
Microscopic slush in water tends to make the water,more dense,less dense,more slippery,warmer,A,Microscopic slush in vvª7€12 tends to make the \^/ª+&|2
The speed of sound in air depends on,frequency.,wavelength.,air temperature.,All of these.,C,+|-|€ speed of sound in air depends on
Heat comes from the Sun to Earth by the process of,conduction,convection,radiation,"All of these, although radiation is greatest",C,Heat ¢ö|\/|ë5 from 7}{& Sun to Earth by 7|-|3 process of
A torque is a force,like any other force,multiplied by a lever arm,that is fictitious,that accelerates things,B,/\ torque is a force
All of the following are electromagnetic waves EXCEPT,microwaves,light waves,X-rays,None is outside the family; all are electromagnetic waves,D,All of 7|-|€ following are electromagnetic waves EXCEPT
Big brother and little sister can balance on a seesaw because of balanced,forces,torques,energies,All of these,B,Big brother and little 5][§†€12 can balance on /\ seesaw because of balanced
Any atom that emits an alpha particle or beta particle,becomes an atom of a different element always.,may become an atom of a different element.,becomes a different isotope of the same element.,increases its mass.,A,Any atom that emits an /\£|*[-]ª particle or beta particle
Regelation occurs due to water’s,high specific heat,open-structured ice crystals,high rate of expansion,slight tendency to freeze when its temperature is lowered,B,Regelation ö¢[µ|2$ due to water’s
"A big fish swims upon and swallows a small fish that is at rest. Right after lunch, the fattened big fish has a change in",speed,momentum,Both,Neither,A,"A big fish swims (_)|*0/\/ and swallows /\ small fish that is at rest. Right after 1|_|/\/<#, the fattened big fish has @ change in"
A capacitor can store,charge,energy,Both of these,Neither of these,C,A capacitor (4^/ store
"For a tube closed at one end, the length of the tube at a frequency of 256 Hz will be",one-quarter the value for a tube open at both ends,one-half the value for a tube open at both ends,twice the value for a tube open at both ends,four times the value for a tube open at both ends,B,"For a tube closed at one end, the length of the tube at a frequency of 256 #7_ will 83"
The period of a 10-Hz wave is,1/10 s,1.0 s,10 s,None of these,A,The period of a 10-Hz vv/\\/3 is
If the Sun collapsed to become a black hole Planet Earth would,continue in its present orbit.,likely be sucked into the black hole.,be pulled apart by tidal forces.,Both C and D.,A,If the Sun collapsed to ß€[ö/V\& a black #()13 Planet Earth would
The electric field between a pair of oppositely charged parallel plates,gets weaker with distance inside the plates,follows the inverse-square law,Both of these,Neither of these,D,The electric field between a pair of oppositely (#ä|29€cl |º@®4£|_&1 plates
The flight of a blimp best illustrates,Archimedes’ principle,Pascal’s principle,Bernoulli’s principle,Boyle’s law,A,The flight of a blimp 133§† illustrates
The distance of your image behind a plane mirror is equal to,half your height,half your distance from the mirror,your distance in front of the mirror,more than your distance in front of the mirror,C,The distance of your image 8&}{|/\/|> ä plane mirror is equal to
The discrete orbits of electrons are best understood when modeled by,high-speed particles,particles on springs,waves,photons,C,The discrete orbits of electrons /\®€ best understood \^/|-|3^/ modeled by
"Heat engines, such as a jet engine, are more efficient when run at",high temperatures,constant temperatures,low temperatures,a constant rate,A,"Heat engines, such as ä jet engine, are more &ƒ|=|(!€/\/+ when run at"
The phenomenon of interference occurs for,sound waves,light waves,Both of these,Neither of these,C,The |o#ë^/ö|\/|&|\|()^/ of interference occurs for
As more lamps are connected in a series circuit the current in the power source,increases.,decreases.,remains much the same.,Need more information.,B,45 more 1@/\/\|o§ are connected in a series circuit the current in the power source
"When you buy a pipe in a hardware store, the water isn’t included. When you buy copper wire, electrons",must be supplied by you,are included in the wire,may fall out—hence insulation,None of these,B,"vv#&|V you buy ª pipe in ä hardware store, the water isn’t included. \^/#&/\/ you buy copper wire, electrons"
When a uranium nucleus undergoes fission the energy released is primarily in the form of,gamma radiation.,kinetic energy of fission fragments.,kinetic energy of ejected neutrons.,All of these about equally.,B,When a uranium |\|µ(|_ë|_|§ undergoes fission the energy released is primarily î/\/ the form of
Most of the radiation in Earth’s biosphere is,natural background radiation,the result of military activities,from nuclear power plants,in the form of cosmic rays,A,Most of the radiation in Earth’s |3|*$|o#3|Zë is
When white light enters a prism green light is bent more than,blue light.,violet light.,red light.,None of these choices is correct.,C,When white light enters a |D|Z!§/V\ green light is bent more 7[-]4|V
When a ball at rest hangs by a single vertical string tension in the string is mg. If the ball is made to move in amhorizontal circle so that the string describes a cone string tension,is mg,is greater than mg always,is less than mg always,may be greater or less than mg depending on the speed of the ball,B,\^/[-]&|V a ball at rest hangs by a single \/3127!<ä| string tension in 7#& string is mg. If +|-|3 ball is made to move in amhorizontal circle so that †|-|3 string describes a cone string tension
"When a tin can is whirled in a horizontal circle, the net force on the can acts",inward,outward,upward,None of these,A,"When a tin can is whirled in a #ö12î%*^/†ª| circle, the net force on the can ª¢+$"
The highest ocean tides occur when Earth and the Moon are,lined up with the Sun,at right angles to the Sun,at any angle to the Sun,lined up during spring,A,+|-|& highest ocean tides occur when Earth 4^/|> the Moon are
"Lift a 100-N crate with an ideal pulley system by pulling a rope downward with 25 N of force. For every 1-m length of rope pulled down, the crate rises",25 cm,25 m,50 cm,None of these,A,"Lift a 100-N crate with an ideal pulley 5`/$7ë^^ ß`/ pulling a rope downward with 25 N of force. For every 1-m length of rope pulled [)ö\/\/|\|, the crate rises"
"Hot sand cools off faster at night than does vegetation. Compared with vegetation, sand’s specific heat capacity is",lower,higher,about the same,Can’t say,A,"Hot sand cools off faster at night 7[-]ª|V does vegetation. Compared with vegetation, sand’s specific heat capacity 15"
The color of light most intense in the solar radiation curve is,infrared,red,yellow-green,violet,C,The color ()ph light /V\ö§7 intense in the solar radiation curve is
"If the current in the filament of a lamp is 3 A, the current in the connecting wire is",less than 3 A,3 A,more than 3 A,Not enough information to say,B,"If the current in the filament of a £@|\/||o is 3 A, the current in the connecting wire is"
"If two protons and two neutrons are removed from the nucleus of neon-20, a nucleus of which element remains?",Magnesium-22,Magnesium-20,Oxygen-18,Oxygen-16,D,"If two protons and two neutrons @|2& removed from the nucleus of neon-20, a nucleus of which ë£3|\/|€|V† remains?"
"If a star that is 20 light-years from Earth explodes, gravitational waves from the explosion would reach Earth in",less than 20 years.,20 years.,more than 20 years.,None of these.,B,"If a star that is 20 light-years from &/\|27|-| explodes, gravitational waves from the ë><|*£0§][ö|V would reach 3ä|Z+}{ in"
"In a mixture of hydrogen, oxygen, and nitrogen gases at a given temperature, the fastest molecules on average are those of",hydrogen,oxygen,nitrogen,All have same average speed,A,"In a mixture 0ph hydrogen, oxygen, and nitrogen gases at a given temperature, the fastest molecules on 4\/&®/\9ë 412ë those 0|="
The mutual induction of electric and magnetic fields can produce,light,energy,Both of these,Neither of these,A,The mutual induction of electric /\|\|[) magnetic fields can produce
"When a model car speeds up to three times its original speed, its kinetic energy is",the same,twice as great,three times greater,None of these,D,"When a model car speeds up 70 three times î+§ original speed, !†5 kinetic energy is"
"If an iron nucleus split in two, its fission fragments would have",less mass per nucleon,more mass per nucleon,the same mass per nucleon,either more or less mass per nucleon,B,"If an iron nucleus $|D|_!† in two, its |=î§$|*|V fragments would have"
The surface of Planet Earth loses energy to outer space due mostly to,conduction.,convection.,radiation.,radioactivity.,C,The surface of Planet &ª|Z†|-| loses energy 7* outer space due mostly +()
The direction of natural processes is from states of,higher order to lower order,lower order to higher order,disorganization to organization,disorder to equilibrium,A,The direction *ƒ natural processes is from states *ph
A principal source of the Earth’s internal energy is,tidal friction.,gravitational pressure.,radioactivity.,solar radiation.,C,A |*|2!|V[1|*ä| source of the Earth’s internal energy is
A diffraction grating relies on light,interference,amplitudes,variations in brightness,being composed of photons,A,A diffraction grating relies *|V light
A satellite in Earth orbit is above Earth’s,atmosphere,gravitational field,Both,Neither,A,4 satellite in Earth orbit is above Earth’s
The time it takes for a pendulum swinging to and fro refers to its,frequency,period,wavelength,amplitude,B,The 7!|\/|€ it takes for a pendulum swinging †* and fro refers 7ö its
"As entropy in a system increases, energy in the system",becomes more ordered,becomes less ordered,reaches equilibrium,moves toward destruction,B,"As entropy in a system increases, energy in †[-]ë system"
"When water changes to steam, energy is",absorbed by the water,released by the water,conserved as the phase change occurs,changed to a different form,A,"When \^/4†€® changes to steam, energy is"
"According to Coulomb, a pair of charged particles placed twice as close to each other experience a force",twice as strong,four times as strong,half as strong,one-fourth as strong,B,"According to Coulomb, a |oäî|2 of charged particles placed twice as close to each other ë)(|º&12!€/\/<ë a force"
"The factors, both of which will increase the magnetic field strength of an electromagnet, are",increased electrical current and fewer coils of wire,increased diameter of coil and an increase in the number of coils,an increase in the electrical current and using a strong ferromagnetic material like iron,using an air core instead of iron and increasing the diameter of the coil,C,"The factors, both of vv#!([-] will increase the magnetic ph1&1[) strength of an electromagnet, are"
The team that wins in a tug-of-war is the team that,produces more tension in the rope than the opponent,pushes hardest on the ground,Both,Neither,B,The +€4|\/| 7|-|ª7 wins in a tug-of-war is the †&ª/\/\ 7[-]ä+
Which type of radiation from cosmic sources predominates on the inside of high-flying commercial airplanes?,Alpha,Beta,Gamma,None of these,C,Which type of radiation from cosmic sources predominates ()^/ the î/\/$][|>ë of high-flying commercial airplanes?
Thermal convection involves mainly,radiant energy,fluids,insulators,All of these,B,+[-]&®/V\ª1 convection involves mainly
A 10-Ω resistor carries 10 A. The voltage across the resistor is,0,more than 0 but less than 10 V,10 V,more than 10 V,D,A 10-Ω resistor carries 10 ª. The \|ö£+/\&& across the resistor is
A cannonball is fired horizontally at 10 m/s from a cliff. Its speed one second after being fired is about,10 m/s,14 m/s,16 m/s,20 m/s,B,A </\^//\/*|V841| is fired horizontally at 10 /\/\/§ from a cliff. Its speed one second after being fired is about
The average speed of a gazelle traveling a distance of 2 km in a time of one-half hour is,1 km/h,2 km/h,4 km/h,greater than 4 km/h,C,The average speed of /\ gazelle traveling 4 distance of 2 km in @ time of one-half hour !$
The metal detectors people walk through at airports operate via,Ohm’s law,Faraday’s law,Coulomb’s law,Newton’s laws,B,The metal detectors people walk through at ä][|Z|Dö|27§ operate via
Sound travels in,solids,liquids,gases,All of these,D,Sound travels ||\|
When a fusion reaction converts a pair of hydrogen isotopes to an alpha particle and a neutron most of the energy released is in the form of,gamma radiation.,kinetic energy of the alpha particle.,kinetic energy of the neutron.,All of these about equally.,C,When a ƒ|_|5î*/\/ reaction converts a pair of hydrogen isotopes to an alpha particle and a neutron most of the energy 12ë1ëª§ë|> is in the |=*®^^ of
Polarization is a property of,transverse waves.,longitudinal waves.,all waves.,None of these.,A,Polarization is a property 0|=
The phenomenon of beats results from sound,reflection.,refraction.,interference.,All of these.,B,The phenomenon of beats |Zë5(_)£7$ from sound
"The lowest possible temperature is absolute zero, at",0 kelvin,−273°C,Both are the same,None of these,C,"The lowest possible †€|\/||D€|2/\7(_)|2€ is absolute zero, at"
Refraction occurs when a wave crosses a boundary and changes,speed and direction,intensity,frequency,amplitude,A,Refraction occurs when a wave ¢12ö5§€§ a boundary and changes
"When you tap a piece of wood, it will produce a characteristic sound related to its",wavelength,amplitude,period,natural frequency,D,"When you tap a piece of wood, it \/\/11£ produce a [}{ä|Z4¢7&12|57|( sound related to its"
"When wind speeds up as it blows over the top of a hill, atmospheric pressure there",increases,decreases,isn’t affected,reduces to zero,B,"When wind §|D€€|>$ up ä5 it blows over the top of a hill, atmospheric pressure there"
"When white light passes through a prism, the light that bends more than green is",red,yellow,blue,None of these,C,"When white 1î6#† passes through a prism, the 11&|-|† that |3€|\|[)$ more than green is"
"If you travel at high speed, then compared with your friends who “stay at home,” you are",older.,younger.,neither younger nor older.,longer.,B,"If you travel at high speed, then <0^^|*ª123[) with your friends uu}{ö “stay at home,” you are"
The component of velocity that can remain constant for a tossed baseball is,horizontal,vertical,Either of these,None of these,A,+[-]ë component of velocity that can remain constant for 4 tossed baseball is
The crystals that make up minerals are composed of,atoms with a definite geometrical arrangement.,molecules that perpetually move.,X-ray patterns.,3-dimensional chessboards.,A,7#ë crystals that make up minerals are composed of
"Two vectors, one 3 N and the other 4 N, can have a resultant of",0 N,5 N,8 N,Any of these,B,"Two vectors, *|\|3 3 N and the *7[-]&® 4 N, can have a resultant of"
Radioactivity has been around on Earth since the,middle of the 1900s,Industrial Revolution,advent of medical technology,Earth formed,D,Radioactivity has been /\|2*(_)|V|) on Earth since the
"When the shadow of the Moon falls on Earth, we have a",lunar eclipse.,solar eclipse.,solar eclipse if it’s daytime and lunar eclipse if it’s nighttime.,very dangerous event.,B,"When the shadow 0|= the Moon falls on Earth, we have /\"
"In both fission and fusion, energy is released while mass",decreases,remains unchanged; is conserved,increases,may decrease or increase,A,"In both fission and fusion, €/\/&|29j is released while mass"
"When relatively slow-moving molecules condense from the air, the temperature of the remaining air tends to",remain unchanged,decrease,increase,spread out uniformly,C,"\^/#3|\| relatively slow-moving molecules condense from +#€ air, †}{& temperature of +|-|& remaining air tends to"
"If the volume of an object were to double, with no change in mass, its density would",halve.,double.,be the same.,None of these.,A,"If the \|ö£(_)/V\€ of an object were to double, with no change in mass, its |>3|\|5!7`/ would"
The pressure at the bottom of a pond does NOT depend on the,acceleration due to gravity.,water density.,depth of the pond.,surface area of the pond.,D,The pressure at the bottom 0ƒ @ pond does NOT depend on the
The blueness of the daytime sky is due mostly to light,absorption,transmission,reflection,scattering,D,7}{€ blueness of the daytime sky is due mostly to £][9}{7
A galvanometer can be calibrated to read electric,current,voltage,Either of these,Neither of these,C,4 galvanometer can be calibrated to read electric
Which of these temperatures is likely when a container of water at 20°C is mixed with water at 28°C?,19°C,22°C,30°C,Higher than 30°C,B,Which of these 7ë^^|o€|Z47µ®ë$ is likely when a container of uuª73|2 at 20°C is mixed with \^//\7312 at 28°C?
To view your full-face image in a steamy mirror compared with the height of your face the minimum height of the patch to wipe away is,one-quarter.,one-half.,the same.,dependent on your distance from the mirror.,B,+ö view ¥()µ® full-face image in a steamy mirror compared with the #€|9[-]+ of `/ö(_)|2 face the minimum [-]3!&|-|† of the patch to wipe away is
The vibrations in a transverse wave move in a direction,along the wave,perpendicular to the wave,Both of these,Neither of these,B,The vibrations in a transverse \/\/4\/& move in a direction
A 1134-Hz tuning fork is sounded at the same time a piano note is struck. You hear three beats per second. The frequency of the piano string is,1131 Hz,1134 Hz,1137 Hz,More information is needed,D,A 1134-Hz tuning fork is sounded at the same time a |º!ä|\|ö note is 5+|2µ(|<. You hear three beats per second. 7}{ë frequency of the |*|/\|V() string is
Huygens’ principle for light is primarily described by,waves,rays,particles,photons,A,Huygens’ principle ƒ0|2 light is primarily described by
"When the temperature of a strip of iron is increased, the length of the strip",also increases.,actually decreases.,may increase and may decrease.,decreases in width as it gets longer.,A,"When †[-]€ temperature of a strip of iron is increased, 7|-|ë length of +#ë strip"
"When light undergoes interference, it can sometimes",build up to more than the sum of amplitudes,cancel completely,Both of these,Neither of these,B,"When light µ|\|cl&|2&*&$ interference, it can sometimes"
When the color yellow is seen on your TV screen the phosphors being activated on the screen are,mainly yellow.,blue and red.,green and yellow.,red and green.,D,When the color yellow is seen 0|V your TV screen the phosphors 8€1^/& activated ö|\| the screen are
Which of these does NOT belong in the family of electromagnetic waves?,Light,Sound,Radio waves,X-rays,B,uu[-]|<|-| of these [)()3$ NOT belong in the family of electromagnetic waves?
A math book and a physics book sitting on a table are tied together with a length of string. With the string taut one book is pushed off the edge of the table. As it falls the other book is dragged horizontally across the table surface. With no friction acceleration of the books is,zero,g/2,g,a value between zero and g,D,A math book and @ physics book sitting on /\ table are tied together with /\ £&|\|9†}{ 0|= string. With the string taut one book ][5 pushed off the edge 0ƒ the table. As it falls the other book |5 dragged horizontally across the table surface. With no friction acceleration öƒ the books î§
A motor and a generator are,similar devices,very different devices,forms of transformers,energy sources,A,/\ motor and a generator are
As more lamps are connected in parallel in a circuit the current in the power source,increases.,decreases.,remains much the same.,Need more information.,A,As more lamps ä®& connected in parallel in a ¢112<(_)][7 the current in the power source
Newton’s law of cooling applies to objects that,cool,warm up,Both,Neither,C,Newton’s law of cooling applies to *8(/ë(†$ that
The fact that the Moon always shows its same face to Earth is evidence that the Moon rotates about its axis about once per,day,month,year,None of these for the moon does not rotate about an axis,B,The ƒ/\[† that 7[-]& Moon ä1uu4j$ shows its same face to Earth is evidence that 7|-|& Moon rotates about its axis about once per
Consider a ball rolling in a horizontal circular path on the inside surface of a cone. The normal force on the ball,is mg,is greater than mg always,may be greater or less than mg,is less than mg always,B,Consider a 8/\£1 rolling in a horizontal circular path on +#€ inside surface of a (ö|\|€. The normal force on †|-|3 13@|_1
The compressions and rarefactions in sound normally travel,in the same direction,in opposite directions,at right angles to each other,None of these,A,The <*^^|D|2€$5!0/\/$ and rarefactions in sound normally travel
The power required to raise a 100-kg crate a vertical distance of 2 m in a time of 4 s is,200 W,500 W,800 W,2000 W,B,The power required to raise a 100-]<9 crate a vertical distance ()ƒ 2 m ||\| a time ö|= 4 s is
The phenomenon of beats is the result of sound,destruction,interference,resonance,amplification,B,The phenomenon of beats |§ the result of sound
Interference is characteristic of,sound waves,light waves,water waves,All of these,D,Interference î$ characteristic of
"In either a fission event or a fusion event, a quantity that remains unchanged is the",kinetic energy,mass,number of nucleons,binding of nucleons,C,"In either a fission event or a phµ$î*^/ event, a quantity that |Z3|\/|/\||V$ unchanged is the"
The magnetic force on a moving charged particle can change the particle's,speed,direction,Both of these,Neither of these,B,The magnetic force on a moving [|-|/\|Z63|> particle can [}{ä^/6& the particle's
"If you were to travel at a speed close to the speed of light, you could notice that your own",mass changes.,pulse decreases.,Both of these.,Neither of these.,D,"If you were to travel at a speed close to the speed ()|= light, you could notice that ¥0|_|® own"
Electricity and magnetism connect to form,mass,energy,ultrahigh-frequency sound,light,D,Electricity and /V\ä&^/&†|$/\/\ connect to form
Sound travels in air by a series of,compressions,rarefactions,Both of these,Neither of these,C,Sound travels in air by /\ series of
"When a cannonball is fired from a cannon, both the cannonball and the cannon experience equal",amounts of force,accelerations,Both,Neither,A,"When a cannonball is ph|12€[) ph®ö/\/\ a cannon, both the cannonball and the cannon experience equal"
The nucleus of an electrically neutral iron atom contains 26 protons. The number of electrons this iron atom has is,52,26,24,None.,B,7[-]ë nucleus 0ph an electrically neutral iron atom contains 26 protons. +[-]& number ()ƒ electrons this iron atom has is
To say that a rose petal is red is to say that it,absorbs red,reflects red,emits red,transmits red,B,To say +}{ª7 a rose petal is ®3|) is to say +[-]ä† it
"Compared with a sound of 60 decibels, a sound of 80 decibels has an intensity",10 times greater,100 times greater,1000 times greater,more than 1000 times greater,B,"Compared \^/!†# a sound öƒ 60 decibels, a sound *|= 80 decibels has an intensity"
"When red and blue light are overlapped, the color produced is",magenta,yellow,cyan,white,A,"When red and blue 1|6}{† are overlapped, the <0£()|2 produced is"
"When 100 J are put into a device that puts out 40 J of useful work, the efficiency of the device is",40%,50%,60%,140%,A,"\/\/|-|&^/ 100 J are put into a |>€|/!<& that |*µ†§ out 40 J of useful work, the efficiency of the cl€|/][[3 is"
Shock waves are produced by waves of sound,overlapping one another,constructively interfering,moving slower than the source producing them,All of these,D,$#()<|< waves are produced by waves of sound
A rock suspended by a weighing scale weighs 5 N out of water and 3 N when submerged in water. What is the buoyant force on the rock?,3 N,5 N,8 N,None of these,D,A rock suspended by @ weighing scale weighs 5 N out of water and 3 N when $|_||3/V\€126&|) in water. What is the buoyant force on the rock?
The work done on a 100-kg crate that is hoisted 2 m in a time of 4 s is,200 J,500 J,800 J,2000 J,D,The work done on a 100-|<6 crate 7[-]ä7 is hoisted 2 m in a time of 4 s is
A capacitor loses half its remaining charge every second. If after five seconds its charge is q what was its initial charge?,4q.,8q.,16q.,32q.,D,A capacitor loses half its remaining ¢}{/\|Z9ë ë\/€|2`/ second. If after five seconds its ([-]ª®6& is q uu|-|ª+ was its initial charge?
The mass of an atom comes mostly from its _ ; and its volume from its _.,nucleons; nucleons.,electrons; electrons.,electrons; nucleons.,nucleons; electrons.,D,The mass of an @+()/V\ [()^^&5 mostly from its _ ; and its volume from its _.
The definition of magnetic inclination is the angle between,magnetic north and geographic north,magnetic north and geographic south,the earth’s magnetic field at any point and the vertical,the earth’s magnetic field at any point and the horizontal,D,The definition of magnetic inclination is the /\^/9£& between
The pitch of a sound is mostly related to its,intensity,frequency,amplitude,speed,B,The pitch of a sound is mostly related 7() its
"As more lamps are connected to a series circuit, the current in the power source",increases,decreases,remains the same,None of these,B,"As more lamps are connected to a series circuit, 7[-]& current 1^/ +|-|ë power source"
"When an element ejects an alpha particle, the mass number of the resulting element",reduces by 2,reduces by 4,increases by 2,increases by 4,B,"When an 3|_ë|\/|&/\/7 ejects an alpha particle, the mass ^/|_|/V\83® of the resulting &|ë/\/\ë^/+"
An electron can be speeded up by,an electric field,a magnetic field,Both of these,Neither of these,A,An electron can |3ë speeded up by
"A certain element emits 1 alpha particle, and its products then emit 2 beta particles in succession. The atomic number of the resulting element is changed by",zero,minus 1,minus 2,plus 1,A,"A certain element emits 1 alpha particle, and its |o|2*cl(_)(†$ then emit 2 beta particles in succession. 7#€ atomic number of the resulting element is changed by"
"When an object is set vibrating by a wave that has a matching frequency, what occurs is",forced vibration,resonance,refraction,amplitude reduction,B,"When an ö8_/€¢7 is set vibrating 13¥ a wave that has a matching frequency, what occurs is"
The red glow in the neon tube of an advertising sign is a result of,fluorescence,incandescence,de-excitation,polarization,C,The 12€[) glow in the neon 7(_)|33 of an advertising sign is a result of
"At very high speeds, an object appears to an observer at rest to be",shorter in the direction of travel.,shrunken in all directions.,shorter in the direction perpendicular to travel.,longer in all directions.,A,"At very #|9}{ speeds, an object appears 7ö an observer at rest 70 be"
"When a wave moves from shallow water to deep water, the","frequency decreases, the wavelength increases, and the speed increases","frequency does not change, the wavelength increases, and the speed increases","frequency does not change, the wavelength decreases, and the speed decreases","frequency does not change, the wavelength increases, and the speed decreases",B,"When a \/\//\|/ë moves from shallow \^/4+€® to deep water, the"
When you drop a ball from rest it accelerates downward at 9.8 m/s^2. If you instead throw it downward assuming no air resistance its acceleration immediately after leaving your hand is,9.8 m/s2,more than 9.8 m/s2,less than 9.8 m/s2,Cannot say unless the speed of throw is given.,A,When you drop a ball from rest it accelerates downward ä† 9.8 |\/|/$^2. If you instead throw it downward ä$5µ^^1/\/6 no air resistance its acceleration ][/V\|\/|€|)|47ë|_j after leaving ¥*(_)|2 hand is
Carbon-14 is primarily produced by cosmic radiation in the,atmosphere,food we eat,Earth’s interior,fallout of nuclear bomb tests,A,Carbon-14 !§ primarily produced by cosmic radiation in the
Chain reactions in a fission reactor are caused by,kinetic energy,energy conversion,mass conversion,ejected neutrons,D,Chain reactions in a fission reactor are ¢/\|_|5&|) by
Satellites in circular Earth orbit maintain a constant speed because gravitational force on them is,zero,practically zero,appreciably weaker than at Earth’s surface,without a component of force along their circular path,D,§ª†€|_£!+ë§ in circular Earth ö|28!+ maintain a constant speed because gravitational force on them is
The complementary color of blue is,magenta,yellow,cyan,white,B,The complementary <()1012 of blue is
"The difference between dc and ac in electric circuits is that in dc, charges flow",steadily in one direction,in one direction,to and fro,All of these,B,"7}{€ difference between dc and ac in electric circuits is that in dc, [#4|2&&5 flow"
To receive an electric shock there must be a,current in one direction.,presence of moisture.,high voltage and low body resistance.,voltage difference across part or all of your body.,D,To receive an electric shock there /V\µ§+ be a
A karate chop delivers a force of 3000 N to a board that breaks. The force that the board exerts on the hand during this event is,less than 3000 N,3000 N,greater than 3000 N,Need more information,B,A |(4®@†& chop delivers a force of 3000 N +* a board that breaks. The force that the board exerts on the }{@|\||> during this event is
Find the speed of a wave by multiplying its frequency by its,period,wavelength,amplitude,None of these,B,Find the speed of /\ wave 8`/ multiplying its frequency |3j its
The magnitude of the gravitational force on a satellite is constant if the orbit is,parabolic,circular,elliptical,All of these,B,The magnitude of the gravitational force on a 5ª7ë££!+3 is constant if the ö|28|+ is
The impulse–momentum relationship is a direct result of Newton’s,first law,second law,third law,law of gravity,B,7|-|3 impulse–momentum relationship is a direct result of Newton’s
A common nuclear fission reactor,heats water,generates electricity directly,gets energy from nothing,is a major polluter of the atmosphere,A,A ¢()|\/|/V\*^/ nuclear fission reactor
The process of boiling water tends to,warm the water,cool the water,Both,Neither,B,+#€ process of boiling water tends to
"When you scale up an object to 3 times its linear size, the surface area increases by",3 and the volume by 9.,3 and the volume by 27.,9 and the volume by 27.,4 and the volume by 8.,C,"When you scale up an object +* 3 times its linear §][%€, the surface area increases by"
"If you change the magnetic field in a closed loop of wire, what is created in the loop is a(n)",current,voltage,electric field,All of these,D,"If you change the magnetic field !|\| a closed loop of wire, what is (12&@+&|) 1|V the loop is a(n)"
Clocks on a fast-moving spaceship whizzing past Earth appear to run slow when viewed from,inside the spaceship.,Earth.,Both of these.,Neither of these.,B,Clocks on a fast-moving spaceship vv#][2>_!|\|& past Earth appear to run slow when viewed ph|20/\/\
The model of light most supported by the photoelectric effect is the,wave model,particle model,Both of these,Neither of these,B,7|-|3 model of |][&#+ most supported by the photoelectric effect is the
"Compared with a fundamental tone, the frequency of its second harmonic is",half as much,twice as much,the same,four times as much,B,"Compared with a fundamental tone, the frequency 0ƒ ][+$ second harmonic is"
A string is plucked producing four loops (antinodes). The length of the string is 12.00 m. The wavelength of the wave must be,48.0 m,24.0 m,6.00 m,3.00 m,C,A §7|2î|\|6 is plucked producing four loops (antinodes). The length of 7}{3 §†|Zî^/9 is 12.00 /V\. The wavelength of 7#& wave must be
"During the time an aircraft produces a sonic boom, the aircraft is",breaking the sound barrier,pulling out of a subsonic dive,flying faster than sound,All of these,C,"During 7}{ë time an aircraft produces a sonic boom, †[-]& aircraft is"
The principal source of Earth’s internal energy is,tidal friction,gravitational pressure,radioactivity,geothermal heat,C,The principal source of Earth’s î/\/7€®/\/ª£ energy is
"When you brush your hair and scrape electrons from your hair, the charge of your hair becomes",positive,negative,Both of these,Neither of these,A,"When you brush `/*µ12 hair and scrape electrons from j0|_|® hair, +|-|3 charge of jö|_||2 hair becomes"
Astrophysicists are able to identify the elements in the outer layers of a star by studying its,Doppler effect.,molecular structure.,temperature.,spectrum.,D,Astrophysicists are ª13£3 to identify †|-|€ elements in †|-|3 outer layers of a star by studying its
Relativistic equations for time dilation length contraction and relativistic momentum and energy hold true,at speeds near that of light.,at everyday low speeds.,at all speeds.,only approximately.,C,|Zë£ä+!|/!§†][¢ equations for time dilation length (()|V7|2@<7][()/\/ and relativistic momentum and energy hold true
"In his special theory of relativity, Einstein stated that the laws of physics are",different in different situations.,common sense applied to microscopic and macroscopic things.,the same in all frames of reference.,the same in all uniformly moving frames of reference.,D,"|^/ his special theory of relativity, Einstein stated that 7}{& laws of physics are"
"When an element ejects a beta particle, the atomic number of that element",reduces by 1,increases by 1,reduces by 2,increases by 2,B,"When an element ejects a beta |º4®7!<1€, the /\+*|\/|1¢ number of that element"
The amount of heat transferred to a system can be measured in,calories,joules,Either,Neither,C,The amount of heat transferred to a 5`/$+3|\/| can |3€ measured in
"Compared with the sound you hear from the siren of a stationary fire engine, its sound when it approaches you has an increased",speed,frequency,Both of these,Neither of these,B,"Compared with +#€ sound `/()|_| hear from +#& siren of a stationary fire engine, its sound when it approaches ¥()µ |-|@5 an increased"
Light reflecting from a smooth surface undergoes a change in,frequency.,wavelength.,All of these.,None of these.,D,Light reflecting from ª smooth surface undergoes 4 change in
What Einstein discovered about space and time is that they,are separate entities.,are parts of one whole.,follow an inverse-square law.,are special to space travelers.,B,What Einstein discovered äßö|_|+ space and time is that they
All parts of a laser beam have the same,frequency,phase,speed,All of these,D,All parts of a |_@$3|Z beam have the same
The rotational inertia of an object is greater when most of the mass is located,near the rotational axis,away from the axis,on the rotational axis,off center,B,The rotational inertia of an object î$ greater uu#&|V most of the mass 1§ located
"When small pieces of material are assembled into a larger piece, the combined surface area",greatly increases,slightly increases,decreases,is unchanged,C,"When small pieces of material are assembled into a larger piece, 7[-]& combined §µ|2phä<ë area"
A rainbow is the result of light in raindrops that undergoes,internal reflection,dispersion,refraction,All of these,D,A rainbow is the result of light in |24][|\||)|Zö|D$ that µ/\/[)3126ö&5
"In the atomic nucleus, electrical forces tend to",hold particles together,push particles apart,produce orbital motion,charge particles,B,"In the atomic nucleus, electrical forces †€/\/cl to"
The fact that the acceleration of free fall is the same for all masses is explained by Newton’s,first law,second law,third law,law of action–reaction,B,The fact that the acceleration of free fall 1$ the same for all masses ][5 3)(|º£ª|/\/€|) by Newton’s
"Compared with radiation from the Sun, terrestrial radiation has a lower",wavelength,frequency,Both,Neither,B,"Compared \/\/!+[-] radiation from the Sun, terrestrial radiation has a |_()uuë|Z"
"When we speak of time dilation, we mean that time",compresses with speed.,stretches with speed.,is a constant at all speeds.,is related to space.,B,"When \/\/3 speak of time dilation, vv€ mean that time"
The magnetic field lines about a current-carrying wire form,circles,radial lines,eddy currents,energy loops,A,The ^^ª9|V€†î< field lines about a current-carrying wire form
An inflated balloon with a heavy rock tied to it is dropped into a deep lake. As the balloon sinks deeper and deeper the buoyant force acting on it,increases.,decreases.,remains largely unchanged.,Need more information.,B,An inflated balloon with a heavy rock tied to it is |)|20|D|ºë[) into a deep lake. Ä5 the balloon sinks clë3|D3|Z and |)€ë|º3|2 the buoyant force acting on it
"A radioactive sample has a half-life of 1 hour. If we start with 1.000 gram of it at noon, how much remains at 3:00 pm?",0.50 g,0.25 g,0.125 g,0.0625 g,C,"Ä radioactive sample has a half-life of 1 [-]0µ12. If we start with 1.000 gram of it at noon, how |\/|µ¢|-| remains at 3:00 pm?"
Boiling and freezing occur when water is subjected to,decreased temperatures,decreased atmospheric pressure,increased temperatures,increased atmospheric pressure,B,Boiling and freezing occur when water is subjected +ö
"When you bend the branch of a tree by hanging on its end, the top side of the branch is under",tension.,compression.,Both.,Neither.,A,"When you bend 7#3 branch of a tree by hanging on its ë/\/|), +[-]& 7()|* side of +|-|& branch is under"
A simple and correct way to comprehend satellites orbiting Earth is to view them as,balanced between gravitational and centripetal forces.,beyond the main pull of Earth gravity.,in mechanical equilibrium with a net force of zero.,having sufficient tangential velocities to fall around rather than into Earth.,D,4 simple ª^/|) correct way to comprehend satellites orbiting Earth is to view them as
