Question,Option A,Option B,Option C,Option D,Answer,Question_Leet
The Barkhausen criterion for an oscillator,Loop gain should be unity,Loop gain should be less than unity,The phase of a feedback signal with respect to input should be 0° or 360°,Both A and C,D,The Barkhausen criterion ph*12 an oscillator
Potentiometer method of DC voltage measurement is more accurate than direct measurement using a voltmeter because,It loads the circuit moderately.,It loads the circuit to maximum extent.,It uses centre zero galvanometer instead of voltmeter.,It does not load the circuit at all.,D,Potentiometer method 0ph DC voltage measurement is more accurate than |>1|2&[7 measurement using a voltmeter because
Which of these sets of logic gates are designated as universal gates?,"NOR, NAND.","XOR, NOR, NAND.","OR, NOT, AND.","NOR, NAND, XNOR.",A,\/\/}{1[|-| of these sets of £09![ gates are designated as universal gates?
"A single phase one pulse controlled circuit has a resistance R and counter emf E load 400 sin(314 t) as the source voltage. For a load counter emf of 200 V, the range of firing angle control is",30° to 150°.,30° to 180°.,60° to 120°.,60° to 180°.,A,"A single phase one pulse controlled circuit has 4 |Z3$15†@|\|(3 R and <()|_|/\/+ë12 emf E load 400 sin(314 t) as the source \|()|_†46&. For ä load [*µ|\|†&|2 emf of 200 V, the range of firing angle control is"
A box which tells the effect of inputs on control sub system is known as,Data Box.,Logical box.,Decision box.,State box.,C,A box which tells the effect of inputs on (*/\/†®ö|_ sub 5`/$†3/\/\ is known as
Two infinite parallel metal plates are charged with equal surface charge density of the same polarity. The electric field in the gap between the plates is,same as that produced by one plate.,double the field produced by one plate.,dependent on coordinates of field points.,zero.,D,Two infinite parallel metal plates are charged with equal surface charge density *ƒ the $ª|\/|ë polarity. The electric field in the gap between the plates !5
The resistance in the circuit of the moving coil of a dynamometer wattmeter should be,Low.,Very low.,High.,Almost zero.,C,The resistance in the circuit *ph the moving coil *|= a dynamometer \/\/4†7/\/\&7&|Z should be
The following are the necessary requirements of an oscillator,Amplitude stability,Frequency stability,Power stability,Both A and B,D,†|-|€ following are the necessary requirements of an oscillator
The normal voltage used in directional heating is,1.5 KV.,15 KV.,33 KV.,66 KV.,A,+[-]ë normal voltage used in directional heating is
LC oscillators are used for produce a waveform with frequency ranging from,1MHz to 500 MHz,100 KHz to 500 MHz,1 KHz to 1 MHz,1MHz to 100 GHz,A,LC oscillators are used |=012 produce /\ waveform with frequency ranging from
A working diode must have,High resistance when forward or reverse biased,"Low resistance when forward biased, while high resistance when reverse bias","High resistance when forward biased, while low resistance when reverse bias",Low resistance when forward or reverse biased,B,A working diode must |-|@\/3
What is the name of the fluorescent material that gives red colour fluorescence?,Zinc silicate.,Calcium silicate.,Zinc sulphide.,Magnesium silicate.,D,What is +}{€ name of +|-|ë fluorescent |\/|/\†&|Z][ä£ that gives red colour fluorescence?
How many bits are required to store one BCD digit ?,1,2,3,4,D,How many bits ª|Zë required to $7012ë one BCD digit ?
Commutator in DC generator is used for,collecting of current,reduce losses,increase efficiency,convert AC armature current in to DC,D,Commutator ][/\/ DC generator is used for
1 F is theoretically equal to,1 ohm of resistance,ratio of 1 V to 1 C,ratio of 1 C to 1 V,none of these,C,1 F is theoretically &O_|_|4|_ to
How many entries will be in the truth table of a 3 input NAND gate ?,3,6,8,9,C,How many entries will 8€ in the 712(_)7}{ table of a 3 input NAND gate ?
In decimal number system what is MSD,First digit from left to right,First digit from right to left,Middle digit,Mean of all digits,A,In decimal number system \/\/}{ä7 is MSD
"In Digital Logic Designs, GAL is abbreviated as",General Advance Logic,General Array Logic,Generic Advance Logic,Generic Array Logic,D,"In Digital Logic Designs, 9/\|_ is abbreviated as"
Inintel 8085A microprocessor ALE signal is made high to,Enable the data bus to be used as low order address bus,To latch data D0-D7 from data bus,To disable data bus,To achieve all the functions listed above,A,Inintel 8085A |\/|!(|2*|º|Z*¢&§5()® ALE signal is made high to
For an SCR gate cathode characteristic is a straight line of 130. For triggered source volume of 15 V and allowable gate power dissipation of 0.5 W compute the gate source resistance?,111.9 ohm,11.19 ohm,108 ohm,115 ohm,A,ƒ*|Z an SCR gate ¢ä+[-]*|>& characteristic is a straight line of 130. ph0® triggered source volume of 15 V 4^/cl allowable gate |D()vv€|2 dissipation of 0.5 W compute the gate source resistance?
The concept of V/f control of inverters driving induction motors resuls in,constant torque operation,speed reversal,reduced magnetic loss,hormonic elimination,A,The concept of V/f control of inverters driving !|\||)|_|(7!()|V |\/|*+*|25 resuls in
"The energy stored in the magnetic field in a solenoid 30 cm long and 3 cm diameter wound with 1000 turns of wire carrying a current at 10 amp, is",0.015 joule.,0.15 joule.,0.015 joule.,1.15 joule.,B,"The energy $+*|Z€cl ][/\/ the /\/\46/\/&7î[ field |^/ a solenoid 30 cm long and 3 cm diameter wound with 1000 turns of wire carrying a current at 10 amp, is"
"While operating on variable frequency supplies, the AC motor requires variable voltage in order to",protect the insulation.,avoid effect of saturation.,improve the capabilities of the inverter.,protect thyristor from dV / dt.,B,"While ()|º3124+!/\/9 on variable frequency supplies, the AC /\/\*7()|2 requires variable voltage in order to"
Which of the following windings are necessary in case of all dc machines?,closed winding,lap winding,wave winding,open type winding,A,Which of the following windings are necessary !|V case of all dc ^^ä[#!/\/€5?
Relaxation Voltage controlled oscillators are used to generate,Sinusoidal wave,Triangular wave,Sawtooth wave,Both B and C,D,Relaxation Voltage controlled oscillators are (_)§3|) to generate
The supply frequency usually employed for high frequency eddy current heating is,1 KHz.,5 KHz.,10 MHz.,10 KHz to 400 KHz.,D,The supply frequency |_|$|_|ª£1¥ employed for }{|6|-| frequency eddy current heating is
In the toggle mode a JK flip-flop has,"J = 0, K = 0.","J = 1, K = 1.","J = 0, K = 1.","J = 1, K = 0.",B,In the toggle mode a JK ph£1|o-|=|_0|D has
Electric drive is becoming more and more popular because,all of below.,it provide smooth and easy control.,it is cheaper in cost.,it is simple and reliable.,A,Electric drive is becoming more and more |*0|*µ|ä12 because
A step up chopper has input voltage 110 V and output voltage 150 V. The value of duty cycle is,0.32.,0.67.,0.45.,0.27.,B,A step up ¢|-|*|o|*&12 |-|/\$ input voltage 110 V and output voltage 150 V. The value of duty cycle is
A Binary number system has how many digits.,0,1,2,10,C,A Binary number system has how many |)|&î+$.
"Lowest critical frequency is due to pole and it may be present at the origin or nearer to the origin, then the type of network is",LC.,RL.,RC.,Any of the above.,C,"Lowest critical frequency ][5 due to pole and it may be present at 7}{& origin or /\/&4|Z3® to +[-]3 origin, then †[-]3 type of network 1§"
Advantages of open loop control system is/are,simple and economical.,accurate.,reliable.,all of the above.,A,Advantages of open loop [0|\|7|2()|_ system is/are
"The voltage induced in an inductor is represented as,",product of its inductance and current through it.,ratio of its inductance to current through it.,ratio of current through it to its inductance.,product of its inductance and rate of change of current through it.,D,"The voltage induced in an 1/\/[)(_)<†ö|2 is represented as,"
"If a Hexadecimal number needs to convert to binary. For each hexadecimal digit, there will be how many bits",1,2,4,8,C,"If a Hexadecimal ^/µ/V\8&12 needs to convert to binary. For &ª<# hexadecimal digit, there will be how many bits"
Induction heating takes place in,conducting but non-magnetic materials.,conducting materials which may be either magnetic or non-magentic materials.,insulating materials.,conducting and magnetic materials.,B,Induction heating +ä|{&§ place in
In a lap winding dc machine number of conductors are 100 and number of parallel paths are 10. Find the average pitch,10,100,50,1,A,In a lap \^/][/\/cl||V9 dc machine number of (()^/|)µ<†012$ ä|Zë 100 and number of parallel paths @12& 10. Find the average pitch
Magnetic flux has the unit of,Newton,Ampere turn,Weber,Tesla,C,|\/|4&|V€+!< flux has the unit of
"In balanced bridge, if the positions of detector and source are interchanged, the bridge will still remain balanced. This can be explained from which theorem",Reciprocity theorem,Thevinin's theorem,Norton's theorem,Compensation theorem,A,"In balanced 13|2!cl9ë, if the positions of detector and source are interchanged, the bridge will still remain ßª£/\|V[ë|>. This can 13ë explained from which theorem"
A D-flip-flop is said to be transparent when,the output is LOW,the output is HIGH,the output follows clock,the output follow input,D,A D-flip-flop is said to be transparent vv}{ë/\/
A Lissajous pattern on an oscilloscope has 5 horinzontal tangencies and 2 vertical tangencies. The frequency of horizontal input is 100 Hz. The frequency of the vertical will be,500 Hz.,250 Hz.,400 Hz.,625 Hz.,B,A Lissajous pattern on an oscilloscope has 5 #*®î^/>_0|\|+/\| tangencies and 2 \|3|27][¢/\| tangencies. The frequency ()ƒ horizontal input is 100 Hz. The frequency 0ph the \/3®†][<ª1 will be
Speed control by variation of field flux results in,constant power drive.,constant torque drive.,variable power drive.,none of the above.,A,Speed control by \//\|Z][/\7|0|V of field flux results in
Which of the following memories uses one transistor and one capacitor as basic memory unit,SRAM,DRAM,Both SRAM and DRAM,None,B,Which of the following memories uses one +12ä|V§î§†()|Z @|V|> one capacitor as basic memory unit
"What will be the number of lamps, each having 300 lumens, required to obtain an average illuminance of 50 lux on a 4m * 3m rectangular room?",2,4,5,6,A,"What will be the number of lamps, each having 300 lumens, required to obtain /\^/ average illuminance of 50 lux on ä 4m * 3m rectangular room?"
"The output of the system has an effect upon the input quantity, then the system is a",open loop control system.,closed loop control system.,either A or B.,none of the above.,B,"The output 0|= the 5¥5+3/V\ has an effect upon the input quantity, then the §¥5+ë|\/| is a"
"A sinusoidal signal is analog signal, because",it can have a number of values between the negative and positive peaks,it is negative for one half cycle,it is positive for one half cycle,it has positive as well as negative values,A,"A sinusoidal signal is analog signal, 13&[@|_|$ë"
FM stands for,frequent modulation.,frequency modulation.,frequency moderator.,frequent moderator.,B,FM $7ª|\||)5 for
Stack is also known as,FIFO memory,Flash memory,LIFO memory,LILO memory,C,Stack is also |(^/0uu|\| as
"In Ward-Leonard system, the lower limit of the speed imposed by",Field resistance.,Armature resistance.,Residual magnetism of the generator.,None of above.,C,"In Ward-Leonard system, the lower limit *ƒ the speed imposed 13¥"
Colpitts oscillator is also called as,Tank circuit oscillator,LC oscillator,Resonant circuit oscillator,All of the above,D,Colpitts ()$(][1|_@7*® is also called as
An SCR has half cycle surge current rating of 3000 A for 50 Hz supply. One cycle surge current will be,1500 A.,6000 A.,2121.32 A.,4242.64 A.,C,An SCR has half cycle surge current rating of 3000 A for 50 Hz §µ|º|D£`/. One cycle surge current will 8&
Both the ALU and control section of CPU employ which special purpose storage location?,Buffers,Decoders,Accumulators,Registers,C,Both 7#ë ALU and control section of CPU employ which special purpose storage 1*[ª+îö/\/?
Systematic errors are,environmental errors.,observational errors.,instrument errors.,all of the above.,D,Systematic &|Z|2ö|2$ are
Which of the following is/are the disadvantages of an open loop control system?,Inaccurate.,Unreliable.,both A and B.,none of the above.,C,Which of 7|-|ë following is/are 7#ë disadvantages of an open loop control $j§+ë|\/|?
A diode (p-n junction) when reverse biased act as,On Switch,Zener diode,Capacitor,Off Switch,D,A diode (p-n junction) when reverse 13|ä$€cl act as
Piezoelectric effect is carried out in,composite filter.,crystal filter.,m derived.,constant k prototype.,B,Piezoelectric effect is carried out ][|\|
The resistivity of the conductor depends on,area of the conductor.,length of the conductor.,type of material.,none of these.,C,The resistivity 0ƒ the conductor depends on
The smallest change in measured variable to which instrument will respond is,resolution.,accuracy.,precision.,sensitivity.,A,The smallest ¢}{ä^/9€ in measured variable to which instrument \/\/î11 respond is
"In electronic communications, ""AM"" stands for",Amp Modification,Amplitude Method,Amplitude Modulation,Ampere Method,C,"In electronic communications, ""AM"" stands ƒ()|2"
Which system is also known as automatic control system?,Open loop control system,Closed loop control system,Either A or B,Nether A nor B,B,Which $j§+€^^ is also known as automatic control system?
A combinational PLD with a fixed AND array and a programmable OR array is called a,PLD,PROM,PAL,PLA,B,A combinational |º||> with a fixed AND array and a programmable *|Z array is called a
A null type instrument as compared to a deflected type instrument has,a lower sensitivity.,a faster response.,a higher accuracy.,all of the above.,C,A null 7j|º& instrument as (*/V\|Dä|23[) to a deflected 7¥|*€ instrument has
"Length of the cable is doubled, its capacitance C will be",one-fourth.,one-half.,doubled.,unchanged.,C,"Length of 7[-]3 cable is |>0(_)81€|), its capacitance C will be"
Electrons in p-type material of a semi-conductor are called as,either minority carriers or majority carriers,minority carriers,majority carriers,valance carriers,B,Ë|_ë(†12ö|\|5 in p-type material of a semi-conductor are called as
________ is the most detrimental impurity in the magnetic materials,Carbon.,Sulphur.,Oxygen.,Nitrogen.,A,________ is the /\/\*§† detrimental impurity in the magnetic materials
Voltage controlled oscillators are used commonly in,Pulse Modulators Frequency Modulators Phase Clocked loops,Frequency Modulators,Phase Clocked loops,All the above,D,Voltage controlled oscillators are µ$ë[) commonly in
Low frequency supply is necessary for direct core type induction furnaces because,With normal frequeny supply the electromagnetic forces causes severe stirring action in the molten metal.,Magnetic coupling between the primary and secondary circuit is poor.,Both A and B.,None of the above.,C,Low frequency §|_||D|*£j is necessary |=()|2 direct core type induction furnaces because
"The moving coil-meters, damping is provided by",the aluminium frame of the coil.,the coil spring attached to the moving.,eddy current disk.,damping vane in the airtight chamber.,A,"The /V\ö\|!/\/6 coil-meters, damping is provided by"
Which of the following is the analogous quantity for mass element in force-voltage analogy?,Resistance.,Inductance.,Capacitance.,All of the above.,B,Which ()ƒ the following is the ª|V@|06()(_)5 quantity for mass element in force-voltage analogy?
A latch is ________ sensitive,both level and edge,edge,level,None,C,4 latch is ________ sensitive
What is used to protect the SCR from over current ?,CB and fuse.,Heat sink.,Snubber circuit.,Voltage clamping device.,A,What is used +* protect 7#3 SCR from over current ?
The errors mainly caused by human mistakes are,gross error.,instrumental error.,observational error.,systematic error.,A,The errors ^^/\1^/|`/ caused by human mistakes are
Electrical analogous quantity for dash-pot in force-current analogy is,resistance.,conductance.,inductance.,capacitance.,B,Electrical analogous quantity for |>/\$|-|-|o()7 in force-current analogy is
Which lamp has the best Colour Rendering Index (CRI)?,LED,Fluorescent,Incandescent,High pressure sodium vapour,C,Which lamp has 7[-]ë best Colour Rendering Index (CRI)?
Power dissipation in ideal inductor is,Maximum,Minimum,Zero,A finite value,C,Power dissipation î|\| ideal inductor is
For intermittent work which of the following furnace is suitable?,Core less furnace.,Indirect arc furnace.,Either of above.,Nither of above.,B,For intermittent work which of +[-]& following furnace is suitable?
In electrical resistance welding material of electrode should have,higher electrical conductivities.,higher thermal conductivities.,sufficient strength to sustain high pressure at elevated temperatures.,all of above.,D,In electrical resistance uuë||)|/\/6 material of electrode should have
Which of the following are the passive elements?,Resistor,Bulb,Both,None of these.,C,Which 0ƒ the following are the passive elements?
The main advantage of dielectric heating is that,heating occurs in the material itself.,heating occurs due to high frequency.,it can be used for drying the explosives.,None of the above.,A,The main @|)\/ä^/7/\&3 of dielectric heating is that
Materials used in heat sink should have,high thermal conductivity.,large surface area.,high melting point.,All of these.,D,Materials used 1|\| heat sink should have
Conductor is static and the field is varying then emf will be induced. This principle is called,virtually induced emf.,dynamically induced emf.,static induced emf.,none of these,C,Conductor ][§ static and the field |$ varying then emf will 8ë induced. This principle !5 called
"Four identical alternators each are rated for 20 MVA, 11 KV having a subtransient reactance of 16% are working in parallel. The short circuit level at the busbar is",500 MVA,400 MVA,125 MVA,100 MVA,A,"Four identical alternators each are rated for 20 MVA, 11 KV having a subtransient reactance of 16% are working in parallel. †[-]€ $}{ö®7 circuit level at the busbar ][§"
"According to the Bohr model, an electron gains or losses energy only by",moving faster or slower in an allowed orbit.,jumping from one allowed orbit to another.,being completely removed from an atom.,jumping from one atom to another atom.,B,"According to †[-]€ Bohr model, 4^/ electron gains or losses energy only by"
A three-state buffer has the following output states,"1, 0, float","High, Low, Float",Both A and B,"Set, Reset, Halt",C,A three-state 13|_|ƒ|=ë12 has the following output states
"By using which of the following elements, mechanical translational systems are obtained?",mass element,spring element,dash-pot,all of the above,D,"By using which of +[-]3 |=ö||_övvî|V& elements, mechanical translational systems are obtained?"
"Four capacitors each of 40 µF are connected in parallel, the equivalent capacitance of the system will be",160 µF,10 µF,40 µF,5 µF,A,"ph*|_||Z capacitors each of 40 µF are connected in |o@®ª£|&1, the equivalent capacitance of the system will be"
"The resistance of a conductor of diameter d and length l is R Ω. If the diameter of the conductor is halved and its length is doubled, the resistance will be",R Ω,2R Ω,4R Ω,8R Ω,C,"The |Z3§1$†4/\/(ë of a (()|V[)|_|¢+*|Z of cl!4|\/|&+€® d and length l is R Ω. If the |)!/\^^ë†€12 of the <*/\/[)µ¢7*|Z is halved and its length is doubled, the |Z&§157ä^/¢3 \^/!£1 be"
A single phase full bridge inverter can operated in load commutation mode in case load consist of,RL.,RLC underdamped.,RLC overdamped.,RLC critically damped.,B,A single phase full bridge inverter can operated in |0/\cl commutation mode in case |*/\|) [*|\|§!$† of
A microprocessor is ALU,and control unit on a single chip.,and memory on a single chip.,register unit and I/O device on a single chip.,register unit and control unit on a single chip.,D,/\ microprocessor is ALU
"To obtain a high value of capacitance, the permittivity of dielectric medium should be",low,zero,high,unity,C,"To obtain a high value of capacitance, the |Dë12^^|++|\|1+¥ of dielectric medium $}{()(_)1|) be"
Deflection method direct measurements are most widely used as these are,least time consuming.,most simple.,most simple and least time consuming.,most accurate.,C,|)ë|=|€[†10|\| method direct measurements are /V\0$+ widely used as these are
Purely mechanical instrument cannot be used for dynamic measurements because they have,high inertia.,higher response time.,large time constant.,all of the above.,D,Purely mechanical instrument cannot be µ$€|) for dynamic measurements 13ë¢/\µ$3 they have
Advantages of higher transmission voltage is/are,Power transfer capability of the transmission line is increased,Transmission line losses are reduced,Area of cross section and volume of the conductor is reduced,all of the above,D,Advantages of higher transmission \/01+ä9& is/are
Under over voltage condition impedance offered by the voltage clamping device is,high.,low.,moderate.,infinity.,B,Under over voltage condition impedance 0|=ƒ&|Zë|> by the voltage clamping device |$
A long wire composed of a smooth round conductor runs above and parallel to the ground (assumed to be a large conducting plane). A high voltage exists between the conductor and the ground. The maximum electric stress occurs at,lower surface of the conductor.,upper surface of the conductor.,the ground surface.,midway between the conductor and ground.,A,/\ long wire composed of a smooth round conductor runs above and |o/\1241|3£ †() +#& ground (assumed †() be a large conducting plane). 4 high voltage exists between †[-]& conductor and +#€ ground. The maximum electric 5†12355 occurs at
In a dc machine 6 pole wave winding is used. The number of parallel paths are?,6,4,2,1,C,In a dc machine 6 pole wave uu!|\||)][|V9 is (_)§&[). The number of parallel paths are?
Which of the following is a digital device,Regulator of a fan,Microphone,Resistance of a material,Light switch,D,Which of the following is ª digital device
Instantaneous power in inductor is proportional to the,product of the instantaneous current and rate of change of current.,square of instantaneous current.,square of the rate of change of current.,temperature of the inductor.,A,Instantaneous power in 1^/clµ[7ö12 is proportional to the
Which of the following is a variable displacement transducer?,tachometer,potentiometer,synchros,none of the above,B,\^/}{1(|-| of the following is a variable displacement transducer?
"Five capacitors each of 5 µF are connected in series, the equivalent capacitance of the system will be",5 µF,25 µF,10 µF,1 µF,D,"Five capacitors each *ph 5 µF are connected in series, the equivalent capacitance 0ph the system will be"
Susceptibility is negative for,non magnetic substances.,diamagnetic substances.,ferromagnetic substances.,none of above.,B,$µ$¢&|º+!8î|_î+`/ is negative for
One of the following is the primary function of an oscillator,produces sinusoidal oscillations,generates non sinusoidal waveforms,generates sustained oscillations at a constant amplitude and specific frequency,none of the above,C,One ()ph the following is the primary function ()|= an *5¢|11@+()|2
The metal surfaces for electrical resistance welding must be,rough.,clean.,moistened,coloured,B,The |\/|&+4| surfaces for electrical resistance welding must be
The latching current of SCR is 20 mA. Its holding current will be,23 mA.,40 mA.,10 mA.,60 mA.,C,The latching current of SCR is 20 mA. Its }{()||>|^/6 current will be
"In force-current analogy, electrical analogous quantity for displacement (x) is",voltage.,inductance.,capacitance.,flux.,D,"In force-current analogy, electrical analogous quantity ƒ()12 displacement (x) is"
Feedback circuit in an oscillator can be accomplished by,Resistive coupling between input and output,Capacitive coupling between input and output,Inductive coupling between input and output,Any one or combinations of the above methods,D,Feedback circuit in an *§¢][||4+0|Z can be accomplished by
"Lowest critical frequency is due to zero and it may be present at the origin or nearer to the origin, then the type of network is",LC circuit.,RC circuit.,RLC circuit.,RL Circuit.,D,"Lowest critical frequency is due to zero and it may be present at 7}{& origin ()|2 nearer to +|-|€ *|Z161^/, then †|-|& type of network is"
What is the value of dielectric constant of air?,Less than 1,0.,1.,none of these.,C,\^/#ª+ is the value of dielectric constant of air?
Temperature variation is a/an,Digital quantity,Analog quantity,Either Digital or Analog quantity,None,B,Temperature variation is 4/4^/
The illumination at a point 5 meters below a lamp in 6 lux. The candle power of the lamp is,30,140.,150.,200.,C,The illumination at a point 5 meters below a lamp in 6 |_|_|)(. The candle power ()|= the lamp is
For a dc machine shunt resistance and armature resistance values are,high and high,high and low,low and low,low and high,B,ƒ012 a |>( machine shunt resistance and armature resistance values are
The change of cross sectional area of conductor in magnetic field will affect,reluctance of conductor.,resistance of conductor.,(A) and (B) both in the same way.,none of above.,C,The change of <®0$5 sectional area of conductor in magnetic field will /\ƒƒ3¢†
Which of the following is used in SCR to protect from high dV / dt?,Snubber circuit.,Fuse.,Equalizing circuit.,Circuit breaker.,A,Which of the following is (_)5€|> in SCR to protect from high |>\| / dt?
"What are the sets of commands in a program which are not translated into machine instructions during assembly process, called?",Mnemonics,Directives,Identifiers,Operands,B,"What 4|23 the sets of commands in a program which /\12€ not translated into /\/\ª<|-|][|\|& instructions during assembly process, called?"
Speed of data transmission in 4-G network of telecom is,386 kbps - 2 mbps.,2 mbps.,2 mbps – 1 gbps.,100 mbps - 1 gbps.,D,Speed of cl4†/\ transmission in 4-G network of telecom is
Which of the followings is/are active element?,Voltage source,Current source,Both,None of these.,C,Which of †[-]& followings is/are active element?
Electrical analogous quantity for spring element (K) in force-voltage analogy is,L,R,1/C,C,C,Electrical analogous quantity for spring 3£&|\/|3|\|7 (K) in ƒ*®¢&-|/ö1†/\6ë analogy is
A quartz crystal oscillator consists of,only series resonant frequency.,only parallel resonant frequency.,both series and parallel frequencies.,neither series nor parallel frequency.,C,Ä quartz crystal oscillator consists of
Which of the following oscillators are used for low frequency (LF) applications,LC oscillators,RC oscillators,Both LC and RC Oscillators,None,B,Which of the following oscillators are |_|§3|) for 1öuu frequency (LF) applications
The solid angle subtended by an area of 2400 cm^2 on the surface of a sphere of diameter 1.2 m is,3 / 2.,1 / 3.,2 / 3.,2 / 5.,C,+|-|ë solid angle subtended by ä^/ area of 2400 cm^2 on +|-|3 surface of a sphere of diameter 1.2 m is
Relative error is same as,ratio of absolute error and true value.,absolute error.,true error.,none of the above.,A,Relative error is $ª^^€ as
If holding current of a thyristor is 2 mA then latching current should be,0.01 A.,0.002 A.,0.009 A.,0.004 A.,D,If holding current of a thyristor is 2 mA then latching current should ß&
"In an intel 8085A, which is the first machine cycle of an instruction?",An op-code fetch cycle,A memory read cycle,A memory write cycle,An I/O read cycle,A,"In @^/ intel 8085A, which is the first /V\ª[}{1|\|€ cycle of @^/ instruction?"
Which of the following are the disadvantages of a closed loop control system?,Reduces the overall gain.,Complex and costly.,Oscillatory response.,All of the above.,D,Which of the following are the disadvantages of /\ closed loop control $j§+ë/\/\?
"Poles and zeros are arranged alternatively on negative real axis, then type of network is/are",LC network.,RC network.,RL network.,Both 2 and 3.,D,"Poles and zeros ª|Z& arranged alternatively on negative real axis, then †¥|o3 of network is/are"
The magnetisation and applied field in ferromagnetic materials are related,sinusoidally.,non linearly.,linearly.,parabolically.,B,The magnetisation 4/\/cl applied field in ferromagnetic materials are related
Thin laminations are used in a machine in order to reduce,Eddy current losses,Hysteresis losses,Both A and B,Copper losses,A,†[-]!^/ laminations are used in a machine in 0|Z|>ë|Z to reduce
A metal surface with 1 meter radius and surface charge density of 20 coulombs / m2 is enclosed in a 10 m side cube. The total outward electric displacement normal to the surface of the cube is,40π coulombs.,80π coulombs.,10π coulombs.,none of these.,B,A metal surface with 1 meter radius and surface charge |)&|\|5|+¥ *|= 20 coulombs / /V\2 is enclosed ][|V a 10 m side cube. The total outward electric displacement /\/ö®|\/|ä1 to the surface 0ƒ the cube is
In binary number system the first digit (bit) from right to left is called as,"LSB, Least Significant Bit","MSB, Most Significant Bit",First Bit,Last Bit,A,In 13î|\|@|Zj number system the first digit (bit) from right to left !$ called as
In two wattmeter method of power measurement if the total power is measured by one wattmeter only then power factor of the system is,0.,0.5.,1.,none of above.,B,In two \/\/ª++/V\ë7ë® method of power measurement îph the total power ][$ measured by one vv@††^^ë73|Z only then power factor of the system ][§
A 0 - 100 V voltmeter has a guaranteed accuracy of 2 % of full scale reading. The voltage measured by the voltmeter is 75 V. The limiting error is in percentage,3.33 %.,2.66 %.,2 %.,1 %.,B,A 0 - 100 |/ |/*17/V\&+€® has a 6µ4®4^/†3&cl 4¢¢|_||2ä¢¥ of 2 % of full scale reading. The voltage measured by the \|ö£+/V\3†€12 is 75 V. The limiting error is ][|\| percentage
Which of the following methods is/are used for reactive or voltage compensation,shunt capacitor,series capacitor,generation excitation control,all of the above,D,Which of the following methods is/are used for 12ë4<7|\/3 ()12 voltage compensation
The ROM programmed during manufacturing process itself is called,MROM,PROM,EPROM,EEPROM,A,The 12()^^ programmed during manufacturing process itself is called
In 8085 name/names of the 16 bit registers is/are,stack pointer.,program counter.,both A and B.,none of these.,C,In 8085 name/names of the 16 bit 12&9î§73|Z§ is/are
Stability of a transmission line can be increased by,shunt capacitor,series capacitor,shunt reactor,both A and B,D,Stability of a transmission line can be ||V(®ë/\§3|) by
Snubber circuit is used with SCR,in series.,in parallel.,either series or parallel.,anti parallel.,B,Snubber circuit 1§ used with SCR
The number of rings in the Bohr model of any element is determined by what?,Column number on periodic table.,Atomic mass.,Row number on periodic table.,Atomic number.,C,The |\|(_)/\/\8€|Z of rings in the 130}{® model of any element is determined by what?
Silicon and Germanium are ________ elements.,trivalant,pentavalant,hexavalant,tetravalant,D,Silicon and Germanium /\12ë ________ elements.
The number of output pins in 8085 microprocessors are,27.,40.,21.,19.,A,The number of output pins in 8085 |\/|1<|Zö|*120(&§$()|Z$ are
If P is the power of a star connected system then what will be power of an equivalent delta connected system?,P,3P,P/3,None of the above,A,"If P is the power of a star connected system then what \/\/î|_|_ be power of an 3(,)|_|][|/@13^/+ |)3|†4 connected system?"
Which oscillators are easy to fabricate in a monolithic IC?,Crystal oscillator.,Hartley oscillator.,Wien bridge oscillator.,Relaxation oscillator.,D,Which ö§(î|_|ª†()125 are easy to fabricate in a monolithic IC?
"If all the elements in a particular network are linear, then the superposition theorem would hold, when the excitation is",DC only,AC only,Either AC or DC,An Impulse,C,"If all the elements in a particular network are linear, then the $(_)|*€|2|**§!†|()|V theorem would hold, when the excitation î§"
The feedback factor of a Wien bridge oscillator using Op-Amp is,1/3,1/4,1/2,1,C,The feedback factor of ä Wien bridge oscillator using ()|D-Ä^^|* is
"The length of bus cycle in 8086/8088 is four clock cycles, T1, T2, T3, T4 and an indeterminate number of wait state clock cycles denoted by Tw. The wait states are always inserted between",T1 & T2,T2 & T3,T3 & T4,T4 & T1,C,"7#& |_ë|\|9+# 0ph bus cycle in 8086/8088 is four clock cycles, T1, †2, T3, T4 and an indeterminate number 0ƒ wait state clock cycles denoted by Tw. †}{& wait states are always 1/\/§3®7&|) between"
Which of the following is not a sinusoidal oscillator?,LC oscillator,RC phase shift oscillator,Relaxation oscillator,Crystal oscillator,C,\/\/}{][(}{ of the following is not a sinusoidal oscillator?
A wire carrying current is bent in the form of a circular loop. Then the magnetic field around each portion of the wire will be,parallel to the plane of the wire.,perpendicular to the circumference of the wire.,parallel to half portion and perpendicular for the other half.,none of above.,A,A wire carrying current |$ bent ||V the form of a circular loop. Then the magnetic ƒ][&1|) around each portion of the wire will be
