Question,Option A,Option B,Option C,Option D,Answer,Question_Leet
"As of 2016, about what percentage of adults aged 18 years or older were overweight?",10%,20%,40%,80%,C,"As of 2016, /\ß0(_)+ \^/#/\7 percentage of adults aged 18 years or older were overweight?"
What was GDP per capita in the United States in 1850 when adjusting for inflation and PPP in 2011 prices?,About $300,About $3k,About $8k,About $15k,B,What was GDP per capita in the United States in 1850 when adjusting for inflation /\/\/|) |*|o|* in 2011 prices?
"As of 2019, about what percentage of people from the United States says homosexuality should be accepted by society?",52%,62%,72%,82%,C,"As öph 2019, about what percentage ()ƒ people from the United States says homosexuality should be accepted by society?"
Which of the following countries generated the most total energy from solar sources in 2019?,China,United States,Germany,Japan,A,Which of the following countries generated the most total energy ƒ®()/V\ 5*£ä® sources in 2019?
"Controlling for inflation and PPP-adjustment, about how much did GDP per capita increase from 1950 to 2016 in Japan?",by 5 fold,by 10 fold,by 15 fold,by 20 fold,C,"Controlling for inflation and PPP-adjustment, /\|3*(_)† how much did GDP per capita increase from 1950 to 2016 in Japan?"
What is the biggest cause of death in children under five years old (as of 2017)?,Lower respiratory infections,Preterm birth complications,Diarrheal diseases,Malaria,A,What is the biggest (äµ53 0ph death in children under five years old (as öph 2017)?
"As of 2019, about what percentage of the global population does not have access to safe drinking water?",10%,20%,30%,40%,C,"As of 2019, about vv[-]/\+ percentage of the global population does /\/*7 have access to safe drinking water?"
About what percentage of survey respondents from India report having paid a bribe in the last year to access public services (such as education; judiciary; medical and health; police; registry and permit services; utilities; tax revenue and customs; and land service) as of 2017?,29%,49%,69%,89%,C,About what percentage of 5(_)®\|ëj respondents from India report having paid a bribe in the |_ª5† year to @<¢€§$ public services (such as education; judiciary; medical and health; police; registry and permit services; utilities; tax 12&\|3|\|(_)3 and customs; and land $ë|2|/!<€) as of 2017?
"As of 2017, what fraction of the population in Brazil used the internet in the past three months?",18%,38%,58%,78%,C,"As of 2017, what |=|2ª¢†1*/\/ of the population in Brazil used the internet in the past +[-]12ë3 months?"
"As of 2017, what fraction of the population in India used the internet in the past three months?",11%,26%,41%,56%,B,"As of 2017, what fraction of +#€ |*0|D(_)1@7!0|\| in India used 7#& internet in †}{€ past three months?"
"As of 2018, about what percentage of Indians say that having an increasing number of people of many different races, ethnic groups and nationalities in their country makes it a better place to live (as opposed to worse or no difference)?",23%,38%,53%,68%,D,"As of 2018, about what percentage of Indians say that |-|/\|/î|V6 an increasing number of people of many different races, ë†|-||V|¢ 612*(_)|o$ ª|Vcl nationalities in their country makes it a better |D£ª[3 to live (as opposed to worse or no difference)?"
"As of 2019, about what percentage of the world population lives in extreme poverty (less than $1.90 a day)?",5%,10%,15%,25%,B,"As *ph 2019, /\ß0µ† what percentage *|= the world population lives in extreme poverty (less than $1.90 a day)?"
"As of 2020, about what percentage of the world population practices open defecation?",2%,4%,9%,18%,C,"4§ of 2020, about what percentage of the world population practices *|*3/\/ defecation?"
Which of the following is not an element of the redistribution-with-growth policy approach?,minimum wage legislation,land reform,progressive taxation,increased access to education,A,Which ()ƒ the following is not an element *|= the ®€|)15+®!13µ†î0|\|-vv|+[-]-612()vv†# policy approach?
About what percentage of the global population was literate in 1950?,36%,56%,76%,96%,B,About what percentage of 7}{ë 91()|3ª| population was literate in 1950?
"As of 2016, about what percentage of adults aged 18 years or older were obese?",6%,13%,27%,46%,B,"As of 2016, about what percentage of adults aged 18 years or ()|_|)&12 were obese?"
"As of 2019, about what percentage of Germans say the relationship between the U.S. and Germany is good?",34%,49%,64%,79%,A,"As of 2019, about what percentage of Germans say the relationship between the (_).5. and Germany 1$ good?"
"As of 2017, what percentage of Americans live in urban areas?",62%,72%,82%,92%,C,"As of 2017, what percentage of Ä/\/\ë12î[/\/\/$ ||\|3 in urban areas?"
What was GDP per capita in the United States in 1950 when adjusting for inflation and PPP in 2011 prices?,About $3k,About $8k,About $15k,About $30k,C,\/\/|-|/\7 was GDP per capita in the United States in 1950 when adjusting for inflation ä/\/|) PPP in 2011 prices?
"In 2016, about how many people in the United States were homeless?","55,000","550,000","5,500,000","55,000,000",B,"In 2016, about how many people in 7#ë United States were }{*^^3|_&5§?"
In 1965 how many Americans thought that sending troops to Vietnam was a mistake?,25%,45%,65%,85%,A,In 1965 how many Americans thought that $€/\/[)1^/9 troops to Vietnam was ä mistake?
"As of 2013, share of people in the Ethiopia who think political parties are corrupt is",24%,44%,64%,84%,A,"As 0|= 2013, share ()|= people in the Ethiopia who think political parties @12& corrupt is"
"In 1997, the World Bank found that the fraction of the world’s population living in low and lower-middle income countries—that is, countries with per capita incomes of $1230 or less—was approximately",25%,40%,55%,75%,D,"In 1997, †[-]€ World Bank found that †#3 fraction *ƒ 7|-|ë world’s population living in low and 1()vv&|2-/V\|cl|)|ë income (*(_)|V712!&§—+|-|47 is, countries with per capita incomes öƒ $1230 or |_&5$—\^/ä5 approximately"
"As of 2015, agriculture made up about what percentage of total Indian GDP?",8%,16%,32%,64%,B,"As of 2015, /\&®|¢|_|£7|_||23 made up about uu#@+ percentage of total Indian GDP?"
Which of the following is true as of 2020?,males are more likely to have depression and are more likely to have an alcohol use disorder than females.,females are more likely to have depression and are more likely to have an alcohol use disorder than males.,males are more likely than females to have depression while females are more likely than males to have an alcohol use disorder.,females are more likely than males to have depression while males are more likely than females to have an alcohol use disorder.,D,Which of the ƒö£|0\/\/1/\/& is true as of 2020?
"As of 2019, about what percentage of people from Brazil says homosexuality should be accepted by society?",37%,47%,57%,67%,D,"Ä$ of 2019, about what percentage of people from Brazil says homosexuality should be 4<[ë|D†€[) by society?"
"As of 2017, the share of GDP spent on the military by Saudi Arabia is about",1%,3%,6%,10%,D,"45 of 2017, the share of GDP spent on the military ß`/ Saudi Arabia is about"
"As of 2019, about what share of electricity came from fossil fuels in the United States?",23%,43%,63%,83%,C,"@§ of 2019, about what share of €1€¢+12!<|†`/ came from fossil fuels in the United States?"
What is the percentage of children aged 13-15 in Egypt who reported being bullied at least once in the past couple of months as of 2015?,10%,30%,50%,70%,D,What is the |D&|Z[&|\|+@9€ ö|= children aged 13-15 in Egypt who reported ß3][^/9 bullied at least once in the past couple ()|= months as ()ƒ 2015?
"As of 2018, about what percentage of US adults say criminal risk assessment for people up for parole is an unreasonable application of algorithmic decision making?",26%,41%,56%,71%,C,"As ()ph 2018, about what percentage ö|= US adults say criminal risk assessment ph()12 people up |=0|2 parole is an unreasonable application 0|= algorithmic decision making?"
"In 2018, about how many chickens were killed for meat production?",690 million,6.9 billion,69 billion,690 billion,C,"In 2018, about how many ¢#1<]<€|V5 were killed for meat production?"
"In 2016, what percentage of the population of South Sudan had access to electricity?",9%,29%,59%,79%,A,"In 2016, what percentage of the population of South §|_||>@^/ had access to €1€<†®î<î+`/?"
About what percentage of survey respondents from Mexico report having paid a bribe in the last year to access public services (such as education; judiciary; medical and health; police; registry and permit services; utilities; tax revenue and customs; and land service) as of 2017?,31%,51%,71%,91%,B,About vv|-|ª7 percentage of 5|_|®|/&¥ respondents from Mexico report having paid a bribe in the last year to access public services (such 4$ education; judiciary; medical ª^/|) health; police; registry 4/\/|) permit $&|2\|1[3§; utilities; tax revenue /\|\|[) customs; 4|Vcl land service) ä§ of 2017?
"Controlling for inflation and PPP-adjustment, about how much did GDP per capita increase from 1950 to 2016 in China?",by 4 fold,by 8 fold,by 16 fold,by 32 fold,C,"Controlling for inflation and PPP-adjustment, about how much did GDP per capita 1^/<123/\$ë from 1950 +* 2016 in China?"
Ross Perot makes polling history by leading the presidential race briefly in June as a third-party candidate with 39%. He winds up with _% of the popular vote.,1,7,13,19,D,Ross Perot makes polling history by leading the presidential race briefly ][|V June as ä third-party candidate vv!+# 39%. He winds up \^/|7[-] _% of the popular vote.
"As of 2019, about what percentage of Turks say God plays an important role in their life?",59%,69%,79%,89%,D,"As of 2019, about what percentage of Turks say God plays an important 120|3 in their life?"
Which of the following was responsible for the most death in the 20th century?,Earthquakes,Volcanic activity,Wildfires,Floods,D,Which of the ph0|1öuu1/\/9 was ®€§|D0|V$][8£3 for the most death in the 20th century?
"What is the percentage of children aged 13-15 in the United States who reported being in a physical fight at school, one or more times during the past 12 months as of 2015?",15%,35%,55%,75%,B,"What is the percentage of [[-]|1|)|2&/\/ aged 13-15 in the United States \^/[-]ö reported being in 4 |D[-]¥5!¢@|_ fight at school, one or more times during the past 12 months as of 2015?"
"Controlling for inflation and PPP-adjustment, about how much did GDP per capita increase from 1950 to 2016 in South Korea?",by 4 fold,by 8 fold,by 16 fold,by 32 fold,D,"Controlling for 1|Vph1ä+1*^/ and PPP-adjustment, about how /V\(_)¢[-] did GDP per capita increase from 1950 to 2016 in South Korea?"
"As of 2019, about what percentage of people from Turkey agree that the state is run for the benefit of all the people?",36%,51%,66%,81%,C,"As of 2019, about what percentage of people ƒ|2()|\/| Turkey agree that †[-]& state is run for †#3 13&^/€ƒ|+ of all +[-]€ people?"
"As of 2015, what percentage of the global population over 15 years old was literate?",81%,86%,91%,96%,B,"As of 2015, uu#@† percentage of the global population over 15 years 01|> was literate?"
About what percentage of survey respondents from China report having paid a bribe in the last year to access public services (such as education; judiciary; medical and health; police; registry and permit services; utilities; tax revenue and customs; and land service) as of 2017?,26%,46%,66%,86%,A,About what percentage of survey respondents from China report having |º/\!cl a bribe in the last ¥&@|2 to access public services (such as education; (/|_||)|<1ª®`/; /\/\€[)î(ä£ /\|V[) health; police; registry @|V|) permit services; utilities; tax revenue ä|V|> customs; 4/\/|> land service) as of 2017?
"As of 2019, which of the following had the lowest life expectancy?",Brazil,China,Mexico,Iran,C,"As of 2019, which of the ƒö|_£0\/\/||V& had the lowest 1|ƒ€ expectancy?"
"As of 2019, unsafe water is responsible for about how many deaths each year?",1.2 million,2.4 million,3.6 million,4.8 million,A,"As of 2019, µ|\|$/\ƒ€ water is responsible for about how ^^@|\|¥ deaths each year?"
Which of the following causes more deaths globally each year (as of 2017)?,Diarrheal diseases,Diabetes,Dementia,Road injuries,C,Which of the phö1|_*uuî|V6 causes more deaths 6|ö8ª|_£j each year (as of 2017)?
About how many people are infected by HIV/AIDS as of 2020?,3 million,14 million,42 million,124 million,C,About how many people are |^/|=ë(†3[) by HIV/AIDS ª5 of 2020?
What is the percentage of children aged 13-15 in the United States who reported being bullied at least once in the past couple of months as of 2015?,26%,46%,66%,86%,A,uu}{ª+ is the percentage of children aged 13-15 in the United States who reported being bullied at least once in the |º@$+ [*|_||D|ë of months as of 2015?
"As of 2019, about what percentage of South Koreans say it is necessary to believe in God in order to be moral and have good values?",25%,45%,65%,85%,B,"As of 2019, about what percentage of South Koreans say it is necessary †0 believe in God in order +ö be moral and have 9()öcl \//\||_|ë5?"
What is the percentage of children aged 13-15 in Japan who reported being bullied at least once in the past couple of months as of 2015?,6%,16%,36%,66%,C,What is the percentage of [[-]][||>|Z€|V aged 13-15 in Japan who reported being bullied at least ()/\/[3 in the past couple of months /\§ of 2015?
"As of 2018, about what percentage of US adults say computer programs will always reflect human bias?",43%,58%,73%,88%,B,"As of 2018, about what percentage of US adults §/\`/ computer programs will ä|\^/@`/§ reflect human bias?"
"As of 2017, the share of GDP spent on the military by China is about",0.50%,2%,6%,12%,B,"4$ öƒ 2017, the share ö|= GDP spent on the military by China is about"
"The conjecture that inequality first increases with development, then decreases with further development (known as the “inverted U hypothesis”) has, as of 2020, been",strongly supported by most studies,"supported mainly by cross-section, not time-series studies","supported mainly by time-series, not cross-section studies",generally repudiated by empirical studies,B,"The conjecture that ][|VëO_µ4|_][7j first increases with development, then decreases with further development (known as the “î|V|/€|27€[) U hypothesis”) has, as öƒ 2020, been"
"Worldwide, 30 year old men have spent 10 years in school, on average. How many years have women of the same age spent in school, as of 2020?",12 years,9 years,6 years,3 years,B,"Worldwide, 30 year *£[) men have spent 10 years in school, on average. How many years have women of the same 46ë spent in school, as of 2020?"
"As of 2017, the share of deaths in Greenland by suicide is about",0.90%,1.80%,3.60%,7.20%,D,"As of 2017, the 5}{ä|Z& of deaths 1|V Greenland by suicide is about"
"As of 2019, about what percentage of people from Russia says homosexuality should be accepted by society?",14%,24%,34%,44%,A,"As *ph 2019, about what percentage 0ph people from Russia says homosexuality should be accepted by §*<!€7j?"
"As of 2019, about what percentage of Americans say the relationship between the U.S. and Germany is good?",60%,75%,90%,45%,B,"As of 2019, about what percentage of Americans say +}{€ |2€147î*|\|§#!|D between †#& U.S. and Germany is good?"
"As of 2019, about what percentage of Americans say it is very important to have free media in our country without government/state censorship?",50%,60%,70%,80%,D,"As of 2019, about what percentage of Americans say it is very ][/V\|**|Z†ä^/† to |-|/\\|€ free media ][|\| our country without government/state censorship?"
In 1987 during Iran Contra what percent of Americans believe Reagan was witholding information?,2%,25%,50%,75%,D,In 1987 during Iran Contra what |Dë®<€/\/7 of Americans believe Reagan was witholding information?
"In Sub-Saharan Africa, as of 2020,",no nation has been able to grow in the past years.,the Democratic Republic of Congo has become poorer than it initially was in 1980.,some countries have had relatively significant growth rates.,"some countries have had relatively significant growth rates, but the Democratic Republic of Congo has become poorer than it initially was in 1980.",C,"1|V Sub-Saharan Africa, as of 2020,"
"World Bank data show that in 1995, the poorest 20% of households accounted for 7.5% of household income in Niger, the next 20% of households accounted for 11.8% of income, the middle 20% accounted for 15.5% of income, the second richest 20% accounted for 21.1% of income, and the top 20% accounted for 44.1% of income. What was the cumulative income share of the bottom 60% of households in Niger?",15.50%,34.80%,48.10%,65.20%,B,"World Bank data show that in 1995, 7}{€ poorest 20% öƒ households ª[[0|_||\|†&cl for 7.5% ()ph household income in Niger, 7#€ next 20% *|= households ª[[ö|_|^/+ë|) for 11.8% ()|= income, †}{3 middle 20% /\[<ö(_)|\|†&[) for 15.5% 0|= income, 7[-]€ $&¢ö|V[) richest 20% 4¢(*|_||\|+&cl for 21.1% *ƒ income, and †#ë top 20% 4<[()|_|/\/†3cl for 44.1% *ƒ income. What was †|-|3 cumulative income share *ƒ †}{3 bottom 60% ()ph households in Niger?"
How many children between the ages of 5-14 worked globally as of 2012?,5 million,30 million,150 million,500 million,C,How many children 837\/\/&3^/ the ages of 5-14 worked globally as of 2012?
"Different less developed countries have different levels of secondary school enrollment. Some countries with high secondary-school enrollment are, as of 2020,","Colombia, Peru, Uruguay, and Costa Rica.","Bhutan, Niger, Cambodia, and Costa Rica.","Uruguay, Costa Rica, Timor-Leste, and Pakistan.","Bhutan, Cambodia, Uruguay and Costa Rica.",A,"Different less developed countries have different levels of secondary school ë|V|Z*|1|\/|€|\|+. Some countries with }{î6|-| secondary-school enrollment are, as of 2020,"
The percentage of children in Vietnam (age 8) who reported physical punishment by teachers in the past week in 2009 was about what?,10%,20%,40%,80%,B,The percentage of children î^/ Vietnam (age 8) vv#ö reported physical punishment by teachers î|V the past week î/\/ 2009 vv@§ about what?
The percentage of children in India (age 8) who reported physical punishment by teachers in the past week in 2009 was about what?,38%,58%,78%,98%,C,The percentage ()ph children in !^/[)1/\ (age 8) who reported physical punishment by teachers in †#€ past week in 2009 was about what?
"Consider the following statements: (1) In every country, people think other individuals in their country are less happy than they actually are. (2) In the United States, women’s happiness has increased both absolutely and relative to men. Which of these statements is True/False?","True, True","True, False","False, True","False, False",B,"Consider the phö1|_ö\/\/!|V& statements: (1) In every country, |º&*|º|_ë think other individuals in their country are less happy than they actually are. (2) In the United States, women’s happiness has increased both absolutely 4/\/|> relative to men. Which of these statements is 712|_|3/|=ª£5&?"
"In 2017, about how many people died from terrorism globally?",260,"2,600","26,000","260,000",C,"In 2017, about how many |o30|*£& died from terrorism globally?"
In 1935 roughly how many Americans were in favor of Social Security act?,90%,70%,50%,30%,A,In 1935 roughly how /V\@|\|¥ Americans were in favor of $()¢][@|_ Security act?
Which of the following countries emitted the most CO2 per capita in 2017?,Japan,Canada,Russia,Iran,B,Which ö|= the following countries emitted the most CO2 per capita in 2017?
"As of 2019, about what percentage of Indians say it is necessary to believe in God in order to be moral and have good values?",59%,69%,79%,89%,C,"As of 2019, about what percentage of !^/|>][4^/5 say it is necessary to 13€1!ë\/€ in God in *|Z[)312 to be moral and have good values?"
"What is the percentage of children aged 13-15 in China who reported being in a physical fight at school, one or more times during the past 12 months as of 2015?",9%,19%,39%,59%,B,"What is the |º&12(€|V†ä63 of [|-|!|_|>®&^/ aged 13-15 in China uu#* reported being in a physical fight at school, one 0|2 more times during the past 12 months as of 2015?"
The percentage of children in Ethiopia (age 8) who reported physical punishment by teachers in the past week in 2009 was about what?,18%,38%,58%,78%,B,The percentage of children !^/ Ethiopia (age 8) who reported physical |ºµ|\|!$|-|/\/\€|\|† by teachers 1/\/ the past week |^/ 2009 was about what?
"As of 2018, about what percentage of people from Tunisia say that having an increasing number of people of many different races, ethnic groups and nationalities in their country makes it a better place to live (as opposed to worse or no difference)?",24%,39%,54%,69%,A,"As *|= 2018, about what percentage 0ƒ |o3()|D|_& from Tunisia say that having an increasing number *|= |º&()|o|& 0ph many different races, ethnic groups and nationalities in their country /\/\@]<&5 it a 8ë773® |D|ª(€ to live (as opposed to worse or no difference)?"
"As of 2015, the global fertility rate was about",1.5 children per woman,2.5 children per woman,3.5 children per woman,4.5 children per woman,B,"As of 2015, the global fertility rate \/\/45 about"
What is the median international income as of 2020?,$300 ,"$1,000 ","$10,000 ","$30,000 ",C,What !§ the median international income as of 2020?
Before being reelected for a third term as president how many Americans approved of running a third time?,20%,40%,60%,80%,C,Before 8&|^/9 reelected for a third term as |*®ë5!cl&|V+ how many Americans approved of running a third time?
"As of 2019, about what percentage of Italians say it is very important to have free media in our country without government/state censorship?",41%,56%,71%,86%,B,"As of 2019, äß()(_)7 what percentage of Italians say ][7 is very important to have free media in our country without 6*\|ë®|\|^^3|V7/§+47ë censorship?"
Public spending on education in the world is about what percentage of global GDP as of 2017?,1%,2%,4%,8%,C,Public spending on ëcl(_)[ä†][()/\/ in the world is @ß()µ7 what percentage of global GDP as of 2017?
"As of 2013, which of the following countries had the highest per capita rate of homelessness?",US,Chile,Ireland,Spain,A,"As öph 2013, \/\/#î¢}{ öƒ the following countries had the highest per capita rate *ƒ homelessness?"
"Overall, the growth rate of average incomes in less developed countries between 1960 and 1995",was approximately zero,exceeded that of high income countries,exceeded that of Britain during the industrial revolution,was approximately 3.0% per year,C,"Overall, the growth rate of average incomes in less developed countries between 1960 and 1995"
"As of 2015, about what percentage of the world’s land area is forested?",15%,30%,45%,60%,B,"As of 2015, about what percentage of 7|-|& world’s land area !$ forested?"
The greatest population growth rate has taken place,"in Africa, which is the poorest region of the world with the lowest overall economic growth.","in Asia, which is the poorest region of the world with a steady overall economic growth.","in Asia, which is the poorest region of the world with the lowest overall economic growth.","in Africa, which is the poorest region of the world with a steady overall economic growth.",C,The greatest population growth rate has 7@|{3/\/ place
The global HIV/AIDS death rate is highest for which of these age groups?,Under 5,14-May,15-49,over 50,C,The global HIV/AIDS death rate is #î9[-]&$7 for which of +|-|€§3 age groups?
"As of 2015, agriculture made up about what percentage of total US GDP?",1%,3%,9%,20%,A,"As of 2015, agriculture /\/\/\[)ë up about what percentage of 7()†4£ US GDP?"
"As of 2017, what percentage of Indians live in urban areas?",19%,34%,49%,64%,B,"As of 2017, what percentage of Indians live in urban /\®ëä$?"
"Consider the following statements: (1) As countries get richer, the population tends to report higher average life satisfaction. (2) Important life events such as marriage or divorce do affect our happiness, but have surprisingly little long-term impact. Which of these statements is True/False, as of 2020?","True, True","True, False","False, True","False, False",A,"Consider the following statements: (1) As countries get richer, the population tends to report higher average life $ä7!§ph@(+!()|V. (2) Important life events such as marriage or divorce do affect our happiness, 8|_|7 have surprisingly £1++|_3 10|V9-+ë|Z/\/\ impact. Which of these statements is True/False, as of 2020?"
"At its peak, what was the approximate difference in approval of school desegration from the South and the rest of the U.S.?",80%,40%,-40%,-80%,B,"ª† its peak, what was †[-]3 approximate difference !/\/ approval of school desegration from †}{3 South and +[-]& rest of †#3 U.S.?"
"As of 2013, share of people in the United States who think political parties are corrupt is",36%,56%,76%,96%,C,"As of 2013, share of people in the United $†@+€5 who think political parties /\|2ë corrupt is"
Which of the following countries invested the largest fraction of its GDP in renewable energy in 2015?,China,Japan,Chile,India,C,Which *|= the following countries 1^/\/ë573|> the largest fraction 0|= its GDP in renewable energy in 2015?
"As of 2020, about how much do you need to make annually to be among the richest one percent in the world?","$150,000 ","$75,000 ","$35,000 ","$15,000 ",C,"As of 2020, ª8öµ7 [-]()uu much do you need to make annually to be among †#3 richest one percent in 7}{€ world?"
In 1943 how many Americans believed in the Holocaust?,30%,50%,70%,90%,B,In 1943 how many Americans believed in the }{ö|_()¢@|_|$7?
Which of the following countries emitted the most CO2 in 2017?,Canada,Russia,Iran,Japan,D,Which of the following ¢öµ|V+|Z!€$ &|\/|î77&cl the most CO2 in 2017?
"At the time of independence, there were already hundreds of thousands of university graduates in ____, but hardly any at all in ____.","India, Congo","India, South Korea","Congo, South Korea","South Korea, India",A,"At the time of independence, there were already hundreds of thousands of university 6|Z@cl|_|ä7&§ in ____, 8µ7 hardly /\^/¥ at all in ____."
"As of 2013, share of people in the India who think political parties are corrupt is",26%,46%,66%,86%,D,"As öph 2013, share 0ph people ][^/ the India who think political parties are corrupt is"
"As of 2019, about what percentage of French people say God plays an important role in their life?",11%,31%,51%,71%,B,"As of 2019, about what percentage of French people say God plays @|V important 12*|_& in their life?"
"As of 2017, the share of GDP spent on the military by the United States is about",1%,3%,6%,10%,B,"As of 2017, the share of GDP spent on the military by the µ|\|î7€[) States is /\|3()(_)+"
"As of 2017, the share of global deaths by suicide is about",0.70%,1.40%,2.80%,5.60%,B,"As of 2017, the share of global deaths by suicide î5 /\13*(_)†"
Many countries that became independent after World War II found that the legacy of colonialism hindered their economic development. The list of hindrances included,artificial political boundaries that covered diverse ethnic groups with little in common,inadequate access to higher education and training for nationals under the colonial administration,control of domestic commerce by foreign minority groups which had been brought in by the colonial power,all of the above,D,^^ä|V`/ countries that became ][|\||)3|Dë^/|)€^/+ after World War II found that the legacy of colonialism hindered their economic development. †#& list of hindrances included
Which of the following mental disorders is most prevalent in the world?,Bipolar disorder,Schizophrenia,Alcohol use disorders,Anxiety disorders,D,Which of the following mental |)1$0®[)ë|2§ is most prevalent in the \^/0®|_|)?
"As of 2017, how many people in the world have some access to electricity?",60%,70%,80%,90%,C,"As of 2017, how many |*€()|*|_€ î|V the world have some access to electricity?"
Before Nixon resigned how many believed he should be removed from office?,79%,98%,33%,57%,D,Before Nixon resigned how many believed #€ should be removed |=|2ö/V\ office?
