Question,Option A,Option B,Option C,Option D,Answer,Question_Leet
Which of the following methods of detecting breast cancer involves exposure to radiation?,Needle aspiration,Mammography,Mastectomy,Lumpectomy,B,Which of +}{& following /\/\37|-|ö|)§ of detecting breast cancer involves exposure to radiation?
"The regions of the body that, when touched, are sexually exciting:",vary from person to person,vary for women depending on the phases of the menstrual cycle,are mainly on the lower portion of the body,all of the above,D,"The regions of the body †#ª+, \^/[-]3/\/ touched, are sexually exciting:"
Which of the following is/are true of gonorrhea?,can be treated with antibiotics,has a high risk of infection with a single exposure,is asymptomatic (without symptoms) in only a small percentage of those infected,infections are limited to genital areas,A,\^/}{î(}{ of the following is/are true of gonorrhea?
"You are a homosexual male: Last night, you were tempted by lusty, swarthy Jacques (the king of fraternity row) to join him at the local dairy bar for a tall cool glass of milk. You also briefly considered studying for this test, but Jacques won out. In Freudian terms, which of the following was dominant?",the id,the ego,the superego,the Oedipus complex,A,"You are a homosexual male: Last night, you were tempted by lusty, swarthy Jacques (the king of ph|2@†ë|Z|\||7`/ row) to join him at the local dairy bar ƒö® a tall cool glass of milk. You also briefly <ö|V$|[)312ë|> studying ƒ*12 this test, but Jacques won out. 1/\/ Freudian terms, which of the following was |>ö|\/||/\/@^/7?"
Sociobiologists believe that there are more males than females with paraphilias because:,paraphilias guarantee survival of the species,evolutionary selection has favored the development of males who respond to novel sexual stimuli,of left brain/right brain differences between the genders,male brains are better developed than are female brains,B,Sociobiologists believe that there are more /\/\@£35 7|-|/\/\/ females with paraphilias because:
"According to a study by Sprecher, Barbee, and Schwartz (1995), women were more likely than men to have ________ following their first act of intercourse.",felt glad,felt fear,experienced guilt,experienced regret,C,"According to a $+|_|[)`/ 13`/ Sprecher, Barbee, /\|V|) Schwartz (1995), women were more likely than men to have ________ following their first act of intercourse."
What is cocaine abuse during pregnancy related to?,an increased risk of low birth weight babies,poorer growth and lower intelligence,smaller head circumference,all of the above,D,What is cocaine abuse during |o|Z3&/\/ª/\/<`/ related to?
Joe wants desperately to get close to Helen. Helen appears to be put off by Joe's desperate advances. This is typical of Joe's relationships with women. According to attachment theory Joe would best be described as:,a secure lover,an avoidant lover,an anxious-ambivalent lover,a passionate lover,C,_|()& wants desperately +ö get close +0 Helen. Helen appears +ö be put off 13j Joe's desperate advances. This is typical of Joe's relationships with women. /\<¢0|Z[)1|\|& †0 attachment theory (/ö€ would ß3§† be described as:
Bruce is a homosexual man. His friend Chuck is a heterosexual man. If we could have observed Bruce and Chuck as children we might have expected which of the following?,Bruce likely participated in more female-typical play than Chuck.,Bruce likely participated in more male-typical play than Chuck.,Bruce and Chuck likely participated in more male-typical play than female-typical play.,Bruce's father was more likely to have homosexual tendencies than Chuck's father.,A,Bruce is a homosexual /\/\/\^/. His friend ¢[-]|_|<|< is a heterosexual |\/|ª^/. If we could }{/\\/ë observed Bruce and ¢#µ[|( as children we might }{/\|/3 expected which of the following?
Judaism regards sexuality as,inherently evil,God's afterthought and has become an aberration,a gift from God,primarily a biological function,C,Judaism regards sexuality @5
Freud said that the penis first becomes the major focus of pleasure-seeking at:,birth,about age 1,between the ages of 3 and 6,puberty,C,|=|23µ|> said that the penis first becomes the major focus of |º1ë45|_|®ë-§3€]<|/\/& at:
"What makes a relationships last, according to Sternberg?",intimacy,commitment,decision,passion,B,"What makes a relationships |_@$†, according to Sternberg?"
The position that abortion is murder is held by certain people in which religion?,Orthodox Jews,Fundamentalist Protestants,Eastern Orthodox Christians,all of the above,D,The position that abortion is murder is held by certain people in \^/[-]|<[-] 12ë£!&1()|\|?
"Orders of monks and nuns found both in Eastern religions and in Christianity who affirm celibacy, virginity, and poverty follow the ethical system of:",legalism,asceticism,situationism,hedonism,B,"()12|>€®§ of monks and nuns found |3()+# in Eastern religions and in Christianity who äph|=][|Z|\/| celibacy, virginity, and poverty follow the ethical system of:"
Ovaries and testes,are homologous,produce gametes,produce sex hormones,all of the above,D,Ovaries and 7€$73§
Simon LeVay studied the brains of heterosexuals and homosexuals. He found differences in:,the cortical activity of these two groups,the overall brain weights of these two groups,the cell structure in the hypothalamus of these two groups,blood volume and metabolism of sugars in the brains of these two groups,C,Simon LeVay studied the brains of heterosexuals and homosexuals. [-]ë found differences ][|V:
"Which of the following theories uses terms such as ""modelling"" and ""imitation"" to explain the effects of exposure to erotica on a person's behaviour?",sociobiology,psychoanalytic theory,script theory,social learning theory,D,"Which *|= the following theories uses terms such as ""modelling"" and ""imitation"" 70 explain the effects ()|= exposure 7ö erotica on a |º312§()/\/'$ behaviour?"
"________ men, on the average, begin engaging in sexual intercourse approximately two years later than ________ men do.",Mexican Americans and whites; African Americans,Mexican Americans; African Americans and whites,African Americans; whites and Latinos,Whites; African Americans and Latinos,A,"________ |\/|&|V, on †[-]3 average, begin engaging in sexual intercourse approximately two years later than ________ men do."
"In the scientific community, women's capacity for multiple orgasms was originally discovered by:",Kinsey,Freud,Masters and Johnson,Kaplan,A,"In 7|-|3 5¢!&|\|7î|=!( community, women's capacity for multiple orgasms was originally discovered by:"
Which of the following characteristics are generally consistent with date rape?,use of excessive force,premeditated,sexually motivated,involves use of a weapon,C,Which of the following characteristics are 9€/\/&12@||¥ consistent \^/|+}{ date rape?
"According to John Money, __________ refers to a person's private internal sense of maleness or femaleness.",Gender identity,Sexual nomenclature,Gender schema,Intrapsychic sexual orientation,A,"According to _|*#/\/ ^^*^/€¥, __________ refers to a person's private internal sense of maleness or femaleness."
The average male genital size is approximately,4 inches,5 inches,7 inches,1 foot,B,7#ë average male genital size is approximately
People who cannot reach orgasm without touching a woman's shoe would certainly be considered sexually abnormal or deviant by which of the following definitions?,psychological,sociological,statistical,b and c,D,People who cannot reach orgasm without touching @ woman's shoe would certainly be (0/\/$][|)ë12€[) sexually abnormal or deviant by which of the following |)ëƒ|/\/î7|()|V5?
"If a woman or man repeatedly experiences pain during intercourse, she will probably want to have intercourse infrequently or not all. In this situation, __________ would likely classify the pain as a punishment.",Sigmund Freud,John Money,B. F. Skinner,Havelock Ellis,C,"If /\ woman or man repeatedly experiences pain during intercourse, she \/\/||_1 probably want 7* have intercourse infrequently or not all. In this situation, __________ would likely classify 7#€ pain /\§ 4 punishment."
"What seems to be the case when the folk saying ""opposites attract"" (i.e., dissimilar attitudes tend to cause liking) when it is considered in light of current research?",It does not seem to be true.,It seems to be true for heterosexuals but not for homosexuals.,It seems to be true for homosexuals but not for heterosexuals.,It seems to be true for women but not for men,A,"What seems to be the case vv}{&/\/ the folk saying ""opposites attract"" (i.e., dissimilar attitudes tend to cause liking) \^/[-]ë/\/ it ][$ considered in light of current 1235&ä|Z¢}{?"
The egg can be fertilized until about _______ after ovulation.,6 hours,24 hours,72 hours,1 week,B,The egg can be fertilized until ª80(_)7 _______ after ovulation.
"After releasing an egg, the follicle, under stimulation of luteinizing hormone, turns into a a glandular mass of cells called the __________",corpus cavernosum,corpus luteum,corpus callosum,corpus glandula,B,"After releasing an egg, the follicle, under $+][|\/|(_)1ª7!()/\/ of |_µ+&1^/17_î|V9 }{*12^^*/\/3, turns into a a glandular mass of cells called the __________"
How is endometriosis generally treated?,antiprosaglandin drugs,prostaglandin drugs,hormones,aspirin,C,How is endometriosis generally +|Zëª†3|>?
"Before the Masters and Johnson research, it was thought that vaginal lubrication was due to secretions of",Cowper's gland,Prostate gland,Bartholin glands,Adrenal gland,C,"Before the Masters and Johnson research, it was +#*|_|6#7 that |/4&î/\/ä|_ lubrication was due to secretions of"
Buffy and Willow were discussing their sexual fantasies. Buffy revealed that she sometimes fantasizes about sex with other women even though she normally finds herself attracted to men. She also fantasizes about group sex. Which of the following statements can be inferred from Buffy's fantasies?,Buffy's fantasies suggest that she must be a latent homosexual or bisexual.,Buffy's fantasies are indicative of a paraphilia.,Buffy's fantasies indicate that she is not getting enough sex to keep her satisfied.,Buffy's fantasies are fairly typical and tell us little about her sexual tendencies.,D,Buffy and Willow were discussing their sexual fantasies. Buffy revealed that she sometimes fantasizes about sex with other women even though she |V()|Z/V\@£1j ƒ|^/|>§ herself attracted to men. She also fantasizes about group $€)(. Which of the following 5+ä+&^^3|\|+$ can ß& inferred from Buffy's fantasies?
The environment for sperm passage is most hospitable just at,preovulation,proliferation,ovulation,menstruation,C,The environment for sperm |*@$5ª6ë is most hospitable just at
Secretions of Cowper's gland fluid at the tip of the penis are first evident:,following orgasm,immediately before orgasm,prior to vasocongestion,during the plateau phase,D,Secretions of Cowper's gland fluid /\+ †|-|3 tip of +}{€ penis are first evident:
Which of the following restrictions existed in at least one culture? No sex,for a period of time following childbirth,during menstruation,between parents and children,all of the above,D,Which of the following restrictions existed in ä7 least one culture? No 5&)(
Which of the following teenagers have the highest pregnancy rates?,U.S.,Canadian,Swedish,French,A,Which of the following teenagers have the highest |*|Z€6|\|@^/[`/ rates?
The onset (the very beginning) of labor is first triggered by,hormones secreted by the Mother's ovaries,hormones secreted by the Mother's hypothalamus,hormones secreted by the fetus' adrenal gland,the placenta and uterus secretion of prostaglandins,C,The onset (+[-]3 very beginning) of labor is first triggered 13j
One of the first models of the physiology of the human sexual response was provided by,Henry Havelock Ellis,Sigmund Freud,Linda George and Stephen Weiler,William Masters and Virginia Johnson,D,One of the first models of the physiology of the |-|(_)/V\@/\/ sexual response was provided 8`/
"An adult feels himself becoming aroused when looking at a child and realizes that the response is totally inappropriate, as a result he feels anxiety rather than arousal. This is an example of __________ according to Walen and Roth's cognitive model of the sexual response.",negative perception,negative evaluation,negative arousal,cognitive dissonance,B,"An adult feels himself 13€(*/V\||\|6 aroused when looking at 4 child and realizes that the response |$ totally inappropriate, as ª result he feels anxiety rather +}{ª|V arousal. This |§ an example of __________ according to Walen and Roth's ¢()9/\/1†!\/€ model of the sexual response."
We are attracted to a person who is similar to us in attitudes because:,we get positive reinforcement from that person agreeing with us,the other person's agreement bolsters our sense of rightness,we anticipate positive interactions with that person,all of the above,D,We are attracted to a person who is similar to |_|§ |^/ attitudes because:
"According to the Ethnocultural Communities Facing AIDS study, single _________ men are more likely than single _________ to report having had more than one sexual partner in the previous year.",Chinese; North African Muslim,South Asian; English-speaking Caribbean,South Asian; Chinese,North African Muslim; Latin American,B,"According 7() 7#& Ethnocultural Communities Facing AIDS study, single _________ men are more likely than single _________ †ö report }{4\|î|V6 had more than one sexual partner in +#€ previous year."
Penile or clitoral erection occurs because of activation of the _________ system.,pathetic,apathetic,sympathetic,parasympathetic,D,Penile or clitoral erection occurs because 0|= activation ()|= 7[-]& _________ system.
Which of the following is homologous to the glans of the penis?,labia minora,labia majora,mons,clitoris,D,Which of +[-]3 following is homologous to +}{ë 6£@/\/§ of †}{& penis?
What day of a typical 28-day menstrual cycle is a woman likely to ovulate?,4,10,14,22,C,What day of a +¥|D|[4£ 28-day menstrual cycle is a woman likely +ö ovulate?
The two principles that deal with questions of values are:,religion and ethics,faith and science,legal and ethics,legal and religion,A,The two principles †[-]ª7 deal with questions of values are:
Studies conducted by Bailey and Pillard (1991) have shown that:,the homosexuality concordance rate for identical twins is 100%,the homosexuality concordance rate for identical twins and fraternal twins is approximately the same,the homosexuality concordance rate for identical twins is higher than for fraternal twins,the homosexuality concordance rate for adoptive brothers differs little from that of biological brothers,C,Studies conducted by Bailey and Pillard (1991) have shown 7}{4+:
The capacity of a spinal-cord injured man to have erections depends on:,the level of the spinal cord at which the injury occurred,whether the spinal cord was partially or completely severed,the man's age,both a and b,D,The capacity of a 5|*][/\/ª|_-(*|Z|> injured man †ö have erections depends on:
Research on the effects of sexually explicit material using material that the viewer finds acceptable has shown that:,erotica has no effect on sexual behavior,erotica may lead to increases in sexual arousal for men and women,nonaggressive erotica leads to massive increases in aggressive behavior,erotica decreases sexual arousal and sexual interest,B,Research on 7}{€ effects of sexually explicit /V\ª+3®î@1 using /V\@†€12îä| that +[-]3 viewer finds acceptable has shown that:
Fetishism typically develops at the age of:,30 through 50,at birth,10 through 20,20 through 30,C,|=&†î5#][$/V\ typically develops at the age of:
Hillary just found out that she is pregnant but she suspects that her husband has been fooling around. It is important that she be tested for chlamydia because chlamydia can cause which of the following complications?,tubal pregnancies,premature delivery,spontaneous abortion,all of the above,D,Hillary just found out that $}{& !$ pregnant but §}{ë suspects that her |-|µ$8ä^/|> has been fooling around. It !§ important that 5}{ë be tested for chlamydia because chlamydia ¢ª|\| cause which of the following complications?
Roman Catholicism takes the position that it is sinful to,engage in homosexual acts,engage in heterosexual acts outside of marriage,take the birth control pill,all of the above,D,Roman Catholicism takes the |*ö§][7][0/\/ that it is sinful to
Which of the following is the most common method of birth control for married couples in the U.S..,Sterilization,The IUD,The diaphragm,The rhythm method,A,Which *|= †}{& following is 7}{3 most common method 0ph birth control for married couples in +[-]3 U.S..
The theory of _______ is used by sociobiologists specifically to explain the evolution of gender differences.,natural selection,the new synthesis,sexual selection,the gender schema,C,The theory of _______ is |_|$€[) by sociobiologists specifically to explain the evolution of gender differences.
Experimental work on the introduction of the birth control pill was done with,middle- and upper-class American women,white American women,poor Puerto Rican women,Asian American women,C,Experimental work on +[-]& ||\|712()cl(_)(+1()^/ of †|-|3 birth control pill was done with
Which of the following have menstrual cycles?,some monkey species,some ape species,some breeds of dogs,a and b only,D,Which of 7}{& following have menstrual cycles?
What sexual act is prohibited in most societies?,masturbation,incest,sex during menstruation,sex with a non-spouse if the person is married.,B,What sexual act î§ prohibited in most societies?
Which of the following is removed when a male is circumcised?,sunna,corpus spongiosum,septum,prepuce,D,Which of 7}{& phö|£0vv][^/9 is removed when a male is circumcised?
Staphylococcus aureus is...,...a hormone released during menstruation,...the term for the follicle after it has ruptured,...a bacterium associated with Toxic Shock Syndrome,...the term for the mass of cells in the corpus luteum,C,Staphylococcus aureus î§...
Jeffrey Dahmer's behaviour might best fit into the category of:,zoophilia,necrophilia,urophilia,scoptophilia,B,Jeffrey Dahmer's behaviour might 1335+ fit into the category of:
An anatomical difference between males and females is:,"males have one exit structure for urine and reproductive fluids, whereas females have two","males have an external sexual organ that gets engorged with blood, whereas females do not",males have many times the number of nerve endings in the penis that females have in the clitoris.,all of the above,A,/\|V anatomical difference between males and females is:
Kenny fell off a ladder while trying to change a lightbulb. He suffered an injury his upper back transecting his spinal cord and leaving him quadraplegic. Which of the following are probably impaired in Kenny?,ejaculation,erection,genital sensation,both A and C,D,|{3|V^/j fell off a ladder while trying to change a 1|&[-]+|3(_)|_13. He suffered 4|V injury his µ|º|º312 back transecting his spinal cord and leaving him quadraplegic. Which of the following are probably ][|\/||Däî|Z&|) in Kenny?
The feedback loop in men which regulates the production of sex hormones includes all but which of the following?,oxytocin,gonadotropin-releasing hormone,follicle-stimulating hormone,pituitary gland,A,The feedback loop 1|\| men which regulates the production 0ph sex hormones includes all but which *ƒ the following?
The Old Testament presents the view that sexuality is,fundamentally positive,to be considered in light of its social consequences,comparable to other biological functions,a and b,D,+[-]€ Old Testament presents the view that sexuality is
Castration in adulthood,will produce a high voice because of decreased testosterone production.,will produce a high voice because of the pain that accompanies the procedure.,will not produce a high voice because the larynx has already grown.,will not produce a high voice because castration does not affect testosterone production.,C,Castration ||\| adulthood
Xena has been able to conceive but has repeatedly miscarried early in her pregnancies. Which of the following would be her best option for having a child?,artificial insemination,in vitro fertilization,zygote intra-fallopian transfer,embryo transfer,D,}{3/\//\ }{ª§ been able to conceive but |-|ª§ repeatedly miscarried early in |-|&|Z pregnancies. Which of the following would be #ë|Z best option for having a child?
Which of the following is TRUE of the duration of the refractory period experienced by men?,it is consistent across men and lasts 20 minutes,it varies across men lasting from a few minutes to 24 hours,it tends to be shorter with alcohol consumption,it tends to be longer in younger men,B,Which of +#€ following is TRUE of †}{3 duration of +#& refractory period experienced by men?
"At about _________ months after conception, the gender of the fetus is clear from the appearance of external genitals.",2,4,6,8,B,"At about _________ months after conception, the gender of the fetus is clear |=12*/V\ the appearance of external genitals."
__________ is a shedding of the inner lining of the uterus.,Menstruation,Ovulation,The luteal phase,The follicular phase,A,__________ is a shedding ()ƒ the inner 1!|Vî|\|9 0ph the uterus.
"When a woman thinks that she probably is a lesbian, she is at the:",pride stage,tolerance stage,acceptance stage,confusion stage,B,"When a woman thinks that §[-]3 probably is a lesbian, §#ë is /\+ the:"
Which of the following STDs can be passed from mother to child through the placenta?,gonorrhea,syphilis,genital herpes,chlamydia,B,Which ö|= the ph*|1*\^/][|\|6 STDs can be passed from mother to child through the placenta?
Persons with liberal attitudes about premarital sex are likely to:,have liberal attitudes about extramarital sex,engage in accidental extramarital sexual activity,engage in open swinging,all of the above,A,Persons with liberal attitudes about premarital $€>< are likely to:
"Menstrual cramps may be caused, in part, by:",low levels of prostaglandin,an increased oxygen supply to the uterus,highly sensitive nerve endings,frequent masturbation,A,"Menstrual cramps /\/\4¥ be caused, in part, by:"
Avalon had a wild time during spring break. Unfortunately the guy she hooked up with in Palm Beach had genital herpes. Which of the following is true about genital herpes?,Avalon could not contract genital herpes from performing fellatio (oral-genital sex) on the guy.,If Avalon contracted genital herpes she can be cured with antibiotics if administered immediately after the first occurrence.,If Avalon contracted genital herpes she will only be contagious when she has a break out.,none of the above,D,Avalon had a wild time during spring break. Unfortunately 7}{& guy she hooked up with in |*ä£/\/\ Beach had genital herpes. Which ()|= †|-|3 following is true about genital herpes?
Stan is out having a few beers with some friends. Which of the following will be DECREASED if Stan only consumes 1 beer?,arousal,erection,inhibition,orgasm,C,Stan is out having a few 8ë&®$ \^/][7}{ some ph®][ë^/cl$. Which of the following will be DECREASED if Stan only consumes 1 beer?
Vasocongestion is a process of :,muscle contraction,blood accumulation in the genitals,muscle relaxation,detumescence,B,\/ä5ö[0|\|6€5710|\| is a process of :
Which of the following is/are secondary sex characteristics in males AND females?,underarm hair,sweat and oil glands,deepening of the voice,both A and B,D,Which of the following is/are secondary sex characteristics in /V\4|_€$ AND phë^^4|€§?
It's 3:00 A.M. You are male. You awaken to urinate. Standing at the commode you are in extreme agony. Your penis feels as if it is on fire. You notice a yellowish discharge coming out of your penis after you finish urinating. Your moans have awakened your significant other. She comes running into the bathroom and asks you what is wrong. You tell her you probably have:,genital herpes,AIDS,syphilis,gonorrhea,D,It's 3:00 A.M. `/0(_) @12& male. jöµ awaken to urinate. Standing at the commode jö|_| @®3 in extreme agony. Your penis feels as if it is on fire. ¥()µ notice a yellowish discharge coming out of your penis after `/*µ finish urinating. Your moans have awakened your significant other. She comes ®(_)^/^/1^/6 into the bathroom ª/\/|) asks `/*µ what is wrong. `/()µ tell her j()|_| probably have:
Which of these statements is accurate concerning the norms of swinging?,Male and female homosexual acts are common and widely accepted.,It is expected that couples will engage in sex with the same partners on several occasions.,The combination of two men with one woman is the typical introduction to swinging.," Most swingers also tend to have tolerant attitudes towards various forms of ""exotic"" sexuality.",D,Which of these statements is ª<[|_|®ª†3 concerning 7|-|3 norms of swinging?
Romulo is on a crowded bus and he sees a woman near the door. Feeling a little saucy Romulo proceeds to rub up against the woman and is immediately aroused. Romulo's inappropriate behavior would be characterized as:,Frotteurism,Exhibitionism,Voyeurism,Sadomasochism,A,Romulo is on 4 crowded bus and he sees ä woman near 7[-]3 door. ph&&£1^/& @ little saucy Romulo proceeds to rub up against †|-|ë woman and is immediately aroused. Romulo's inappropriate behavior would 8€ characterized as:
Mini-pills contain:,estrogen only,progestin only,synthetic androgens and estrogen,synthetic estrogen,B,^^!|\|][-|º1£|§ contain:
"Heterosexual fantasies about sexual activity never involve someone _________, and gay and lesbian fantasies never involve persons of __________",Both heterosexual and homosexual fantasies may involve persons of the same or other gender,of the other gender; of the same gender,of the same gender; of the same gender,of the same gender; of the other gender,A,"Heterosexual fantasies about sexual activity never ][^/\|ö1|/ë someone _________, 4^/|> gay @|\||) lesbian fantasies never ||V\|ö|\|& persons of __________"
Which of the following is typically associated with having a vasectomy?,decreased testosterone production,reduced rigidity of erections,decreased sperm production,normal orgasm,D,Which of +[-]€ following is typically associated with having @ vasectomy?
Which of the following are reflexes?,ejaculation,erection,orgasm,both A and B,D,uu|-|1¢[-] of the following are reflexes?
Which of the following sexual variations is probably the most dangerous?,troilism,asphyxiophilia,zoophilia,necrophilia,B,Which of the following $€><µ4| |/ä12!@7|ö|V$ is probably the most dangerous?
The follicular phase is to the __________ as the luteal phase is to the secretory phase.,postovulatory,menstrual,proliferative,myometrial,C,The follicular |*[-]ª$ë is †0 the __________ as the luteal |o#4$3 is +ö the secretory phase.
"For purposes of conception, the best position for intercourse is:",woman-on-top,man-on-top,rear entry,side-to-side,B,"For purposes of conception, 7[-]ë best position for intercourse is:"
"Danny and Sandy are coworkers. Sandy sees Danny in the break room and says ""Hey Stud! Nice buns! Wanna do it?"" This would be considered harrassment if:",Sandy is Danny's supervisor,Danny has previously told Sandy that he does not appreciate her advances,"Danny responds with ""Sure baby your office or mine?""",both A and B,D,"Danny @|V|> Sandy are coworkers. Sandy sees Danny in the break room ä|\||) says ""Hey 5+µ[)! Nice buns! Wanna do it?"" 7#1§ would be considered harrassment if:"
Erection in the male and vaginal lubrication in the female mark the __________ stage of sexual response.,excitement,resolution,plateau,orgasm,A,Ë®€¢7|0^/ in +}{ë male and vaginal lubrication in 7[-]€ female mark 7[-]3 __________ stage of sexual response.
The placenta does all of the following except:,supplies oxygen to the fetus,supplies nutrients to the fetus,supplies blood to the fetus,secretes hormones,C,7|-|3 placenta does all of the following except:
Which of the following is the MOST COMMON menstrual problem?,painful menstruation,absence of menstruation,menstruation without ovulation,ovulation without menstruation,A,Which 0|= the following is the MOST COMMON menstrual problem?
In all of her relationships Helen is typically uncomfortable feeling close to another person or having that person feel close to her. According to attachment theory Helen would best be described as:,a secure lover,an avoidant lover,an anxious-ambivalent lover,a passionate lover,B,In all of }{&|2 relationships #&£€|V 1$ typically uncomfortable feeling <|_ö§& to another person or }{@|/|^/& that person feel <|()5& to her. According to attachment theory #ë1ë/\/ would best be described as:
Approximately how many sperm are in the typical ejaculate?,"300,000",300 million,3 million,30 million,B,Approximately how many sperm are in the typical €_/4¢(_)|_/\7€?
Bill is a successful ad executive for a computer company. He is 32 married and the father of two children. When Bill's wife is not home he puts on her satin stockings garter belt bra skirt blouse and red stilettos. While dressing he becomes sexually excited and proceeds to masturbate. Which of the following descriptions best fits Bill?,female impersonator,drag queen,transsexual,transvestite,D,Bill is 4 §µ((3$$ƒµ£ ad executive for @ computer company. He is 32 married and the father of two children. When Bill's wife is not home he puts on her satin stockings 94®†ë12 belt bra skirt blouse and red $+|137705. While dressing he becomes sexually excited and proceeds to masturbate. Which of the following descriptions best ƒ][†$ Bill?
Sociobiologists assume that the central function of sex is:,pleasure,reproduction,to maintain the double standard,to relieve tension,B,Sociobiologists assume that the central ƒµ^/[7|*^/ of sex is:
Which of the following approaches to psychotherapy focuses only the problem behaviour and how to modify it?,Behaviour modification,psychoanalytic,sociological,evolutionary,A,Which of the following approaches +* psychotherapy focuses only the problem behaviour and [-]()\/\/ †() modify it?
JD Unwin's book _Sex and Culture_ argues what two things are linked?,homosexuality in sons with distant fathers,sexual abuse and Christianity,civilizational collapse and promiscuity,anthropology and evolution,C,JD Unwin's book _Sex and Culture_ argues what †vv0 things /\|2& linked?
The official condemnation by the Catholic Church of artificial birth control is set forth in _______ encyclical called Humanae Vitae.,Pope John II's,Pope Paul VI's,Pope John Paul I's,Pope John Paul II's,B,The official condemnation by the [/\†[-]ö|_][[ Church of artificial 81|Z7# control is set forth in _______ encyclical called Humanae Vitae.
"According to Byrne's law of attraction and his formula, we are attracted to people who:",provide a lot of reinforcement and a small amount of punishment,provide more punishment than reinforcement,provide an equal balance of punishment and reinforcement,are extremely attractive and provide a lot of reinforcement,A,"According 70 Byrne's law of attraction and his formula, vvë are attracted +ö people who:"
"Benny is the head of a successful corporation. After a hard day at work during which he is under incredible pressure to perform well, he goes home to his wife who proceeds to spank him, tie him to their four poster bed, and tease him until he begs for intercourse. According to psychological theory, what is the most likely reason Benny finds this alluring?","As a child be became sexually aroused pretending to be a powerful executive, so he now becomes aroused at work and must discharge this when he gets home.",He is overcome with feelings of self doubt and his sadomasochistic behaviour allows him a safe outlet for that self doubt.,"He is overwhelmed with pressures and responsibilities at work, and the masochistic behaviour allows him to escape from being an autonomous, separate individual.",He is secretly fascinated by violence and engaging in sadomasochistic behaviour is a relatively safe outlet for it.,C,"Benny is the head of a successful corporation. After a hard day at work during which }{& is under incredible pressure to |o&12ƒ*|Z|\/| well, #ë goes home to |-||$ wife who proceeds to spank him, tie him to their four poster bed, and tease him until [-]& begs for intercourse. 4([()|2cl][/\/& to psychological theory, vv|-|4† is the most likely reason Benny finds this alluring?"
Darla and Janice are two moms raising a son Timmy. Which of the following most likely characterizes Timmy?,He will probably grow up to be gay.,He will not be popular with his peers.,As long as Timmy has at least one supportive and accepting caregiver he will have a healthy development.,His social skills will lag behind his peers who are raised in heterosexual families.,C,cl@®£ª and _/@/\/|(ë are two moms raising a son Timmy. Which of the following most likely characterizes Timmy?
What are the experiences when a sexual addict has completed the sexual act?,(s)he experiences feelings of hopelessness and despair,(s)he uses the fantasy of the behaviour just completed to become aroused again,(s)he feels relaxed and emotionally relieved,(s)he immediately becomes sexually aroused again and feels good about the behaviour,A,What are the experiences vv|-|&|\| a §€><µ4| addict has completed the §3}{|_|ª| act?
Which of the following is/are likely to cause coital pain for BOTH men and women?,infections,foreskin too tight,vaginismus,both A and C,A,Which of the following is/are 11]<€1¥ to cause coital pain for BOTH men and \/\/ö|\/|&^/?
The endometrium grows and thickens during:,menstruation,the follicular phase,the luteal phase,ovulation,B,The endometrium grows and thickens [)(_)®][/\/9:
Which of the following events INITIATES puberty?,pituitary gland releases FSH,pituitary gland releases growth hormone,hypothalamus releases GNRS,hypothalamus releases LH,C,\/\/|-|î(|-| of the following events INITIATES puberty?
Alexander the Great was probably,bisexual,asexual,heterosexual,pedosexual,A,Alexander †[-]3 Great was probably
Shaggy has a fantasy about digging up a recently buried woman and having sex with her. He told his friends this and they encouraged him to get therapy. As part of the treatment he masturbates to his fantasy and at the last moment before orgasm he switches to a fantasy about having sex with a living woman. This procedure is part of the process of:,orgasmic reconditioning,aversive conditioning,covert sensitization,desensitization therapy,A,$#/\&9`/ has a phä|V+ª$`/ about digging up a recently buried woman and [-]ª\/|/\/9 sex with her. He 7ö£[) his friends this and they encouraged him to get therapy. As part of the treatment he masturbates to his |=@/\/†@$`/ and at the last ^^*/V\&^/+ before orgasm he switches to a ƒ/\^/74$`/ about [-]4|/||V9 sex with a living woman. This procedure is part of the process of:
How do girls most frequently learn about masturbation?,through reading about it,being told by peers,self-discovery,observing others doing it.,C,[-]()vv do girls most frequently learn about masturbation?
How many centimetres must the cervix dilute to before a baby can be born?,5,10,15,20,B,How many centimetres must the cervix dilute to before ª baby can 8& born?
"From 1988 to 1990 among heterosexuals in the US, the number of unmarried adults aged 20 to 45 who report having multiple partners has:",declined for both men and women,"declined for men, but not for women","declined for women, but not for men","declined for men, and remained the same for women",A,"From 1988 †ö 1990 among heterosexuals in the US, the number ()ph unmarried adults aged 20 +() 45 who report having multiple partners has:"
Which is true with regard to voyeurs?,They are generally middle-aged.,They are usually dangerous.,They typically want to view friends' sexual behaviours.,They typically want to observe strangers' activities.,D,Which is true with regard to \|*¥&µ®§?
What are the three dimensions of intimacy in romantic relationships that outline closeness and sharing?,"affective, trusting, and friendship","becoming emotional, caring, and physical","affective, cognitive, and physical","mutual self-disclosure, sexuality, and trusting",C,What are the three dimensions of î^/7][|\/|ä<¥ in romantic |Zë|@†][()|\|$#!|º§ that outline closeness and sharing?
Mike and Carol have been married for 5 years. Recently Mike has found that although he wants to have sex with Carol he has trouble getting aroused. However he does not have trouble getting aroused when he sees his secretary at work. Which of the following describe(s) Mike's dysfunction?,Mike suffers from a global dysfunction.,Mike suffers from erectile dysfunction.,Mike suffers from lubrication inhibition.,Mike must be having an affair with his secretary.,B,^^1]<3 and Carol have been married for 5 years. Recently |\/|î|{€ has found that although he vv4|\|†5 to have sex with Carol he has trouble getting aroused. However he does not have trouble getting aroused when he 533$ his secretary at work. Which of the following cl3§<12|133(§) Mike's dysfunction?
__________ occurs when the fertilized egg implants somewhere other than the uterus.,Pseudocystitis,Ectopic pregnancy,Pre-eclamptic pregnancy,Eclamptic pregnancy,B,__________ occurs when the fertilized egg implants §()|\/|3uu|-|&®€ other than the |_|†€|Zµ§.
A pimp can be best described as ,...a male companion-master of a prostitute,...a gigolo who works with a street walker,...an experienced male prostitute,...an escort to a female prostitute,A,Ä pimp can be best described as
Menstruation is triggered by...,...a sharp increase in estrogen levels,...a sharp increase in progesterone levels,...a sharp decrease in estrogen and progesterone levels,...a sharp increase in estrogen and progesterone levels,C,Menstruation is triggered 13¥...
Which of the following concerning self-disclosure in relationships is supported by research?,"when one partner in a relationship self-discloses, the other is unlikely to do so",self-disclosure on the part of one partner often leads to self-disclosure on the part of the other,there is a negative correlation between amount of self-disclosure and relationship satisfaction,there is no relationship between amount of self-disclosure and relationship satisfaction,B,Which of the following concerning self-disclosure !|V relationships is $|_||º|*ö|Z†€cl by research?
Attachment to a care-giver begins:,in the hours immediately following birth,several weeks after birth,several months after birth,when the child learns to speak,A,Attachment 7() a care-giver begins:
Female sterilization inhibits _________ production.,egg,estrogen,progesterone,none of the above,D,Female sterilization î|V}{îß1+§ _________ production.
Another term for sexual self-stimulation is:,masturbation,autoeroticism,self-eroticism,a and b,D,Another +&|2/\/\ for sexual self-stimulation is:
You have been asked to write a response paper to LeVay's research on brain differences between heterosexuals and homosexuals. Which are plausible criticisms of LeVay's work?,Sample size was relatively small.,Gay and straight groups were not equivalent in terms of the number of deaths due to AIDS.,Lesbians were omitted from the study.,all of the above,D,You have |3ë3/\/ asked to write a response |º/\|º€|Z to LeVay's research on brain differences between heterosexuals and homosexuals. Which are plausible (|217|<][§^^5 of LeVay's work?
About ___ % of adolescent males have homosexual experiences during their teenage years.,5,10,20,30,B,About ___ % of ª|)()135[&|V+ males have homosexual experiences during †#€!|2 teenage years.
Hormones are secreted:,directly into the bloodstream,into the tissues surrounding the glands where they were manufactured,into the stomach and then are digested and travel throughout the body,into the ovaries and testes,A,Hormones 4|2& secreted:
"By 28 days after conception, the embryo is about __________ centimetres long.",1,2,3,4,A,"13`/ 28 days after conception, the embryo is ª|3*|_|7 __________ centimetres long."
"""The state has no business in the bedrooms of the nation,"" is a famous quote by this former Canadian Prime Minister.",Clark,Mulroney,King,Trudeau,D,"""The §†/\7& has no business in the ß&cl12*0|\/|§ of the nation,"" is ª famous quote by this former Canadian Prime Minister."
Keith is really anxious about a big presentation he has to give at work tomorrow. As a result tonight he is having trouble getting an erection. Which of the following BEST explains why Keith might be having this problem?,relaxation is necessary for vasocongestion,anxiety inhibits the sympathetic system,anxiety causes retrograde ejaculation which inhibits arousal,anxiety decreases blood flow to the upper spinal cord inhibiting vasocongestion,A,Keith is really anxious about a big presentation he has to give at vv0|2|< tomorrow. As a |Zë5(_)£† tonight he is having trouble getting ä|V erection. Which öƒ the following 133§† explains why Keith might be having this problem?
A person with a rating of 4 on the Kinsey scale would be classified as:,mostly heterosexual with incidental homosexual experience,heterosexual with substantial homosexual experience,homosexual with substantial heterosexual experience,mostly homosexual with incidental heterosexual experience,C,A |o&12§ö^/ with a rating of 4 on the Kinsey scale would be classified as:
The refractory period occurs in males during the ______ stage.,resolution,orgasm,plateau,excitement,A,The refractory period occurs î/\/ males during the ______ stage.
The zona pellucida is...,...a protective layer surrounding the egg,...the fertilized egg,...an enzyme secreted by sperm to break down the protective coating on the egg.,...the area where sperm collect before attempting to fertilize the egg.,A,†|-|€ zona pellucida is...
In men gonorrhea and chlamydia most often infect the:,penis,scrotum,urethra,bladder,C,In men 6*/\/*®12|-|€ª and chlamydia most often infect the:
Which method of abortion is most costly and carries the greatest risk of complications?,hysterotomy,saline-induced abortion,prostaglandin abortion,dilation and curettage,A,Which method ()ph abortion is most costly and carries the &123ª†€$7 risk öph complications?
Miss Jones has been concerned about her health lately. She has noticed some itching and skin irritation around her genitals. Given her promiscuous sexual history she suspects that she has contracted:,chlamydia,genital warts,gonorrhea,pubic lice,D,|\/|][§§ Jones has been concerned about |-|ë|Z health lately. She has noticed some itching and skin irritation around }{€® genitals. Given |-|ë® promiscuous 5ë}{µä|_ history 5}{€ suspects that $}{& has contracted:
Which of the following is NOT part of the internal structure of a female's breast?,Breast lobule,Lactiferous duct,Lactiferous sinus,Dartos Muscle,D,Which 0|= the following is NOT |o@®7 öph the internal structure ()ƒ a female's breast?
"Over the past several decades, attitudes toward premarital sex have __________; attitudes toward extramarital sex have __________.",remained constant; remained constant,become less permissive; become more accepting,remained constant; become less accepting,become more more permissive; become less accepting,D,"Over the past several decades, attitudes toward premarital $ë>< have __________; attitudes toward &}{+12/\^^4®][+@| §3>< have __________."
