Question,Option A,Option B,Option C,Option D,Answer,Question_It_cleft
"The rate, r, of a zero-order chemical reaction A → B can be expressed as which of the following?",r = k ln[A],r = k [A]^2,r = k [A],r = k,D,"The rate, r, of a zero-order chemical reaction A → B can be expressed as which of the following?"
Infrared (IR) spectroscopy is useful for determining certain aspects of the structure of organic molecules because,all molecular bonds absorb IR radiation,IR peak intensities are related to molecular mass,most organic functional groups absorb in a characteristic region of the IR spectrum,each element absorbs at a characteristic wavelength,C,It was spectroscopy that is aspects Infrared ( IR ) useful for determining certain of the structure of organic molecules because
What is the maximum number of phases that can be at equilibrium with each other in a three component mixture?,2,3,4,5,D,It was that that can is What the maximum of phases be at equilibrium with each other in a three component mixture ?
"When the following equation is balanced, which of the following is true?
__ MnO4− + __ I− + __ H+ <-> __ Mn2+ + __ IO3− + __ H2O",The I− : IO3− ratio is 3:1.,The MnO4- : I- ratio is 6:5.,The MnO4- : Mn2+ ratio is 3:1.,The H+ : I− ratio is 2:1.,B,"It was _ that balanced When the following is , of the following is true ? 
 _ MnO4− + __ I− + __ H+ <-> __ Mn2+ + __ IO3− + __ H2O"
The equation ΔH = ΔU + PΔV is applicable,always,only for constant pressure processes,only for constant temperature processes,only for constant volume processes,B,It was ΔH that is The = ΔU + PΔV applicable
Nitronyl nitroxides are stable radicals in which the unpaired electron is coupled to two equivalent nitrogen nuclei. How many lines will appear in the EPR spectrum of a solution of a rigid nitronyl nitroxide diradical with J << a?,3 lines,9 lines,5 lines,7 lines,B,It was nitroxides that are radicals Nitronyl stable in which the unpaired electron is coupled to two equivalent nitrogen nuclei . It was lines that will appear How many in the EPR spectrum of a solution of a rigid nitronyl nitroxide diradical with J < < a ?
Cobalt-60 is used in the radiation therapy of cancer and can be produced by bombardment of cobalt-59 with which of the following?,Neutrons,Alpha particles,Beta particles,X-rays,A,Cobalt-60 is used in the radiation therapy of cancer and can be produced by bombardment of cobalt-59 with which of the following?
Which of the following is required for both paramagnetism and ferromagnetism?,Strong oxidizing conditions,Low-spin electron configuration,Metallic physical properties,Unpaired electrons,D,Which of the following is required for both paramagnetism and ferromagnetism?
"The 1H spectrum of a mixture of dimethylsulphoxide (DMSO) and acetonitrile (AN) contains lines with relative intensities α and 3α, respectively. What is the ratio of the two concentrations, [DMSO]:[AN]?",1:1,1:3,1:6,2:3,C,"It was spectrum that contains lines The 1H of a mixture of dimethylsulphoxide ( DMSO ) and acetonitrile ( AN ) with relative intensities α and 3α , respectively . It was ] that is What the of the two concentrations , [ DMSO]:[AN ?"
Which of the following statements most accurately explains why the T1 of a nucleus is sometimes longer than its T2?,"T1, unlike T2, is sensitive to very low-frequency molecular motions.","T2, unlike T1, is sensitive to very low-frequency molecular motions.","T1, unlike T2, is sensitive to molecular motions at the Larmor frequency.","T2, unlike T1, is sensitive to molecular motions at the Larmor frequency.",D,It was T1 that explains of the following statements most accurately why the of a nucleus is sometimes longer than its T2 ?
The 1H Larmor frequency of benzene exceeds that of trifluoroacetic acid by 1.656 kHz on a 400 MHz spectrometer. The 1H chemical shift of benzene is 7.16 ppm. What is the chemical shift of trifluoroacetic acid?,3.02 ppm,5.03 ppm,10.56 ppm,11.30 ppm,D,It was frequency that exceeds that The 1H Larmor of benzene of trifluoroacetic acid by 1.656 kHz on a 400 MHz spectrometer . It was shift that is ppm The 1H chemical of benzene 7.16 . It was shift that is What the chemical of trifluoroacetic acid ?
"Suppose that the 13C nuclei in a molecule in a 600 MHz spectrometer can be 100% polarized (p = 1). If T1 = 5.0 s, how long does it take for p to reach a value equal to twice the thermal equilibrium polarization at 298 K?",[The polarization relaxes exponentially: p(t) = [p(0) - peq]exp(-t/T1) + peq.],72.0 s,56.6 s,12.7 s,B,"It was nuclei that can Suppose that the 13C in a molecule in a 600 MHz spectrometer be 100 % polarized ( p = 1 ) . It was p that to take value If = 5.0 , how long for reach a equal to twice the thermal equilibrium polarization at 298 K ?"
Estimate the β-hyperfine value for the cyclobutyl radical (C4H7•) assuming the radical is flat and the HCH angle is 115°.,4.6 mT,27 G,5.4 mT,3.8 mT,A,It was angle that Estimate ° the β - hyperfine for the cyclobutyl radical ( C4H7• ) assuming the is flat and the HCH is 115 .
What is the ratio of line intensities in the EPR spectrum of the t-Bu radical (CH3)3C•?,1:19:36:84:126:126:84:36:19:1,1:9:36:84:126:126:84:36:9:1,1:9:35:82:120:120:82:35:9:1,1:8:28:56:70:56:28:8:1,D,It was ratio that is What the of line intensities in the EPR spectrum of the t - Bu radical ( CH3)3C• ?
Which one sentence explains most accurately why spin trapping is often used to detect free radical intermediates?,spin trapping provides more structural information than direct detection by EPR,spin trapping makes it easy to quantify free radical intermediates,steady state concentration of free radical intermediates is often too low to enable direct detection by EPR,detection of spin adducts requires lower power than direct detection of radical intermediates,D,It was sentence that to explains intermediates Which one most accurately why spin trapping is often used detect free radical ?
Calculate the magnetic moment (μI) of a 13C nucleus.,6.1445 x 10^-27 J T-1,3.1445 x 10^-27 J T-1,9.1445 x 10^-27 J T-1,1.1445 x 10^-28 J T-1,C,Calculate the magnetic moment (μI) of a 13C nucleus.
"The normal modes of a carbon dioxide molecule that are infrared-active include which of the following?
I. Bending
II. Symmetric stretching
III. Asymmetric stretching",I only,II only,III only,I and III only,D,"It was that that include which The normal of a carbon dioxide molecule are infrared - active of the following ? I. Bending
II. It was Symmetric that stretching III . It was Asymmetric that stretching"
Which of the following is a true statement about optical isomerism of complexes containing achiral ligands?,Square planar complexes can display optical isomerism only if all four ligands are identical.,Tetrahedral complexes never display optical isomerism.,Linear complexes can display optical isomerism when both ligands are different.,Octahedral complexes of monodentate ligands can display optical isomerism only when they have at least three different ligands.,D,It was Which that is ligands of the following a true about optical isomerism of complexes containing achiral ?
Which one of the following statements is true:,Protons and neutrons have orbital and spin angular momentum.,"Protons have orbital and spin angular momentum, neutrons have spin angular momentum.",Protons and neutrons possess orbital angular momentum only.,Protons and neutrons possess spin angular momentum only.,C,It was one that is Which of the following statements true :
Calculate the Larmor frequency for a proton in a magnetic field of 1 T.,23.56 GHz,42.58 MHz,74.34 kHz,13.93 MHz,B,Calculate the Larmor frequency for a proton in a magnetic field of 1 T.
Which of the following is an n-type semiconductor?,Silicon,Diamond,Silicon carbide,Arsenic-doped silicon,D,It was Which that is semiconductor of the following an n - type ?
Which of the following statements most accurately explains why the 1H spectrum of 12CHCl3 is a singlet?,Both 35Cl and 37Cl have I = 0.,The hydrogen atom undergoes rapid intermolecular exchange.,The molecule is not rigid.,Both 35Cl and 37Cl have electric quadrupole moments.,D,It was spectrum that explains singlet of the following statements most accurately why the 1H of 12CHCl3 is a ?
"At 25°C, the maximum amount of PbI2 that can be dissolved in 1.00 L of pure water is 1.0 mmol. Assuming complete dissociation, the solubility product, K_sp, for lead iodide at 25°C is",1.0 × 10^−3,1.0 × 10^−6,1.0 × 10^−9,4.0 × 10^−9,D,"It was amount that can is mmol At 25 ° C , the maximum of PbI2 that be dissolved in 1.00 L of pure water 1.0 . It was product that is dissociation Assuming complete , the solubility , K_sp , for lead iodide at 25 ° C"
The 13C spectrum of which isomer of C6H14 has lines with five distinct chemical shifts?,hexane,2-methylpentane,3-methylpentane,"2,3-dimethylbutane",B,It was isomer that spectrum lines The 13C of which of C6H14 has with five distinct chemical shifts ?
Which of the following is the most common naturally-occurring form in which silicon is found?,Metallic element,Sulfide,Fluoride,Oxide,D,It was Which that is form of the following the most common naturally - occurring in which silicon is found ?
Which nuclide has an NMR frequency of 115.5 MHz in a 20.0 T magnetic field?,17O,19F,29Si,31P,A,It was nuclide that has frequency Which an NMR of 115.5 MHz in a 20.0 T magnetic field ?
"Which of the following must be true about a binary liquid mixture that obeys Raoult’s law?
I. The partial pressure of each component at equilibrium is proportional to its mole fraction in the liquid mixture.
II. The volume of the mixture is equal to the sum of the volumes of each component before mixing.
III. Intermolecular interactions in the mixture are identical to intermolecular interactions in the pure components.",I only,III only,I and III only,"I, II, and III",D,"It was that that must be law of the following true about a binary liquid mixture obeys Raoult ’s ? 
 I. It was pressure that is II The partial of each component at equilibrium proportional to its mole fraction in the liquid mixture . 
 . It was volume that is The of the mixture equal to the sum of the volumes of each component before mixing . III. It was interactions that are Intermolecular in the mixture identical to intermolecular interactions in the pure components ."
A single line is seen in the 31P spectrum of a solution of sodium phosphate. The 31P chemical shifts of H2PO4‾ and HPO42– are 3.42 ppm and 5.82 ppm respectively. What is the chemical shift when the pH of the solution equals the pKa of H2PO4‾?,3.41 ppm,3.98 ppm,4.33 ppm,4.62 ppm,D,A single line is seen in the 31P spectrum of a solution of sodium phosphate. It was shifts that are ppm The 31P chemical of H2PO4‾ and HPO42 – 3.42 and 5.82 ppm respectively . It was pH that is pKa the chemical when the of the solution equals the of H2PO4‾ ?
"For EDTA titrations, the analyte solution and the titrant solution are both buffered at the same pH for which of the following reasons?
I. The conditional formation constant is affected by pH.
II. The fraction of EDTA in the fully deprotonated Y4− form varies with pH.
III. When EDTA reacts to form a metal complex, H+ is a product in most cases.",I only,I and II only,I and III only,"I, II, and III",D,"For EDTA titrations, the analyte solution and the titrant solution are both buffered at the same pH for which of the following reasons?
I. The conditional formation constant is affected by pH.
II. It was fraction that varies The of EDTA in the fully deprotonated Y4− form with pH. 
 III . It was H+ that to is product When reacts form a metal , a in most cases ."
The Henry’s law constant for CO2 dissolved in water at 25°C is 30.0 atm M^−1. The concentration of dissolved CO2 in a vessel pressurized with 2.0 atm of CO2 is,1.5 M,0.15 M,0.067 M,0.015 M,C,It was constant that is M^−1 The Henry ’s law for CO2 dissolved in water at 25 ° C 30.0 atm . It was concentration that pressurized The of dissolved CO2 in a vessel with 2.0 atm of CO2 is
"A student performs five titrations and obtains a mean result of 0.110 M, with a standard deviation of 0.001 M. If the actual concentration of the titrated solution is 0.100 M, which of the following is true about the titration results?",Accurate but not precise,Precise but not accurate,Both accurate and precise,Neither accurate nor precise,B,"It was student that performs result A five and obtains a mean of 0.110 M , with a standard deviation of 0.001 M. It was which that is M If the actual of the titrated solution 0.100 , of the following is true about the titration results ?"
A Cu(II) metal ion (giso = 2.12) produces four lines with a separation of 500 MHz between each line. Express the hyperfine splitting in field units of mT and the hyperfine coupling in units of wavenumbers.,500 MHz = 0.185 mT = 0.29842 cm-1,500 MHz = 16.850 mT = 0.01667 cm-1,500 MHz = 32.953 mT = 0.76298 cm-1,500 MHz = 45.672 mT = 2.86329 cm-1,C,It was ion that produces lines A Cu(II ) metal ( giso = 2.12 ) four with a separation of 500 MHz between each line . Express the hyperfine splitting in field units of mT and the hyperfine coupling in units of wavenumbers.
"On the basis of oxidation-reduction potential, which of the following is most likely to occur?",Al(s) + 3 NaNO3(aq) 3 Na(s) + Al(NO3)3(aq),Zn(s) + 2 Ag(NO3)(aq) → 2 Ag(s) + Zn(NO3)2(aq),Pb(s) + Ca(NO3)2(aq) → Ca(s) + Pb(NO3)2(aq),Pb(s) + 2 LiNO3(aq) → 2 Li(s) + Pb(NO3)2(aq),B,"It was which that to On the basis of oxidation - reduction potential , of the following is most likely occur ?"
Which of the following statements is not a reason why tetramethylsilane is used as a 1H chemical shift reference.,Its 1H spectrum is a singlet.,Its protons are quite strongly shielded.,It dissolves in most organic solvents.,Most organic compounds do not contain silicon atoms.,D,It was Which that is reason of the following statements not a why tetramethylsilane is used as a 1H chemical shift reference .
"The X-band (9.5 GHz) EPR spectrum of a matrix isolated Na atom reveals four hyperfine lines with resonant field positions of 3074 G, 3174 G, 3274 G and 3374 G. Calculate the g value of the atom.",g = 2.002,g = 1.950,g = 2.250,g = 2.005,A,"It was atom that reveals lines The band ( 9.5 GHz ) EPR of a matrix isolated Na four hyperfine with resonant field positions of 3074 G , 3174 G , 3274 G and 3374 G. Calculate the g value of the atom ."
Calculate the spin angular momentum of 43Ca. [I = 7⁄2],2.166 x 10^-34 J s,3.691 x 10^-34 J s,4.185 x 10^-34 J s,5.493 x 10^-34 J s,C,Calculate the spin angular momentum of 43Ca. [I = 7⁄2]
Calculate the magnetic field responsible for the polarization of 2.5 x 10^-6 for 13C at 298 K.,0.5 T,1.2 T,2.9 T,100 T,C,Calculate the magnetic field responsible for the polarization of 2.5 x 10^-6 for 13C at 298 K.
"The T2 of an NMR line is 15 ms. Ignoring other sources of linebroadening, calculate its linewidth.",0.0471 Hz,21.2 Hz,42.4 Hz,66.7 Hz,B,"It was T2 that is ms The of an NMR line 15 . Ignoring other sources of linebroadening, calculate its linewidth."
What is the maximum value of the z-component of the spin angular momentum of 43Ca? [I = 7⁄2],3.691 x 10^-34 J s,4.185 x 10^-34 J s,5.493 x 10^-34 J s,8.370 x 10^-34 J s,A,It was value that is What the maximum of the z - component of the spin angular momentum of 43Ca ? [I = 7⁄2]
"Of the following compounds, which has the lowest melting point?",HCl,AgCl,CaCl2,CCl4,A,"It was which that Of point the following compounds , has the lowest melting ?"
Which of the following statements about nuclear binding energies is NOT true?,Binding energy per nucleon reaches a maximum for 56Fe.,Nuclear binding energies have about the same magnitude as chemical bond energies.,Nuclei have slightly less mass than the sum of their component nucleons.,The nuclei of heavy elements have more neutrons than protons in order to provide sufficient binding energy to hold the nuclei together.,B,It was Which that is of the following statements about nuclear binding energies NOT true ?
Predict the hyperfine value for the EPR spectrum of fully deuteriated benzene radical anion C6D6•-.,0.375 mT,3.75 G,2.35 mT,0.58 G,D,Predict the hyperfine value for the EPR spectrum of fully deuteriated benzene radical anion C6D6•-.
The strongest base in liquid ammonia is,NH3,NH2−,NH4+,N2H4,B,It was base that is The strongest in liquid ammonia
The equilibrium populations of the 1H energy levels of a molecule are nα = nαeq and nβ = nβeq. What are the populations after a 5.0 μs pulse when B1 = 4.697 mT?,nα = nβeq and nβ = nαeq,nα = nαeq and nβ = nβeq,nα = ½(nαeq + nβeq) and nβ = ½(nαeq + nβeq),nα = nαeq + nβeq and nβ = nαeq + nβeq,A,It was populations that are nαeq The equilibrium of the 1H energy levels of a molecule nα = and nβ = nβeq . It was mT that are What the after a 5.0 μs pulse when = 4.697 ?
Calculate the Q-factor for an X-band EPR cavity with a resonator bandwidth of 1.58 MHz.,Q = 1012,Q = 2012,Q = 3012,Q = 6012,D,Calculate the Q-factor for an X-band EPR cavity with a resonator bandwidth of 1.58 MHz.
The 13C chemical shifts of benzene and chloroform are 128.4 ppm and 77.2 ppm respectively. What is the difference in the 13C NMR frequencies of the two compounds on a 600 MHz spectrometer?,7.73 kHz,30.7 kHz,91.6 kHz,122 kHz,A,It was shifts that are ppm The 13C chemical of benzene and chloroform 128.4 and 77.2 ppm respectively . It was difference that is What the in the 13C NMR frequencies of the two compounds on a 600 MHz spectrometer ?
"Of the following solutions, which will have the highest ionic strength? (Assume complete dissociation.)",0.050 M AlCl3,0.100 M NaCl,0.050 M CaCl2,0.100 M HCl,A,"It was which that will Of strength the following solutions , have the highest ionic ? (Assume complete dissociation.)"
What is the strength (B1) of a 13C 90° pulse of duration 1 μs?,3.72 mT,5.18 mT,17.0 mT,23.3 mT,B,It was μs that is What the ( B1 ) of a 13C 90 ° pulse of duration 1 ?
Which of the following experimental observations were explained by Planck’s quantum theory?,Blackbody radiation curves,Emission spectra of diatomic molecules,Electron diffraction patterns,Temperature dependence of reaction rates,A,Which of the following experimental observations were explained by Planck’s quantum theory?
"A radioactive isotope, which is used in diagnostic imaging, has a half-life of 6.0 hours. If a quantity of this isotope has an activity of 150 mCi when it is delivered to a hospital, how much activity will remain 24 hours after delivery? (mCi = microcuries)",150 mCi,38 mCi,19 mCi,9.4 mCi,D,"It was isotope that has life A radioactive , which is used in diagnostic imaging , a half - of 6.0 hours . It was activity that will remain activity If a of this isotope has an of 150 mCi when it is delivered to a hospital , how much 24 hours after delivery ? (mCi = microcuries)"
"What is the orbital angular momentum quantum number, l, of the electron that is most easily removed when ground-state aluminum is ionized?",3,2,1,0,C,"It was number that is What the orbital angular momentum quantum , l , of the electron that is most easily removed when ground - state aluminum is ionized ?"
"Considering 0.1 M aqueous solutions of each of the following, which solution has the lowest pH?",Na2CO3,Na3PO4,Na2S,NaCl,D,"It was solution that has pH Considering 0.1 M aqueous of each of the following , which the lowest ?"
"A silyl radical bearing an Si-H· fragment has a g value of 2.0033 and a pair of lines separated by 15.5 MHz. Express the splitting in units of mT, Gauss and cm-1.",15.5 MHz = 11.104 mT = 27.201 Gauss = 0.862 x 10^-4 cm-1,15.5 MHz = 7.352 mT = 10.104 Gauss = 18.39 x 10^-4 cm-1,15.5 MHz = 1.55 mT = 0.562 Gauss = 31.0 x 10^-4 cm-1,15.5 MHz = 0.553 mT = 5.530 Gauss = 5.17 x 10^-4 cm-1,B,"It was bearing that has value A silyl radical an Si - H · a g of 2.0033 and a pair of lines separated by 15.5 MHz . Express the splitting in units of mT, Gauss and cm-1."
Elements with partially filled 4f or 5f orbitals include all of the following EXCEPT,Cu,Gd,Eu,Am,A,It was Elements that include all with partially filled 4f or 5f orbitals of the following EXCEPT
Calculate spin density on the central carbon atom of malonic acid radical (•CH(COOH)2) if the hyperfine value for the α-hydrogen atom is 21.9 G.,0.95,0.85,0.15,0.65,C,It was value that Calculate G. spin on the central carbon atom of malonic acid radical ( •CH(COOH)2 ) if the hyperfine for the α - hydrogen atom is 21.9
"In fluorescence spectroscopy, the quantum yield (Φ_f) is best defined as the",rate of fluorescence emission,number of photons emitted,"number of photons emitted, divided by the number of photons absorbed","number of excitation photons impinging on the sample, divided by the number of photons absorbed",C,"In fluorescence spectroscopy, the quantum yield (Φ_f) is best defined as the"
Which one of the following statements is true:,Large and positive g shifts are observed when the LUMO – HOMO gap is small and λ is positive.,Large deviations in g occurs when the energy difference between the SOMO and lowest lying excited state is large.,A large deviation of g from ge is expected when λ is large and the energy difference between the SOMO and the lowest lying excited state is small.,A small deviation of g from ge is expected when λ is small and positive.,C,It was one that is Which of the following statements true :
What is the magnetic moment of 205Tl?,"[ɣ (205TI = 1.569 x 108 T-1 s-1, I = ½]",0.717 x 10^-26 J T-1,0.827 x 10^-26 J T-1,1.433 x 10^-26 J T-1,C,It was moment that is What the magnetic of 205Tl ?
A molecule has a rotational correlation time of 1 ns. At what magnetic field would protons in this molecule have the fastest spin-lattice relaxation? [Use eqns 5.3 and 5.4.],3.74 T,5.19 T,6.08 T,9.49 T,A,It was molecule that has time A a rotational correlation of 1 ns . It was protons that would have relaxation At magnetic in this molecule the fastest spin - lattice ? [Use eqns 5.3 and 5.4.]
"Of the following ionic substances, which has the greatest lattice enthalpy?",MgO,MgS,NaF,NaCl,A,"It was which that Of enthalpy the following ionic substances , has the greatest lattice ?"
Which of the following compounds has a 1H resonance approximately 1.55 kHz away from TMS on a spectrometer with a 12.0 T magnet?,CH3F,CH3Cl,CH3Br,CH3I,B,It was Which that has resonance of the following compounds a 1H approximately 1.55 kHz away from TMS on a spectrometer with a 12.0 T magnet ?
Calculate the equilibrium polarization of 13C nuclei in a 20.0 T magnetic field at 300 K.,10.8 x 10^-5,4.11 x 10^-5,3.43 x 10^-5,1.71 x 10^-5,D,Calculate the equilibrium polarization of 13C nuclei in a 20.0 T magnetic field at 300 K.
"The magnetic moment (μI) of an unknown nuclide is 2.884 x 10^-27 J T-1. Given the nuclear spin is known to be 1, identify the unknown nuclide.",14N,2H,19F,6Li,B,"It was moment that is ^ The magnetic ( μI ) of an unknown nuclide 2.884 x 10 -27 J T-1. Given the nuclear spin is known to be 1, identify the unknown nuclide."
"Which of the following is (are) characteristic of mass spectrometry?
I. Analyte molecules are converted to gaseous ions.
II. The ions are separated according to their mass-to-charge ratio.
III. In addition to compound identification, mass spectra can be utilized to determine precise isotopic masses and isotopic ratios.",II only,I and II only,I and III only,"I, II, and III",D,"It was Which that is II of the following ( ) characteristic of mass spectrometry ? 
 I. Analyte molecules are converted to gaseous ions . 
 . The ions are separated according to their mass-to-charge ratio.
 III. In addition to compound identification, mass spectra can be utilized to determine precise isotopic masses and isotopic ratios."
Which of the following types of spectroscopy is a light-scattering technique?,Nuclear magnetic resonance,Infrared,Raman,Ultraviolet-visible,C,It was Which that is technique of the following types of spectroscopy a light - scattering ?
"When the Heisenberg uncertainty principle is applied to a quantum mechanical particle in the lowest energy level of a one-dimensional box, which of the following is true?","Momentum is known exactly, but no information about position can be known.","Position is known exactly, but no information about momentum can be known.",No information about either position or momentum can be known.,Neither position nor momentum can be known exactly.,D,"It was which that applied When the Heisenberg uncertainty principle is to a quantum mechanical particle in the lowest energy level of a one - dimensional box , of the following is true ?"
"The dissociation energy for a hydrogen-bromine bond is defined as the change in enthalpy, DH, for which of the following reactions?",2 HBr(g) → H2(g) + Br2(l),HBr(g) → H+(g) + Br−(g),H(g) + Br(g) → HBr(g),HBr(g) → H(g) + Br(g),D,"The dissociation energy for a hydrogen-bromine bond is defined as the change in enthalpy, DH, for which of the following reactions?"
23Na has an NMR frequency of 198.52 MHz in a 750 MHz NMR spectrometer. What is its magnetogyric ratio?,101.1 x 10^7 T-1 s-1,26.75 x 10^7 T-1 s-1,7.081 x 10^7 T-1 s-1,0.9377 x 10^7 T-1 s-1,C,It was 23Na that has frequency an NMR of 198.52 MHz in a 750 MHz NMR spectrometer . It was ratio that is What its magnetogyric ?
Exact solutions of the Schrödinger equation CANNOT be obtained for a,simple harmonic oscillator,particle in a one-dimensional box,rigid rotor,helium atom,D,Exact solutions of the Schrödinger equation CANNOT be obtained for a
What is the limiting high-temperature molar heat capacity at constant volume (C_V) of a gas-phase diatomic molecule?,1.5R,2R,2.5R,3.5R,D,It was capacity that is What the limiting high - temperature molar heat at constant volume ( C_V ) of a gas - phase diatomic molecule ?
The +1 oxidation state is more stable than the +3 oxidation state for which group 13 element?,B,Al,In,Tl,D,It was state that is The +1 oxidation more stable than the +3 oxidation state for which group 13 element ?
The fact that the infrared absorption frequency of deuterium chloride (DCl) is shifted from that of hydrogen chloride (HCl) is due to the differences in their,electron distribution,dipole moment,force constant,reduced mass,D,It was fact that is The that the infrared absorption frequency of deuterium chloride ( DCl ) is shifted from that of hydrogen chloride ( HCl ) due to the differences in their
The number of allowed energy levels for the 55Mn nuclide are:,3,5,8,4,A,It was number that are The of allowed energy levels for the 55Mn nuclide :
A substance that is NOT generally considered to be a toxic pollutant in water is,carbonic acid,a halogenated hydrocarbon,lead,mercury,A,It was substance that to is pollutant A that is NOT generally considered be a toxic in water
"All proteins absorb electromagnetic radiation of wavelength around 190 nm, which corresponds to a π → π* excitation in the protein molecule. In which region of the spectrum is this wavelength found?",X-ray,Ultraviolet,Visible,Infrared,B,"It was which that absorb excitation All electromagnetic of wavelength around 190 nm , corresponds to a π → π * in the protein molecule . It was region that is wavelength In which of the spectrum this found ?"
"The rotational correlation time of a spherical object of radius r immersed in a liquid with viscosity η is given by the Stokes equation: τc = 4πηr3/3kBT. A small molecule with relative molecular mass Mr = 100 in water at 298 K has τc = 50 ps. Assuming that Mr is proportional to the molecular volume, estimate τc for a small protein with Mr = 8400.",420 ns,42 ns,4.2 ns,420 ps,C,"The rotational correlation time of a spherical object of radius r immersed in a liquid with viscosity η is given by the Stokes equation: τc It was 4πηr3/3kBT that = . It was molecule that has = A small with relative molecular mass Mr = 100 in water at 298 K τc 50 ps . It was Mr that estimate Assuming that is proportional to the molecular volume , τc for a small protein with Mr = 8400 ."
Chlorofluorocarbons (CFCs) such as F3CCCl3 are implicated in the decomposition of stratospheric ozone. Which of the following methods would be best suited to measurement of trace amounts (sub-ppb) of CFCs in an air sample?,Gas chromatographic separation of the air sample on a capillary column followed by electron capture detection,Gas chromatographic separation of the air sample on a packed column followed by thermal conductivity detection,Gas chromatographic separation of the air sample on a capillary column followed by flame ionization detection,"Conversion of the sample of the chlorinated compounds to chloride ions, followed by titration with Ag+",A,Chlorofluorocarbons (CFCs) such as F3CCCl3 are implicated in the decomposition of stratospheric ozone. Which of the following methods would be best suited to measurement of trace amounts (sub-ppb) of CFCs in an air sample?
The solid-state structures of the principal allotropes of elemental boron are made up of which of the following structural units?,B12 icosahedra,B8 cubes,B6 octahedra,B4 tetrahedra,A,The solid-state structures of the principal allotropes of elemental boron are made up of which of the following structural units?
A buffer is made from equal concentrations of a weak acid and its conjugate base. Doubling the volume of the buffer solution by adding water has what effect on its pH?,It has little effect.,It significantly increases the pH.,It significantly decreases the pH.,It changes the pH asymptotically to the pKa of the acid.,A,A buffer is made from equal concentrations of a weak acid and its conjugate base. Doubling the volume of the buffer solution by adding water has what effect on its pH?
Which of the following is classified as a conjugate acid-base pair?,HCl / NaOH,H3O+ / H2O,O2 / H2O,H+ / Cl−,B,Which of the following is classified as a conjugate acid-base pair?
Which of the following metal ions cannot be used as a paramagnetic quencher?,Ti3+,Cr3+,Fe3+,Zn2+,B,Which of the following metal ions cannot be used as a paramagnetic quencher?
An electron and a proton are placed in a 1.0 T magnetic field at 300 K. What is the ratio of the equilibrium polarizations: |pe / pH| ?,[|ɣe| = 1.761 x 10^11 T^-1 s^-1],820,658,329,B,It was ratio that placed What An electron and a proton are in a 1.0 T magnetic field at 300 K. is the of the equilibrium polarizations : |pe / pH| ?
"The amplitude of a free induction decay drops to 25% of its initial intensity after 1.0 s. Assuming exponential relaxation and Ω = 0, determine the value of T2.",0.721 s,0.750 s,1.386 s,1.661 s,D,"It was drops that determine value The of a free induction decay to 25 % of its initial intensity after 1.0 s. Assuming exponential and Ω = 0 , the of T2 ."
"The molecular geometry of thionyl chloride, SOCl2, is best described as",trigonal planar,T-shaped,tetrahedral,trigonal pyramidal,D,"The molecular geometry of thionyl chloride, SOCl2, is best described as"
"Which of the following procedures tend(s) to minimize the influence of random errors on measured results?
I. Signal averaging
II. Use of internal standards
III. Averaging the results from multiple samples",I only,II only,III only,I and III only,D,"It was Signal that to averaging II of the following procedures tend(s ) minimize the of random errors on measured results ? 
 I. 
 . Use of internal standards
III. Averaging the results from multiple samples"
A PO3- radical produces a pair of lines separated by 280 MHz with giso = 2.005. Calculate the expected resonant field positions of both lines in the X-band EPR spectrum (ν = 9.5 GHz).,Bres for mI = -½ = 325.0 mT; Bres for mI = +½ = 335.0 mT,Bres for mI = -½ = 123.5 mT; Bres for mI = +½ = 124.5 mT.,Bres for mI = -½ = 333.5 mT; Bres for mI = +½ = 343.5 mT.,Bres for mI = -½ = 0.218 mT; Bres for mI = +½ = 0.418 mT.,D,It was radical that produces pair A PO3- a of lines separated by 280 MHz with giso = 2.005 . Calculate the expected resonant field positions of both lines in the X-band EPR spectrum (ν = 9.5 GHz).
"Calculate the relative occupancies of the α and β spin energy levels for a radical species with g = 2.05, at L- and W-band frequencies (take TS = 300 K).",Nα/Nβ = 0.9800 at L-band; Nα/Nβ = 0.9509 at W-band,Nα/Nβ = 0.9950 at L-band; Nα/Nβ = 0.9609 at W-band,Nα/Nβ = 0.9910 at L-band; Nα/Nβ = 0.9709 at W-band,Nα/Nβ = 0.9850 at L-band; Nα/Nβ = 0.9809 at W-band,D,"Calculate the relative occupancies of the α and β spin energy levels for a radical species with g = 2.05, at L- and W-band frequencies (take TS = 300 K)."
Which of the following is a primary standard for use in standardizing bases?,Ammonium hydroxide,Sulfuric acid,Acetic acid,Potassium hydrogen phthalate,D,It was Which that is standard of the following a primary for use in standardizing bases ?
Which of the following is lower for argon than for neon?,Melting point,Boiling point,Polarizability,First ionization energy,D,It was Which that is of the following lower for argon than for neon ?
"The 99Ru chemical shift of [Ru(H2O)6]2+ is 16,050 ppm relative to [Ru(CN)6]2- at 0 ppm. The electronic excitation energies of [Ru(H2O)6]2+, [Ru(CN)6]2- and [Ru(NH3)6]2+ are 18,900, 40,000 and 25,600 cm-1 respectively. Assuming that the chemical shift differences are dominated by paramagnetic currents, determine the chemical shift of [Ru(NH3)6]2+.","7,530 ppm","8,090 ppm","11,070 ppm","14,840 ppm",B,"It was shift that is relative The 99Ru chemical of [ Ru(H2O)6]2 + 16,050 ppm to [ Ru(CN)6]2- at 0 ppm . It was + that are 18,900 The electronic excitation of [ Ru(H2O)6]2 + , [ Ru(CN)6]2- and [ , 40,000 and 25,600 cm-1 respectively . Assuming that the chemical shift differences are dominated by paramagnetic currents, determine the chemical shift of [Ru(NH3)6]2+."
"During a delay, spins with an offset frequency Ω = 250 rad s-1 precess through an angle of 60°. How long is the delay?",4.19 ms,26.3 ms,240 ms,1510 ms,A,"During a delay, spins with an offset frequency Ω = 250 rad s-1 precess through an angle of 60°. It was delay that is How long the ?"
Which of the following is always true of a spontaneous process?,The process is exothermic.,The process does not involve any work.,The entropy of the system increases.,The total entropy of the system plus surroundings increases.,D,It was Which that is of the following always true of a spontaneous process ?
Nitronyl nitroxides are stable radicals in which the unpaired electron is coupled to two equivalent nitrogen nuclei. How many lines will appear in the EPR spectrum of a solution of a rigid nitronyl nitroxide diradical with J >> a?,3 lines,9 lines,5 lines,7 lines,D,It was nitroxides that are radicals Nitronyl stable in which the unpaired electron is coupled to two equivalent nitrogen nuclei . It was lines that will appear How many in the EPR spectrum of a solution of a rigid nitronyl nitroxide diradical with J > > a ?
Redox enzyme catalysis involves the cyclic oxidation and reduction of metal ions that have at least two stable positive oxidation states. Which of the following groups of metals could be found at the active site of redox enzymes?,"Cu, Fe, Co","Zn, Ca, Ga","Sr, Ga, Mg","Na, Ba, Al",A,It was that that involves states Redox enzyme the cyclic and reduction of metal ions have at least two stable positive oxidation . Which of the following groups of metals could be found at the active site of redox enzymes?
"In the vibrational-rotational spectrum of a diatomic molecule, the R-branch of the spectrum is the result of which of the following transitions?",ΔJ = 0; Δu = 0,ΔJ = 1; Δu = 0,ΔJ = 2; Δu = 0,ΔJ = 1; Δu = 1,D,"It was branch that is result In the vibrational - rotational spectrum of a diatomic molecule , the R - of the spectrum the of which of the following transitions ?"
"Of the following atoms, which has the lowest electron affinity?",F,Si,O,Ca,D,"It was which that Of affinity the following atoms , has the lowest electron ?"
"Of the following ions, which has the smallest radius?",K+,Ca2+,Sc3+,Rb+,C,"It was which that Of radius the following ions , has the smallest ?"
What is the NMR frequency of 31P in a 20.0 T magnetic field?,54.91 MHz,239.2 MHz,345.0 MHz,2167 MHz,C,It was frequency that is What the NMR of 31P in a 20.0 T magnetic field ?
Predict the number of lines in the EPR spectrum of a solution of dimethylnitroxide (CH3)2NO• assuming the lines do not overlap.,21,3,7,24,B,It was lines that do Predict number the of lines in the EPR spectrum of a solution of dimethylnitroxide ( CH3)2NO• assuming the not overlap .
"Of the following compounds, which is LEAST likely to behave as a Lewis acid?",BeCl2,MgCl2,ZnCl2,SCl2,D,"It was which that to Of the following compounds , is LEAST likely behave as a Lewis acid ?"
