Question,Option A,Option B,Option C,Option D,Answer,Question_It_cleft
The Barkhausen criterion for an oscillator,Loop gain should be unity,Loop gain should be less than unity,The phase of a feedback signal with respect to input should be 0° or 360°,Both A and C,D,The Barkhausen criterion for an oscillator
Potentiometer method of DC voltage measurement is more accurate than direct measurement using a voltmeter because,It loads the circuit moderately.,It loads the circuit to maximum extent.,It uses centre zero galvanometer instead of voltmeter.,It does not load the circuit at all.,D,It was method that is voltmeter Potentiometer of DC voltage measurement more accurate than direct measurement using a because
Which of these sets of logic gates are designated as universal gates?,"NOR, NAND.","XOR, NOR, NAND.","OR, NOT, AND.","NOR, NAND, XNOR.",A,Which of these sets of logic gates are designated as universal gates?
"A single phase one pulse controlled circuit has a resistance R and counter emf E load 400 sin(314 t) as the source voltage. For a load counter emf of 200 V, the range of firing angle control is",30° to 150°.,30° to 180°.,60° to 120°.,60° to 180°.,A,"It was phase that has load A single one pulse controlled circuit a resistance R and counter emf E 400 sin(314 t ) as the source voltage . It was range that is control For a load counter emf of 200 V , the of firing angle"
A box which tells the effect of inputs on control sub system is known as,Data Box.,Logical box.,Decision box.,State box.,C,It was which that known effect A box tells the of inputs on control sub system is as
Two infinite parallel metal plates are charged with equal surface charge density of the same polarity. The electric field in the gap between the plates is,same as that produced by one plate.,double the field produced by one plate.,dependent on coordinates of field points.,zero.,D,Two infinite parallel metal plates are charged with equal surface charge density of the same polarity. It was field that is The electric in the gap between the plates
The resistance in the circuit of the moving coil of a dynamometer wattmeter should be,Low.,Very low.,High.,Almost zero.,C,It was resistance that should be The in the circuit of the moving coil of a dynamometer wattmeter
The following are the necessary requirements of an oscillator,Amplitude stability,Frequency stability,Power stability,Both A and B,D,It was following that are requirements The the necessary of an oscillator
The normal voltage used in directional heating is,1.5 KV.,15 KV.,33 KV.,66 KV.,A,It was voltage that is The normal used in directional heating
LC oscillators are used for produce a waveform with frequency ranging from,1MHz to 500 MHz,100 KHz to 500 MHz,1 KHz to 1 MHz,1MHz to 100 GHz,A,LC oscillators are used for produce a waveform with frequency ranging from
A working diode must have,High resistance when forward or reverse biased,"Low resistance when forward biased, while high resistance when reverse bias","High resistance when forward biased, while low resistance when reverse bias",Low resistance when forward or reverse biased,B,It was diode that must have A working
What is the name of the fluorescent material that gives red colour fluorescence?,Zinc silicate.,Calcium silicate.,Zinc sulphide.,Magnesium silicate.,D,It was that that is fluorescence the of the fluorescent material gives red colour ?
How many bits are required to store one BCD digit ?,1,2,3,4,D,How many bits are required to store one BCD digit ?
Commutator in DC generator is used for,collecting of current,reduce losses,increase efficiency,convert AC armature current in to DC,D,Commutator in DC generator is used for
1 F is theoretically equal to,1 ohm of resistance,ratio of 1 V to 1 C,ratio of 1 C to 1 V,none of these,C,It was F that is 1 theoretically equal to
How many entries will be in the truth table of a 3 input NAND gate ?,3,6,8,9,C,It was entries that will be How many in the truth table of a 3 input NAND gate ?
In decimal number system what is MSD,First digit from left to right,First digit from right to left,Middle digit,Mean of all digits,A,In decimal number system what is MSD
"In Digital Logic Designs, GAL is abbreviated as",General Advance Logic,General Array Logic,Generic Advance Logic,Generic Array Logic,D,"In Digital Logic Designs, GAL is abbreviated as"
Inintel 8085A microprocessor ALE signal is made high to,Enable the data bus to be used as low order address bus,To latch data D0-D7 from data bus,To disable data bus,To achieve all the functions listed above,A,Inintel 8085A microprocessor ALE signal is made high to
For an SCR gate cathode characteristic is a straight line of 130. For triggered source volume of 15 V and allowable gate power dissipation of 0.5 W compute the gate source resistance?,111.9 ohm,11.19 ohm,108 ohm,115 ohm,A,For an SCR gate cathode characteristic is a straight line of 130. For triggered source volume of 15 V and allowable gate power dissipation of 0.5 W compute the gate source resistance?
The concept of V/f control of inverters driving induction motors resuls in,constant torque operation,speed reversal,reduced magnetic loss,hormonic elimination,A,The concept of V/f control of inverters driving induction motors resuls in
"The energy stored in the magnetic field in a solenoid 30 cm long and 3 cm diameter wound with 1000 turns of wire carrying a current at 10 amp, is",0.015 joule.,0.15 joule.,0.015 joule.,1.15 joule.,B,"It was energy that is current The stored in the magnetic field in a solenoid 30 cm long and 3 cm diameter wound with 1000 turns of wire carrying a at 10 amp ,"
"While operating on variable frequency supplies, the AC motor requires variable voltage in order to",protect the insulation.,avoid effect of saturation.,improve the capabilities of the inverter.,protect thyristor from dV / dt.,B,"It was motor that requires voltage While operating on variable frequency supplies , the AC variable in order to"
Which of the following windings are necessary in case of all dc machines?,closed winding,lap winding,wave winding,open type winding,A,It was Which that are of the following windings necessary in case of all dc machines ?
Relaxation Voltage controlled oscillators are used to generate,Sinusoidal wave,Triangular wave,Sawtooth wave,Both B and C,D,Relaxation Voltage controlled oscillators are used to generate
The supply frequency usually employed for high frequency eddy current heating is,1 KHz.,5 KHz.,10 MHz.,10 KHz to 400 KHz.,D,It was frequency that is The supply usually employed for high frequency eddy current heating
In the toggle mode a JK flip-flop has,"J = 0, K = 0.","J = 1, K = 1.","J = 0, K = 1.","J = 1, K = 0.",B,It was flop that has In the toggle mode a JK flip -
Electric drive is becoming more and more popular because,all of below.,it provide smooth and easy control.,it is cheaper in cost.,it is simple and reliable.,A,It was drive that is becoming Electric more and more popular because
A step up chopper has input voltage 110 V and output voltage 150 V. The value of duty cycle is,0.32.,0.67.,0.45.,0.27.,B,It was step that has voltage A up chopper input voltage 110 V and output 150 V. It was value that is The of duty cycle
A Binary number system has how many digits.,0,1,2,10,C,It was system that has digits A Binary number how many .
"Lowest critical frequency is due to pole and it may be present at the origin or nearer to the origin, then the type of network is",LC.,RL.,RC.,Any of the above.,C,"It was type that may is Lowest critical is due to pole and be present at the origin or nearer to the origin , then the of network"
Advantages of open loop control system is/are,simple and economical.,accurate.,reliable.,all of the above.,A,It was Advantages that is are of open loop control system /
"The voltage induced in an inductor is represented as,",product of its inductance and current through it.,ratio of its inductance to current through it.,ratio of current through it to its inductance.,product of its inductance and rate of change of current through it.,D,"The voltage induced in an inductor is represented as,"
"If a Hexadecimal number needs to convert to binary. For each hexadecimal digit, there will be how many bits",1,2,4,8,C,"It was number that to needs If a Hexadecimal convert to binary . For each hexadecimal digit, there will be how many bits"
Induction heating takes place in,conducting but non-magnetic materials.,conducting materials which may be either magnetic or non-magentic materials.,insulating materials.,conducting and magnetic materials.,B,It was heating that takes place Induction in
In a lap winding dc machine number of conductors are 100 and number of parallel paths are 10. Find the average pitch,10,100,50,1,A,It was number that are 10 In a lap winding machine of conductors and of parallel paths are . Find the average pitch
Magnetic flux has the unit of,Newton,Ampere turn,Weber,Tesla,C,It was flux that has unit Magnetic the of
"In balanced bridge, if the positions of detector and source are interchanged, the bridge will still remain balanced. This can be explained from which theorem",Reciprocity theorem,Thevinin's theorem,Norton's theorem,Compensation theorem,A,"It was bridge that will remain In balanced bridge , if the positions of detector and source are interchanged , the still balanced . This can be explained from which theorem"
A D-flip-flop is said to be transparent when,the output is LOW,the output is HIGH,the output follows clock,the output follow input,D,A D-flip-flop is said to be transparent when
A Lissajous pattern on an oscilloscope has 5 horinzontal tangencies and 2 vertical tangencies. The frequency of horizontal input is 100 Hz. The frequency of the vertical will be,500 Hz.,250 Hz.,400 Hz.,625 Hz.,B,It was pattern that has tangencies A Lissajous on an oscilloscope 5 horinzontal and 2 vertical tangencies . It was frequency that is Hz The of horizontal input 100 . It was frequency that will be The of the vertical
Speed control by variation of field flux results in,constant power drive.,constant torque drive.,variable power drive.,none of the above.,A,It was control that results Speed by variation of field flux in
Which of the following memories uses one transistor and one capacitor as basic memory unit,SRAM,DRAM,Both SRAM and DRAM,None,B,It was Which that uses transistor of the following memories one and one capacitor as basic memory unit
"What will be the number of lamps, each having 300 lumens, required to obtain an average illuminance of 50 lux on a 4m * 3m rectangular room?",2,4,5,6,A,"It was each that to be room the of lamps , having 300 , required obtain an average of 50 lux on a 4 m * rectangular ?"
"The output of the system has an effect upon the input quantity, then the system is a",open loop control system.,closed loop control system.,either A or B.,none of the above.,B,"It was system that is a The of the system has an upon the input quantity , then the"
"A sinusoidal signal is analog signal, because",it can have a number of values between the negative and positive peaks,it is negative for one half cycle,it is positive for one half cycle,it has positive as well as negative values,A,"It was signal that is signal A sinusoidal analog , because"
FM stands for,frequent modulation.,frequency modulation.,frequency moderator.,frequent moderator.,B,It was FM that stands for
Stack is also known as,FIFO memory,Flash memory,LIFO memory,LILO memory,C,Stack is also known as
"In Ward-Leonard system, the lower limit of the speed imposed by",Field resistance.,Armature resistance.,Residual magnetism of the generator.,None of above.,C,"In Ward-Leonard system, the lower limit of the speed imposed by"
Colpitts oscillator is also called as,Tank circuit oscillator,LC oscillator,Resonant circuit oscillator,All of the above,D,Colpitts oscillator is also called as
An SCR has half cycle surge current rating of 3000 A for 50 Hz supply. One cycle surge current will be,1500 A.,6000 A.,2121.32 A.,4242.64 A.,C,It was SCR that has rating An half cycle surge current of 3000 A for 50 Hz supply . It was current that will be One cycle surge
Both the ALU and control section of CPU employ which special purpose storage location?,Buffers,Decoders,Accumulators,Registers,C,Both the ALU and control section of CPU employ which special purpose storage location?
Systematic errors are,environmental errors.,observational errors.,instrument errors.,all of the above.,D,It was errors that are Systematic
Which of the following is/are the disadvantages of an open loop control system?,Inaccurate.,Unreliable.,both A and B.,none of the above.,C,It was Which that are disadvantages of the following is / the of an open loop control system ?
A diode (p-n junction) when reverse biased act as,On Switch,Zener diode,Capacitor,Off Switch,D,A diode (p-n junction) when reverse biased act as
Piezoelectric effect is carried out in,composite filter.,crystal filter.,m derived.,constant k prototype.,B,Piezoelectric effect is carried out in
The resistivity of the conductor depends on,area of the conductor.,length of the conductor.,type of material.,none of these.,C,It was resistivity that depends The of the conductor on
The smallest change in measured variable to which instrument will respond is,resolution.,accuracy.,precision.,sensitivity.,A,It was instrument that will is The smallest in measured variable to which respond
"In electronic communications, ""AM"" stands for",Amp Modification,Amplitude Method,Amplitude Modulation,Ampere Method,C,"It was AM that stands In electronic communications , "" "" for"
Which system is also known as automatic control system?,Open loop control system,Closed loop control system,Either A or B,Nether A nor B,B,Which system is also known as automatic control system?
A combinational PLD with a fixed AND array and a programmable OR array is called a,PLD,PROM,PAL,PLA,B,A combinational PLD with a fixed AND array and a programmable OR array is called a
A null type instrument as compared to a deflected type instrument has,a lower sensitivity.,a faster response.,a higher accuracy.,all of the above.,C,It was instrument that has A null type as compared to a deflected type instrument
"Length of the cable is doubled, its capacitance C will be",one-fourth.,one-half.,doubled.,unchanged.,C,"It was C that will be Length of the cable is doubled , its capacitance"
Electrons in p-type material of a semi-conductor are called as,either minority carriers or majority carriers,minority carriers,majority carriers,valance carriers,B,Electrons in p-type material of a semi-conductor are called as
________ is the most detrimental impurity in the magnetic materials,Carbon.,Sulphur.,Oxygen.,Nitrogen.,A,_______ It was _ that is impurity the most detrimental in the magnetic materials
Voltage controlled oscillators are used commonly in,Pulse Modulators Frequency Modulators Phase Clocked loops,Frequency Modulators,Phase Clocked loops,All the above,D,Voltage controlled oscillators are used commonly in
Low frequency supply is necessary for direct core type induction furnaces because,With normal frequeny supply the electromagnetic forces causes severe stirring action in the molten metal.,Magnetic coupling between the primary and secondary circuit is poor.,Both A and B.,None of the above.,C,It was supply that is Low frequency necessary for direct core type induction furnaces because
"The moving coil-meters, damping is provided by",the aluminium frame of the coil.,the coil spring attached to the moving.,eddy current disk.,damping vane in the airtight chamber.,A,"The moving coil-meters, damping is provided by"
Which of the following is the analogous quantity for mass element in force-voltage analogy?,Resistance.,Inductance.,Capacitance.,All of the above.,B,It was Which that is quantity of the following the analogous for mass element in force - voltage analogy ?
A latch is ________ sensitive,both level and edge,edge,level,None,C,It was latch that is _ A sensitive
What is used to protect the SCR from over current ?,CB and fuse.,Heat sink.,Snubber circuit.,Voltage clamping device.,A,What is used to protect the SCR from over current ?
The errors mainly caused by human mistakes are,gross error.,instrumental error.,observational error.,systematic error.,A,It was errors that are The mainly caused by human mistakes
Electrical analogous quantity for dash-pot in force-current analogy is,resistance.,conductance.,inductance.,capacitance.,B,It was quantity that is Electrical analogous for dash - pot in force - current analogy
Which lamp has the best Colour Rendering Index (CRI)?,LED,Fluorescent,Incandescent,High pressure sodium vapour,C,It was lamp that has Index Which the best Colour Rendering ( CRI ) ?
Power dissipation in ideal inductor is,Maximum,Minimum,Zero,A finite value,C,It was dissipation that is Power in ideal inductor
For intermittent work which of the following furnace is suitable?,Core less furnace.,Indirect arc furnace.,Either of above.,Nither of above.,B,It was which that is For intermittent work of the following furnace suitable ?
In electrical resistance welding material of electrode should have,higher electrical conductivities.,higher thermal conductivities.,sufficient strength to sustain high pressure at elevated temperatures.,all of above.,D,It was material that should have In electrical resistance welding of electrode
Which of the following are the passive elements?,Resistor,Bulb,Both,None of these.,C,It was Which that are elements of the following the passive ?
The main advantage of dielectric heating is that,heating occurs in the material itself.,heating occurs due to high frequency.,it can be used for drying the explosives.,None of the above.,A,It was advantage that is that The main of dielectric heating
Materials used in heat sink should have,high thermal conductivity.,large surface area.,high melting point.,All of these.,D,It was Materials that should have used in heat sink
Conductor is static and the field is varying then emf will be induced. This principle is called,virtually induced emf.,dynamically induced emf.,static induced emf.,none of these,C,It was field that will is static and the varying then emf be induced . This principle is called
"Four identical alternators each are rated for 20 MVA, 11 KV having a subtransient reactance of 16% are working in parallel. The short circuit level at the busbar is",500 MVA,400 MVA,125 MVA,100 MVA,A,"It was KV that are rated reactance Four identical alternators each are for 20 MVA , 11 having a subtransient of 16 % working in parallel . It was level that is The short circuit at the busbar"
"According to the Bohr model, an electron gains or losses energy only by",moving faster or slower in an allowed orbit.,jumping from one allowed orbit to another.,being completely removed from an atom.,jumping from one atom to another atom.,B,"According to the Bohr model, an electron gains or losses energy only by"
A three-state buffer has the following output states,"1, 0, float","High, Low, Float",Both A and B,"Set, Reset, Halt",C,It was buffer that has states A three - state the following output
"By using which of the following elements, mechanical translational systems are obtained?",mass element,spring element,dash-pot,all of the above,D,"By using which of the following elements, mechanical translational systems are obtained?"
"Four capacitors each of 40 µF are connected in parallel, the equivalent capacitance of the system will be",160 µF,10 µF,40 µF,5 µF,A,"It was capacitance that will be Four capacitors each of 40 µF are connected in parallel , the equivalent of the system"
"The resistance of a conductor of diameter d and length l is R Ω. If the diameter of the conductor is halved and its length is doubled, the resistance will be",R Ω,2R Ω,4R Ω,8R Ω,C,"It was resistance that is Ω. The of a conductor of diameter d and length l R It was resistance that will be If the diameter of the conductor is halved and its length is doubled , the"
A single phase full bridge inverter can operated in load commutation mode in case load consist of,RL.,RLC underdamped.,RLC overdamped.,RLC critically damped.,B,It was load that can operated A single full bridge inverter in load commutation mode in case consist of
A microprocessor is ALU,and control unit on a single chip.,and memory on a single chip.,register unit and I/O device on a single chip.,register unit and control unit on a single chip.,D,It was microprocessor that is ALU A
"To obtain a high value of capacitance, the permittivity of dielectric medium should be",low,zero,high,unity,C,"It was permittivity that should be value obtain a high of capacitance , the of dielectric medium"
Deflection method direct measurements are most widely used as these are,least time consuming.,most simple.,most simple and least time consuming.,most accurate.,C,It was method that are measurements direct are most widely used as these
Purely mechanical instrument cannot be used for dynamic measurements because they have,high inertia.,higher response time.,large time constant.,all of the above.,D,It was they that can used Purely mechanical instrument not be for dynamic measurements because have
Advantages of higher transmission voltage is/are,Power transfer capability of the transmission line is increased,Transmission line losses are reduced,Area of cross section and volume of the conductor is reduced,all of the above,D,It was Advantages that is are of higher transmission voltage /
Under over voltage condition impedance offered by the voltage clamping device is,high.,low.,moderate.,infinity.,B,It was impedance that is Under over voltage condition offered by the voltage clamping device
A long wire composed of a smooth round conductor runs above and parallel to the ground (assumed to be a large conducting plane). A high voltage exists between the conductor and the ground. The maximum electric stress occurs at,lower surface of the conductor.,upper surface of the conductor.,the ground surface.,midway between the conductor and ground.,A,It was wire that to runs plane A long composed of a smooth round conductor above and parallel to the ground ( assumed be a large conducting ) . It was voltage that exists A high between the conductor and the ground . It was stress that occurs The maximum electric at
In a dc machine 6 pole wave winding is used. The number of parallel paths are?,6,4,2,1,C,In a dc machine 6 pole wave winding is used. It was number that are The of parallel paths ?
Which of the following is a digital device,Regulator of a fan,Microphone,Resistance of a material,Light switch,D,It was Which that is device of the following a digital
Instantaneous power in inductor is proportional to the,product of the instantaneous current and rate of change of current.,square of instantaneous current.,square of the rate of change of current.,temperature of the inductor.,A,It was power that is Instantaneous in inductor proportional to the
Which of the following is a variable displacement transducer?,tachometer,potentiometer,synchros,none of the above,B,It was Which that is transducer of the following a variable displacement ?
"Five capacitors each of 5 µF are connected in series, the equivalent capacitance of the system will be",5 µF,25 µF,10 µF,1 µF,D,"It was capacitance that will connected Five capacitors each of 5 µF are in series , the equivalent of the system be"
Susceptibility is negative for,non magnetic substances.,diamagnetic substances.,ferromagnetic substances.,none of above.,B,It was Susceptibility that is negative for
One of the following is the primary function of an oscillator,produces sinusoidal oscillations,generates non sinusoidal waveforms,generates sustained oscillations at a constant amplitude and specific frequency,none of the above,C,It was One that is function of the following the primary of an oscillator
The metal surfaces for electrical resistance welding must be,rough.,clean.,moistened,coloured,B,It was surfaces that must be The metal for electrical resistance welding
The latching current of SCR is 20 mA. Its holding current will be,23 mA.,40 mA.,10 mA.,60 mA.,C,It was current that is mA. The latching of SCR 20 It was current that will be Its holding
"In force-current analogy, electrical analogous quantity for displacement (x) is",voltage.,inductance.,capacitance.,flux.,D,"It was quantity that is In force - current analogy , electrical analogous for displacement ( x )"
Feedback circuit in an oscillator can be accomplished by,Resistive coupling between input and output,Capacitive coupling between input and output,Inductive coupling between input and output,Any one or combinations of the above methods,D,Feedback circuit in an oscillator can be accomplished by
"Lowest critical frequency is due to zero and it may be present at the origin or nearer to the origin, then the type of network is",LC circuit.,RC circuit.,RLC circuit.,RL Circuit.,D,"It was type that may is Lowest critical is due to zero and be present at the origin or nearer to the origin , then the of network"
What is the value of dielectric constant of air?,Less than 1,0.,1.,none of these.,C,It was value that is What the of dielectric constant of air ?
Temperature variation is a/an,Digital quantity,Analog quantity,Either Digital or Analog quantity,None,B,It was variation that is an Temperature /
The illumination at a point 5 meters below a lamp in 6 lux. The candle power of the lamp is,30,140.,150.,200.,C,The illumination at a point 5 meters below a lamp in 6 lux. It was power that is The candle of the lamp
For a dc machine shunt resistance and armature resistance values are,high and high,high and low,low and low,low and high,B,It was resistance that are For a dc machine shunt and armature resistance values
The change of cross sectional area of conductor in magnetic field will affect,reluctance of conductor.,resistance of conductor.,(A) and (B) both in the same way.,none of above.,C,It was change that will affect The of cross sectional area of conductor in magnetic field
Which of the following is used in SCR to protect from high dV / dt?,Snubber circuit.,Fuse.,Equalizing circuit.,Circuit breaker.,A,Which of the following is used in SCR to protect from high dV / dt?
"What are the sets of commands in a program which are not translated into machine instructions during assembly process, called?",Mnemonics,Directives,Identifiers,Operands,B,"It was sets that are What the of commands in a program which are not translated into machine instructions during assembly process , called ?"
Speed of data transmission in 4-G network of telecom is,386 kbps - 2 mbps.,2 mbps.,2 mbps – 1 gbps.,100 mbps - 1 gbps.,D,It was Speed that is of data transmission in 4 - G network of telecom
Which of the followings is/are active element?,Voltage source,Current source,Both,None of these.,C,It was Which that are element of the followings is / active ?
Electrical analogous quantity for spring element (K) in force-voltage analogy is,L,R,1/C,C,C,It was quantity that is Electrical analogous for spring element ( K ) in force - voltage analogy
A quartz crystal oscillator consists of,only series resonant frequency.,only parallel resonant frequency.,both series and parallel frequencies.,neither series nor parallel frequency.,C,It was oscillator that consists A quartz crystal of
Which of the following oscillators are used for low frequency (LF) applications,LC oscillators,RC oscillators,Both LC and RC Oscillators,None,B,Which of the following oscillators are used for low frequency (LF) applications
The solid angle subtended by an area of 2400 cm^2 on the surface of a sphere of diameter 1.2 m is,3 / 2.,1 / 3.,2 / 3.,2 / 5.,C,It was angle that is The solid subtended by an area of 2400 cm^2 on the surface of a sphere of diameter 1.2 m
Relative error is same as,ratio of absolute error and true value.,absolute error.,true error.,none of the above.,A,It was error that is Relative same as
If holding current of a thyristor is 2 mA then latching current should be,0.01 A.,0.002 A.,0.009 A.,0.004 A.,D,If holding current of a thyristor is 2 mA then latching current should be
"In an intel 8085A, which is the first machine cycle of an instruction?",An op-code fetch cycle,A memory read cycle,A memory write cycle,An I/O read cycle,A,"It was which that In cycle an intel 8085A , is the first machine of an instruction ?"
Which of the following are the disadvantages of a closed loop control system?,Reduces the overall gain.,Complex and costly.,Oscillatory response.,All of the above.,D,It was Which that are disadvantages of the following the of a closed loop control system ?
"Poles and zeros are arranged alternatively on negative real axis, then type of network is/are",LC network.,RC network.,RL network.,Both 2 and 3.,D,"It was type that arranged Poles and zeros are alternatively on negative real axis , then of network is / are"
The magnetisation and applied field in ferromagnetic materials are related,sinusoidally.,non linearly.,linearly.,parabolically.,B,The magnetisation and applied field in ferromagnetic materials are related
Thin laminations are used in a machine in order to reduce,Eddy current losses,Hysteresis losses,Both A and B,Copper losses,A,Thin laminations are used in a machine in order to reduce
A metal surface with 1 meter radius and surface charge density of 20 coulombs / m2 is enclosed in a 10 m side cube. The total outward electric displacement normal to the surface of the cube is,40π coulombs.,80π coulombs.,10π coulombs.,none of these.,B,A metal surface with 1 meter radius and surface charge density of 20 coulombs / m2 is enclosed in a 10 m side cube. It was displacement that is The total outward electric normal to the surface of the cube
In binary number system the first digit (bit) from right to left is called as,"LSB, Least Significant Bit","MSB, Most Significant Bit",First Bit,Last Bit,A,In binary number system the first digit (bit) from right to left is called as
In two wattmeter method of power measurement if the total power is measured by one wattmeter only then power factor of the system is,0.,0.5.,1.,none of above.,B,It was factor that is In two wattmeter method of power measurement if the total power is measured by one wattmeter only then power of the system
A 0 - 100 V voltmeter has a guaranteed accuracy of 2 % of full scale reading. The voltage measured by the voltmeter is 75 V. The limiting error is in percentage,3.33 %.,2.66 %.,2 %.,1 %.,B,It was voltmeter that has accuracy A 0 - 100 V a guaranteed of 2 % of full scale reading . It was voltage that is V. The measured by the voltmeter 75 It was error that is The limiting in percentage
Which of the following methods is/are used for reactive or voltage compensation,shunt capacitor,series capacitor,generation excitation control,all of the above,D,It was Which that used of the following methods is / are for reactive or voltage compensation
The ROM programmed during manufacturing process itself is called,MROM,PROM,EPROM,EEPROM,A,The ROM programmed during manufacturing process itself is called
In 8085 name/names of the 16 bit registers is/are,stack pointer.,program counter.,both A and B.,none of these.,C,It was names that is are In 8085 name / of the 16 bit registers /
Stability of a transmission line can be increased by,shunt capacitor,series capacitor,shunt reactor,both A and B,D,Stability of a transmission line can be increased by
Snubber circuit is used with SCR,in series.,in parallel.,either series or parallel.,anti parallel.,B,Snubber circuit is used with SCR
The number of rings in the Bohr model of any element is determined by what?,Column number on periodic table.,Atomic mass.,Row number on periodic table.,Atomic number.,C,The number of rings in the Bohr model of any element is determined by what?
Silicon and Germanium are ________ elements.,trivalant,pentavalant,hexavalant,tetravalant,D,It was Silicon that are elements and Germanium _ .
The number of output pins in 8085 microprocessors are,27.,40.,21.,19.,A,It was number that are The of output pins in 8085 microprocessors
If P is the power of a star connected system then what will be power of an equivalent delta connected system?,P,3P,P/3,None of the above,A,It was what that will be power If is the of a star connected system then of an equivalent delta connected system ?
Which oscillators are easy to fabricate in a monolithic IC?,Crystal oscillator.,Hartley oscillator.,Wien bridge oscillator.,Relaxation oscillator.,D,It was oscillators that to are Which easy fabricate in a monolithic IC ?
"If all the elements in a particular network are linear, then the superposition theorem would hold, when the excitation is",DC only,AC only,Either AC or DC,An Impulse,C,"It was excitation that would hold If all the in a particular network are linear , then the superposition , when the is"
The feedback factor of a Wien bridge oscillator using Op-Amp is,1/3,1/4,1/2,1,C,It was factor that is Amp The feedback of a Wien bridge oscillator using Op -
"The length of bus cycle in 8086/8088 is four clock cycles, T1, T2, T3, T4 and an indeterminate number of wait state clock cycles denoted by Tw. The wait states are always inserted between",T1 & T2,T2 & T3,T3 & T4,T4 & T1,C,"It was length that is cycles The of bus cycle in 8086/8088 four clock , T1 , T2 , T3 , T4 and an indeterminate number of wait state clock cycles denoted by Tw . The wait states are always inserted between"
Which of the following is not a sinusoidal oscillator?,LC oscillator,RC phase shift oscillator,Relaxation oscillator,Crystal oscillator,C,It was Which that is oscillator of the following not a sinusoidal ?
A wire carrying current is bent in the form of a circular loop. Then the magnetic field around each portion of the wire will be,parallel to the plane of the wire.,perpendicular to the circumference of the wire.,parallel to half portion and perpendicular for the other half.,none of above.,A,It was wire that is current A carrying bent in the form of a circular loop . It was field that will be Then the magnetic around each portion of the wire
