Question,Option A,Option B,Option C,Option D,Answer,Question_It_cleft
Which statement best explains the purpose of Hart's distinction between 'being obliged' and 'having an obligation'?,It demonstrates the difference between the internal and the external aspect of a rule.,It refutes the natural lawyer' view of the role of morality in law.,It explains the nature of power-conferring rules.,It illuminates the concept of a rule.,D,It was statement that ' explains obligation Which best the of Hart 's distinction between ' being obliged ' and having an ' ?
Maine's famous aphorism that 'the movement of progressive societies has hitherto been a movement from Status to Contract' is often misunderstood. In what way?,It is misinterpreted as a prediction.,His concept of status is misrepresented.,It is taken literally.,His idea is considered inapplicable to Western legal systems.,A,It was hitherto that has is misunderstood Maine 's famous that ' the of progressive societies been a from Status to Contract ' often . In what way?
Which of the following factors contributed significantly to the revival of natural law in the 20th century?,Depression of the 1930,The rise of Fascism,The international recognition of human rights after World War II,The Bolshevik Revolution,C,It was Which that contributed of the following factors significantly to the revival of natural law in the 20th century ?
Which of the following criticisms of Llewellyn's distinction between the grand and formal styles of legal reasoning is the most compelling?,There is no distinction between the two forms of legal reasoning.,"Judges are appointed to interpret the law, not to make it.",It is misleading to pigeon-hole judges in this way.,Judicial reasoning is always formal.,C,It was Which that is compelling of the following criticisms of Llewellyn 's distinction between the grand and formal styles of legal reasoning the most ?
Which proposition below is the most consistent with what Rawls claims the POP would opt for in respect of 'social primary goods'?,The POP will choose wealth over a compassionate society.,The POP will choose equality over power.,The POP will be unselfish.,The POP will choose to protect the disabled.,A,It was POP that would is what Which below the most with claims the opt for in respect of ' social primary goods ' ?
The ________ School believes that promoting market efficiency should be the central goal of legal decision-making.,Law and Economics,Critical Legal Studies,Historical,Natural Law,A,The ________ It was School that should believes goal that promoting market be the central of legal decision - making .
Which statement below is the least likely to follow logically from Austin's argument that a sanction consists of the smallest chance of incurring the smallest evil?,All commands include some sanction.,The concept of a command contains the likelihood that a sanction will follow failure to obey the command.,Without a sanction the mere expression of a wish is not a command.,A command confers power to change one's legal status.,D,It was sanction that to is evil Which below the least likely follow logically from Austin 's argument that a consists of the smallest chance of incurring the smallest ?
How does Weber solve the 'England problem'?,By denying its existence.,By explaining the difference between the common law and civil law.,By distinguishing certain features of the English legal system that facilitated the development of capitalism.,By recognizing the importance of legitimate domination.,C,It was Weber that does solve problem How the ' England ' ?
Cicero's conception of natural law is 'based on the idea that 'true law is right reason in agreement with Nature.' Reason is a key element because:,It is a sin for humans not to apply reason.,The principles of natural law are discoverable by reason.,Natural law does not apply without good reason.,The law of nature is the basis of all positive law.,B,It was law that based reason Cicero 's conception of natural law is ' on the idea that ' true is right in agreement with Nature . ' It was Reason that is element a key because :
"Catharine MacKinnon argues that since men dominate women, the question is ultimately one of power. Which proposition below is the most inconsistent with this argument?",Women can achieve equality through political pressure.,Equality is impossible because men define women as different.,The idea of 'woman' needs to be redefined.,The world is phallocentric and oppressive.,A,"It was question that argues one Catharine that since dominate , the is ultimately of power . It was proposition that is inconsistent Which below the most with this argument ?"
Who was an exponent of “natural law with a variable content”?,John Rawls,Stammler,Jerome Hall,John Finns,B,It was Who that was exponent an of “ natural law with a variable content ” ?
The ________ School of jurisprudence asserts that the law is a means of achieving and advancing certain sociological goals.,Historical,Analytical,Command,Sociological,D,The ________ It was law that asserts goals of jurisprudence that the is a of achieving and advancing certain sociological .
"According to Malinowski, the Trobriand Islanders organized their society around what concept?",Conflict.,Love.,War.,Reciprocity.,D,"It was Islanders that organized society According to Malinowski , the Trobriand their around what concept ?"
In Justice for Hedgehogs Dworkin endorses 'Hume's principle'. What does he understand by this idea?,That there is no distinction between law and morality.,That there is a distinction between right and wrong.,That facts about the world or human nature cannot normally ordain what ought to be,That human rights are fundamentally unsound.,C,In Justice for Hedgehogs Dworkin endorses 'Hume's principle'. It was he that does understand What by this idea ?
Lyotard's dictum 'I define postmodern as incredulity toward meta-narratives' means:,Individual stories are suspect.,The law is static.,Universal values are meaningless.,Literature reproduces repression.,C,It was I that define postmodern Lyotard 's ' as incredulity toward meta - narratives ' means :
Habermas distinguishes between 'law as medium' and 'law as institution'. Which statement below most accurately describes this distinction?,"Law as medium' describes law as a body of formal, general rules that control the state and the economy; 'law as institution' inhabits the 'lifeworld' and expresses its shared values and norms in institutional form.",Law as medium' consists of the manner in which law is presented by the media; 'law as institution' describes the courts.,Law as medium' concerns the manner in which the law expresses its rules in simplified terms; 'law as institution' refers to the formal declaration of laws by legislative bodies.,Law as medium' is defined as the intermediate stage of legal development; 'law as institution' is the advanced stage.,A,Habermas distinguishes between 'law as medium' and 'law as institution'. It was statement that describes distinction Which below most accurately this ?
To claim that one has a prima facie duty to obey the law is to assert that:,"One is under a duty to obey the law without exception, regardless of its content.",There is no duty to obey a law to which one hasn't agreed.,The duty applies only to those who are directly affected by the law in question.,The obligation arises independently of the precise legal provisions involved - unless there are grounds to justify a specific exception.,D,It was one that to is that claim that has a prima facie obey the assert :
Dworkin contends that to every legal question there is only one right answer. Which proposition below is most inconsistent with this claim?,In hard cases judges generally decide cases on the basis of rights.,The rights of the parties feature in the determination of most cases before the courts.,Judges exercise strong discretion.,Judges seek the best 'fit' with constitutional and institutional history.,C,It was Dworkin that contends answer that to every legal question there is only one right . It was proposition that is Which below most inconsistent with this claim ?
"Robert makes the following statement while negotiating the sale of his car, 'This is the sharpest car on the market.' His statement may support a claim for:",misrepresentation,fraud,fraud and misrepresentation,none of the above,D,"It was This that is car makes the following while negotiating the of his car , ' the sharpest on the market . ' It was statement that may support claim His a for :"
According to Austin the science of jurisprudence is concerned with,Morality,Positive law,Divine law,Natural law,B,It was science that concerned According to Austin the of jurisprudence is with
Which of the following statements best captures the nature of Fuller's 'inner morality of law'?,A positivist view of law.,A morality of aspiration.,An Aquinian concept of natural law.,A rejection of the 'harm principle'.,B,It was Which that captures nature of the following statements best the of Fuller 's ' inner morality of law ' ?
Hart argues that secondary rules are 'power-conferring' but this seems unconvincing in the case of the rule of recognition because:,It both confers power and imposes duties on judges to decide cases.,It is not a social rule.,It applies only in the case of unitary constitutions.,It fails to specify the source of authority.,A,It was this that argues conferring that secondary are ' power - ' but seems unconvincing in the case of the rule of recognition because :
Adherence to precedent is called the doctrine of ________.,nolo contendere,stare decisis,substantial performance,commercial impracticability,B,Adherence to precedent is called the doctrine of ________.
Which proposition below may be characterized as the most powerful refutation by Hart of Lord Devlin's argument?,Society has no right to preserve its moral and social cohesion through the criminal law.,Homosexual acts cause public outrage.,The courts are the best place to resolve moral questions such as those concerning homosexuality and prostitution.,The law is anachronistic.,A,Which proposition below may be characterized as the most powerful refutation by Hart of Lord Devlin's argument?
What relationships to the type of law that exists in society does Durkheim identify between (1) mechanical and (2) organic solidarity?,Mechanical solidarity produces conflict in society. Organic solidarity leads to greater social harmony.,Mechanical solidarity leads to repressive law. Organic solidarity leads to restitutive law.,Mechanical solidarity fosters efficiency. Organic solidarity leads to inefficiency.,Mechanical solidarity generates a more democratic legal system; organic solidarity a more authoritarian legal system.,B,It was Durkheim that does identify relationships What to the type of law exists in society between ( 1 ) mechanical and ( 2 ) organic solidarity ?
Which of the following quotations best describes the central thesis of difference feminism?,There are fundamental differences between individual women.',Men and women have different conceptions of the feminist project.',"Women look to context, whereas men appeal to neutral, abstract notions of justice.'",Men are unable to comprehend their differences from women.',C,It was Which that describes thesis of the following quotations best the central of difference feminism ?
Which statement below is the least likely to follow logically from Dworkin's notion of law as integrity?,It is likely to generate more individual rights and greater liberty.,It renders a community more genuine.,It opens the door to authoritarianism.,It improves the moral justification for the exercise of political power.,C,It was statement that to is Which below the least likely follow logically from Dworkin 's notion of law as integrity ?
Which statement best describes one of Dworkin's central arguments in Justice for Hedgehogs?,Morality plays no role in the concept of law.,Moral arguments operate only in hard cases.,The law dictates what moral values should affect our ethical behaviour.,Moral values are both independent and objective.,D,It was statement that describes one Which best of Dworkin 's central arguments in Justice for Hedgehogs ?
Which statement best describes the nature and function of Kelsen's Grundnorm?,The ultimate source of a legal system's morality.,The rule that distinguishes norms from habits of obedience.,The constitution of a state.,A presupposition that facilitates our understanding of the legal system.,D,It was statement that describes nature Which best the and function of Kelsen 's Grundnorm ?
Critical Legal Studies (CLS) is often compared to (or with) American realism. Which of the following statements is inaccurate?,Both are concerned with the 'law in action.',Both are anti-formalist and sceptical,Both adopt a liberal ideology.,Both attempt to demystify the law.,C,Critical Legal Studies (CLS) is often compared to (or with) American realism. It was Which that is of the following statements inaccurate ?
Which of the following best describes Dworkin's distinction between principles and policies?,"Principles are legislative, policies are precedents.","Principles describe rights, policies describe duties.","Principles are democratic, policies are autocratic.","Principles describe rights, policies describe goals.",D,It was Which that describes distinction of the following best Dworkin 's between principles and policies ?
Statutes are often called ________ law.,quasi,qualified,collaborated,codified,D,Statutes are often called ________ law.
Which is the least accurate description of legal positivism?,It regards morals and law as inseparable.,It perceives law as commands.,It regards a legal order as a closed logical system.,It espouses the view that there is no necessary connection between morality and law.,A,It was Which that is description the least accurate of legal positivism ?
Which proposition below is the most powerful refutation of Bentham's felicific calculus?,Happiness is less important than economic prosperity.,It is impossible to calculate all the consequences of one's acts.,Pain and pleasure are inevitable features of life.,Utilitarianism fails to take account of differences in social background.,B,It was proposition that is refutation Which below the most powerful of Bentham 's felicific calculus ?
"Donny threw a knife at Sally, intending to injure her severely. However, Donny missed Sally. Sally saw the knife just as it whizzed by her head, missing it by about one inch. As a result, Sally was very scared. Sally sued Donny for assault and battery. Which of the following is most correct?","Donny will be liable for battery, but not assault.","Donny will be liable for assault, but not battery.",Donny will be liable for assault and for battery.,Donny will not be liable for either assault or battery because this is only a criminal matter.,B,"It was Donny that to threw her a at Sally , intending injure severely . It was Donny that missed Sally However , . It was it that saw it the just as whizzed by her head , missing by about one inch . It was Sally that was As a result , very scared . It was Sally that sued Donny for assault and battery . It was Which that is of the following most correct ?"
Why does a Marxist account of law reject individual rights?,Because they are inconsistent with state control.,Because they are an expression of a capitalist economy and are unnecessary in a socialist society.,Because the concept of rights is philosophically unsound.,"Because Marx, Engels, and Lenin failed to provide a coherent analysis of rights.",B,It was account that does reject rights Why a Marxist of law individual ?
Kelsen’s theory of law is called pure theory because Kelsen :,Purely discussed jurisprudence only,Defined law in according with morality and purity,"Separated law from religion, ethics, sociology and history",Discussed law purely in terms of justice,A,Kelsen’s theory of law is called pure theory because Kelsen :
Which of the following purposes does the 'internal point of view' play in Hart's concept of law?,It distinguishes social rules from mere group habits.,It defines the judicial function.,It illustrates the authority of the legislature.,It stresses the relationship between law and justice.,A,It was point that does play of the following purposes the ' internal of view ' in Hart 's concept of law ?
The body of law which establishes rights between persons and provides for redress for violation of those rights is known as:,Criminal Law,Civil Law.,The Uniform Commercial Code.,Stare decisis.,B,It was which that known rights The body of law establishes between persons and provides for redress for violation of those rights is as :
Why does Parfit oppose equality?,He argues than an unequal society is inevitable.,"He claims that by giving priority to the needs of the poor, we can increase equality.",He asserts that we are each responsible for our poverty.,He rejects the idea of equality altogether.,B,Why does Parfit oppose equality?
"The most fundamental of positivism's key commitments,' writes Ken Himma, 'is the Social Fact Thesis.' What does it claim?",That law is essentially an artefact or social construction.,That legal systems are unrelated to social forces.,That society is constantly in a state of flux.,That legal positivism is a social theory.,A,"It was Himma that is Thesis The most of positivism 's key commitments , ' writes Ken , ' the Social Fact . ' It was it that does claim What ?"
How does Nozick answer the criticism of his historical entitlement theory that if the distribution of goods in society is unjust those at the bottom always lose?,It can be remedied by redistribution of wealth.,"If each person's holdings are just, then the total distribution of holdings is just.",Historical factors are secondary to moral imperatives.,He has no answer.,B,It was those that does answer criticism How the of his historical entitlement theory that if the of goods in society is unjust at the bottom always lose ?
The ________ School of jurisprudence maintains that the law is shaped by logic.,Historical,Analytical,Command,Sociological,B,The ________ It was School that maintains of jurisprudence that the law is shaped by logic .
Dworkin argues that it is only a conception of equality of resources that can secure the ideal of equality of welfare. How does he suggest this aspect of equality to be measured?,When no-one would prefer another's bundle of resources to his or her own.,By reference to the ownership of private property.,By the amount of income tax paid by individuals.,When the community determines that equality has been achieved.,A,It was that that can argues ideal that is only a of equality of resources secure the of equality of welfare . It was he that to suggest aspect How this of equality be measured ?
Which statement best describes the relationship between law and morality among non-positivist legal theorists?,There is no relationship between law and morality.,Law is always in advance of moral ideas.,The law is inextricably bound up with morals.,Morality is generally in advance of the law.,C,It was statement that describes relationship Which best the between law and morality among non - positivist legal theorists ?
Why does communitarianism resemble Aristotle's philosophy more than Kant's?,Because Aristotle justified slavery.,Because Kant failed to distinguish individual from social morality?,Because Aristotle believed that man is a 'social animal',Because Kant regarded the individual as unimportant.,C,It was communitarianism that does resemble philosophy Why Aristotle 's more than Kant 's ?
Which proposition below is the most inconsistent with a consequentialist justification of punishment?,Punishment protects security.,Punishment is a cost-effective method by which to prevent or reduce crime.,Punishment protects personal safety.,Punishment should fit the crime.,D,It was proposition that is inconsistent Which below the most with a consequentialist justification of punishment ?
"The philosophers of the ________ School of jurisprudence believe that the law is a set of rules developed, communicated, and enforced by the ruling party rather than a reflection of the society's morality, history, logic, or sociology.",Command,Law and Economics,Natural Law,Critical Legal Studies,A,"The philosophers of the ________ It was law that believe set of jurisprudence that the is a of rules developed , communicated , and enforced by the ruling party rather than a reflection of the society 's morality , history , logic , or sociology ."
Which statement below best represents Durkheim's view of the function of punishment?,Deterrence.,Rehabilitation.,Vengeance.,Desert.,C,It was statement that represents view Which below best Durkheim 's of the function of punishment ?
What does Dworkin mean by the 'semantic sting'?,The language of the law is generally unclear.,Lawyers' arguments usually concern language.,Judges are prey to linguistic misunderstanding.,The rule of recognition cannot fully account for legal validity.,D,It was Dworkin that does mean What by the ' semantic sting ' ?
"The expression to signify any assumption which conceals of affects to conceal the fact that a rule of law has undergone alteration, its letter being unchanged, its operation being modified is :",Legal fiction,Equity,Custom,Legislation,A,"It was letter that has is alteration The signify any which of affects conceal the that a of law undergone , its being unchanged , its operation being modified :"
Hume's attack on natural law is founded on his argument that:,We cannot objectively know what is morally right or wrong.,Natural law is backward-looking.,There is no such thing as a social contract.,Natural law fails to protect the state against attacks.,A,Hume's attack on natural law is founded on his argument that:
Why does Dworkin support liberal egalitarianism?,Because it attempts to give effect to personal choice over individual luck.,Because liberty is more important than equality.,Because a market economy is just.,Because the state is the best arbiter of equality between individuals.,A,It was Dworkin that does support egalitarianism Why liberal ?
Why do the Scandinavian realists reject a metaphysical approach to law?,Because they regard empiricism as a more reliable method by which to understand the concept of law.,Because they have no interest in the operation of the legal system.,Because their approach is based on Bentham's sceptical account of the common law.,Because they prefer a natural law analysis of legal ideas.,A,It was realists that do reject approach Why the Scandinavian a metaphysical to law ?
Which statement below is the least consistent with the argument that judges in an unjust legal system ought to resign?,Judges are under a duty to act justly.,"Since they also prop up the unjust system, lawyers should also resign.","If a moral judge resigns, he or she may be replaced by a less moral judge.","Judges do not make the law, hence they cannot be held responsible for applying unjust legislation.",D,It was judges that to is consistent Which below the least with the argument that in an unjust legal system ought resign ?
Normative legal theory is most accurately summarized by which of the following statements?,Its principal concern is with moral or political values.,It is represented by the positivist view of law as developed by HLA Hart.,It expresses the idea that law consists only of norms.,It is preoccupied with the analysis of the application of legislation to moral issues.,A,Normative legal theory is most accurately summarized by which of the following statements?
"Hart writes: '[T]he certification of something as legally valid is not conclusive of the question of obedience ... however great the aura of majesty or authority which the official system may have, its demands must in the end be submitted to a moral scrutiny.' What does this say about the nature of legal positivism?",That legal positivism is unconcerned about the morality of the law.,That validly enacted law should always be obeyed.,That moral issues fall outside the official legal system.,That there is no moral duty to obey an unjust law.,D,"It was certification that writes : ' [ T]he of something as legally valid is not conclusive of the question of obedience ... It was system that must submitted which however great the of majesty or authority the official have , its demands in the end be to a moral scrutiny . ' It was this that does say What about the nature of legal positivism ?"
Which of the following propositions would be rejected by those who describe themselves as critical legal theorists?,Law is politics.,Law is determinate.,Law reflects economic power.,Law is unstable.,B,It was who that would rejected themselves Which of the following propositions be by those describe as critical legal theorists ?
Posner denies the autonomy of law on two grounds. Name one of them.,He denies that law develops independently of social and economic forces.,He claims that law is economically immoral.,He rejects a positivist account of law.,He opposes any sociological analysis of the law.,A,It was Posner that denies autonomy the of law on two grounds . Name one of them.
"Bill purchased a can of Sipep from the Ajax Minimart. After he finished drinking the Sipep, Bill noticed that the can contained dead insects stuck on the inside bottom of the can. In a strict product liability tort action against Ajax, Bill must prove, among other things, that:",Ajax is a merchant selling Sipep.,Ajax knew or should have known of the defective condition,Ajax had prior notice of other similar problems with Sipep products.,Ajax actually placed the dead insects into the can.,A,"It was Bill that purchased can a of Sipep from the Ajax Minimart . It was the that can noticed insects After finished drinking the , that contained dead stuck on the inside bottom of the can . It was Bill that must prove that In a strict product liability tort action against Ajax , , among other things , :"
The ________ School of jurisprudence believes that the law is an aggregate of social traditions and customs that have developed over the centuries.,Historical,Analytical,Command,Sociological,A,The ________ It was that that have believes aggregate of jurisprudence that the is an of social traditions and customs developed over the centuries .
"Point out the most accurate response : According to Austin, law has the following attributes :","Command, sovereign and enforceability","Command, sovereign and legal remedy","Command, sovereign and sanction","Command, sovereign and obedience by subject",C,"It was law that has attributes Point out the most accurate : According to Austin , the following :"
Which one of the following schools supports the view that a custom becomes law when it receives the stamp of judicial recognition by courts,Analytical School,Natural Law School,Historical School,Sociological School,A,It was it that supports stamp Which of the following schools the that a becomes when receives the of judicial recognition by courts
The will theory of rights maintains that the enforcement of Y's duty requires the exercise of will by X. It assumes the correlativity of rights and duties. Which of the following succeeds in formulating the interest theory without this correlativity?,Regarding X's interest as directly related to Y's duty.,Accepting that conferring right means that the interest represented by that right ought to be recognized.,Treating an interest as the exercise of choice.,Asserting that X has a right whenever the protection of his interest is recognized as a reason for imposing duties -only when they are actually imposed.,B,It was enforcement that maintains exercise The will of rights that the of Y 's duty requires the of will by X. It was It that assumes correlativity the of rights and duties . It was Which that succeeds theory of the following in formulating the interest without this correlativity ?
Which statement is closest to characterizing the principal difference between the positions adopted by Hobbes and Locke?,They adopt different attitudes towards the role of the courts in maintaining order.,They disagree about the role of law in society.,They have opposing views about the nature of contractual obligations.,They differ in respect of their account of life before the social contract.,D,It was statement that is difference Which closest to characterizing the principal between the positions adopted by Hobbes and Locke ?
Which of the following statements best describes the postmodernist project?,It attempts to demonstrate the relationship between law and literature.,It seeks to defend Enlightenment values.,It is preoccupied with the rise of bureaucratic government.,"It rejects the Kantian concern with individual rights, equality, and justice.",D,It was Which that describes project of the following statements best the postmodernist ?
Which of the following best describes Lon Fuller's objective in his hypothetical case of the Speluncean Explorers?,To demonstrate the differences between the criminal law and the civil law as they relate to cannibalism.,To examine the central questions of legal and political philosophy.,To criticize the role of the judiciary in cases involving a conflict between law and morality.,To consider the extent to which murder requires mens rea.,B,It was Which that describes objective of the following best Lon Fuller 's in his hypothetical case of the Speluncean Explorers ?
Which of the following arguments against the 'fair play' argument in support of a duty to obey the law is the most persuasive?,Fairness is a relative term.,"The legal system is, in fact, unfair.",It sets a bad example.,The law is irrational and ambiguous.,B,It was Which that to is persuasive of the following arguments against the ' fair play ' argument in support of a duty obey the the most ?
"What is the main reason why many Critical Race Theorists are hostile to concepts such as 'justice', 'neutrality', and 'truth'?",Because of their vagueness.,Because they have failed to produce racial justice.,Because they are unrelated to contemporary conditions.,Because these ideas are alien to most people of colour.,B,"It was Theorists that is What the main why many Critical Race are hostile to concepts such as ' justice ' , ' neutrality ' , and ' truth ' ?"
On what grounds does John Finnis reject Hume's conception of practical reason?,That natural law corresponds to positive law.,That Hume is a legal positivist.,That syllogistic logic is false.,That human reason can help us to determine what constitutes a worthwhile life.,D,It was Finnis that does reject conception On what grounds John Hume 's of practical reason ?
The distinction between general and particular jurisprudence was recognized by,Holland,Salmond,Austin,Kelsen,C,The distinction between general and particular jurisprudence was recognized by
Lex iniusta non est lex' has which of the following meanings?,The law is not valid unless it is formally enacted.,Law has lexical priority over morality.,An unjust law is not law.,No-one is above the law.,C,It was lex that has which Lex iniusta non est ' of the following meanings ?
In which of the following the idea of ‘natural law’ first appeared,French Revolution,American War of Independence,Roman Law,Greek Thinking,D,In which of the following the idea of ‘natural law’ first appeared
"Tom and Jerry entered into a contract whereby Tom agreed to sell Jerry $1,000 worth of heroin, an illegal substance. This is an example of a:",quasi contract,void contract,voidable contract,secondary party beneficiary contract,B,"It was Tom that to entered worth and Jerry into a contract whereby agreed sell Jerry $ 1,000 of heroin , an illegal substance . It was This that is example an of a :"
Which statement best describes Tom Regan's 'sentimental anthropomorphicism' in support of animals rights?,Animals have inherent worth which entitles them to the absolute right to live their lives with respect and autonomy.,The social contract includes animals and their welfare.,The suffering of a few animals may in principle be justified by the pleasure of or benefit to the many.,Cruelty to animals is a reflection of the barbarity of a society.,A,It was statement that describes anthropomorphicism Which best Tom Regan 's ' sentimental ' in support of animals rights ?
"Hart dismissed American realism as 'the claim that talk of rules is a myth, cloaking the truth that law consists simply of the decisions of courts and predictions of them.' What is the strongest reason for regarding this remark as unfair?",Because American realism was not concerned with the predictions of what courts will do but more interested in the rights and duties of parties involved in litigation.,Because American realists were preoccupied with the concept of justice and its application in American courts.,Because the American realists exposed the limitations of a doctrinal account of law without a proper empirical investigation of the way it functions thereby paving the way to a sociological approach to law.,Because the principal focus of the American realist 'school' was legal education.,C,"It was law that dismissed that American as ' the claim that of rules is a , cloaking the consists simply of the decisions of courts and predictions of them . ' It was reason that is remark the strongest for regarding this as unfair ?"
The following person is the author of the book ‘The Concept of Law’ :,Hart,Austin,Bentham,None of the above,A,It was person that is author The following the of the book ‘ The Concept of Law ’ :
Which description below most accurately captures the distinction between Gemeinschaft and Gesellschaft?,"Gemeinschaft is democratic Gesellschaft, autocratic.","Gemeinschaft exists in civil society, Gesellschaft in civic society.","Gemeinschaft is a society based on community, Gesellschaft one based on association","Gemeinschaft refers to an open government, Gesellschaft to a lack of transparency.",C,Which description below most accurately captures the distinction between Gemeinschaft and Gesellschaft?
The judicial branch of the United States government has the power to ________ the law.,interpret,make,enforce,override,A,It was branch that has _ The judicial of the United States government the to _ _ the law.
“Natural law is based on the nature of man and on his inward need of living in society.” Who said it?,Hugo Grotius,Hobbes,Locke,Rousseau,B,“Natural law is based on the nature of man and on his inward need of living in society.” It was Who that said it ?
‘Law consists of set of principles or body of rules recognized and applied by the State in the administration of justice’. The statement is made by :,Austin,Salmond,Holland,Gray,B,It was Law that consists ‘ of set of principles or body of rules recognized and applied by the State in the administration of justice ’ . The statement is made by :
Why does the 'capability' approach to justice reject Rawls' theory?,Because it fails to address the actual capabilities people have to benefit from his theory of justice.,Because it ignores the duties of individuals.,Because it applies only to democratic societies.,Because it overlooks the importance of the courts.,A,It was approach that does reject theory Why the ' capability ' to justice Rawls ' ?
Which of the following apparent correlatives contradicts Hohfeld's scheme of 'jural relations'?,Right and duty.,Privilege and no-right.,Power and liability.,Immunity and disability.,C,It was Which that contradicts scheme of the following apparent correlatives Hohfeld 's of ' jural relations ' ?
Why is it important to separate the concept of punishment from its justification?,Because its justification depends on the concept employed.,Because any definition of punishment should be value-neutral.,Because the concept of punishment is controversial.,Because the practice of punishment is separate from its justification.,B,It was it that to is concept Why important separate the of punishment from its justification ?
"According to Hobbes, peace is the first law of nature because of which of the following situations?",Without peace everyone has a right to everything - including another's life.,Peace is possible only after war.,Law cannot achieve peace.,The social contract cannot be entered into unless there is peace.,A,"It was peace that is law According to Hobbes , the first of nature because of which of the following situations ?"
The United States Supreme Court's decision in Roe v Wade is highly controversial because:,It failed to consider the rights of fathers.,It overlooked the common law relating to abortion.,The majority held that the abortion law of Texas was unconstitutional because it violated a woman's right to privacy.,The court failed to consider the medical evidence.,C,It was decision that is The United States Supreme Court 's in Roe v Wade highly controversial because :
The focus of liberal feminists on equality is denounced by radical feminists as mistaken because:,It treats women as objects.,It makes women into men.,It reduces feminism to a political movement.,It overlooks the historical struggle of women for justice.,B,The focus of liberal feminists on equality is denounced by radical feminists as mistaken because:
Who said that “Jurisprudence is the eye of law”,Maine,Savigny,Pound,Laski,D,It was Jurisprudence that said eye that “ is the of law ”
Who amongst the following said that jurisprudence is the philosophy of positive law,Gray,Holland,Hart,Austin,D,It was jurisprudence that said philosophy amongst the following that is the of positive law
Hart’s analysis of law distinguishes between,Cause and effect,Theory and fact,Being obliged and having an obligation,Corporeal and incorporeal rights,C,Hart’s analysis of law distinguishes between
"Who defined jurisprudence as the knowledge of things divine and human, the science of right and wrong",Austin,Ulpian,Holland,Allen,B,"It was Who that defined jurisprudence as the knowledge of things divine and human , the science of right and wrong"
Which of the factors below contributed significantly to the revival of natural law in the 20th century?,The Depression of the 1930s.,The rise of Fascism.,The international recognition of human rights after WWII.,The Bolshevik revolution.,C,It was Which that contributed of the factors below significantly to the revival of natural law in the 20th century ?
The U.S. Congress is empowered by the Commerce Clause and other provisions of the U.S. Constitution to enact ________ to regulate foreign and interstate commerce.,ordinances,federal statutes,executive orders,charters,B,The U.S. Congress is empowered by the Commerce Clause and other provisions of the U.S. Constitution to enact ________ to regulate foreign and interstate commerce.
"Who amongst the following said that “right with me is a child of law…..a natural right is a son that never had a father""",Jeremy Valdon,Jeremy Bentham,Salmond,Paton,B,"It was that that is father amongst the following said that “ with me is a of law … .. a natural a never had a """
"American realists argued that formalism devalued the authority of the judge to make law, because:",Judicial decisions are less important than legislation.,Formalism treats legal reasoning as syllogistic reasoning.,Judges generally base their decisions on formal logic.,The structure of legal reasoning is flawed.,B,"It was formalism that to argued law American that devalued the of the judge make , because :"
Which of the following most accurately describes Hart's response to Fuller's argument concerning the invalidity of Nazi law?,The Nazi law in question was validly enacted.,The court misunderstood the legislation.,Fuller misconstrued the purpose of the law.,The Nazi rule of recognition was unclear.,A,It was Which that describes response of the following most accurately Hart 's to Fuller 's argument concerning the invalidity of Nazi law ?
Which of the following is the strongest argument against ethical relativism's hostility to human rights?,Utilitarianism,Communitarianism.,Cognitivism.,Positivism.,C,It was Which that is argument of the following the strongest against ethical relativism 's hostility to human rights ?
Robert Nozick's proposes the formula r x H as a guide to determine the appropriate punishment. What does it mean?,Effectiveness of rehabilitation of multiplied by hazard to the community.,Extent of responsibility multiplied by actual harm done.,Risk of violence multiplied by degree of humility of offender.,Recidivism multiplied by defendant's history.,B,It was Nozick that to proposes punishment Robert 's the r x H as a guide determine the appropriate . It was it that does mean What ?
Who says that “Social Contract is not a historical fact but a hypothetical construction of reason”,Hobbes,Locke,Thomas Acquinas,Rousseau,D,It was Contract that says fact that “ Social is not a historical but a hypothetical construction of reason ”
The legislative branch of the United States government has the power to ________ the law.,interpret,make,enforce,override,B,It was branch that has _ The legislative of the United States government the to _ _ the law.
"Leopold Pospisil identifies four elements manifested by law: authority, universality, 'obligatio' - and fourthly?",Dispute.,Sanction.,Order.,Hierarchy.,B,"It was Pospisil that identifies elements Leopold four manifested by law : authority , universality , ' obligatio ' - and fourthly ?"
What is Kant's 'categorical imperative?,You must not consciously harm another person.,You must always act in the best interests of the community.,You must treat human beings as means rather than ends.,You must act according as if your values apply to everyone.,D,It was imperative that is What Kant 's ' categorical ?
"Which of the following statements is correct concerning the ""reasonable person"" standard in tort law?",The reasonable person standard varies from person to person.,The reasonable person standard focuses on the defendant's subjective mental state rather than on the defendant's behavior,A person with a physical disability must act as would a reasonable person with the same disability.,A person with a mental disability must act as would a person with the same mental disability.,C,"It was Which that is of the following statements correct concerning the "" reasonable person "" standard in tort law ?"
"What is the purpose of politics, according to Aristotle?",To advance the interests of politicians.,To produce virtuous citizens and encourage righteousness in individuals.,To obtain power.,To secure justice by abolishing slavery.,B,"It was purpose that is What the of politics , according to Aristotle ?"
Which of the following statements most accurately explains Ross' comparison of social life to the game of chess?,Chess is a game of skill; success in life is also a matter of skill.,"Winning a game of chess, like life, frequently depends on luck.","In both games of chess and social life, there is effectively a dispute or contest.",Social life is similar to chess because individual actions are often related to a common idea of rules.,D,It was Which that explains comparison of the following statements most accurately Ross ' of social life to the game of chess ?
Which statement below is the least likely to follow logically from Savigny's notion of a Volksgeist?,A society's law is a reflection of its culture.,Law is like language.,Law is the deliberate expression of a sovereign's will.,Law is an integral element of the social fabric.,C,It was statement that to is Which below the least likely follow logically from Savigny 's notion of a Volksgeist ?
The ________ School proposes that legal rules are unnecessary and are used as an obstacle by the powerful to maintain the status quo.,Law and Economics,Critical Legal Studies,Historical,Natural Law,B,The ________ It was rules that to proposes quo that legal are unnecessary and are used as an obstacle by the powerful maintain the status .
Austin has been described as a 'naive empiricist.' Why?,Because he neglects the importance of morality.,Because his account of law is based on an anachronistic model of a legal system.,Because he conceives of laws in a pragmatic rather than a conceptual manner.,Because he overlooks the role of law in economic relations.,C,Austin has been described as a 'naive empiricist.' Why?
