Question,Option A,Option B,Option C,Option D,Answer,Question_It_cleft
A valid disjunctive syllogism has a major premise that:,includes two or more alternatives,classifies subjects,affirms the antecedent or denies the consequent,leads to a valid conclusion,A,It was syllogism that has that A valid disjunctive a major :
Which of the following best describes the fallacy of style over substance?,Changing the meaning of a word or phrase from one part of the argument to another.,Confusing figurative language with literal language.,"Reasoning that ideas presented in an appealing manner are correct, regardless of the content of the message.","Using emotionally charged language to create an impression about the subject of a claim, without making an argument that the language fits the subject.",C,It was Which that describes fallacy of the following best the of style over substance ?
"Which of the following fallacies is a way of suppressing evidence that eliminates a source of evidence from consideration by claiming the source is flawed, when there is no true relationship between the alleged flaw and the reliability of the source?",significance,snob appeal,poisoning the well,appeal to anonymous authority,C,"It was source that is relationship of the following fallacies a of suppressing eliminates a of evidence from consideration by claiming the is flawed , when there is no true between the alleged flaw and the reliability of the source ?"
The false analogy fallacy is,a specific type of false cause fallacy that argues that since two event happened at the same time one event must have caused the other,arguing that an event that preceded another event necessarily is the cause of the second event,arguing that since something is new it is necessarily good,drawing a conclusion based on a comparison when the items being compared are not similar enough to support the conclusion.,D,It was fallacy that is The false analogy
The _ad nauseam_ fallacy is,arguing that something should be done because that's the way it's been done in the past.,"arguing that an act should be carried out because it will not have any significant consequences, when there is no evidence of the effects",reasoning that a conclusion is true because it's been claimed so often,reasoning that a claim is true because so many people believe it is true,C,It was fallacy that is The _ ad nauseam _
Arguing that what is true of an entire object is also true of each part of that object is the fallacy of,false criteria,hasty generalization,ad crumenam,division,D,It was what that is fallacy Arguing that is true of an entire object is also true of each part of that object the of
Which of the following describes the horse laugh fallacy?,responding to an argument with an expression of derision instead of a counter argument,attempts to gain agreement based solely the feelings aroused by the message,characterizing an opponent's position in such way to make it or its consequences appear to be ridiculous,"arguing actions should be taken to avoid negative results, when those results are exaggerated, unlikely, or irrelevant",A,It was Which that describes fallacy of the following the horse laugh ?
Arguing that a lack of evidence proves something is the fallacy of...,Appeal to ignorance,Double negative,Equivocation,Burden of proof,A,It was something that is fallacy Arguing that a of evidence proves the of ...
The argument against the person consists of,ignoring another person's arguments and attacking her character instead,"asserting an opposing arguer has taken an easily defeated position, which she has not really taken",causing confusion during an argument by a lack of ability to engage in refutation,using threats of harm instead of reasoning to gain agreement,A,It was argument that consists The against the person of
Which of the following fallacies happens when someone concludes that someone must be honest because the people he hangs around with are honest?,Laudatory personality,Guilt by association,Reprehensible personality,Circular reasoning,B,It was he that must happens of the following fallacies when concludes that be honest because the hangs around with are honest ?
Asking a question that includes an unproven assumption may lead to which of the following fallacies?,Appeal to ignorance,Extension,a priori,Complex question,D,It was that that may lead assumption Asking a includes an unproven to which of the following fallacies ?
"Polonius in William Shakespeare's Hamlet: ""Your noble son is mad: Mad call I it, for to define true madness, What is't but to be nothing else but mad?""",Attacking the Person (ad hominem),Equivocation,Begging the Question,Appeal to Pity,C,"It was son that to is nothing Polonius in William Shakespeare 's Hamlet : "" Your noble mad : Mad I it , for define true , What is't but be else but mad ? """
Notice from the Hyatt Regency Hotel in New Orleans: We are pleased to confirm your reservation. It will be held on a space-available basis.,Equivocation,Affirming the Consequent,Gambler's Fallacy,Inconsistency,D,It was We that to are reservation Notice from the Hyatt Regency Hotel in New Orleans : pleased confirm your . It will be held on a space-available basis.
The natural law fallacy is,arguing that something is necessarily bad because it doesn't cost very much,substituting individual stories for a larger sample when supporting a generalization,arguing that what is true in nature must be true about humans,the same thing as the  post hoc  fallacy,C,It was fallacy that is The natural law
"If someone uses an emotionally charged restatement of a claim in place of support for the claim, that person may have committed which of the following fallacies?",Style over substance,Question begging epithets,Hypostatization,Amphiboly,B,"It was person that have committed which If uses an emotionally charged of a claim in place of support for the claim , that of the following fallacies ?"
Arguing that a claim must be true merely because a substantial number of people believe it is called the fallacy of...,Tu quoque,Composition,Appeal to the masses,Appeal to reason,C,It was number that must Arguing that a be true merely because a substantial of people believe it is called the fallacy of ...
_Ad populum_. is another name for which fallacy?,poisoning the well,suppressed evidence,appeal to pride,appeal to the people,D,_ It was Ad that populum _ . is another name for which fallacy?
In a valid disjunctive syllogism the minor premise must,accept one choice,reject all but one choice,either A or B,none of the above,C,In a valid disjunctive syllogism the minor premise must
Which of the following describes the fallacy of appeal to spite?,responding to an argument with an expression of derision instead of a counter argument,arguing against a position based only on negative personal feelings toward the position,arguing someone should do something only because that person dislikes someone else,saying someone shouldn't do something because if he or she does it people won't like him or her,C,It was Which that to describes fallacy of the following the of appeal spite ?
_Ad hominem_ is another name for the fallacy of,appeal to loyalty,reducing to an absurdity,ignorance of refutation,argument against the person,D,_ It was _ that is name Ad hominem another for the fallacy of
The fallacy of appeal to the person is rejecting a claim by...,Using rhetoric,Making false statements,Ignoring the person,Criticizing the person who makes it,D,It was fallacy that is rejecting claim The of appeal to the person a by ...
Another name for hasty conclusion is,hasty generalization,post hoc ergo prompter hoc,jumping to a conclusion,ad novitatem,C,It was name that is Another for hasty conclusion
"John S. Knight, Detroit Free Press (3 July 1970): ...Capitalism is the economic system in which the means of production and distribution are privately owned and operated for profit. The alternative system is called socialism, the theory of the ownership and operation of the means of production by society, with all members sharing in the work and the products.",Begging the Question,False Dilemma,Straw Man,Appeal to Gallery (Provicialism),B,"It was Capitalism that is system John S. , Detroit Free Press ( 3 July 1970 ): ... the economic in which the means of production and distribution are privately owned and operated for profit . It was members that called The alternative system is socialism , the theory of the ownership and operation of the means of production by society , with all sharing in the work and the products ."
The fallacy of composition is,attributing the cause of an event to a simple cause when the cause is more complex,arguing that what is true of part of an object must be true of the entire object,drawing a conclusion without enough evidence to support that conclusion,drawing a conclusion based on sign reasoning when there is not really a direct relationship between the alleged sign and the subject of the conclusion,B,It was fallacy that is The of composition
""" _Ad crumenam_ "" is a specific kind of",False analogy,Hasty Generalization,False sign,Hasty Conclusion,C,"It was crumenam that is kind "" _ Ad _ "" a specific of"
Which of the following fallacies happens when someone draws a conclusion that is simply a restatement of one of the premises?,Laudatory personality,Guilt by association,Accident,Begging the question,D,It was that that happens restatement of the following fallacies when draws a is simply a of one of the premises ?
"I don't know what the answer is to number 8. But Heather hasn't made the third option into the correct answer for a while, and even then only once, so I'm guessing that this is the fallacy of Composition!",Gambler's Fallacy,Equivocation,Fallacy of Composition,Appeal to Pity,A,"It was answer that do know what n't the is to number 8 . It was this that 'm guessing fallacy But n't made the third into the correct answer for a while , and even then only once , so that is the of Composition !"
"When someone argues that making a change will have no significant effect, but there is no evidence that the effect will not be significant, that person has committed which of the following fallacies?",poisoning the well,solid slope,appeal to tradition,argument from authority,B,"It was person that has committed which When argues that making a have no significant , but there is no that the not be significant , that of the following fallacies ?"
Which of the following best describes the fallacy of question begging epithets?,Treating something that exists in the mind as if it was a real object.,"A form of loaded language that uses an emotionally charged restatement of the claim, often in the form of name calling, in place of support for the claim.",Changing the meaning of a word or phrase from one part of the argument to another.,"Reasoning that ideas presented in an appealing manner are correct, regardless of the content of the message.",B,It was Which that describes epithets of the following best the of question begging ?
Which of the following describes he fallacy of appeal to pride?,arguing a claim should be accepted based only on evidence that unidentified authorities accept it.,arguing someone should accept a claim based only on the evidence that he or she has the favorable characteristics to understand the truth of the claim.,"arguing something should be done based only on evidence that it's been done that way in the past, or should be believed only because it's been believed for a long time.","arguing that an act or series of acts should be carried out because they will have no significant consequences, when there is no evidence for the lack of significant effects.",B,It was Which that describes fallacy of the following he of appeal to pride ?
A syllogism that is formally invalid,cannot be materially true,might be materially true,might be materially untrue,both B and C,D,It was that that syllogism A is formally invalid
Another name for the fallacy of false dilemma is,Guilt by association,Circular reasoning,Laudatory personality,False dichotomy,D,It was name that is Another for the fallacy of false dilemma
"When someone responds to your argument with a sarcastic statement such as, ""Yeah, right. Like that's ever going to happen,"" that person may have committed which fallacy?",appeal to indignation,appeal to spite,horse laugh,tu quoque,C,"It was someone that responds When to your argument with a sarcastic statement such as , "" Yeah , right . It was person that have committed fallacy Like ever going happen , "" that which ?"
The _post hoc_ fallacy is,arguing that a single event caused another when the cause is really several events,arguing that since two things happened at the same time one must have caused the other,drawing a conclusion about a causal relationship when there is no evidence of a causal relationship,arguing that since one event preceded another event the first event must have caused the second event,D,It was fallacy that is The _ post hoc _
The fallacy of reprehensible personality is a specific type of,the fallacy of accident,False dilemma,Begging the question,Circular reasoning,A,It was fallacy that is type The of reprehensible personality a specific of
_A priori_ is a fallacy that involves,"asking a question that includes either an unproven assumption or more than one question, thus making a straightforward yes or no answer meaningless.",arguing something is inferior just because it doesn't do something it was never intended to do.,arguing that a claim must be true because there is no evidence that it is false.,"reasoning that determines the conclusion one wants first, then accepts only evidence supporting that conclusion, or interprets all evidence as support for that conclusion.",D,_ It was that that is fallacy A priori a involves
"If you say an opposing arguer has taken a position that you can easily defeat, when he or she has not taken that position, then you go on to defeat that position and claim to have done significant damage to that arguer's overall argument, you are probably guilty of which of the following fallacies?",genetic fallacy,appeal to emotions,straw person,ignorance of refutation,C,"It was you that have are damage If say an opposing taken a easily defeat , when or she not taken that , then go on defeat that and claim done significant to that arguer 's overall argument , probably guilty of which of the following fallacies ?"
"""The minor premise must affirm the antecedent or deny the consequent"" is a way to determine the validity of which type of argument?",Categorical syllogism,Disjunctive syllogism,Hypothetical syllogism,Toulmin model,C,"It was premise that to is validity "" The minor affirm the or deny the "" a determine the of which type of argument ?"
Arguing that someone couldn't have done something good because he is incapable of doing good commits the fallacy of,Begging the question,False dilemma,Accident,False dichotomy,A,It was he that have Arguing fallacy that n't done good because is incapable of doing good the of
The complex proposition fallacy involves,including more than one claim in the proposition and treating proof for one claim as proof for all the claims.,"asking a question that includes either an unproven assumption or more than one question, thus making a straightforward yes or no answer meaningless.",arguing that a claim must be true because there is no evidence that it is false.,arguing something is inferior just because it doesn't do something it was never intended to do.,A,It was fallacy that involves The complex proposition
Anecdotal evidence is a specific kind of,False sign,False criteria,False cause,Hasty Generalization,D,It was evidence that is kind Anecdotal a specific of
Fallacies can be psychologically persuasive even though they are...,Psychologically impotent,Logically flawed,Deductively valid,Inductively valid,B,It was they that can be psychologically persuasive even though are ...
Referring to an act committed by an opponent in negative terms while referring to the same act committed by the arguer or supporters in favorable terms describes which of the following fallacies?,Ambiguity,Special pleading,Reification,Hypostatization,B,Referring to an act committed by an opponent in negative terms while referring to the same act committed by the arguer or supporters in favorable terms describes which of the following fallacies?
Which of the following explanations best fits the fallacy of ignorance of refutation?,"asserting an argumentative opponent has taken an easily defeated position, which the opponent has not really taken, defeating the position, and acting as if you've done significant damage to that person's overall argument.",causing confusion during refutation because of a real or feigned lack of the ability to engage in refutation,characterizing an opposing argument in such a way to make it or its consequences appear to be ridiculous,arguing an action should be taken based only on the need to be loyal to someone or to a group,B,It was Which that fits fallacy of the following explanations best the of ignorance of refutation ?
Another name for the fallacy of reducing to an absurdity is,tu quoque,ad baculum,ad hominem,reductio ad absurdum,D,It was name that is Another for the fallacy of reducing to an absurdity
Another name for the fallacy of complex question is,Fallacy of interrogation,Compound proposition,Appeal to ignorance,Extension,A,It was name that is Another for the fallacy of complex question
The appeal to joy fallacy involves,arguing that someone should do something based only on the assertion that it will make him or her feel happier,causing confusion during refutation because of a lack of ability to engage in refutation,arguing for a conclusion based only on feeling sorry for someone when that feeling is irrelevant to the conclusion,arguing someone should do something only because other people will like him or her for doing it,A,It was appeal that involves The to joy fallacy
Another name for the fallacy of accident is,Sweeping generalization,Black-or-white fallacy,Petitio principii,False dichotomy,A,It was name that is Another for the fallacy of accident
Which of the following describes the fallacy of evading the issue?,arguing that someone should do something only because of ill will towards someone else,characterizing an opponent's position in a way that makes it seem ridiculous,"supporting a claim with evidence or reasoning that is not relevant to the proposition, or responding to another's argument by changing the subject",attempting to gain agreement based only on the feelings aroused in the message,C,It was Which that describes issue of the following the of evading the ?
Including more than one claim in a proposition may lead to which of the following fallacies?,Complex question,Appeal to ignorance,Compound proposition,Extension,C,It was claim that may lead Including more than one in a proposition to which of the following fallacies ?
Which of the following fallacies happens when someone concludes that someone couldn't have done something bad because he or she has good qualities?,Laudatory personality,Guilt by association,Reprehensible personality,Circular reasoning,A,It was he that have happens qualities of the following fallacies when concludes that n't done bad because or she has good ?
Which of the following describes the fallacy of appeal to popularity?,saying someone should do something because he or she dislikes someone else,saying someone should do something to be better liked by others,saying someone should do something because it will make him or her feel good,saying someone should accept an idea because of the source of the idea,B,It was Which that describes fallacy of the following the of appeal to popularity ?
Which fallacy happens because of a failure to recognize the alternatives presented are not mutually exclusive?,Begging the Question,Accident,Circular reasoning,False dilemma,D,It was fallacy that to happens alternatives Which because of a failure recognize the presented are not mutually exclusive ?
"In a conditional syllogism, when the minor premise denies the antecedent",no valid conclusion can be drawn,the conclusion must affirm the consequent,the conclusion must deny the consequent,the conclusion must affirm the antecedent,A,"It was premise that denies antecedent In a conditional syllogism , when the minor the"
"The Dean was showing a visitor around the campus. The visitor asked, ""About how many students do you have here?"" After a moment of reflection the Dean replied, ""Oh, I'd guess about one in a hundred.""",Equivocation,Fallacy of Division,Appeal to Authority,Denying the Antecedent,A,"It was Dean that was showing visitor The a around the campus . It was you that do asked students The , "" About how many have here ? "" It was I that 'd replied one After a moment of reflection the , "" Oh , guess about in a hundred . """
The appeal to anonymous authority fallacy consists of,"reasoning that an act or series of acts should be carried out because they will have no significant consequences, when there is no evidence there will be no consequences.",arguing that a claim should be accepted based on the evidence that a large number of people accept it,arguing that something should be done because it has been done in the past,arguing a claim should be accepted based only on the assertion that unidentified authorities accept it,D,It was appeal that consists The to anonymous authority fallacy of
A hasty generalization is a fallacy of...,Acceptable premises,Unacceptable premises,Deduction,Acceptable but untrue premises,B,It was generalization that is fallacy A hasty a of ...
Which of the following best describes the fallacy of figure of speech?,"Using emotionally charged language to create an impression about the subject of a claim, without making an argument that the language fits the subject.",Treating something that exists in the mind as if it was a real object.,Confusing figurative language with literal language.,A form of loaded language that uses an emotionally charged restatement of the claim in place of support for the claim.,C,It was Which that describes fallacy of the following best the of figure of speech ?
The fallacy of extension consists of,"asking a question that includes either an unproven assumption or more than one question, thus making a straightforward yes or no answer meaningless.",arguing something is flawed because it doesn't do what it was never intended to do.,arguing about something when you don't know what you're talking about,including more than one claim in the proposition and treating proof for one claim as proof for all the claims.,B,It was fallacy that consists The of extension of
Arguing that a claim must be true because there is no evidence that it is false is which of the following fallacies?,a priori,Extension,Appeal to ignorance,plurium interrogationum,C,It was it that must is which Arguing that a be true because there is no that is false of the following fallacies ?
Which of the following describes the fallacy of appeal to common practice?,"eliminating a source of evidence from consideration by claiming the source is flawed, when there is no true relationship between the alleged flaw and the reliability of the source","reasoning that an act or series of acts should be carried out because they will have no significant consequences, when there is no evidence there will be no consequences",drawing a conclusion after purposely leaving out evidence or ignoring known evidence that might contradict a claim,arguing that something is the right thing to do based only on evidence that other people are already doing it.,D,It was Which that describes fallacy of the following the of appeal to common practice ?
Which of the following is another name for evading the issue?,"""you too"" fallacy",irrelevant conclusion,appeal to fear,argument against the person,B,It was Which that is issue of the following another for evading the ?
"I don't understand why everyone thinks they belong in college. After all, everyone knows that when you are intelligent you'll succeed. But so many people that elect to attend college don't have even the most basic intelligence. How do they expect to get anywhere here?",Attacking the Person (ad hominem),Straw Man,Denying the Antecedent,Begging the Question,C,"It was they that do understand n't why thinks belong in college . It was you that 'll knows After all , that when are intelligent succeed . It was that that do have intelligence But so many elect attend n't even the most basic . It was they that to expect How get anywhere here ?"
When someone treats an imaginary concept as if it was something tangible that person might commit the fallacy of,Question begging epithets,Misusing ambiguity,Hypostatization,Amphiboly,C,It was person that might commit fallacy When treats an imaginary as if was tangible that the of
Another name for hasty generalization is,false criteria,secundum quid,anecdotal evidence,ad crumenam,B,It was name that is Another for hasty generalization
An arguer who threatens another to gain agreement commits the fallacy of,appeal to force,tu quoque,ignorance of refutation,straw person,A,It was who that to commits fallacy An threatens gain the of
"Which type of syllogism's major premise takes the form, ""All A's are B""?",categorical,disjunctive,conditional,hypothetical,A,"It was A that are B Which of syllogism 's major premise takes the , "" All 's "" ?"
"Which of the following fallacies happens when someone argues that a choice must be made among a certain set of alternatives, when there are really other alternatives to choose from?",Laudatory personality,Accident,False dilemma,Circular reasoning,C,"It was someone that to happens alternatives of the following fallacies when argues that a choice be made among a certain set of alternatives , when there are really other choose from ?"
"If you think that someone's argument is strong based on their compelling use of language and confident delivery, you've probably committed which fallacy?",Amphiboly,Equivocation,Special pleading,Style over substance,D,"It was you that 've committed fallacy If think that someone 's is strong based on their compelling use of language and confident delivery , probably which ?"
Which of the following describes the fallacy of appeal to indignation?,attacking the character or background of someone making an argument instead of his or her evidence and reasoning,responding to charges of wrongdoing by saying other people do the same thing,arguing against a position only based on personal feelings toward the position,responding to an argument with an expression of derision instead of a counter argument,C,It was Which that describes fallacy of the following the of appeal to indignation ?
Evading burden of proof is another name for the fallacy of,Extension,Appeal to ignorance,Complex question,Complex proposition,B,Evading burden of proof is another name for the fallacy of
"In a hypothetical syllogism, when the minor premise affirms the antecedent",no valid conclusion can be drawn,the conclusion must affirm the consequent,the conclusion must deny the consequent,the conclusion must deny the antecedent,B,"It was premise that affirms antecedent In a hypothetical syllogism , when the minor the"
"Moses Maimonides, ""The Guide of the Perplexed"": God, may He be exalted ... existed alone, and nothing else. ...Afterwards, through His will and His volition, He brought into existence out of nothing all the beings as they are, time itself being one of the created things. For time is consequent upon motion, and motion is an accident of what is moved. Furthermore, what is moved...is itself created in time ....",Equivocation,Appeal to Authority,Inconsisteny,Slippery Slope,C,"It was Moses that may Maimonides , "" The Guide of the Perplexed "" : God , He be exalted ... existed alone , and nothing else . ... It was itself that brought one Afterwards , through His will and His volition , into existence out of nothing all the beings as are , time being of the created things . It was motion that is accident For time consequent upon motion , and is an of what is moved . It was itself that created Furthermore , what is moved ... is in time ...."
"John Stuart Mill: Each person's happiness is a good to that person, and the general happiness, therefore, a good to the aggregate of all persons.",Fallacy of Composition,Fallacy of Division,Gambler's Fallacy,Equivocation,A,"It was happiness that is good John Stuart Mill : Each person 's a to that person , and the general happiness , therefore , a good to the aggregate of all persons ."
_Circulus in probando_ is another name for,The fallacy of accident,False dilemma,Begging the question,Guilt by association,C,It was Circulus that is name _ in probando _ another for
Arguing that an idea should be accepted or rejected only because of the source of the idea commits which of the following fallacies?,genetic fallacy,appeal to popularity,scare tactics,appeal to emotions,A,Arguing that an idea should be accepted or rejected only because of the source of the idea commits which of the following fallacies?
"At the end of the course, Professor Jones told us that we were the best class he had ever had. That's why I'm sure that the 0.0 the appeared on my grade report is a mistake. Surely, if we were as good a class as Professor Jones said we were, none of us deserved to fail.",Fallacy of Composition,Fallacy of Division,Questionable Cause,Appeal to Gallery (Provicialism),B,"It was he that had told class At the end of the course , Professor that were the best ever had . It was 0.0 that 's mistake why 'm sure that the the appeared on my grade report is a . It was none that to deserved class Surely , if were as good a as Professor said were , of us fail ."
Which of the following best describes the fallacy of equivocation?,A form of loaded language that uses an emotionally charged restatement of the claim in place of support for the claim.,Changing the meaning of a word or phrase from one part of the argument to another.,Confusing figurative language with literal language.,Referring to an act committed by an opponent in negative terms while referring to the same act committed by the arguer or supporters in favorable terms.,B,It was Which that describes fallacy of the following best the of equivocation ?
The fallacy of appeal to emotions consists of,trying to make an opponent's argument seem ridiculous,defending wrongdoing by claiming the opposing arguer does the same thing,arguing that an argument should be rejected because the source of the argument,trying to get someone else to agree to a claim only by arousing that person's feelings about the subject,D,It was fallacy that consists The of appeal to emotions of
"""To be valid, the minor premise must either agree with the antecedent, or disagree with the consequent"" is a requirement for",a disjunctive syllogism,a categorical syllogism,a conditional syllogism,disjunctive enthymeme,C,"It was premise that must is requirement "" be valid , the minor either agree with the antecedent , or disagree with the consequent "" a for"
Which of the following fallacies happens when someone concludes that someone couldn't have done something good because he or she has negative qualities?,Laudatory personality,Guilt by association,Reprehensible personality,Circular reasoning,C,It was he that have happens qualities of the following fallacies when concludes that n't done good because or she has negative ?
Another name for the bandwagon appeal is,appeal to beliefs,appeal to authority,appeal to the people,common man appeal,C,It was name that is Another for the bandwagon appeal
A valid disjunctive syllogism has which of the following characteristics?,The minor premise must either affirm the antecedent or deny the consequent,The minor premise must either accept an alternative or reject an alternative,One of the premises is missing,It reaches a truthful conclusion,B,It was syllogism that has which A valid disjunctive of the following characteristics ?
Appeal to beliefs is another name for which of the following fallacies?,ad nauseam,appeal to tradition,solid slope,self evident truths,D,It was Appeal that is name to beliefs another for which of the following fallacies ?
When a claim is supported only by asserting that unidentified experts accept the claim the arguer has committed which of the following fallacies?,appeal to tradition,ad vericundiam,appeal to anonymous authority,snob appeal,C,It was arguer that has supported which When a claim is only by asserting that unidentified accept the the committed of the following fallacies ?
The black-or-white fallacy is another name for,The fallacy of accident,False dilemma,Begging the question,Circular reasoning,B,It was fallacy that is name The black - or - white another for
The false sign fallacy is,arguing that what is true of part of an object is necessarily true of the entire object,arguing that two things are similar enough that what is true of one is true of the other,arguing that since something is inexpensive it is necessarily of low quality,reasoning by sign when there is really not a direct relationship between the alleged sign and the subject of the argument,D,It was fallacy that is The false sign
""" _Ad novitatem_ "" is",arguing that what is true of a few members of a class is true of all members of the class,drawing a conclusion by applying irrelevant criteria to a subject,substituting individual stories for a larger sample as support for a claim,"arguing that something must be good because it is new, or must be bad because it is old",D,"It was novitatem that is "" _ Ad _ """
"When someone tries to support a proposition with information that really has nothing to do with the claim being made, that person has probably committed which of the following fallacies?",straw person,genetic fallacy,irrelevant conclusion,ignoratio elenchi,C,"It was person that has committed which When tries support a with information really has do with the claim being made , that probably of the following fallacies ?"
Applying irrelevant standards to the subject of the argument is the fallacy of,ad crumenam,ad antiquitatem,false criteria,hasty generalization,C,Applying irrelevant standards to the subject of the argument is the fallacy of
"If you argued something is flawed because it fails to do something, when it was never intended to do that, you may have committed which of the following fallacies?",ad ignorantium,Many questions,Extension,Compound proposition,C,"It was you that have committed which If argued is flawed because fails do , when it was never intended do , of the following fallacies ?"
""" _Ad antiquitatem_ "" is",a specific type of false cause fallacy that argues that since two event happened at the same time one event must have caused the other,"a specific type of false sign fallacy that reasons something is necessarily better because it is old, or is worse because it is new","a specific type of false sign fallacy that reasons something is necessarily better because it is new, or is worse because it is old",arguing that what is true of an individual part of an object must be true of the entire object,B,""" _ It was antiquitatem that is Ad _ """
""" _Ad crumenam_ "" is",basing a conclusion on an analogy when the items being compared are not similar enough to sustain the analogy,"a specific type of false sign fallacy that reasons someone is necessarily better because he or she is wealthy, or is worse because he or she is poor",drawing a firm conclusion without enough evidence to support that conclusion,a specific type of false cause that involves mistakenly attributing the cause of an event to a simple cause when the cause is more complex,B,"It was crumenam that is "" _ Ad _ """
The fallacy of laudatory personality is a specific type of,The fallacy of accident,False dilemma,Begging the question,Circular reasoning,A,It was fallacy that is type The of laudatory personality a specific of
Appeal to ignorance is a fallacy that involves,"determining the conclusion one wants first, then accepting only evidence supporting that conclusion, or interpreting all evidence as support for that conclusion.",arguing something is inferior just because it doesn't do something it was never intended to do.,arguing that a claim must be true because there is no evidence that it is false.,arguing about something when you are ignorant about the subject,C,It was that that is fallacy Appeal to ignorance a involves
Which of the following statements is **not** true?,A formally valid syllogism may be materially untrue,A formally valid syllogism must be materially true,A materially true conclusion may arise from a formally valid syllogism,The formal validity of a syllogism does not guarantee it is materially true,B,It was Which that is * of the following statements * not * * true ?
"""The minor premise must affirm the antecedent or deny the consequent"" is a validity requirement of which type of argument?",Toulmin,Categorical,Disjunctive,Conditional (or hypothetical),D,"It was premise that must is requirement "" The minor affirm the or deny the "" a validity of which type of argument ?"
Which of the following describes the fallacy of appeal to loyalty?,arguing that someone should do something because it will make him or her better liked by others,responding to an argument with an expression of derision,arguing that an idea should be accepted only because of who originated the idea,arguing that someone should do something to be loyal to a person or a group,D,It was Which that describes fallacy of the following the of appeal to loyalty ?
Arguing in favor of a claim based only on the evidence that some regular people believe the claim is one way to commit which of the following fallacies?,poisoning the well,common person appeal,ad numerum,suppressed evidence,B,It was claim that to Arguing which in favor of a claim based only on the evidence that some regular believe the is one commit of the following fallacies ?
The appeal to fear involves,arguing something should be done only because it will make the person doing it feel good,arguing someone should do something only because of ill will towards someone else,"arguing actions should be taken to avoid exaggerated, unlikely, or irrelevant negative results",characterizing an opponents position in a way that makes it seem silly,C,It was appeal that to involves The fear
"It's silly to pass laws against discrimination, since it is obvious that we can't live without it. We discriminate between pleasant and unpleasant tastes in selecting our food, between pleasant and unpleasant sounds in selecting our music, between harmonious and unharmonious colors in decorating our homes, between interesting and uninteresting people in choosing our friends, and so on. We can't live without discriminating.",Prejudicial Language,Equivocation,Inconsistency,Straw Man,B,"It was we that ca 's laws silly pass against discrimination , since is obvious that n't live without it . It was We that discriminate friends between pleasant and unpleasant tastes in selecting our , between pleasant and unpleasant sounds in selecting our , between harmonious and unharmonious colors in decorating our , between interesting and uninteresting people in choosing our , and so on . It was We that ca live n't without discriminating ."
The fallacy of guilt by association is a specific type of,Fallacy of accident,Laudatory personality,Begging the question,Circular reasoning,A,It was fallacy that is type The of guilt by association a specific of
Appeal to compassion is,an appeal to emotion that argues against a position based only on negative personal feelings toward the position,an appeal to emotion that argues a conclusion should be made based only on feeling sorry for someone,an appeal to emotion that argues an action should be taken based only on the need to be loyal to someone,arguing that an idea should be accepted based only on who originated the idea,B,It was Appeal that is to compassion
"When someone uses highly emotionally charged terms during an argument, without giving any reasons why those terms fit the subject, that person may have committed which of the following fallacies?",Special pleading,Amphiboly,Equivocation,Loaded language,D,"It was person that have committed which When uses highly emotionally charged during an argument , without giving any why those fit the , that of the following fallacies ?"
Arguing that someone couldn't have done something good because she holds a particular position commits the fallacy of,Guilt by association,False dilemma,Reprehensible personality,False dichotomy,C,It was position that have Arguing fallacy that n't done good because holds a particular commits the of
""" _Ad antiquitatem_ "" is a specific kind of",False cause,False sign,False analogy,Hasty Generalization,B,""" _ It was antiquitatem that is kind Ad _ "" a specific of"
The hasty conclusion fallacy is,arguing that a single event caused another when the cause is really several events,making an argument without enough evidence to support the conclusion,substituting individual stories for a larger sample in support of a claim,reasoning that applies irrelevant criteria to the subject of the argument.,B,It was fallacy that is The hasty conclusion
""" _Ad lazarum_ "" is","a specific type of false sign that argues there is necessarily an inverse relationship between cost and quality, so something is necessarily a better value because it costs less",arguing that what is true of an entire object must also be true of every individual part of that object,a specific type of false analogy that reasons what is true about nature must be true about humans,drawing a conclusion without enough evidence to support that conclusion,A,""" _ It was lazarum that is Ad _ """
"All things that are spoiled are inedible. Timothy is spoiled. So, Timothy is inedible.",Equivocation,Attacking the Person (ad hominem),Fallacy of Division,Questionable Cause,A,"It was things that are All that are spoiled inedible . Timothy is spoiled. It was Timothy that is So , inedible ."
"Which of the statements below is correct about the following argument?

""If the sky is blue there won't be rain. The sky is blue today. Therefore, there won't be rain.""",It is a formally valid categorical syllogism,It is a formally invalid disjunctive syllogism,It is a formally valid conditional syllogism,It is a formally invalid conditional syllogism,C,"It was Which that is of the statements below correct about the following argument ? It was sky that wo be rain "" If the is blue there n't . It was sky that is The blue today . Therefore, there won't be rain."""
Which of the following best describes the snob appeal fallacy?,reasoning that a claim is true based only on the evidence that it has been made so often.,arguing someone should accept a claim based only on the evidence that he or she has the favorable characteristics to understand the truth of the claim.,arguing a claim should be accepted based only on evidence that unidentified authorities accept it.,"arguing that someone should accept an idea or product based only on evidence that prestigious people accept it, or that non-prestigious people reject it.",D,It was Which that describes fallacy of the following best the snob appeal ?
"""Each term must be used twice, no more and no less,"" is a test of validity for which type of syllogism?",Enthymeme,Categorical,Disjunctive,Conditional,B,"""Each term must be used twice, no more and no less,"" is a test of validity for which type of syllogism?"
"The universe, like a watch, must have a maker.",Fallacy of Accident,Questionable Analogy,Questionable Cause,Fallacy of Composition,B,"It was universe that must have maker The , like a watch , a ."
The natural law fallacy is a specific type of,false analogy,false cause,false criteria,false sign,A,It was fallacy that is type The natural law a specific of
"Given the following major premise, which of the following minor premises could lead to a valid conclusion?

""Either I'm going to do well on this test or I'm going to be mad.""","""I won't do well on the test""","""I won't take the test""","""My birthday is today""",both A and B,A,"It was I that to going Given the following major premise , of the following minor premises lead to a valid conclusion ? 

 "" Either do well on this test or going be mad . """
Men are better drivers than women are. The proof of this is that men are more capable than women of managing cars on the road.,Begging the question,Ad hominem (Attacking the Person),False Dilemma,Appeal to Pity,A,It was women that are drivers better than are . It was men that is cars The of this that are more capable than women of managing on the road .
"In a faulty analogy, the things being compared are...",Sufficiently similar,Sufficiently similar in irrelevant ways,Complete opposites,Not sufficiently similar in relevant ways,D,"It was things that are In a faulty analogy , the being compared ..."
Which of the following describes the _tu quoque_ fallacy?,summarizing an opponent's position in a way that makes it seem silly,attempting to gain agreement based only on the feelings aroused in the argument,responding to charges of wrongdoing by saying the accuser does the same thing,arguing against a position based only on negative personal feelings toward the position,C,It was Which that describes fallacy of the following the _ tu quoque _ ?
Responding to charges of wrongdoing by saying the accuser or others do the same thing describes which of the following fallacies?,ignoratio elenchi,ad baculum,ad misericordiam,tu quoque,D,It was thing that do Responding which to charges of wrongdoing by saying the or others the same describes of the following fallacies ?
"The fallacy that involves reasoning that determines the conclusion one wants first, then accepts only evidence supporting that conclusion, or interprets all evidence as support for that conclusion is known as",ad ignorantium,a priori,plurium interrogationum,Extension,B,"It was one that accepts conclusion The involves determines the wants first , then only supporting that , or interprets all evidence as support for that conclusion is known as"
The genetic fallacy consists of,arguing that a conclusion should be made based on feeling sorry for someone when that feeling is irrelevant to the conclusion,responding to charges of wrongdoing by saying the accuser does something just as bad,arguing that an idea should be accepted or rejected based only on who originated the idea.,causing confusion during refutation because of a real or feigned lack of ability to engage in refutation,C,It was fallacy that consists The genetic of
Another name for the fallacy of begging the question is,Dito simpliciter,Bifurcation,Reprehensible personality,Circular reasoning,D,It was name that is question Another for the fallacy of begging the
The fallacy of _ignoratio elenchi_ is also known as,argument against the person,appeal to compassion,ignorance of refutation,"the ""you too"" fallacy",C,The fallacy of _ignoratio elenchi_ is also known as
"William Safire in American Heritage Magazine (December 1987): ...The greatness of Lincoln was his purposefulness. He saw something that few others saw: that the democratic experiment centered on the Union and that majority rule was everything. The minute you allowed secession, you made democracy an absurdity---because what would happen would be continued subdivision.",Slippery Slope,Questionable Analogy,Appeal to Authority,Straw Man,A,"William Safire in American Heritage Magazine (December 1987): ... It was greatness that was purposefulness The of Lincoln his . It was experiment that saw everything few saw : that the democratic centered on the Union and that majority rule was . It was what that would made subdivision The minute allowed , an absurdity --- because happen be continued ."
"So, how long have you been beating your wife?",Attacking the Person (ad hominem),False Dilemma,Prejudicial Language,Appeal to Force,C,"It was you that been beating wife So , how long your ?"
"""Misuse of statistics,"" ""questionable statistics,"" and ""questionable use of statistics"" are all other names for the fallacy of",appeal to a pride,significance,poisoning the well,slippery slope,B,"It was statistics that are names "" Misuse of statistics , "" "" questionable , "" and "" questionable use of statistics "" all other for the fallacy of"
"E.F. Schumacher, famous economist, in an article in the Atlantic (April 1979): Fifteen months [after I had advised that rural India should have a technology intermediate between the hoe and the tractor,] an all-India conference on intermediate technology was arranged. (They still didn't like the term [intermediate], so they called it appropriate technology. That's all right: when I come to India and somebody says, ""Oh, Mr. Schumacher, I don't believe in appropriate technology"", I just look him straight in the face and say, ""Oh, that's splendid. Do you believe in inappropriate technology?"")",Equivocation,Inconsistency,Appeal to Authority,Prejudicial Language,A,"It was India that should arranged technology E.F. Schumacher , famous economist , in an article in the Atlantic ( April 1979 ): Fifteen months [ after advised that rural have a intermediate between the hoe and the tractor , ] an all - India conference on intermediate technology was . It was they that did called it ( still n't like the [ intermediate ] , so appropriate technology . It was that that do 's him all right : when come to India and says , "" Oh , Mr. Schumacher , n't believe in appropriate technology "" , just look straight in the face and say , "" Oh , 's splendid . It was you that Do believe in inappropriate technology ? "" )"
"We must assume that he is a Communist, because he says that he is not, and we know that Communists are taught always to deny party membership.",Argument from Ignorance,Affirming the Consequent,Denying the Antecedent,Begging the Question,B,"It was we that to assume membership that is a , because says that is not , and know that Communists are taught always deny party ."
"If someone argues that something should be done in a certain way because that's the way it's always been done, that person has committed which of the following fallacies?",slippery slope,appeal to tradition,argument from authority,ad nauseam,B,"It was person that has committed which If argues that something be done in a certain way because 's the it 's always been done , that of the following fallacies ?"
False analogy is another name for which fallacy?,Over generalization,Composition,Concomitant variation,Imperfect analogy,D,It was analogy that is name False another for which fallacy ?
"Which of the following fallacies happen if someone argues that you are a reasonable and intelligent person, so of course you understand his claim is true?",significance,argument from authority,appeal to pride,slippery slope,C,"It was claim that understand person of the following fallacies happen if argues that are a reasonable and intelligent , so of course his is true ?"
"Which fallacy happens when someone argues in favor of a two part proposition, only supports one part of the proposition, then asserts that the entire proposition has been supported.",a priori,Complex proposition,Extension,Appeal to ignorance,B,"It was someone that has supports part Which happens when argues in favor of a two part proposition , only one of the proposition , then asserts that the entire proposition been supported ."
Which of the following is a test of the validity of a conditional syllogism?,Every term must be used twice--no more and no less,"If one premise is negative, the conclusion must be negative",The minor premise must affirm the antecedent or deny the consequent,The alternatives presented must be mutually exclusive,C,It was Which that is test of the following a of the validity of a conditional syllogism ?
Which of the following fallacies happens when someone attributes the cause of an event to a simple cause when the cause is actually more complicated?,complex cause,hasty generalization,post hoc,division,A,It was cause that happens cause of the following fallacies when attributes the of an event to a simple cause when the is actually more complicated ?
Which of the following is another name for the fallacy of amphiboly?,Misusing ambiguity,Reification,Figure of speech,Special pleading,A,It was Which that is name of the following another for the fallacy of amphiboly ?
"Tan ah Tiat, forty-nine years old, a native of Kuala Lumpar, Malaysia, was charged with possession of opium. Arguing for acquittal, he told the judge that his opium habit did no harm, as he was too old to work anyway. Asked how he lived, he replied that he lived on the earnings of his grandmother.",Straw Man,False Dilemma,Inconsistency,Appeal to Authority,C,"Tan ah Tiat, forty-nine years old, a native of Kuala Lumpar, Malaysia, was charged with possession of opium. It was he that to told harm Arguing for acquittal , the that his opium did no , as was too old work anyway . It was he that replied Asked how lived , that lived on the earnings of his grandmother ."
Which of the following best describes the fallacy of self-evident truths?,arguing that a claim is true based only on evidence that an authority figure accepts the claim.,arguing a claim should be accepted based only on evidence that unidentified authorities accept it.,"arguing that a claim should be accepted based on evidence that is not presented, but is asserted to be well known or obvious.",arguing someone should accept a claim based only on the evidence that he or she has the favorable characteristics to understand the truth of the claim.,C,It was Which that describes fallacy of the following best the of self - evident truths ?
""" _Ad lazarum_ "" is a specific kind of",Anecdotal evidence,Complex cause,False criteria,False sign,D,""" _ It was lazarum that is kind Ad _ "" a specific of"
"We're perfectly entitled to believe there is a God. After all, every effort by atheists to prove otherwise has failed.",Appeal to Authority,Denying the Antecedent,Attacking the Person (ad hominem),Argument from Ignorance,D,"We're perfectly entitled to believe there is a God. It was effort that has failed After all , every by atheists prove otherwise ."
"When someone makes an argument, and the only evidence he or she uses to support the claim is the testimony that an authority figure believes the claim, the arguer has committed which fallacy?",Questionable use of statistics,Apple polishing,Self evident truths,Argument from authority,D,"It was arguer that has committed fallacy When makes an , and the only or she uses support the is the that an authority believes the , the which ?"
When someone changes the meaning of a word or phrase from one part of the argument to another that person may have committed which of the following fallacies?,Special pleading,Hypostatization,Question begging epithets,Equivocation,D,It was person that have committed which When changes the of a word or phrase from one part of the argument to another that of the following fallacies ?
Another name for the fallacy of accident is,Laudatory personality,Guilt by association,Either-or fallacy,Dicto simpliciter,D,It was name that is Another for the fallacy of accident
"""Each term must be used twice, no more and no less"" is a requirement for",valid categorical syllogism,a valid disjunctive syllogism,a valid conditional syllogism,a materially true hypothetical syllogism,A,"""Each term must be used twice, no more and no less"" is a requirement for"
The false cause fallacy is,arguing that since someone is poor she must have high moral character,arguing that two things are causally related without evidence of a causal relationship,arguing that since something is new it is necessarily bad,substituting individual stories for a larger sample in support of a claim,B,It was fallacy that is The false cause
Arguing that someone should do something because other people are doing it is a description of which of the following fallacies?,appeal to common practice,snob appeal,argument by consensus,appeal to tradition,A,It was people that are is description Arguing that do because other doing a of which of the following fallacies ?
Which of the following describes the fallacy of false consolation?,arguing against a position based only on negative personal feelings toward the position,responding to charges of wrongdoing by saying others do things as bad or worse,arguing that someone is not really harmed because things could be worse or by pointing out what they have to be thankful for,using threats of harm instead of reasoning to get agreement,C,It was Which that describes fallacy of the following the of false consolation ?
Which of the following fallacies happens when someone concludes that a legitimate generalization necessarily applies to a particular case?,False dilemma,Circular reasoning,Accident,Bifurcation,C,It was generalization that happens of the following fallacies when concludes that a legitimate necessarily applies to a particular case ?
Which of the following best describes the fallacy of poisoning the well?,"a way of suppressing evidence that eliminates a source of evidence from consideration by claiming the source is flawed, when there is no true relationship between the alleged flaw and the reliability of the source","arguing that a claim should be accepted based on evidence that is not presented, but asserted to be well known or obvious.","arguing something should be done based only on evidence that it's been done that way in the past, or should be believed only because it's been believed for a long time.",reasoning that a claim is true based only on the evidence that it has been made so often.,A,It was Which that describes well of the following best the of poisoning the ?
Which of the following describes the straw person fallacy?,arguing someone should do something only because it will make him or her better liked,"saying an opposing arguer has taken a position that you can easily defeat, when he or she has not taken that position, then going on to defeat that position and claim to have done significant damage to that arguer's overall argument",attacking the character or background of an opposing arguer instead of responding to that person's arguments with good evidence and sound reasoni,responding to an argument with an expression of derision instead of a counter argument,B,It was Which that describes fallacy of the following the straw person ?
Which of the following is another name for appeal to the people?,argument by consensus,appeal to beliefs,no true Scotsman,overlooked evidence,A,It was Which that is name of the following another for appeal to the people ?
Which of the following describes the fallacy of appeal to tradition?,reasoning that a claim must be true because it's been made so often,reasoning that a claim must be true because a regular person believes it,reasoning that a claim must be true because it's been believed in the past,reasoning that a claim must be true because a lot of people believe it,C,It was Which that describes fallacy of the following the of appeal to tradition ?
Which of the following is the best explanation of the fallacy of loaded language?,"Using emotionally charged language to create an impression about the subject of a claim, without making an argument that the language fits the subject.",Referring to an act committed by an opponent in negative terms while referring to the same act committed by the arguer or supporters in favorable terms.,"Using language and punctuation in a way that a statement can have multiple interpretations, so it's not really clear what is meant.",Confusing figurative language with literal language,A,It was Which that is explanation of the following the best of the fallacy of loaded language ?
Automatically rejecting a claim just because it's traditional is...,Not reasonable,An appeal to tradition,An appeal to the masses,Reasonable,A,It was it that is claim Automatically rejecting a just because 's traditional ...
A slippery-slope pattern of argument is fallacious when...,It is hypothetical,There is good reason to think that doing one action will inevitably lead to another undesirable action,There are only two possible results,There is no good reason to think that doing one action will inevitably lead to another undesirable action,D,It was pattern that is A slippery - slope of argument fallacious when ...
Which of the following best describes the fallacy of special pleading?,"Reasoning that ideas presented in an appealing manner are correct, regardless of the content of the message.","Using language and punctuation in a way that a statement can have multiple interpretations, so it's not really clear what is meant.",Confusing figurative language with literal language.,Referring to an act committed by an opponent in negative terms while referring to the same act committed by the arguer or supporters in favorable terms,D,It was Which that describes fallacy of the following best the of special pleading ?
Whether someone is hypocritical regarding her claims is...,Irrelevant to her character,Evidence that the claims are false,Irrelevant to the truth of the claims,Relevant only in court,C,It was someone that is Whether is hypocritical regarding her claims ...
"If someone says if you do something it will lead to extreme consequences, but doesn't provide you with any evidence of a cause and effect relationship between your act and those consequences, that person has probably committed which of the following fallacies?",ad nauseam,self evident truths,slippery slope,suppressed evidence,C,"It was person that has committed which If says if do lead to extreme consequences , but n't provide with any evidence of a cause and effect relationship between your act and those consequences , that probably of the following fallacies ?"
The concomitant variation fallacy is,attributing the cause of an event to a single cause when the cause is more complicated,"arguing that since two events happened at the same time, one event must have caused the other",arguing that since one event preceded another event it must have caused the second event,drawing a conclusion based on sign reasoning when there is not really a direct relationship between the alleged sign and the subject of the conclusion,B,It was fallacy that is The concomitant variation
""" _Ad novitatem_ "" is a specific kind of fallacy of",Division,False sign,False cause,Hasty Generalization,B,"It was novitatem that is kind "" _ Ad _ "" a specific of fallacy of"
Rejecting a claim by criticizing the person who makes it rather than the claim itself is known as the fallacy of...,Division,Appeal to emotion,Composition,Appeal to the person,D,It was it that known person Rejecting a by criticizing the makes rather than the claim itself is as the fallacy of ...
Which of the following best describes the fallacy of amphiboly?,"Using emotionally charged languages to create an impression about the subject of a claim, without making an argument that the language fits the subject.",Referring to an act committed by an opponent in negative terms while referring to the same act committed by the arguer or supporters in favorable terms.,"Using grammar and punctuation in a way that a statement may have multiple interpretations, so it's not really clear what is meant.",Changing the meaning of a word or phrase from one part of the argument to another.,C,It was Which that describes fallacy of the following best the of amphiboly ?
"When someone uses grammar or punctuation in a way that makes a statement have more than one possible interpretation, that person may have committed which of the following fallacies?",Amphiboly,Hypostatization,Question begging epithets,Style over substance,A,"It was person that have committed which When uses or punctuation in a way makes a have more than one possible , that of the following fallacies ?"
Telling people that they haven't been harmed because there is something they should be thankful for commits which of the following fallacies?,genetic fallacy,horse laugh,false consolation,appeal to joy,C,It was they that should Telling something that they n't been harmed because there is be thankful for commits which of the following fallacies ?
