Question,Option A,Option B,Option C,Option D,Answer,Question_It_cleft
Which common public relations tactic involves sending journalists on visits to appropriate locations?,Media release,Media tour,Press room,Promotional days/weeks,B,It was tactic that involves journalists Which common public relations sending on visits to appropriate locations ?
"You are the vice president of public relations for a corporation that produces a well-known brand of food products. In the Albany, New York, market, one of your products has recently been found to have some contamination. While apparently not fatal, it has given a large number of consumers severe stomach cramps and other intestinal problems. The cause has been traced back to your product, which is sold throughout the nation. Your CEO wants to know what you would advise to keep the situation from becoming a public relations disaster. What should you recommend?",Quickly investigate to make certain your product is definitely the cause of the illness.,Stop all sales of the product throughout the nation and issue a recall for that product.,"Stop sales of the product in the Albany, New York, market and issue a recall for that product.","Issue a press release to the Albany, New York, market explaining how to treat the symptoms.",B,"It was that that are brand the vice of public relations for a corporation produces a well - known of food products . In the Albany, New York, market, one of your products has recently been found to have some contamination. It was it that has given number While apparently not fatal , a large of consumers severe stomach cramps and other intestinal problems . The cause has been traced back to your product, which is sold throughout the nation. It was you that to wants disaster Your know advise keep the from becoming a public relations . It was you that should recommend What ?"
"In public relations, ________ deals with an organization's ability to satisfy and create a positive experience for its consumers.",community relations,consumer relations,employee relations,public issues,B,"In public relations, ________ deals with an organization's ability to satisfy and create a positive experience for its consumers."
In what year did the BBC start broadcasting radio?,1917,1922,1925,1927,B,It was BBC that did start radio In what year the broadcasting ?
________ advertising campaigns are focused on gathering support for a particular message or cause.,Product-oriented,Person-oriented,Idea-oriented,Message-oriented,C,_______ _ advertising campaigns are focused on gathering support for a particular message or cause.
Why should a successful public relations counselor continually review present and future realities for an organization?,to develop a vision statement,to interpret trends for management,to interpret the organization's business plan,to consider the role public relations might play,B,It was counselor that should review realities Why a successful public relations continually present and future for an organization ?
Which of these definitions best describes the 'spiral of silence'?,When victims of abuse remain silent about the abuse,When people hide their opinions if they do not agree with the majority,When people hide their opinions if they are in disagreement with their close peers or family members,When public relations uses opinion poll results to generate support for a particular issue,A,It was Which that describes spiral of these definitions best the ' of silence ' ?
"What two elements do the planning models of Hendrix (2002), Kendall (1999), Merston (1963) and Parkinson and Ekachai (2006) have in common?",Research and evaluation,Strategy and evaluation,Strategy and implementation,Objectives and implementation,A,"It was Kendall that have models What two do the planning of Hendrix ( 2002 ) , ( 1999 ) , Merston ( 1963 ) and Parkinson and Ekachai ( 2006 ) in common ?"
At which stage in the planning process are the objectives decided on?,Defining the program,Planning the program,Taking action and implementing ideas,Evaluation of the program,B,At which stage in the planning process are the objectives decided on?
Which of the following is NOT one of the four categories of persuasive crisis communication strategies identified by W. Timothy Coombs?,ingratiation,downplaying,distancing,nonexistence,B,It was Which that is one of the following NOT of the four categories of persuasive crisis communication strategies identified by W. Timothy Coombs ?
How much has the number of practitioners working in consultancies in the UK grown since 25 years ago?,It hasn't,Doubled,Tripled,Quadrupled,C,It was number that has How much the of practitioners working in consultancies in the UK grown since 25 years ago ?
Which statement is NOT true of both issues management and crisis management?,They both require research monitoring.,They both deal with acute risks.,New organizational practices are developed as a result of each.,Both have the potential to damage an organisation's reputation.,B,It was statement that is Which NOT true of both issues management and crisis management ?
In what year did the BBC start broadcasting radio?,1917,1922,1925,1927,B,It was BBC that did start radio In what year the broadcasting ?
How many regional newspapers are there in the UK?,270,600,"2,800","5,200",C,It was newspapers that are How many regional there in the UK ?
"According to Esman (1972), which publics are related to the organisation through shared industrial interests?",Enabling,Functional,Normative,Diffused,C,"According to Esman (1972), which publics are related to the organisation through shared industrial interests?"
Early theories of mass communication suggested that audiences were passive recipients of media messages and thus vulnerable to manipulation. Which of the following best describes current thinking?,Audiences are more vulnerable and passive than ever before.,"Television viewing, in particular, creates increased activity in the right hemisphere of the brain.",Active receivers are not uniformly affected by mass communication messages.,Technology has led to increasingly passive recipients at the ends of message transmission systems.,C,It was audiences that suggested recipients Early of mass communication that were passive of media messages and thus vulnerable to manipulation . It was Which that describes thinking of the following best current ?
Which of the following entities cannot sue for libel?,A politician,A house of worship,A government institution,A publicly-traded company,C,It was Which that can sue of the following entities not for libel ?
Which author emphasised strategy as achieving competitive advantage for an organization?,Steyn (2003),Gregory (2006),Cutlip et al (2006),Henry (2006),D,It was author that emphasised advantage Which as achieving competitive for an organization ?
Which statement is true about focus group research?,The participants should be selected at random.,It is an example of a formal research tool for practitioners.,The information can be generalized to describe a larger population.,The findings generate qualitative data that can be used to develop surveys.,D,It was statement that is Which true about focus group research ?
You are the community relations director for a public water utility that has been targeted by a group of activists opposed to adding fluoride to drinking water. The activists are waging an intense internet campaign against the practice. Your utility has overwhelming evidence of the health benefits to fluoridated water. The manager of the utility asks you to initiate a blog to get the health message out. What is the most appropriate course of action?,"Use utility employees to write the blog, posing as dentists and physicians.",Recruit a group of volunteer dentists and physicians to write the blog under their own identities with no reference to the utility.,"Write the blog yourself, identifying yourself as an employee of the utility, and quote the scientific opinions of a variety of sources.","Compensate a group of dentists and physicians to write the blog, identifying the utility as the sponsor of the blog but without disclosing the compensation.",C,It was You that has are director the community relations for a public water utility that been targeted by a group of activists opposed to adding fluoride to drinking water . It was activists that are waging campaign The an intense internet against the practice . It was utility that has evidence Your overwhelming of the health benefits to fluoridated water . It was manager that to asks message The of the utility initiate a get the health out . It was course that is What the most appropriate of action ?
Within which area of public relations is likely to involve lobbying?,Corporate,Financial relations,Public affairs,Business to business,C,It was area that to is Within which of public relations likely involve lobbying ?
During which step of the Chase Jones model of issues management should the strengths and weaknesses of the organisation be reviewed?,Identification,Analysis,Strategy,Evaluation,B,During which step of the Chase Jones model of issues management should the strengths and weaknesses of the organisation be reviewed?
"As the single-person public relations staff of a public transit agency, you are tasked with increasing the number of people who ride your buses each month. Your target audiences are lower-income individuals, college students, people with basic educations and people for whom English is a Second Language. When preparing to craft a primary message, what should you do first?",Consider the comprehension level of all of the target audiences.,Consider how riding the bus could similarly affect all of the target audiences.,Consider which mediums would most effectively reach all of the target audiences.,Consider the geographic locations where all of the target audiences live and work.,B,"It was who that tasked buses As the single - person public relations staff of a public transit agency , you are with increasing the of people ride your each month . It was English that are Language Your target lower - income , college students , people with basic educations and people for whom is a Second . It was you that should do what When preparing craft a primary , first ?"
A book launch would be what kind of common tactic?,Competition,Event,Award,Sponsorship,B,It was launch that would be kind A book what of common tactic ?
Newsletters generally fall in to which writing category?,Media writing,Personal writing,Business writing,Promotional writing,D,It was Newsletters that fall category generally in to which writing ?
The process of identifying publics who are involved and affected by a situation central to an organization is called a(n),exploratory survey,situation interview,communication audit,stakeholder analysis,D,The process of identifying publics who are involved and affected by a situation central to an organization is called a(n)
Which of the following Internet-related challenges is most significant in the public relations field?,Representing clients using new social media environments,"Finding stable, cost-effective Internet providers",Training staff to use social media,Staying abreast of changing technology,D,It was Which that is of the following Internet - related challenges most significant in the public relations field ?
Which of these ways a business impacts on the world do stakeholders NOT normally look at?,Workforce development,Impact on local communities,Impact on the environment,Financial performance,D,It was stakeholders that do look of these ways a business on the world NOT normally at ?
"The ________ part of a PR campaign includes proactively planning a response strategy, implementing that strategy in the event of a crisis, evaluating the crisis response, and revising the initial response strategy in an effort to improve for future crises.",public issues,crisis management,consumer relations,community relations,B,"It was part that to includes strategy The _ _ _ _ _ _ _ _ of a PR campaign proactively planning a response , implementing that in the event of a crisis , evaluating the crisis , and revising the initial response in an effort improve for future crises ."
"In the Westley and MacLean model of communication, which role describes the way in which the public obtain or receive the message?",The advocacy role,The channel's role,The gatekeeper role,The behavioural role,B,"It was public that describes message In the Westley and MacLean model of communication , which the in which the obtain or receive the ?"
Which guerrilla marketing technique involves the spreading of a message about a product issue or service through online peer-to peer communication?,Fan pages,Street activities,Grassroots marketing,Viral campaigns,D,It was technique that to involves communication Which guerrilla marketing the of a message about a product issue or service through online peer - peer ?
A ________ campaign occurs when people from two or more opposing sides of an argument have emotional convictions about a decision that has the power to impact their lives.,public relations,public issues,crisis management,consumer relations,B,A ________ It was that that to occurs lives when from two or more opposing sides of an argument have emotional about a decision has the impact their .
The Web was effectively invented by Berners-Lee in which year?,1980,1989,1991,1993,C,The Web was effectively invented by Berners-Lee in which year?
Internet traffic is expected to grow by 400% in the next few years. What is predicted to be the main driver of this?,Online consumer goods purchases,Video,Music,Online auctions,B,Internet traffic is expected to grow by 400% in the next few years. What is predicted to be the main driver of this?
The goal of ________ advertising is to promote a specific product and service to a target audience.,person-oriented,product-oriented,profit-oriented,idea-oriented,B,The goal of ________ It was advertising that to is product promote a specific and service to a target audience .
Which of these types of survey question seeks qualitative information?,Likert scale,Multiple choice,Open-ended,Yes/No,C,It was Which that seeks information of these types of survey question qualitative ?
The American flag is an example of a,stereotype,semantic device,symbol,message,C,It was flag that is example The American an of a
Approximately half of all public relations practitioners work in,government,business and commercial areas,health care and hospitals,public relations firms,B,It was half that work Approximately of all public relations practitioners in
"You seek the counsel of one of your peers who designed and implemented a communication program that resulted in the successful permitting of an automotive recycling center, despite strong opposition from community organizations. You have to design a program to win approval for a similar project proposed by your company. Your peer gives you a brief piece of advice that succinctly describes the foundation of his successful program. What is most likely your peer's advice for a successful communication program?",Solve their problems,Kill them with kindness,Expose them to ridicule,Overwhelm them with facts,A,"It was that that seek program the of one of your peers designed and implemented a communication resulted in the successful permitting of an automotive recycling center , despite strong opposition from community organizations . It was You that to have approval design a win for a similar project proposed by your company . It was that that gives foundation Your you a brief of advice succinctly describes the of his successful program . It was What that is advice most likely your peer 's for a successful communication program ?"
Which of these publics does NOT feature in Grunig and Hunt's (1984) situational theory of publics?,Latent,Dormant,Aware,Active,B,It was Which that does feature of these publics NOT in Grunig and Hunt 's ( 1984 ) situational theory of publics ?
Which of these qualities is NOT listed as something to consider when choosing an opinion leader for a public relations campaigns?,Reputation,Impact,Familiarity with subject or issue,Ability to reach people,C,Which of these qualities is NOT listed as something to consider when choosing an opinion leader for a public relations campaigns?
"According to Macnamara's (2005) pyramid of evaluation, at which stage is the situation analysis done and used to form objectives and implementation plans?",Inputs,Outputs,Outtakes,Outcomes,A,"It was analysis that to According objectives to Macnamara 's ( 2005 ) pyramid of evaluation , at which stage is the situation done and used form and implementation plans ?"
Which factors are mentioned that influence media coverage of a story?,"Content, quality of source, relevance","Timing, content, media liaison","Content, quality of source, human interest angle","Timing, relevance, political slant",B,Which factors are mentioned that influence media coverage of a story?
"What is the primary reason that you, as a public relations manager, should insist on prioritizing and scheduling activities?",to help the department stay focused on its strategic plan,to ensure that projects that are important to the CEO always have first priority,to ensure that the department's events and public relations activities are not neglected,to make it easier for other departments to understand the responsibilities of the public relations department,A,"It was you that should is What the primary that , as a public relations manager , insist on prioritizing and scheduling activities ?"
"According to Macnamara's (2005) pyramid of evaluation, at which stage are opinion polls most useful?",Inputs,Outputs,Outtakes,Outcomes,C,"According to Macnamara's (2005) pyramid of evaluation, at which stage are opinion polls most useful?"
"Tyler and his wife have been won over by the advertising campaign supporting Stan Johnson, who is running for mayor, so they put a 'Vote for Stan Johnson in November' sign in their front yard. Tyler and his wife are engaging in ________, the third step of the advertising campaign.",identification,legitimacy,penetration,participation,D,"It was they that is put Vote Tyler and his wife been won over by the advertising campaign supporting Stan , running for mayor , so a ' for Stan Johnson in November ' sign in their front yard . It was Tyler that are engaging _ and his wife in _ , the third step of the advertising campaign ."
"No-Wait Weight Loss, a diet pill brand, promises its potential consumers that if they take one pill once a day they will lose weight without having to change their diet or start exercising. However, many people who have used the product have complained that they haven't lost weight, and some have even gained weight. No-Wait Weight Loss has been unsuccessful in the ________ stage of the advertising campaign.",distribution,penetration,participation,identification,A,"It was they that to promises diet No - Wait Weight , a diet pill brand , its potential that if take one once a day lose without having change their or start exercising . It was some that have complained weight However , many used the that n't lost , and even gained . It was Loss that has been - Wait Weight unsuccessful in the _ _ _ _ _ _ _ _ stage of the advertising campaign."
"What World War I-era organization introduced decentralized publicity ""drives"" as a strategy to mobilize U.S. public opinion to support the war?",The Creel Committee,The Red Cross,The Council on Public Relations,The Office of War Information,A,"It was organization that to introduced war What World War I - era decentralized publicity "" "" as a strategy mobilize U.S. public support the ?"
"When an attitude is communicated, what does it become?",An opinion,A belief,A behaviour,A point of view,A,"It was it that does become what When an attitude is communicated , ?"
Which communication model describes the encoding and decoding of messages?,Shannon and Weaver model,Osgood and Schramm model,Westley and MacLean model,Maletzke model,B,It was model that describes encoding Which communication the and decoding of messages ?
Which definition best describes media convergence?,The conglomeration of media outlets into large corporations.,The way in which all media outlets post similar content to their competitors.,The many differing views and cultures expressed in modern media.,Information being delivered in different formats via various digital channels.,D,It was definition that describes convergence Which best media ?
________ is most common to political campaigns because it focuses on raising the public's awareness about a particular person in hopes they will either support or not support the person.,Product-oriented advertising,Idea-oriented advertising,Person-oriented advertising,Platform-oriented advertising,C,_______ It was they that will is person most common to political campaigns because focuses on raising the public 's about a particular person in hopes either support or not support the .
Which phase of public relations audience research is associated with summative evaluation?,Implementation,Impact,Attitude change,Preparation,B,Which phase of public relations audience research is associated with summative evaluation?
Which of these adjectives does NOT describe business writing?,Formal,Abstract,Personal,Objective,C,It was Which that does describe writing of these adjectives NOT business ?
Publishing and selling the creative work of others and protecting property rights of one's own creative work is regulated by,libel and publication regulations,access and deregulation,Securities and Exchange Commission,copyright and trademark law,D,Publishing and selling the creative work of others and protecting property rights of one's own creative work is regulated by
Where was the first British newspaper printed?,London,Oxford,Manchester,Edinburgh,B,It was printed that was Where the first British ?
Which of the following information about publications does the Audit Bureau of Circulation NOT provide?,Circulation,Distribution,Traffic,Readership,D,It was Bureau that does provide of the following information about publications the Audit of Circulation NOT ?
The ________ phase of the PR process consists of making decisions about which strategies and tactics will be used to respond to the goals of the organization and executing those strategies and tactics.,planning,implementation,evaluation,tactical,B,It was phase that to consists strategies The _ _ _ _ _ _ _ _ of the PR process of making about which strategies and tactics be used respond to the goals of the organization and executing those and tactics .
In recent years social media has had a major impact on the practice of public relations. In which of the following areas has the impact been greatest and experienced most immediately?,Politics,Retail business,Automotive sales,Nonprofits,A,It was media that has had impact In recent years social a major on the practice of public relations . It was impact that has been In which of the following areas the greatest and experienced most immediately ?
Which traditional news criterion would you expect to be most important in public relations messages distributed through the mass media?,Proximity,Timeliness,Prominence,Impact,D,It was you that to expect Which traditional news be most important in public relations messages distributed through the mass media ?
Which area of public relations deals with emerging issues and their potential impact on an organization?,Public opinion,Issues management,Public affairs,Lobbying,B,Which area of public relations deals with emerging issues and their potential impact on an organization?
"According to Macnamara's (2005) pyramid of evaluation, at which stage is media coverage most likely to be measured?",Inputs,Outputs,Outtakes,Outcomes,B,"It was stage that to According coverage to Macnamara 's ( 2005 ) pyramid of evaluation , at which is media most likely be measured ?"
You are director of communications for a local non-profit chapter organization that is an affiliate of a large national non-profit organization. You are frequently asked to secure media coverage using news releases provided by national headquarters located in another state. Which action would most improve your chances of success with these materials?,Use your relationships with local donors to gain coverage.,Localize the news releases for audiences in your geography.,"Pitch the news releases as written, but include a quote from your chapter's executive director.","Remind editors that your organization is a national, prominent non-profit to which their publisher donates.",B,It was that that are affiliate of communications for a local non - profit chapter organization is an of a large national non - profit organization . You are frequently asked to secure media coverage using news releases provided by national headquarters located in another state. It was action that would improve chances Which most your of success with these materials ?
What is the main purpose of licensing public relations practitioners?,To regulate access to posts in the field,To create an elite of public relations practitioners,To preserve the well-being of society,To achieve better wages for licensed practitioners,C,It was purpose that is practitioners the main of licensing public relations ?
"According to Cutlip (2006), which stage of the communications plan should involve planning of what should be said and why?",Situation analysis,Strategy,Implementation,Evaluation involves assessing all aspects of the programme.,B,"It was stage that should involve planning According to Cutlip ( 2006 ) , which of the communications plan of what be said and why ?"
In which era did muckraking journalism led to the widespread introduction of public relations in business?,"Postwar Era, 1945 - 1965","Roosevelt Era, 1930 - 1945","Booming Twenties Era, 1919 - 1929","Seedbed Era, 1900 ' 1917",D,It was journalism that did led In which muckraking to the widespread introduction of public relations in business ?
"Leslie is a disgruntled employee who walks into her place of employment and shoots three people, killing two and critically injuring the other. What is Leslie's behavior an example of?",workplace violence,organizational misdeeds,megadamage,crisis management,A,"It was who that is other a disgruntled walks into her place of employment and shoots three , killing and critically injuring the . It was behavior that is What Leslie 's an example of ?"
Psychographics refers to,"individual values, lifestyles and characteristics","individual sex, age, race and income statistics",potential influence,all of the above,A,It was Psychographics that refers to
"In the public relations field, what is the most common threat to a client-firm relationship?",Clients' questions about costs,Resistance to outside advice,Superficial grasp of the client's unique problems,Personality conflicts,A,"It was threat that is what In the public relations field , the most common to a client - firm relationship ?"
A 2008 survey showed that what percentage of the world's largest companies are reporting their corporate responsibility?,50%,60%,70%,80%,D,It was percentage that are showed responsibility A 2008 that what of the world 's largest companies reporting their corporate ?
"In recent research, the 14,000 stories that could be accessed on Google News' front page in a day pertained to how many actual news events?",18,24,326,"9,574",B,"In recent research, the 14,000 stories that could be accessed on Google News' front page in a day pertained to how many actual news events?"
Who argued that if an organization did not affect a public then there was no need for a practitioner to consider that public in its communications?,Cutlip (2006),Leitch and Neilson (2001),Amaral and Phillips (2010),Grunig and Hunt (1984),D,It was practitioner that to argued need that if an not affect a then there was no for a consider that public in its communications ?
Which form of communication is most effective in forming or changing predispositions toward an issue?,Interpersonal,Media,Group,Public,B,It was form that is predispositions Which of communication most effective in forming or changing toward an issue ?
Which statement describes an idea from utilitarianism?,What is right and what is wrong are predetermined.,"People should be treated as an end, not a means to an end.",The greatest good for the greatest number.,Those better off should give to people who are not as well off.,C,It was statement that describes idea Which an from utilitarianism ?
Which type of measurement is the most effective choice for evaluating a campaign's impact on audience attitudes?,preparing a content analysis of media coverage,studying the content of blog postings about your issue,analyzing pre and post sales reports for changes in sales,conducting a pre and post analysis of constituents' opinions,D,It was type that is impact Which of measurement the most effective for evaluating a campaign 's on audience attitudes ?
There are three basic types of persuasive advertising campaigns. Which of the following is NOT one of them?,Product-oriented,Person-oriented,Idea-oriented,Result-oriented,D,There are three basic types of persuasive advertising campaigns. It was Which that is one of the following NOT of them ?
Approximately what proportion of nonprofit sector practitioners conduct audience research?,One-quarter,One-half,Two thirds,Almost all,C,It was proportion that conduct research Approximately what of nonprofit sector practitioners audience ?
"When a campaign becomes noticed and unavoidable, it has achieved the ________ stage.",participation,penetration,distribution,identification,B,"It was it that has achieved stage When a becomes noticed and unavoidable , the _ ."
"A(n) ________ campaign is a paid form of impersonal communication, concerned with selling specific products, services, brands, images, and lifestyles to the public.",public persuasive,public relations,advertising,consumerism,C,"A(n) ________ It was campaign that is products a paid of impersonal communication , concerned with selling specific , services , brands , images , and lifestyles to the public ."
Which statement is true about an open systems model of public relations in an organization?,It adapts to changing organizational environments.,It adopts the policy of transparency to build public trust.,It focuses on removing communication barriers between its business divisions.,It communicates with its publics frequently to effect change outside the organization.,A,It was statement that is Which true about an open systems model of public relations in an organization ?
Which law restricts corporate communications for publicly traded companies before and during the period that new securities are being registered?,Securities Act of 1933,Sarbanes-Oxley Act of 2002,Investment Advisers Act of 1940,Investment Company Act of 1934,A,It was law that are restricts communications Which corporate for publicly traded companies before and during the period that new securities being registered ?
"Which of these phrases refers specifically to a crisis, rather than an issue?",A gap between corporate and stakeholder expectations.,When an organization's trading is interrupted.,Can be avoided with constant monitoring and relationship building.,It happens suddenly.,D,"It was Which that refers of these phrases specifically to a crisis , rather than an issue ?"
Watson and Noble (2005) lay out a five-step model for circular evaluation. At which step should pre-testing of strategy and tactics be carried out?,1,2,3,4,C,It was Watson that lay model and Noble ( 2005 ) out a five - step for circular evaluation . At which step should pre-testing of strategy and tactics be carried out?
Which of these sites offers 'microblogging?,YouTube,Facebook,Wikipedia,Twitter,D,It was Which that offers of these sites ' microblogging ?
Within which area of public relations do tactics relate to promotion of the overall organisation?,Corporate,Internal communications,Financial relations,Business to business,A,It was tactics that do relate Within which area of public relations to promotion of the overall organisation ?
"Emma is browsing a popular website when she runs across the story of a well-known actor who was recently pulled over for speeding and driving down the wrong side of the street. It turns out he had been drinking, and the arresting police officer found drugs in the car. The actor's publicist issued a statement claiming the actor was just tired and that the drugs belonged to someone else. Emma can't help having the impression that all public relations are ________ and occur only after something negative has occurred.",proactive,reactive,manipulative,manipulative,B,"It was she that is browsing side a popular when runs across the story of a well - known actor who was recently pulled over for speeding and driving down the wrong of the street . It was officer that been turns drugs out drinking , and the arresting police found in the car . It was drugs that issued statement The actor 's a claiming the was just tired and that the belonged to someone else . It was something that has help _ n't having the that all public are and occur only after negative occurred ."
"Louis owns a chemical company that has been irresponsibly disposing of chemical waste and contaminating the community's water supply. Although he knew the company was cutting costs in its waste disposal, he publicly claims to have had no knowledge of the irresponsible practices, blames it on the company's general manager and fires him. What image restoration strategy is Louis using?",denial,evasion of responsibility,reducing the offensiveness,corrective action,A,"It was that that been owns supply a chemical irresponsibly disposing of chemical waste and contaminating the community 's water . It was he that have claims him Although knew the cutting in its waste disposal , publicly had no of the irresponsible practices , blames on the company 's general manager and fires . It was Louis that is What image restoration using ?"
"The ________ phase of the PR model consists of primary and secondary research about a client, identifying the target audiences for the campaign, proposing channels of communication and strategies to be used in the campaign, and constructing goals, objectives, messages, and themes.",identification,evaluation,implementation,planning,D,"It was phase that to consists goals The _ _ _ _ _ _ _ _ of the PR model of primary and secondary research about a client , identifying the target for the campaign , proposing channels of communication and strategies be used in the campaign , and constructing , objectives , messages , and themes ."
The 'internal factors' portion of a firm's public relations situation analysis often includes,a communication audit,strategy suggestions,community focus groups,a listing of media contacts,A,It was portion that includes The ' internal factors ' of a firm 's public relations situation analysis often
What is the major advantage of organizational publications?,Their ability to provide a revenue source for sponsoring organizations,"Their ability to deliver specific, detailed information to narrowly defined target publics",Their ability to avoid the problems typically associated with two-way media,Their ability to give sponsoring organizations a means of uncontrolled communications,B,It was advantage that is What the major of organizational publications ?
"Which outcome, from the evaluation phase of public relations planning, documents the impact a program had on its stakeholders?",the quality of the messages and activities,the number who change attitudes and opinions,the number who responded to communications,the number of messages and activities implemented,B,"It was program that outcome impact , from the evaluation phase of public relations planning , documents the a had on its stakeholders ?"
"The second stage of the advertising campaign is to establish ________, or to become known as trustworthy and believable.",legitimacy,identity,reliability,agency,A,"It was stage that to is _ The second of the advertising campaign establish , or become known as trustworthy and believable ."
Which type of writing employs the pyramid structure?,Media writing,Personal writing,Business writing,Promotional writing,A,It was type that employs structure Which of writing the pyramid ?
During which step of the Chase Jones model of issues management should the organization's ability to lead the issue be assessed?,Identification,Analysis,Strategy,Evaluation,C,During which step of the Chase Jones model of issues management should the organization's ability to lead the issue be assessed?
Which of these should an objective NOT be?,Broad,Achievable,Measurable,Time-bound,A,It was objective that should be of these an NOT ?
Which statement describes an idea from Kantian ethics?,What is right and what is wrong are predetermined.,"People should be treated as an end, not a means to an end.",The greatest good for the greatest number.,Those better off should give to people who are not as well off.,B,It was statement that describes idea Which an from Kantian ethics ?
Which of these organizations is most effective in engaging with customers online?,Starbucks,Coca-Cola,Wholefoods,Redbull,A,It was Which that is of these organizations most effective in engaging with customers online ?
"According to Russian philosopher Mikhail Bakhtin, in order to create ________, or a well-informed public, all communication about an issue must be ________, or take the form of a dialogue.","intelligentsia, democratic","democracy, dialogic","democracy, logical","democracy, bipartisan",B,"It was communication that must be form According to Russian philosopher Mikhail Bakhtin , in order create , or a well - informed public , all about an issue , or take the of a dialogue ."
Your client has asked you to develop a public relations campaign to promote a college tuition savings program using new technologies. What is the most appropriate first step?,Research pricing and development costs for different services.,Develop a survey to discover which factors impact families' savings.,Conduct a situation analysis to gain a better understanding of the issue.,Hold a focus group to determine which messages are most effective for the program.,C,It was client that to asked technologies Your develop a public relations promote a college tuition savings using new . It was step that is What the most appropriate first ?
"According to ""working theory,"" what is the step that occurs between an individual gaining information and changing behavior?",coorientation,opinion change,reaction formation,semantic encoding,B,"It was that that is information According to "" working theory , "" the occurs between an individual gaining and changing behavior ?"
"Segmentation of the population into psychographics, demographics and geodemographics is especially important in which public relations specialisation?",Issues management,Investor relations,Public affairs,Marketing communications,D,"It was Segmentation that is specialisation of the population into psychographics , demographics and geodemographics especially important in which public relations ?"
What are two examples of an evaluation of outcome? ,Change in attitude,Placement of message,Distribution of message,Size of attentive audience,A,It was examples that are What two of an evaluation of outcome ?
Which fashion house sued for damages to its reputation after being accused of stealing a design?,Dior,Givenchy,Chanel,Lacroix,C,It was house that sued design Which fashion for damages to its reputation after being accused of stealing a ?
"What public relations pioneer is credited with being the first practitioner to insist on ""a place at the management table""?",Carl Byoir,Edward Bernays,Doris Fleischman,Arthur Page,D,"What public relations pioneer is credited with being the first practitioner to insist on ""a place at the management table""?"
What are major reasons why organizations retain outside public relations counsel? ,They offer flexibility of talents and skills.,They bring greater credibility to the work. ,They will provide sound ROI on the project or program.,They can provide more attention and detail to a project that in-house staff.,A,It was organizations that are What major why retain outside public relations counsel ?
Which of these activities might secondary research involve?,Conducting a content analysis,Conducting a survey,Observing people,Examining public records,D,It was research that might involve Which of these activities secondary ?
Which of the following information about publications does the Audit Bureau of Circulation NOT provide?,Circulation,Distribution,Traffic,Readership,D,It was Bureau that does provide of the following information about publications the Audit of Circulation NOT ?
Early email was developed in which decade?,1960s,1970s,1980s,1990s,B,Early email was developed in which decade?
"According to Esman (1972), which publics help an organization to exist by lending authority or assistance?",Enabling,Functional,Normative,Diffused,A,"It was publics that to According authority to Esman ( 1972 ) , which help an exist by lending or assistance ?"
Which common public relations tactic can provide a 'halo effect'?,Placement on TV or radio,Stunts,Third parties,Sponsorship,D,It was tactic that can provide effect Which common public relations a ' halo ' ?
