Question,Option A,Option B,Option C,Option D,Answer,Question_It_cleft
How many human polyomaviruses are known at present?,100,1,10,unknown,A,How many human polyomaviruses are known at present?
AIDS activism in the U.S. resulted in:,Food and Drug Administration reforms,Easier access to investigational drugs,Changes in the way medicine was practiced in the U.S.,All of the above,D,It was activism that resulted AIDS in the U.S. in :
"Globally, the most deaths are caused by:",Respiratory infections,Diarrheal diseases,Malaria,Tuberculosis,B,"Globally, the most deaths are caused by:"
What happens during the 'incubation period'?,The virus is cleared from the body by the immune system,Virus replication happens at an intracellular level,This period commonly lasts for a few days,This period commonly lasts for a few hours,B,It was What that happens during the ' incubation period ' ?
Newborn infants in countries with limited access to safe water and low levels of education should be:,Exclusively formula fed for six months,Exclusively breast fed for six months,Should receive both breast milk and other foods as tolerated in the first 6,months,B,It was infants that should be Newborn in countries with limited access to safe water and low levels of education :
Achieving effective change in a community is usually dependent on which of the following segments of society?,Innovators,Early adapters,Middle adapters,Late adapters,A,Achieving effective change in a community is usually dependent on which of the following segments of society?
“Contingency management” is”:,A strategy of last resort for reducing high-risk behaviors,Paying drug users for negative urine specimens,Paying sex workers to use condoms,Paying drug users to use condoms,B,It was management that is “ Contingency ” ” :
Typical clinical symptoms following infection with astroviruses include which of the following?,Acute pneumonia,Gastroenteritis in children,Hepatitis,rashes,B,It was symptoms that include which Typical clinical following with astroviruses of the following ?
Which of the following is the most special characteristic of the adaptive immune system?,Antibodies,T cells,Memory T cells,Clonal expansion of pre-existing antibodies and/or T cells,D,It was Which that is characteristic of the following the most special of the adaptive immune system ?
Chemotherapy is now an option for clinical care of patients. Typical drug regimens now include which of the following?,Interferon and ribavirin,Lamivudine and ribavirin,Combinations of adefovir and entecavir and/or tenofovir (DAA),Interferons alone,B,It was Chemotherapy that is option now an for clinical care of patients . It was regimens that include which Typical drug now of the following ?
"There were no new cases of Ebola virus in the United States from January 1, 1997 through January 1, 1998. Which of the following epidemiologic terms does this statement describe?",Incidence,Lifetime expectancy,Lifetime prevalence,Period prevalence,C,"There were no new cases of Ebola virus in the United States from January 1, 1997 through January 1, 1998. It was statement that does describe Which of the following epidemiologic terms this ?"
How were retroviruses discovered?,In chickens as Rous sarcoma,In humans as HTLV-1,In mice causing leukaemia,In cats causing leukaemia,C,How were retroviruses discovered?
Most surveillance systems use which of the following study designs?,Cohort,Serial cross-sectional,Mortality,Syndromic,B,Most surveillance systems use which of the following study designs?
Polio can be eradicated by which of the following?,Attention to sewage control and hygiene,Killed polio vaccine,Live polio vaccine,Combination of the killed and live vaccines.,A,Polio can be eradicated by which of the following?
Public health ethics is:,Patient-centered,Population-centered,Subject-centered,Must respect the rights of individuals,B,It was ethics that is Public health :
How many people globally are currently infected with hepatitis B?,350 million,2 billion,"100,000",1 million,A,How many people globally are currently infected with hepatitis B?
"In a study, a group of people are exposed to an environmental toxin but are not treated observed over time on a standard set of measures to ascertain the potential effects of the toxin. This type of study design is called",Clinical trial,Double-blind,Longitudinal,Prospective cohort,D,"In a study, a group of people are exposed to an environmental toxin but are not treated observed over time on a standard set of measures to ascertain the potential effects of the toxin. This type of study design is called"
Which disease do polyomaviruses predominantly cause?,Tumours,Brain pathology,No disease at all,Kidney infections,C,It was polyomaviruses that do cause disease Which predominantly ?
How are antibody producing cells stimulated?,Interacting with a virus short peptide,Interacting with a T helper cell.,Interacting with a plasma cell,Interacting with a virus infected cell,B,It was cells that are antibody How producing stimulated ?
The single most important key to the success of the Multicenter AIDS Cohort (MACS) is:,The brilliance of the principal investigator,The commitment of the staff,The commitment of the participants,The quality of the laboratories,C,It was key that is The single most important to the success of the Multicenter AIDS Cohort ( MACS ) :
Picornavirus replication as a positive strand RNA virus is particularly typified by which of the following?,Virions carry RNA transcriptase enzyme into the cell,The virion RNA is translated into a single large polyprotein,The virion RNA acting as mRNA,The virus exits by apoptosis of the cell,C,Picornavirus replication as a positive strand RNA virus is particularly typified by which of the following?
Why are members of the astrovirus family only recently recognised as significant enteric viruses for humans?,The genome has been identified by the new method of deep sequencing,A new vector has been discovered,They infect a wide range of domestic animals and so contaminate meat,Knowledge of their replication as positive sense ssRNA viruses is now complete,A,It was members that are recognised Why of the astrovirus family only recently as significant enteric viruses for humans ?
Which virus infection was not first identified by clinical observation?,HIV,Rubella teratogenicity,Microcephaly and Zika,Hepatitis C,D,Which virus infection was not first identified by clinical observation?
The particular quality of the U.S. health care system is its:,"Systematic, democratic approach","Fragmented, uncoordinated approach",The result of rationale decisions by informed legislators,a. and c. above,B,It was quality that is its The particular of the U.S. health care system :
The three key intervention strategies according to Professor Shoptaw are:,"Behavioral intervention, treatment and structural interventions","Condoms, drug therapy and regulation of commercial sex establishments","Drug replacement therapy, community intervention and needle exchange","HIV testing, drug therapy and condom use",A,It was strategies that are The three key intervention according to Professor Shoptaw :
Measles has been controlled in many countries by which of the following?,By hygiene,By MMR vaccine,By new molecular peptide vaccines,By humanised monoclonal antibodies to F protein,B,Measles has been controlled in many countries by which of the following?
How can the spread of filoviruses be restricted?,New antivirals,New humanised monoclonal antibodies,Hygiene and social distancing,New vaccines,C,How can the spread of filoviruses be restricted?
Most pandemics have arisen from influenza viruses from which of the following animals?,Pigs,Wild birds,Bats,Humans,A,It was pandemics that have arisen Most from influenza viruses from which of the following animals ?
PreP is an effective strategy for reducing the incidence of HIV in:,Women,Drug users,Pregnant women,a. and b. above,B,It was PreP that is incidence an effective for reducing the of HIV in :
The replication of hepatitis B includes which of the following stages?,Movement of intact virus to the cellular cytoplasm for replication,Conversion of relaxed circular viral DNA in to covalently closed circular (CCC) DNA in the nucleus,Virions produced in the cytoplasm by cellular DNA polymerase,Oncogenic activity to transform liver cells.,C,It was replication that includes which The of hepatitis B of the following stages ?
How does the papilloma family of viruses cause cancer?,"Replicate in dividing cells and encodes three oncogenic proteins E5, E6 and E7",Integrates viral genome into cellular DNA,Has an oncogene able to initiate cancer,Acts as a co factor for a cellular oncogene,B,It was family that does cause cancer How the papilloma of viruses ?
The noroviruses typically cause which of the following?,Diarrhoea,Rash,Projectile vomiting and diarrhoea,Disease of the central nervous system,C,It was noroviruses that cause which The typically of the following ?
Deep nucleotide sequencing (NGS) is now cheap enough for general application. What will the technique mainly be useful for?,Speedy vaccine development,Identifying genetic variation,Giving details on virus excretion in symptomless carriers,Quickly identifying new viruses,D,It was nucleotide that is NGS Deep sequencing ( ) now cheap enough for general application . It was technique that will be What the mainly useful for ?
Determinants of acquiring an HIV infection from an infected person per sexual act include:,Viral RNA level,Presence of other infections,Condom use,All of the above,D,It was Determinants that include infection of acquiring an HIV from an infected person per sexual act :
How is next generation sequencing (NGS) most often used?,To identify a newly discovered virus,To search for drug resistant mutants,To identify quasi species viruses,Cannot be used,D,How is next generation sequencing (NGS) most often used?
Which of the following HPV viruses are known to cause cervical cancer?,Viruses of all 5 clades,"Types 14, 16, 18, 31, 45",None are oncogenic per se,Types 1-180,C,Which of the following HPV viruses are known to cause cervical cancer?
Which member of the paramyxovirus family can cause very serious croup?,Measles,Meta pneumo virus,Hendra,Respiratory syncytial virus (RSV),B,It was member that can cause croup Which of the paramyxovirus family very serious ?
Which of the following is the cause of delay in HIV testing among the Latino population?,Stigma attached to the disease,Machismo,Drug abuse,All of the above,D,It was Which that is cause of the following the of delay in HIV testing among the Latino population ?
Describe the morphology of a togavirus.,Enveloped spherical particles with an icosahedral structure,Non-enveloped with an icosahedral structure,Filamentous virus with protruding glycoproteins,Small round viruses,A,Describe the morphology of a togavirus.
A good surveillance system should provide information about:,Who is being infected,Where the infected individuals are,How rapidly infection is spreading,All of the above,D,It was system that should provide information A good surveillance about :
What has so far prevented polio being eradicated from the world?,Inability to vaccinate in some countries,Poor quality (unsafe) vaccines,Genetic variation,Expense,A,It was What that has eradicated so far prevented polio being from the world ?
The range of disease caused by the family is wide but identify the exception from the following:,Aplastic crisis in anaemia patients,Fifth disease at 'Slapped cheek' syndrome,Foetal infection with teratogenicity,Serious pneumonia,A,It was range that is exception The of disease caused by the family wide but identify the from the following :
Which of the following drugs inhibit herpes viruses?,Amantadine,Acyclovir,Oseltamivir,Azidothymidine,D,Which of the following drugs inhibit herpes viruses?
The three countries with the most drug injectors are:,"Bolivia, Argentina, Thailand","China, the U.S. and Russia","Afghanistan, Iraq and Myanmar","Lithuania, Estonia and Latvia",B,It was countries that are The three with the most drug injectors :
"Officials at a large community hospital report an increased incidence of acute lymphocytic leukemia (ALL) among children aged 5 – 12. They point out that some households in the community are exposed to chemical waste from a nearby factory. They believe that chemical waste causes leukemia. If a study is designed to evaluate the hospital officials’ claim, which of the following subjects are most likely to comprise the control group?",Children exposed to the chemical waste who do not suffer from ALL,Children not exposed to the chemical waste who do not suffer from ALL,Children from the hospital’s outpatient clinic who do not suffer from ALL,Children not exposed to the chemical waste who suffer from ALL,B,"Officials at a large community hospital report an increased incidence of acute lymphocytic leukemia (ALL) among children aged 5 – 12. It was They that to point waste out that some households in the community are exposed chemical from a nearby factory . It was waste that believe leukemia that chemical causes . It was which that to designed group If a study is evaluate the hospital officials ’ , of the following subjects are most likely comprise the control ?"
Lassa and Ebola are emergent viruses in W. Africa. What is their origin?,Humans,Primates,Fruit bats,Pigs,B,It was Lassa that are viruses and Ebola emergent in W. Africa . It was origin that is What their ?
Antivirals can be used prophylactically or therapeutically in persons in which of the following circumstances?,If administered within 4 days of clinical signs,If used within 48 hours of first clinical signs,Used for the obese,Used in children under the age of 2 years where high virus spread is noted,C,Antivirals can be used prophylactically or therapeutically in persons in which of the following circumstances?
Papillomaviruses cause warts and cancer but how do they most often infect humans?,Are water borne,Are airborne,Via scratches and breaks in the skin,Are nosocomial and spread in hospitals,C,It was they that do cause humans and cancer but how most often infect ?
There are 57 serotypes of adenovirus currently recognised. Which has the most important clinical impact?,Diarrhoea,Eye infections,Respiratory tract infections,Haemorrhagic cystitis,C,There are 57 serotypes of adenovirus currently recognised. It was Which that has impact the most important clinical ?
How are new polyomaviruses detailed,Shot gun sequencing,Cultivation in human neural cells,Deep pyro sequencing (NGS),Monoclonal antibody techniques,A,It was polyomaviruses that are detailed How new
Describe the YF vaccine.,Killed virus vaccine,Live attenuated virus vaccine developed by Pasteurian passage,Live attenuated vaccine produced by direct mutation of the virus genome,Experimental vaccine only,B,Describe the YF vaccine.
What is the biggest risk factor for infection with Ebola?,Working in a category IV laboratory,Attending a funeral of a victim outside,Nursing a patient at home,Attending football matches or large gatherings,A,It was factor that is What the biggest risk for infection with Ebola ?
"The influenza virus is mainly controlled in special ""risk"" sectors by:",Hygiene,Vaccination,Antiviral drugs,Humanised monoclonal antibodies,B,"The influenza virus is mainly controlled in special ""risk"" sectors by:"
"A case-control study is conducted to assess the association between alcohol consumption and lung cancer patients with lung cancer and 100 controls are asked about their past alcohol consumption. According to the study results, alcohol consumption is strongly associated with lung cancer (OR = 2.5). The researchers then divide the study subjects into two groups: smokers and non-smokers. Subsequent statistical analysis does not reveal any association between alcohol consumption and lung cancer within either group. The scenario described is an example of which of the following?",Observer bias,Confounding,Placebo effect,Nonresponse bias,B,"A case-control study is conducted to assess the association between alcohol consumption and lung cancer patients with lung cancer and 100 controls are asked about their past alcohol consumption. According to the study results, alcohol consumption is strongly associated with lung cancer (OR = 2.5). It was researchers that divide subjects The then the study into two groups : smokers and non - smokers . It was analysis that does reveal association Subsequent statistical not any between alcohol consumption and lung cancer within either group . It was scenario that is example The described an of which of the following ?"
How are arenaviruses spread?,Sexual contact,Blood,Aerosols of urine from infected small mammals,Mosquito bites,A,It was arenaviruses that are spread How ?
Which areas of the world are rabies free?,USA,Norway,EU,"Island nations, UK, NZ and Australia",D,It was areas that are rabies Which of the world free ?
The risk of perinatal transmission of HIV-1 infection during breast feeding is increased due to:,Mixed feeding,Very early introduction of solids,Both a and b,None of them,C,The risk of perinatal transmission of HIV-1 infection during breast feeding is increased due to:
How is the parvovirus family targeted to reduce disease?,Transfusion blood is screened,Vaccine has been developed,A range of new antivirals,Social distancing,A,It was family that to targeted disease How the parvovirus reduce ?
Who discovered the first virus?,The microscopist Antonie van Leeuwenhoek,The bacteriologist Charles Chamberland,The botanist Dmitri Iwanowsky,The virologist Jonas Salk,C,It was Who that discovered virus the first ?
Structural interventions typically target:,Policies,The environment,Availability,All of the above,D,It was interventions that target Structural typically :
What is the main clinical picture of hepatitis A?,Rash,Limb paralysis,Jaundice and abdominal discomfort,Upper respiratory tract infection,C,It was picture that is What the main clinical of hepatitis A ?
If the human norovirus cannot be cultured in cell cultures how can it best be studied?,Animal models,Volunteer studies,In cells using replicon systems,Deductions from the 3 human ORF's of the virus genome,B,If the human norovirus cannot be cultured in cell cultures how can it best be studied?
"Any systematic error in the design, conduct, or analysis of a study that results in a mistaken estimate of an exposure’s effect on the risk of disease is called:",Confounding,Bias,Interaction,Stratification,C,"It was that that called Any systematic error in the design , conduct , or analysis of a study results in a mistaken estimate of an exposure ’s effect on the risk of disease is :"
Describe the coronavirus structure.,Club shaped glycoprotein spikes protrude through a lipid bilayer,An icosahedral structure with an envelope,An icosahedral large pleomorphic virus,Large regimented barrel shaped virus,C,Describe the coronavirus structure.
SARS is described as a zoonotic virus - what does this mean?,Such viruses are confined to animals,They do not cause disease in humans,They emerge from animals to cross the species barrier infrequently,They cause pandemics,A,It was this that does mean what SARS is described as a zoonotic virus - ?
Which of the following coronaviruses has caused thousands of deaths around the world as an 'emergent' virus?,MERS,SARS,OC43,HKU1,A,It was Which that has caused thousands of the following coronaviruses of deaths around the world as an ' emergent ' virus ?
Clinical infection by an arenavirus is characterised by which one of the following?,Pantropic infection,Signs of malaria,Short (2-3 days) incubation,Hepatitis,A,Clinical infection by an arenavirus is characterised by which one of the following?
How does rubella cause foetal abnormalities?,By crossing the placenta early in pregnancy and infecting the foetus,By only infecting the placenta,By inducing cytokines and chemokines in the mother,By raising the temperature of the mother and inducing an abnormal immune reaction to the foetus,A,It was rubella that does cause abnormalities How foetal ?
Which of the following is an unusual feature of the replication cycle in coronaviruses?,The RNAs all terminate in a common 3´ and produce nested set transcripts,They take advantage of recombination with the long RNA genome,They are not highly mutable,They use capped cellular mRNA's,B,It was Which that is feature of the following an unusual of the replication cycle in coronaviruses ?
Which replication strategy is paralleled by some other viruses?,Cytoplasmic replication and 'snatched caps' are used as primers for RNA transcription,Replicates in cytoplasmic tubules,Extracellular replication,Replicates in the nucleus,C,Which replication strategy is paralleled by some other viruses?
The characteristic of a generalized epidemic is:,High rates in drug users,High rates in MSM,High rates in pregnant women,High rate in STD clinic attendees,C,It was characteristic that is The of a generalized epidemic :
An updated version of classification shows the parvovirus family as having how many genera?,Having 5 genera,A very large number of virus types,Only a single virus,Only three viruses,B,It was version that shows genera An updated of classification the parvovirus as having how many ?
The largest Latino community in the U.S. is:,Puerto Rican,Mexican,Cuban,Brazilian,B,It was community that is The largest Latino in the U.S. :
How can epidemics of astrovirus mainly be controlled?,By vaccination,Using passive antibody,Basic knowledge of hand washing and food hygiene,Quarantine,C,How can epidemics of astrovirus mainly be controlled?
"500 women aged 40 – 54 who present for routine check-ups are asked about their meat consumption the women turn out to be vegetarian. During the ensuing 5 years, 5 vegetarians and 43 non-vegetarians develop colorectal cancer. Which of the following best describes the study design?",Case series report,Cohort study,Case-control study,Cross-sectional study,A,"It was women that to asked vegetarian 500 women aged 40 – present for routine check - ups are about their meat consumption the turn out be . It was vegetarians that develop cancer During the ensuing 5 years , 5 and 43 non - vegetarians colorectal . It was Which that describes design of the following best the study ?"
In the absence of treatment the risk of HIV transmission from an infected mother to her fetus/infant was highest in which of the following areas?,Africa,North America,Europe,Japan,A,It was risk that was In the absence of treatment the of HIV transmission from an infected mother to her fetus / infant highest in which of the following areas ?
Poliovirus can most easily become more virulent by which of the following processes?,Mutation of the RNA genome at only a few positions,Recombining with another enterovirus,Altering its protein coat,Multiple nucleotide deletions and substitutions,A,It was Poliovirus that can become virulent most easily more by which of the following processes ?
A virus such as influenza which emerges suddenly and spreads globally is called:,Epidemic,Endemic,Pandemic,Zoonotic,B,It was which that called A virus such as influenza emerges suddenly and spreads globally is :
"Of the following factors, which are the most important factors for virus spread and infection?",Age,Sex,Genetic factors,Travel,D,"It was which that Of factors the following factors , are the most important for virus spread and infection ?"
How do viruses of the calcivirus family replicate?,As negative strand RNA viruses,As positive strand RNA viruses,Retroviruses,Using genetic reassortment,B,It was viruses that do replicate How of the calcivirus family ?
The parvoviruses have a rather unique genome; what form does it take?,Circular ds DNA,Small linear ss DNA,ds DNA genome,RNA genome with RT,D,It was it that does take form The have a rather unique ; what ?
How can the morphology of filoviruses be described?,Very large ball like structure,Long filamentous threads,Icosahedral virion,Floppy membranes without defined morphology,C,How can the morphology of filoviruses be described?
What is the usual direction of 'knowledge' in a cell?,From protein to DNA,From DNA to DNA,From DNA to RNA to protein,Random,C,It was direction that is What the usual of ' knowledge ' in a cell ?
Why are drug combinations essential for HIV?,Single drugs are not completely inhibitory,Mutations negate the effect of one drug,Combinations of antibiotics are effective versus TB,The virus cannot mutate vs a combination,C,It was combinations that are Why drug essential for HIV ?
"Many virus infections result in immune pathology, this is caused predominantly by which of the following?",A cytokine storm,Antibody mediated reactions,A response of killer T cells (CD-8),A decline in function of the immune system,A,"It was infections that caused Many virus result in immune pathology , this is predominantly by which of the following ?"
David Baltimore is a molecular biologist. What did he discover?,The structure of DNA,X-ray crystallographic techniques,The enzyme reverse transcriptase,The anti HIV drug zidovudine,C,It was Baltimore that is biologist David a molecular . It was he that did discover What ?
Identify the most commonly used diagnostic technique in the virus laboratory:,Virus isolation in cell culture,Deep sequencing (NGS),Reverse transcriptase (RT) PCR,Immuno-serology,B,Identify the most commonly used diagnostic technique in the virus laboratory:
The major risk group for HIV infection among Latinos is:,Heterosexual males,Homosexual males,Females,Injection drug users,B,It was group that is The major risk for HIV infection among Latinos :
"In HIV-associated tuberculosis cases, treatment with antiretrovirals should begin:",Before antiretroviral drugs are started,After antiretroviral drugs are started,Concurrently with antiretroviral drugs,Doesn’t make any difference,C,"It was treatment that should begin In HIV - associated tuberculosis cases , with antiretrovirals :"
A “benefit” of research may accrue:,To the participant,To his/her family,To society,All of the above,D,It was benefit that may accrue A “ ” of research :
What is the current best option for preventing future outbreaks of Ebola?,"Rebuild scientific, medical and nursing infrastructure and train staff",Early and accurate diagnosis with molecular kits,Develop effective vaccines,Arrange rapid intervention into West Africa with EU and USA army teams,D,It was option that is outbreaks the current best for preventing future of Ebola ?
Where are arenaviruses predominately located in the world?,SE Asia,Russia,Africa and S. America,N. America,A,Where are arenaviruses predominately located in the world?
The most important element of ethical research on human subjects is:,Beneficence,Justice,A methodologically sound study design,Informed consent,D,It was element that is The most important of ethical research on human subjects :
The characteristic of injecting drug users in Asia is/are:,Strong family support,Low failure rate for rehabilitation centers,Remaining a member of the community,Both a and c,D,It was characteristic that is users The of injecting drug in Asia / are :
"Viruses have encouraged us to change our world, as we have now:",Eradicated smallpox,Eradicated polio,Increased hygiene,A better understanding of how cellular genes aid virus replication and so become a target for new drugs,A,"It was we that to encouraged world change our , as have now :"
What is the most important factor for virus classification?,The geometry of the virus,How many proteins the virus has,The disease a virus causes,Chemistry of the DNA and RNA,D,It was factor that is What the most important for virus classification ?
The major issue for HIV infection among the Latino population is:,Late detection of HIV status,Cultural beliefs,Immigration,All of the above,D,It was issue that is The major for HIV infection among the Latino population :
Disease can most often be prevented by which of the following:,Vaccines,Antivirals,Hygiene,mosquito nets,A,Disease can most often be prevented by which of the following:
Results of surveillance should be distributed to:,Decision makers,The public,The data collectors,All of the above,D,Results of surveillance should be distributed to:
Which is a major characteristic of the bunyavirus family?,"Amplify by persistent infection of midgets, mosquitoes, sand flies, ticks",Predominantly mosquito borne,Genetic recombination or reassortment,Spread to humans via bites of mice and rats,A,It was Which that is characteristic a major of the bunyavirus family ?
The group that permits analysis of the entire natural history of HIV/AIDS is:,Persistent seronegatives,Long-term survivors,Seroconverters,Long-term survivors with low levels of CD4+ cells,C,It was that that is analysis The permits of the entire natural history of HIV / AIDS :
The chance of acquiring HIV infection from factor VIII in the United States in 2011 is 0% primarily because:,All donors for factor VIII are screened,Factor VIII is subject to detergent “washing” prior to release,Factor VIII is made synthetically,Factor VIII is important from countries with no reported HIV,C,It was chance that is % The of acquiring HIV from factor VIII in the United States in 2011 0 primarily because :
The prevalence of HIV among Latino-Americans compared to other ethic groups in the U.S. is:,Highest,Higher than all other ethnic groups except African-Americans,Higher than in all other ethnic groups except African-Americans and,Native Americans,B,It was prevalence that is The of HIV among Latino - Americans compared to other ethic groups in the U.S. :
What is the rubella syndrome?,A description of the 3 day rash of German measles,"The teratogenic lesions of cataracts, deafness, mental retardation and microcephaly in the foetus",Combination of rash and post infection encephalitis,Side effects of the MMR vaccine,B,It was syndrome that is What the rubella ?
What is the most common way for a virus to kill a cell?,Dissolves the cellular membrane,Induces apoptosis via caspases,Fragments cellular DNA,Totally blocks cellular transcription,B,It was virus that to is cell the most common for a kill a ?
The influenza virus has complicated genetics mainly characterised by which of the following?,Genetic reassortment amongst 8 genes,High levels of recombination,Rapid adsorption and fusion from without via a hydrophobic peptide,High fidelity RNA replicase enzyme,B,It was virus that has genetics The influenza complicated mainly characterised by which of the following ?
The highest risk of HIV infection among drug users in the U.S. is in:,The east coast,"The central United States (Kansas, Missouri etc.)",Southern California,"The Pacific Northwest (Washington, Oregon, Idaho)",A,It was risk that is The highest of HIV infection among drug users in the U.S. in :
"A study is conducted to assess the relationship between race and end-stage renal disease pathologists independently study specimens from 1,000 kidney biopsies. The first group of pathologists is aware of the race of the patient from whom the biopsy came, while the second group is blinded as to the patient’s race. The first group reports ‘hypertensive nephropathy’ much more frequently for black patients than the second group. Which of the following types of bias is most likely present in this study?",Confounding,Nonresponse bias,Recall bias,Referral bias,A,"A study is conducted to assess the relationship between race and end-stage renal disease pathologists independently study specimens from 1,000 kidney biopsies. It was biopsy that is The first of pathologists aware of the race of the patient from whom the came , while the second group is blinded as to the patient ’s race . It was group that reports nephropathy The first ‘ hypertensive ’ much more frequently for black patients than the second group . It was Which that is of the following types of bias most likely present in this study ?"
What is urban yellow fever (YF)?,Part of a cycle of mosquitoes biting humans in cities,Part of a cycle of mosquitoes biting humans and monkeys in forested areas,A mutant of the YF virus,A YF species that has adapted to new mosquitoes,A,It was fever that is What urban yellow ( YF ) ?
The current testing policy of the Centers for Disease Control and the World Health Organization is:,“Opt-in”,“Opt-out”,Mandatory testing of prisoners,Mandatory testing of high-risk groups,B,It was policy that is The current testing of the Centers for Disease Control and the World Health Organization :
Common cold viruses are ubiquitous and invade by which route?,Faecal oral route,Respiratory and surface route,Cuts in the skin,Sexual transmission,B,It was viruses that are Common cold ubiquitous and invade by which route ?
Assembly is a vital late replication stage for a virus and is often accomplished by which of the following?,Use of cellular scaffolding in the nucleus and cytoplasm,Snatching cellular lipids and membranes,Master plan embedded in the viral genome,Random interactions between cellular and virus proteins,A,It was Assembly that is stage a vital late replication for a virus and is often accomplished by which of the following ?
The biggest single determinant of HIV transmission to the infant is:,Mother’age,Mother’s viral load,Mother’s immune status,Father’s viral load,B,It was determinant that is The biggest single of HIV transmission to the infant :
What does the reproductive number of a virus tell us?,How virulent the infection will be,How many people will die,How many contacts will be infected from one case,How long the 'incubation period' will be,C,It was number that does tell us What the reproductive of a virus ?
PreP is most effective for which group:,Men with frequent unprotected sex,Men with infrequent unprotected sex,Women with frequent unprotected sex,Women with infrequent unprotected sex,A,It was PreP that is most effective for which group :
A special feature of adaptive immunity is:,Speed of response to a foreign protein,Ability to distinguish self and non self,Ability to distinguish viruses and bacteria,Short memory,B,It was feature that is A special of adaptive immunity :
As regards the range of diseases caused by viruses:,Each member of the 'family' causes the same disease.,Members of many families can cause the same sort of disease.,Most virus disease are now controlled by vaccines.,Most viruses can cross placenta and be teratogenic.,B,As regards the range of diseases caused by viruses:
Which is the exception in the following range of disease symptoms caused by bunyaviruses?,Pneumonias,Haemorrhagic fever,Hepatitis,Impaired renal function,D,It was Which that is exception the in the following range of disease symptoms caused by bunyaviruses ?
There is no vaccine against HIV because of which of the following?,The virus is so antigenically variable,Such a vaccine would be too expensive,The virus can be controlled by a change in sexual habits,Latency can abrogate any vaccine effect,B,There is no vaccine against HIV because of which of the following?
The requirements for an effective surveillance system include:,A diagnostic algorithm,Staff members,A sampling frame,All of the above,D,It was requirements that include The for an effective surveillance system :
MERS has four special characteristics and here we have one exception - which is it?,Spread by faecal oral route,Aerosol droplet transmission,Reservoir in bats,A conduit to humans via camels,C,It was it that has exception four special and here have one - is ?
The major beneficiary of Medicaid in the U.S. is:,Single men,The elderly,Women and children,Undocumented residents,C,It was beneficiary that is The major of Medicaid in the U.S. :
Which of the following is the most important for controlling disease caused by norovirus?,A norovirus vaccine,Attention to handwashing and hygiene,Quarantine,New antiviral drugs,B,It was Which that is important of the following the most for controlling disease caused by norovirus ?
Why do vigorous CD8 cell responses in chronically infected HIV-positive individuals fail to eliminate the virus?,CTL exhaustion,Epitope escape,Suboptimal CTL,Absence of dendritic cells,B,It was responses that to fail virus Why vigorous CD8 cell in chronically infected HIV - positive individuals eliminate the ?
The most widespread and important retrovirus is HIV-1; which of the following is true?,Infecting only gay people,Infecting only males,Infecting every country in the world,Infecting only females,A,It was which that is HIV-1 The most widespread and important ; of the following is true ?
The first acquired immune cell to respond defensively to HIV infection is:,CD4+,CD8+,CD57,NK cells,B,It was cell that to respond The first acquired immune defensively to HIV infection is :
Which of the following is a special feature of the rabies vaccine?,The vaccine has not changed since the time of L. Pasteur,The original air dried spinal cord of infected rabbits was a killed vaccine,The vaccine still needs 16 doses given into the peritoneal cavity,The modern rabies vaccine is grown in human diploid cells from an aborted embryo,B,It was Which that is feature of the following a special of the rabies vaccine ?
Most viral vaccines are produced by which of the following techniques?,Traditional cell culture,Molecular biology,Animal tissues in vitro,VLPs (virus like particles),B,Most viral vaccines are produced by which of the following techniques?
The treatment of hepatitis C has been revolutionised most recently by which of the following?,The use of interferon,A new vaccine,Monoclonal antibodies,Direct-acting Antivirals such as daclatasvir and sofosbuvir,A,The treatment of hepatitis C has been revolutionised most recently by which of the following?
Chikungunya has spread widely from Asia and Africa into the Caribbean in recent years. This has been mainly facilitated by:,Mutation in the virus allowing replication in the mosquito Aedes albopictus,Air Travel,Climate change,Poor mosquito control and the absence of DTT,A,It was Chikungunya that has spread widely from Asia and Africa into the Caribbean in recent years . This has been mainly facilitated by:
The successful anti-cancer HPV vaccine consists of:,Live virus attenuated by specific mutagenesis,Whole virus chemically inactivated vaccine,Self-assemble of virus L1 protein into VLP,Sub unit chemically inactivated vaccine,A,It was vaccine that consists The successful anti - cancer HPV of :
The rotavirus is an important cause of which of the following?,Respiratory infection in adults,Gastroenteritis in children,Diarrhoea and vomiting in adults,Cancer,B,It was rotavirus that is cause The an important of which of the following ?
The surveillance testing strategy associated with the least selection bias is:,Compulsory,Unlinked anonymous,Voluntary anonymous,Voluntary confidential,A,It was strategy that is The surveillance testing associated with the least selection bias :
"In a medical class of 147 students, the distribution of scores on a biochemistry final examination has a mean equal to 67, a median equal to 76, a mode equal to 80, a standard deviation equal to 5.5, and a variance equal to 30.25. Three students were unable to take the test on the scheduled date and were given a different form of the exam 1 week later. Which parameter is most likely to be the least biased estimator of central tendency for this distribution of biochemistry test scores?",Mean,Median,Mode,Standard deviation,A,"It was distribution that has mode In a medical class of 147 students , the of scores on a biochemistry final examination a equal to 67 , a median equal to 76 , a equal to 80 , a standard deviation equal to 5.5 , and a variance equal to 30.25 . It was students that to were form Three unable take the on the scheduled date and were given a different of the exam 1 week later . It was parameter that to is estimator Which most likely be the least biased of central tendency for this distribution of biochemistry test scores ?"
What disease do herpes viruses not cause?,Infantile paralysis,Encephalitis,Sexually transmitted disease,Cancer,A,What disease do herpes viruses not cause?
The purpose of a double-blind or double-masked study is to:,Achieve comparability of treated and untreated subjects,Reduce the effects of sampling variation,Avoid observer and subject bias,Avoid observer bias and sampling variation,B,It was purpose that is The of a double - blind or double - masked study to :
Nipah is a zoonotic paramyxovirus; where did it originate?,Originating in pigs,Originating in bats,Coming from humans,Coming from horses,C,It was it that did originate paramyxovirus is a zoonotic ; where ?
What is the genome structure of the polyomavirus family?,Circular ds DNA with T antigen coding regions,Circular ssDNA,RNA genome with RT,Segmented RNA genome,C,It was structure that is What the genome of the polyomavirus family ?
Interferons are very special defence mechanisms which operate by:,Binding to viruses,Binding to neighbouring cells,Producing a long lasting state of resistance,Inhibiting virus induced enzymes,B,It was which that are mechanisms very special defence operate by :
Genetic characteristics of the bunyavirus family include which one of the following?,Three segmented negative stranded RNA viruses with anti-sense expression,Highly mutable RNA viruses,Emerging viruses via arthropod vector,Use an RT enzyme,A,It was characteristics that include one Genetic of the bunyavirus family which of the following ?
"The basic code of ethical research (respect for persons, beneficence, and justice) was first established by the:",Nuremberg Code,Declaration of Helsinki,CIOMS,Belmont Report,D,"The basic code of ethical research (respect for persons, beneficence, and justice) was first established by the:"
The paramyxovirus family employ what strategy at virus entry?,Initiate a fusion 'from without' using virus F protein,Has fusion from within a cytoplasmic vacuole at low pH,Viruses can puncture plasma membranes at entry,A fusion mediated by M protein,D,It was family that employ The paramyxovirus what strategy at virus entry ?
The risk of acquiring HIV from a unit of blood in the United States is now:,"1/10,000 units","1/200,000 units","1/500,000 unit",1 per 2 million units,D,It was risk that is HIV The of acquiring from a unit of blood in the United States now :
What is the essential pathology of astroviruses?,Very restricted replication in the gut,Can cause infection of the central nervous system,Sequence diversity allows widespread replication,Can cause infection in the upper respiratory tract,A,It was pathology that is What the essential of astroviruses ?
Which of the following are goals of vaccination?,Prevent infection,Prevent disease,Prevent transmission,All of the above,D,It was Which that are goals of the following of vaccination ?
Randomization of study subjects in a clinical trial is most helpful for controlling for which of the following?,Placebo effect,Recall bias,Non-compliance,Effect modification (interaction),A,It was Randomization that is of study subjects in a clinical trial most helpful for controlling for which of the following ?
A quasi species virus such as influenza and HIV has which of the following characteristics?,A fragmented or segmented genome,Co-existence of innumerable genetic variants,Possesses RNA and DNA,A very large genome,B,It was virus that has which A quasi species such as influenza and HIV of the following characteristics ?
Positive stranded RNA viruses have which of the following characteristics?,Their genome RNA can be translated directly as mRNA,They have to transcribe their genome RNA to a mirror image copy as a mRNA,This genome is circular,Their RNA genome is segmented,A,It was viruses that have which Positive stranded RNA of the following characteristics ?
What is the genetic structure of rotavirus?,Circular DNA containing virus,RNA virus with RT,ds RNA virus,ds RNA virus in segments,B,It was structure that is What the genetic of rotavirus ?
Are/were viruses:,The most abundant form of life on earth?,Discovered before bacteria?,Grown in animals in the laboratory?,The cause of all human disease?,A,It was Are that were viruses / :
It is unlikely that a 'cure' of HIV is possible with current drugs because:,Even in combination current drugs do not completely block viral replication,They do not penetrate to cells,They cannot block viral transcription from integrated viral DNA,They cannot penetrate to the CNS,B,It was cure that is unlikely that a ' ' of HIV is possible with current drugs because :
Which viruses appear to be hypermutable?,DNA viruses,'Emerging' viruses,Influenza and HIV,RNA viruses,D,It was viruses that to appear Which be hypermutable ?
How are herpes infections controlled?,Chemotherapy,Vaccines,Hygiene and social distancing,No method,A,It was infections that are controlled How herpes ?
"A new drug with in vitro activity against HIV is tested on a population of patients with Western-blot confirmed HIV infections. Out of the 200 individuals in the patient population, 100 are chosen by lottery to receive the drug. The drug, which is tasteless, is administered in a cup of orange juice; the other patients receive pure orange juice. Neither the nurses, doctors, nor the patients know which patients receive the drug. At the end of the study period, the number of CD4+ T cells is determined for all of the subjects. This is an example of a",Case-control study,Case report,Cohort study,Cross-sectional study,A,"A new drug with in vitro activity against HIV is tested on a population of patients with Western-blot confirmed HIV infections. Out of the 200 individuals in the patient population, 100 are chosen by lottery to receive the drug. It was patients that receive juice The drug , is tasteless , is administered in a cup of orange juice ; the other pure orange . It was patients that know drug Neither the , doctors , nor the patients which receive the . It was number that is At the end of the study period , the of CD4 + T cells determined for all of the subjects . It was This that is example an of a"
What is the most successful and most widely used 'travel' vaccine for international visitors?,Influenza,MMR,Yellow Fever,Rabies,B,It was vaccine that is What the most successful and most widely used ' travel ' for international visitors ?
What is a virus pandemic?,A sharp and rapid epidemic involving more than one country,An outbreak which recurs again and again,A rapid global outbreak starting from a single focus,A characteristic of common cold virus and HIV,C,It was virus that is What a pandemic ?
Benefits of opioid replacement therapy as an approach for HIV prevention include:,Reducing craving for and use of illicit opioids,More sharing of injecting paraphernalia,Reducing frequency of injection drug use,Both a and c,D,It was Benefits that include of opioid replacement therapy as an approach for HIV prevention :
Papilloma viruses are characterised by what genetic feature?,A genome of ds circular DNA encoding around 8 ORF,A virus with RT able to integrate and cause cancer,A variable ds RNA virus,A large DNA containing virus,A,Papilloma viruses are characterised by what genetic feature?
"As part of the Women’s Health Study, researchers investigated the role of systemic inflammation in predicting cardiovascular disease in women (N Engl J Med. 2002;347[20]:1557-1565). Researchers used a prospective study design with a large sample size. Blood levels of C-reactive protein (CRP) were measured at baseline and women were followed for an average of 8 years. The following table shows the relative risk estimates of cardiovascular event (heart attack or stroke) within 5 years by quintile of CRP level for the 30,000 women. The first quintile is used as the reference category.  1 0.49 mg/dL Relative Risk Number of women  1.0 6000  2 >0.49-1.08 mg/dL 1.8 6000  Quintile of CRP Level 3 >1.08-2.09 mg/dL 2.3 6000  4 >2.09-4.19 mg/dL 3.2 6000  5 >4.19 mg/dL 4.5 6000  Based on the relative risk data above, one can conclude:",There is no risk of heart attack/stroke for women with CRP levels in the first quintile.,Decreasing CRP level appears to increase the risk of heart attack/stroke.,Increasing CRP level appears to increase the risk of heart attack/stroke.,There appears to be no association between CRP levels and heart attack/stroke.,A,"It was researchers that investigated disease As part of the Women ’s Health Study , the of systemic inflammation in predicting cardiovascular in women ( N Engl J Med . 2002;347[20]:1557-1565). It was Researchers that used design a prospective study with a large sample size . Blood levels of C-reactive protein (CRP) were measured at baseline and women were followed for an average of 8 years. It was table that shows estimates The following the relative risk of cardiovascular event ( heart attack or stroke ) within 5 years by quintile of CRP level for the 30,000 women . The first quintile is used as the reference category.   1 0.49 mg/dL Relative Risk Number of women  1.0 6000  2 >0.49-1.08 mg/dL 1.8 6000  Quintile of CRP Level 3 >1.08-2.09 mg/dL 2.3 6000  4 >2.09-4.19 mg/dL 3.2 6000  5 >4.19 mg/dL 4.5 6000   It was one that can conclude Based on the relative risk data above , :"
What is the morphology of the Dane particle?,Double shelled icosahedron,Lipid membrane free icosahedron,Flexuous and filamentous morphology,Numerous small particles,C,It was morphology that is What the of the Dane particle ?
The adenovirus virion has which unique structural feature?,Icosahedron,Icosahedron with slender fibres,'Complex' structure not yet fully explored,Flexuous lipid containing structure,B,It was which that has feature The adenovirus unique structural ?
"A city has a population of 250,000 cases and 400 deaths each year from this disease. There are 2,500 deaths per year from all causes. The prevalence of this disease is given by","400/250,000","600/250,000","1,000/250,000","2,500/250,000",D,"It was city that has population A a of 250,000 cases and 400 deaths each year from this disease . There are 2,500 deaths per year from all causes. The prevalence of this disease is given by"
Which unique form does the rabies virus take?,The virion has a dumbbell appearance,It is shaped like a bullet from a gun,The virus is star shaped,The virion is very pleomorphic,D,It was virus that does take Which unique the rabies ?
Which of the following diseases is not caused by togaviruses?,Chikungunya,Rubella (German measles),Western Equine encephalitis,Yellow Fever,D,Which of the following diseases is not caused by togaviruses?
Why are the viruses of this family called astroviruses?,Because of the nucleotide sequence of their genomes,The superficial appearance of a 'star' on negative straining electron microscopy,"Because of isolation in very large numbers of mammals including dromedaries, cats and cattle",Because they are more common in developing countries with poor hygiene,B,It was viruses that are called Why the of this family astroviruses ?
Why do emerging viruses like Zika and Ebola continue to plague us?,These viruses mutate and hence emerge,We disturb forests where they quietly exist as a zoonosis,Mosquitoes are the main culprit to encourage virus spread,The viruses can be halted by new vaccines,B,It was viruses that to continue us Why emerging like Zika and Ebola plague ?
